Time,Current_Temperature,Actual_Temperature,Predicted_Temperature,Predicted_Change,Error,Absolute_Error
2025-01-01 00:00:00,-1.2,-1.7,-1.2898381233855014,-0.08983812338550141,-0.41016187661449854,0.41016187661449854
2025-01-01 01:00:00,-1.7,-1.8,-2.065945093380021,-0.36594509338002135,0.26594509338002115,0.26594509338002115
2025-01-01 02:00:00,-1.8,-2.0,-1.9785075257418556,-0.17850752574185566,-0.02149247425814438,0.02149247425814438
2025-01-01 03:00:00,-2.0,-2.3,-2.222521073121642,-0.22252107312164204,-0.07747892687835778,0.07747892687835778
2025-01-01 04:00:00,-2.3,-2.5,-2.525422590798948,-0.22542259079894789,0.02542259079894782,0.02542259079894782
2025-01-01 05:00:00,-2.5,-1.9,-2.720389606534799,-0.22038960653479933,0.8203896065347993,0.8203896065347993
2025-01-01 06:00:00,-1.9,-1.3,-1.7133218543324176,0.18667814566758228,0.4133218543324175,0.4133218543324175
2025-01-01 07:00:00,-1.3,-0.8,-0.23884547747366947,1.0611545225263306,-0.5611545225263306,0.5611545225263306
2025-01-01 08:00:00,-0.8,-0.1,0.04296005359763255,0.8429600535976326,-0.14296005359763256,0.14296005359763256
2025-01-01 09:00:00,-0.1,1.2,1.2139743175371551,1.3139743175371552,-0.013974317537155168,0.013974317537155168
2025-01-01 10:00:00,1.2,3.1,2.7992090087569834,1.5992090087569835,0.30079099124301667,0.30079099124301667
2025-01-01 11:00:00,3.1,6.7,4.616530663633586,1.5165306636335865,2.083469336366414,2.083469336366414
2025-01-01 12:00:00,6.7,7.8,7.744042273233846,1.0440422732338457,0.05595772676615418,0.05595772676615418
2025-01-01 13:00:00,7.8,7.7,8.466012408719935,0.6660124087199363,-0.7660124087199351,0.7660124087199351
2025-01-01 14:00:00,7.7,8.5,8.08003168095523,0.38003168095523027,0.41996831904477006,0.41996831904477006
2025-01-01 15:00:00,8.5,8.4,8.232608502925373,-0.267391497074627,0.16739149707462708,0.16739149707462708
2025-01-01 16:00:00,8.4,7.1,7.396483602033664,-1.0035163979663362,-0.2964836020336641,0.2964836020336641
2025-01-01 17:00:00,7.1,5.6,5.863406375131292,-1.236593624868708,-0.26340637513129206,0.26340637513129206
2025-01-01 18:00:00,5.6,4.7,4.58525656796001,-1.0147434320399895,0.11474343203999027,0.11474343203999027
2025-01-01 19:00:00,4.7,3.8,4.017276484055199,-0.682723515944801,-0.2172764840551995,0.2172764840551995
2025-01-01 20:00:00,3.8,3.3,3.1608367906255115,-0.6391632093744886,0.13916320937448834,0.13916320937448834
2025-01-01 21:00:00,3.3,3.0,2.787601406937451,-0.512398593062549,0.21239859306254916,0.21239859306254916
2025-01-01 22:00:00,3.0,1.9,2.6171795444093253,-0.38282045559067474,-0.7171795444093254,0.7171795444093254
2025-01-01 23:00:00,1.9,0.7,1.2959570835261358,-0.6040429164738642,-0.5959570835261359,0.5959570835261359
2025-01-02 00:00:00,0.7,0.4,0.0881158682680463,-0.6118841317319537,0.31188413173195373,0.31188413173195373
2025-01-02 01:00:00,0.4,-0.7,0.04492545937471609,-0.35507454062528393,-0.7449254593747161,0.7449254593747161
2025-01-02 02:00:00,-0.7,-1.4,-1.2720696997459222,-0.5720696997459224,-0.1279303002540777,0.1279303002540777
2025-01-02 03:00:00,-1.4,-1.5,-1.9141700732259874,-0.5141700732259874,0.4141700732259874,0.4141700732259874
2025-01-02 04:00:00,-1.5,-2.3,-1.8353336787935706,-0.3353336787935706,-0.46466632120642926,0.46466632120642926
2025-01-02 05:00:00,-2.3,-2.5,-2.642387481016134,-0.34238748101613425,0.14238748101613385,0.14238748101613385
2025-01-02 06:00:00,-2.5,-2.5,-2.724150017090352,-0.22415001709035207,0.2241500170903521,0.2241500170903521
2025-01-02 07:00:00,-2.5,-2.8,-2.548874581816822,-0.0488745818168221,-0.2511254181831779,0.2511254181831779
2025-01-02 08:00:00,-2.8,-2.3,-2.0032516159424856,0.7967483840575141,-0.29674838405751425,0.29674838405751425
2025-01-02 09:00:00,-2.3,-0.3,-0.6122047719887747,1.6877952280112252,0.31220477198877467,0.31220477198877467
2025-01-02 10:00:00,-0.3,1.9,1.7741154425020127,2.0741154425020127,0.12588455749798722,0.12588455749798722
2025-01-02 11:00:00,1.9,3.5,3.4175897825258836,1.517589782525884,0.08241021747411637,0.08241021747411637
2025-01-02 12:00:00,3.5,4.8,4.723124777117255,1.223124777117255,0.07687522288274451,0.07687522288274451
2025-01-02 13:00:00,4.8,5.2,5.420369950530689,0.6203699505306888,-0.22036995053068864,0.22036995053068864
2025-01-02 14:00:00,5.2,5.9,5.4830334220697114,0.2830334220697114,0.4169665779302889,0.4169665779302889
2025-01-02 15:00:00,5.9,5.4,5.844020765559868,-0.05597923444013236,-0.444020765559868,0.444020765559868
2025-01-02 16:00:00,5.4,4.1,4.364665976546026,-1.0353340234539745,-0.2646659765460262,0.2646659765460262
2025-01-02 17:00:00,4.1,2.7,2.6865149619936037,-1.4134850380063961,0.013485038006396444,0.013485038006396444
2025-01-02 18:00:00,2.7,1.8,1.6925401228105825,-1.0074598771894177,0.10745987718941752,0.10745987718941752
2025-01-02 19:00:00,1.8,1.0,1.0526137869146746,-0.7473862130853255,-0.052613786914674554,0.052613786914674554
2025-01-02 20:00:00,1.0,0.0,0.34430304269904044,-0.6556969573009596,-0.34430304269904044,0.34430304269904044
2025-01-02 21:00:00,0.0,-0.2,-0.5742908330294519,-0.5742908330294519,0.37429083302945193,0.37429083302945193
2025-01-02 22:00:00,-0.2,-0.8,-0.6097674907094852,-0.4097674907094852,-0.19023250929051483,0.19023250929051483
2025-01-02 23:00:00,-0.8,-2.0,-1.378022217733173,-0.5780222177331727,-0.6219777822668271,0.6219777822668271
2025-01-03 00:00:00,-2.0,-2.8,-2.8829471723669005,-0.8829471723669003,0.08294717236690063,0.08294717236690063
2025-01-03 01:00:00,-2.8,-3.5,-3.365801810221814,-0.565801810221814,-0.1341981897781861,0.1341981897781861
2025-01-03 02:00:00,-3.5,-3.7,-4.046763467681002,-0.546763467681002,0.34676346768100164,0.34676346768100164
2025-01-03 03:00:00,-3.7,-4.5,-4.1055716155412405,-0.4055716155412404,-0.3944283844587595,0.3944283844587595
2025-01-03 04:00:00,-4.5,-4.8,-4.924538196765652,-0.42453819676565197,0.12453819676565203,0.12453819676565203
2025-01-03 05:00:00,-4.8,-5.1,-5.051162588246662,-0.2511625882466622,-0.04883741175333789,0.04883741175333789
2025-01-03 06:00:00,-5.1,-4.9,-5.337454489206845,-0.23745448920684512,0.4374544892068446,0.4374544892068446
2025-01-03 07:00:00,-4.9,-4.7,-4.826190720152325,0.07380927984767571,0.1261907201523247,0.1261907201523247
2025-01-03 08:00:00,-4.7,-4.1,-3.830513068305085,0.8694869316949152,-0.26948693169491467,0.26948693169491467
2025-01-03 09:00:00,-4.1,-2.6,-2.6343389292526274,1.4656610707473723,0.03433892925262727,0.03433892925262727
2025-01-03 10:00:00,-2.6,-0.1,-1.264008005106812,1.335991994893188,1.164008005106812,1.164008005106812
2025-01-03 11:00:00,-0.1,1.9,1.437246486264321,1.5372464862643211,0.46275351373567886,0.46275351373567886
2025-01-03 12:00:00,1.9,2.3,2.87278505180684,0.97278505180684,-0.5727850518068403,0.5727850518068403
2025-01-03 13:00:00,2.3,2.7,2.953272841169281,0.6532728411692811,-0.25327284116928084,0.25327284116928084
2025-01-03 14:00:00,2.7,2.2,3.0621206034950257,0.3621206034950255,-0.8621206034950255,0.8621206034950255
2025-01-03 15:00:00,2.2,3.1,2.1053979049224965,-0.09460209507750389,0.9946020950775036,0.9946020950775036
2025-01-03 16:00:00,3.1,2.1,2.433798417575463,-0.6662015824245372,-0.3337984175754629,0.3337984175754629
2025-01-03 17:00:00,2.1,1.2,0.8430419752219136,-1.2569580247780865,0.35695802477808636,0.35695802477808636
2025-01-03 18:00:00,1.2,0.9,0.6003863306776639,-0.5996136693223361,0.29961366932233613,0.29961366932233613
2025-01-03 19:00:00,0.9,0.4,0.5253394143635571,-0.3746605856364429,-0.1253394143635571,0.1253394143635571
2025-01-03 20:00:00,0.4,0.5,0.03845437881757441,-0.3615456211824256,0.4615456211824256,0.4615456211824256
2025-01-03 21:00:00,0.5,0.4,0.3653185681396146,-0.1346814318603854,0.034681431860385414,0.034681431860385414
2025-01-03 22:00:00,0.4,-0.7,0.1914594712811703,-0.20854052871882972,-0.8914594712811703,0.8914594712811703
2025-01-03 23:00:00,-0.7,-1.9,-1.715159556023086,-1.015159556023086,-0.18484044397691402,0.18484044397691402
2025-01-04 00:00:00,-1.9,-2.6,-2.787376810466493,-0.887376810466493,0.18737681046649302,0.18737681046649302
2025-01-04 01:00:00,-2.6,-3.0,-3.1516381670036355,-0.5516381670036353,0.15163816700363553,0.15163816700363553
2025-01-04 02:00:00,-3.0,-3.5,-3.433662082225881,-0.433662082225881,-0.0663379177741188,0.0663379177741188
2025-01-04 03:00:00,-3.5,-4.2,-3.8983227058970726,-0.39832270589707247,-0.30167729410292754,0.30167729410292754
2025-01-04 04:00:00,-4.2,-4.3,-4.573917302903341,-0.37391730290334135,0.2739173029033415,0.2739173029033415
2025-01-04 05:00:00,-4.3,-4.9,-4.558238134657653,-0.2582381346576537,-0.3417618653423471,0.3417618653423471
2025-01-04 06:00:00,-4.9,-5.1,-5.142843196884046,-0.24284319688404604,0.042843196884046364,0.042843196884046364
2025-01-04 07:00:00,-5.1,-5.4,-5.140880631246167,-0.04088063124616698,-0.2591193687538338,0.2591193687538338
2025-01-04 08:00:00,-5.4,-4.7,-4.62288603862988,0.7771139613701205,-0.07711396137012017,0.07711396137012017
2025-01-04 09:00:00,-4.7,-1.7,-2.5322853769454414,2.1677146230545588,0.8322853769454415,0.8322853769454415
2025-01-04 10:00:00,-1.7,0.7,0.5593773275010487,2.2593773275010487,0.14062267249895122,0.14062267249895122
2025-01-04 11:00:00,0.7,3.3,2.356507727681297,1.6565077276812972,0.9434922723187027,0.9434922723187027
2025-01-04 12:00:00,3.3,3.7,4.435137371721128,1.1351373717211282,-0.7351373717211276,0.7351373717211276
2025-01-04 13:00:00,3.7,5.1,4.441695370887815,0.7416953708878145,0.6583046291121848,0.6583046291121848
2025-01-04 14:00:00,5.1,5.5,5.48289206577581,0.3828920657758102,0.01710793422418977,0.01710793422418977
2025-01-04 15:00:00,5.5,4.8,5.3607868286128015,-0.13921317138719838,-0.5607868286128017,0.5607868286128017
2025-01-04 16:00:00,4.8,3.6,3.9091999398515247,-0.8908000601484749,-0.3091999398515246,0.3091999398515246
2025-01-04 17:00:00,3.6,3.0,2.2597015620493215,-1.3402984379506786,0.7402984379506785,0.7402984379506785
2025-01-04 18:00:00,3.0,2.4,2.211419656902488,-0.7885803430975117,0.1885803430975117,0.1885803430975117
2025-01-04 19:00:00,2.4,1.3,1.8566804433521484,-0.5433195566478515,-0.5566804433521484,0.5566804433521484
2025-01-04 20:00:00,1.3,0.8,0.7319015115220792,-0.5680984884779209,0.06809848847792088,0.06809848847792088
2025-01-04 21:00:00,0.8,0.4,0.3403626705992515,-0.45963732940074853,0.05963732940074851,0.05963732940074851
2025-01-04 22:00:00,0.4,0.0,-0.013489511787840136,-0.41348951178784016,0.013489511787840136,0.013489511787840136
2025-01-04 23:00:00,0.0,-0.3,-0.34897047925161695,-0.34897047925161695,0.04897047925161696,0.04897047925161696
2025-01-05 00:00:00,-0.3,-0.6,-0.584713226707481,-0.2847132267074811,-0.01528677329251893,0.01528677329251893
2025-01-05 01:00:00,-0.6,-0.6,-0.8744298872028857,-0.2744298872028858,0.27442988720288575,0.27442988720288575
2025-01-05 02:00:00,-0.6,0.1,-0.7446489342360767,-0.14464893423607672,0.8446489342360767,0.8446489342360767
2025-01-05 03:00:00,0.1,0.6,0.3792992814983498,0.2792992814983498,0.22070071850165018,0.22070071850165018
2025-01-05 04:00:00,0.6,0.7,0.7695009296259296,0.16950092962592966,-0.06950092962592969,0.06950092962592969
2025-01-05 05:00:00,0.7,0.5,0.7269496944436623,0.026949694443662332,-0.2269496944436623,0.2269496944436623
2025-01-05 06:00:00,0.5,-0.2,0.3985929463301217,-0.10140705366987827,-0.5985929463301217,0.5985929463301217
2025-01-05 07:00:00,-0.2,-0.2,-0.49625249764144785,-0.29625249764144784,0.29625249764144784,0.29625249764144784
2025-01-05 08:00:00,-0.2,-0.3,0.4281605111022852,0.6281605111022852,-0.7281605111022852,0.7281605111022852
2025-01-05 09:00:00,-0.3,-0.1,0.13184718849071836,0.43184718849071835,-0.23184718849071836,0.23184718849071836
2025-01-05 10:00:00,-0.1,0.4,0.38830930261390484,0.48830930261390487,0.011690697386095183,0.011690697386095183
2025-01-05 11:00:00,0.4,0.6,0.962922114518316,0.562922114518316,-0.362922114518316,0.362922114518316
2025-01-05 12:00:00,0.6,0.8,0.9649325765279197,0.3649325765279197,-0.1649325765279197,0.1649325765279197
2025-01-05 13:00:00,0.8,1.2,1.0724822374151866,0.2724822374151864,0.1275177625848134,0.1275177625848134
2025-01-05 14:00:00,1.2,1.8,1.8856819070950275,0.6856819070950274,-0.08568190709502743,0.08568190709502743
2025-01-05 15:00:00,1.8,1.8,2.1451575091575092,0.34515750915750903,-0.3451575091575092,0.3451575091575092
2025-01-05 16:00:00,1.8,1.9,1.9278052973143909,0.12780529731439083,-0.027805297314390964,0.027805297314390964
2025-01-05 17:00:00,1.9,1.9,1.9661505478074977,0.06615054780749782,-0.06615054780749774,0.06615054780749774
2025-01-05 18:00:00,1.9,2.1,1.8368101470625757,-0.06318985293742409,0.26318985293742436,0.26318985293742436
2025-01-05 19:00:00,2.1,2.2,2.0975277130056895,-0.0024722869943106258,0.10247228699431066,0.10247228699431066
2025-01-05 20:00:00,2.2,2.2,2.2237297646253373,0.023729764625336998,-0.023729764625337157,0.023729764625337157
2025-01-05 21:00:00,2.2,2.4,2.0551702016964697,-0.14482979830353046,0.3448297983035302,0.3448297983035302
2025-01-05 22:00:00,2.4,2.4,2.389503448985822,-0.010496551014178098,0.010496551014178124,0.010496551014178124
2025-01-05 23:00:00,2.4,2.4,2.287765842170128,-0.11223415782987196,0.11223415782987178,0.11223415782987178
2025-01-06 00:00:00,2.4,2.5,2.299963620690283,-0.10003637930971661,0.20003637930971685,0.20003637930971685
2025-01-06 01:00:00,2.5,2.9,2.506586313151244,0.006586313151243817,0.3934136868487559,0.3934136868487559
2025-01-06 02:00:00,2.9,2.7,2.9013268147622986,0.0013268147622986447,-0.2013268147622984,0.2013268147622984
2025-01-06 03:00:00,2.7,2.4,2.5829554065392473,-0.11704459346075304,-0.18295540653924736,0.18295540653924736
2025-01-06 04:00:00,2.4,2.3,2.343160943116731,-0.05683905688326897,-0.04316094311673124,0.04316094311673124
2025-01-06 05:00:00,2.3,2.2,2.319429830606608,0.019429830606607915,-0.11942983060660772,0.11942983060660772
2025-01-06 06:00:00,2.2,2.2,2.0326197386698794,-0.16738026133012088,0.16738026133012074,0.16738026133012074
2025-01-06 07:00:00,2.2,2.3,2.318842428943346,0.11884242894334544,-0.01884242894334598,0.01884242894334598
2025-01-06 08:00:00,2.3,2.5,2.7295017978156704,0.4295017978156703,-0.22950179781567037,0.22950179781567037
2025-01-06 09:00:00,2.5,2.1,3.005185040117613,0.5051850401176128,-0.9051850401176127,0.9051850401176127
2025-01-06 10:00:00,2.1,2.3,2.2198381719859044,0.1198381719859041,0.08016182801409544,0.08016182801409544
2025-01-06 11:00:00,2.3,2.7,2.7474817599823034,0.44748175998230355,-0.047481759982303195,0.047481759982303195
2025-01-06 12:00:00,2.7,2.9,3.0718215075520456,0.3718215075520457,-0.17182150755204573,0.17182150755204573
2025-01-06 13:00:00,2.9,2.7,3.0766789552554816,0.17667895525548166,-0.37667895525548145,0.37667895525548145
2025-01-06 14:00:00,2.7,2.4,2.601865386686124,-0.09813461331387627,-0.2018653866861242,0.2018653866861242
2025-01-06 15:00:00,2.4,2.0,2.2433579776413985,-0.15664202235860117,-0.24335797764139855,0.24335797764139855
2025-01-06 16:00:00,2.0,1.2,1.3401541705727373,-0.6598458294272626,-0.14015417057273738,0.14015417057273738
2025-01-06 17:00:00,1.2,0.2,0.46509147098607095,-0.734908529013929,-0.26509147098607094,0.26509147098607094
2025-01-06 18:00:00,0.2,-0.7,-0.5983218440830125,-0.7983218440830124,-0.10167815591698748,0.10167815591698748
2025-01-06 19:00:00,-0.7,-1.3,-1.4333579186983347,-0.7333579186983349,0.1333579186983347,0.1333579186983347
2025-01-06 20:00:00,-1.3,-1.8,-1.8697933584938522,-0.5697933584938522,0.06979335849385215,0.06979335849385215
2025-01-06 21:00:00,-1.8,-2.4,-2.286355098056958,-0.4863550980569578,-0.11364490194304189,0.11364490194304189
2025-01-06 22:00:00,-2.4,-2.8,-2.9460836574071445,-0.5460836574071445,0.14608365740714468,0.14608365740714468
2025-01-06 23:00:00,-2.8,-3.0,-3.1941636583494555,-0.3941636583494559,0.19416365834945548,0.19416365834945548
2025-01-07 00:00:00,-3.0,-3.2,-3.2677908678647682,-0.2677908678647682,0.06779086786476807,0.06779086786476807
2025-01-07 01:00:00,-3.2,-3.6,-3.4507852876143423,-0.25078528761434205,-0.14921471238565776,0.14921471238565776
2025-01-07 02:00:00,-3.6,-3.9,-4.044194569088692,-0.44419456908869137,0.14419456908869188,0.14419456908869188
2025-01-07 03:00:00,-3.9,-4.2,-4.231668275914882,-0.33166827591488224,0.03166827591488186,0.03166827591488186
2025-01-07 04:00:00,-4.2,-4.4,-4.438514275385522,-0.23851427538552214,0.03851427538552166,0.03851427538552166
2025-01-07 05:00:00,-4.4,-5.0,-4.6132752295031345,-0.21327522950313457,-0.3867247704968655,0.3867247704968655
2025-01-07 06:00:00,-5.0,-5.1,-5.146092824829894,-0.1460928248298935,0.046092824829893964,0.046092824829893964
2025-01-07 07:00:00,-5.1,-5.7,-5.179573125823313,-0.07957312582331302,-0.5204268741766871,0.5204268741766871
2025-01-07 08:00:00,-5.7,-5.1,-5.2703451256321685,0.42965487436783134,0.17034512563216886,0.17034512563216886
2025-01-07 09:00:00,-5.1,-3.3,-3.038205666414351,2.061794333585649,-0.26179433358564896,0.26179433358564896
2025-01-07 10:00:00,-3.3,-1.4,-1.4586829794185434,1.8413170205814564,0.0586829794185435,0.0586829794185435
2025-01-07 11:00:00,-1.4,-0.6,-0.1503170509677323,1.2496829490322676,-0.4496829490322677,0.4496829490322677
2025-01-07 12:00:00,-0.6,0.7,0.32393795187477925,0.9239379518747792,0.3760620481252207,0.3760620481252207
2025-01-07 13:00:00,0.7,1.0,1.3744679789943879,0.674467978994388,-0.3744679789943879,0.3744679789943879
2025-01-07 14:00:00,1.0,0.7,1.2190293994261534,0.2190293994261535,-0.5190293994261534,0.5190293994261534
2025-01-07 15:00:00,0.7,0.0,0.490399272174715,-0.2096007278252849,-0.490399272174715,0.490399272174715
2025-01-07 16:00:00,0.0,-0.4,-0.7122036183980041,-0.7122036183980041,0.31220361839800403,0.31220361839800403
2025-01-07 17:00:00,-0.4,-1.0,-1.0238463472061468,-0.6238463472061468,0.023846347206146756,0.023846347206146756
2025-01-07 18:00:00,-1.0,-1.4,-1.5640432085995497,-0.5640432085995497,0.1640432085995498,0.1640432085995498
2025-01-07 19:00:00,-1.4,-1.7,-1.8417839724035803,-0.44178397240358047,0.14178397240358032,0.14178397240358032
2025-01-07 20:00:00,-1.7,-1.9,-2.122607032788666,-0.42260703278866607,0.222607032788666,0.222607032788666
2025-01-07 21:00:00,-1.9,-2.7,-2.1546413893828174,-0.25464138938281766,-0.5453586106171828,0.5453586106171828
2025-01-07 22:00:00,-2.7,-3.9,-3.2201513509570128,-0.5201513509570125,-0.6798486490429871,0.6798486490429871
2025-01-07 23:00:00,-3.9,-4.3,-4.544168432558269,-0.6441684325582695,0.24416843255826937,0.24416843255826937
2025-01-08 00:00:00,-4.3,-4.4,-4.648684628108326,-0.34868462810832557,0.24868462810832526,0.24868462810832526
2025-01-08 01:00:00,-4.4,-4.7,-4.624201236653234,-0.22420123665323397,-0.07579876334676605,0.07579876334676605
2025-01-08 02:00:00,-4.7,-4.1,-4.969497281457876,-0.2694972814578758,0.8694972814578765,0.8694972814578765
2025-01-08 03:00:00,-4.1,-4.3,-4.097380696195914,0.002619303804086407,-0.20261930380408621,0.20261930380408621
2025-01-08 04:00:00,-4.3,-4.4,-4.482176415764732,-0.1821764157647317,0.08217641576473156,0.08217641576473156
2025-01-08 05:00:00,-4.4,-4.5,-4.556052539577832,-0.156052539577832,0.056052539577832405,0.056052539577832405
2025-01-08 06:00:00,-4.5,-4.5,-4.615421106437828,-0.11542110643782763,0.11542110643782788,0.11542110643782788
2025-01-08 07:00:00,-4.5,-4.8,-4.438024722577314,0.06197527742268608,-0.36197527742268587,0.36197527742268587
2025-01-08 08:00:00,-4.8,-4.1,-4.0111647041541545,0.7888352958458457,-0.08883529584584515,0.08883529584584515
2025-01-08 09:00:00,-4.1,-2.9,-2.3848730976106114,1.7151269023893883,-0.5151269023893885,0.5151269023893885
2025-01-08 10:00:00,-2.9,-1.8,-1.5370851947196222,1.3629148052803777,-0.2629148052803778,0.2629148052803778
2025-01-08 11:00:00,-1.8,-1.0,-0.6306763003853384,1.1693236996146616,-0.3693236996146616,0.3693236996146616
2025-01-08 12:00:00,-1.0,-0.3,-0.1326089498996328,0.8673910501003672,-0.1673910501003672,0.1673910501003672
2025-01-08 13:00:00,-0.3,-0.1,0.17623832416415525,0.47623832416415524,-0.2762383241641553,0.2762383241641553
2025-01-08 14:00:00,-0.1,0.1,0.044602553814968554,0.14460255381496856,0.05539744618503145,0.05539744618503145
2025-01-08 15:00:00,0.1,-0.1,-0.08428453956232795,-0.18428453956232796,-0.015715460437672052,0.015715460437672052
2025-01-08 16:00:00,-0.1,-1.0,-0.7862000676280932,-0.6862000676280933,-0.21379993237190675,0.21379993237190675
2025-01-08 17:00:00,-1.0,-2.0,-2.1502452066603404,-1.1502452066603406,0.15024520666034036,0.15024520666034036
2025-01-08 18:00:00,-2.0,-2.9,-2.8291152807183098,-0.8291152807183096,-0.07088471928169016,0.07088471928169016
2025-01-08 19:00:00,-2.9,-4.1,-3.6390738207833895,-0.7390738207833896,-0.46092617921661017,0.46092617921661017
2025-01-08 20:00:00,-4.1,-5.2,-5.034153877401611,-0.9341538774016112,-0.16584612259838938,0.16584612259838938
2025-01-08 21:00:00,-5.2,-5.8,-6.135021586414135,-0.9350215864141351,0.33502158641413526,0.33502158641413526
2025-01-08 22:00:00,-5.8,-5.7,-6.347068222164217,-0.5470682221642172,0.6470682221642168,0.6470682221642168
2025-01-08 23:00:00,-5.7,-6.1,-5.996846864335123,-0.2968468643351228,-0.1031531356648765,0.1031531356648765
2025-01-09 00:00:00,-6.1,-7.5,-6.536996568012601,-0.43699656801260145,-0.9630034319873992,0.9630034319873992
2025-01-09 01:00:00,-7.5,-8.2,-8.770863634922195,-1.2708636349221947,0.5708636349221958,0.5708636349221958
2025-01-09 02:00:00,-8.2,-8.4,-8.755478439661784,-0.5554784396617853,0.35547843966178405,0.35547843966178405
2025-01-09 03:00:00,-8.4,-8.8,-8.697979149688777,-0.2979791496887767,-0.10202085031122365,0.10202085031122365
2025-01-09 04:00:00,-8.8,-9.2,-9.153040718441344,-0.35304071844134316,-0.04695928155865481,0.04695928155865481
2025-01-09 05:00:00,-9.2,-9.5,-9.553378008108341,-0.3533780081083416,0.053378008108341035,0.053378008108341035
2025-01-09 06:00:00,-9.5,-9.8,-9.74607706927573,-0.24607706927572975,-0.05392293072427101,0.05392293072427101
2025-01-09 07:00:00,-9.8,-10.1,-9.828545331582358,-0.02854533158235652,-0.27145466841764154,0.27145466841764154
2025-01-09 08:00:00,-10.1,-10.1,-9.652917924955288,0.44708207504471204,-0.44708207504471176,0.44708207504471176
2025-01-09 09:00:00,-10.1,-9.4,-9.362691167587425,0.7373088324125742,-0.037308832412575654,0.037308832412575654
2025-01-09 10:00:00,-9.4,-8.5,-8.617514819216252,0.7824851807837475,0.11751481921625206,0.11751481921625206
2025-01-09 11:00:00,-8.5,-8.1,-7.646250411786287,0.8537495882137132,-0.4537495882137126,0.4537495882137126
2025-01-09 12:00:00,-8.1,-8.5,-7.5450729348388315,0.5549270651611683,-0.9549270651611685,0.9549270651611685
2025-01-09 13:00:00,-8.5,-8.1,-8.23152365253224,0.26847634746775867,0.1315236525322412,0.1315236525322412
2025-01-09 14:00:00,-8.1,-8.0,-8.058063141950056,0.04193685804994408,0.05806314195005591,0.05806314195005591
2025-01-09 15:00:00,-8.0,-8.6,-8.175343843716279,-0.17534384371627892,-0.4246561562837208,0.4246561562837208
2025-01-09 16:00:00,-8.6,-9.4,-9.522277270906237,-0.9222772709062372,0.12227727090623652,0.12227727090623652
2025-01-09 17:00:00,-9.4,-10.3,-10.44835099023251,-1.0483509902325108,0.14835099023250997,0.14835099023250997
2025-01-09 18:00:00,-10.3,-10.6,-11.010080816872193,-0.7100808168721919,0.41008081687219367,0.41008081687219367
2025-01-09 19:00:00,-10.6,-11.1,-11.116768264449528,-0.5167682644495276,0.016768264449527948,0.016768264449527948
2025-01-09 20:00:00,-11.1,-11.4,-11.511816569764774,-0.4118165697647732,0.11181656976477328,0.11181656976477328
2025-01-09 21:00:00,-11.4,-11.3,-11.682693324877757,-0.28269332487775767,0.3826933248777564,0.3826933248777564
2025-01-09 22:00:00,-11.3,-11.4,-11.490584117112753,-0.1905841171127522,0.09058411711275305,0.09058411711275305
2025-01-09 23:00:00,-11.4,-11.6,-11.638988243936629,-0.23898824393662832,0.03898824393662892,0.03898824393662892
2025-01-10 00:00:00,-11.6,-11.7,-11.608850873672576,-0.00885087367257749,-0.09114912632742289,0.09114912632742289
2025-01-10 01:00:00,-11.7,-11.7,-11.875121137631929,-0.17512113763192902,0.1751211376319297,0.1751211376319297
2025-01-10 02:00:00,-11.7,-11.6,-11.862363897527498,-0.16236389752749833,0.2623638975274982,0.2623638975274982
2025-01-10 03:00:00,-11.6,-11.6,-11.672974868574064,-0.07297486857406482,0.07297486857406454,0.07297486857406454
2025-01-10 04:00:00,-11.6,-11.6,-11.666410893703484,-0.06641089370348444,0.06641089370348396,0.06641089370348396
2025-01-10 05:00:00,-11.6,-11.5,-11.697509772771086,-0.0975097727710869,0.1975097727710864,0.1975097727710864
2025-01-10 06:00:00,-11.5,-12.0,-11.557108974219592,-0.05710897421959233,-0.4428910257804084,0.4428910257804084
2025-01-10 07:00:00,-12.0,-12.1,-12.096083355212489,-0.0960833552124883,-0.003916644787510748,0.003916644787510748
2025-01-10 08:00:00,-12.1,-11.2,-11.108376854910725,0.991623145089275,-0.09162314508927416,0.09162314508927416
2025-01-10 09:00:00,-11.2,-8.8,-9.038133778849806,2.161866221150193,0.23813377884980547,0.23813377884980547
2025-01-10 10:00:00,-8.8,-7.8,-6.664361779676998,2.1356382203230027,-1.1356382203230018,1.1356382203230018
2025-01-10 11:00:00,-7.8,-5.4,-6.609163614538094,1.1908363854619064,1.2091636145380935,1.2091636145380935
2025-01-10 12:00:00,-5.4,-4.4,-4.046876835070703,1.3531231649292972,-0.35312316492929696,0.35312316492929696
2025-01-10 13:00:00,-4.4,-3.4,-3.2373873084991027,1.1626126915008974,-0.1626126915008972,0.1626126915008972
2025-01-10 14:00:00,-3.4,-2.0,-2.8023972406958775,0.5976027593041224,0.8023972406958775,0.8023972406958775
2025-01-10 15:00:00,-2.0,-2.3,-1.789023600099123,0.21097639990087685,-0.5109763999008767,0.5109763999008767
2025-01-10 16:00:00,-2.3,-3.0,-3.104484320581589,-0.8044843205815894,0.10448432058158907,0.10448432058158907
2025-01-10 17:00:00,-3.0,-4.2,-4.096619197469197,-1.0966191974691974,-0.10338080253080317,0.10338080253080317
2025-01-10 18:00:00,-4.2,-5.2,-4.930404560976916,-0.7304045609769155,-0.26959543902308436,0.26959543902308436
2025-01-10 19:00:00,-5.2,-5.7,-5.816167587385292,-0.6161675873852913,0.11616758738529143,0.11616758738529143
2025-01-10 20:00:00,-5.7,-6.1,-6.139752006791546,-0.4397520067915456,0.039752006791546,0.039752006791546
2025-01-10 21:00:00,-6.1,-5.9,-6.474989367885472,-0.3749893678854728,0.5749893678854718,0.5749893678854718
2025-01-10 22:00:00,-5.9,-6.0,-6.058381602853001,-0.15838160285300076,0.05838160285300109,0.05838160285300109
2025-01-10 23:00:00,-6.0,-6.1,-6.211987615807106,-0.21198761580710648,0.1119876158071067,0.1119876158071067
2025-01-11 00:00:00,-6.1,-6.4,-6.209016699439912,-0.10901669943991263,-0.19098330056008805,0.19098330056008805
2025-01-11 01:00:00,-6.4,-7.0,-6.605352832487727,-0.20535283248772657,-0.39464716751227336,0.39464716751227336
2025-01-11 02:00:00,-7.0,-7.5,-7.333844503729563,-0.33384450372956315,-0.16615549627043702,0.16615549627043702
2025-01-11 03:00:00,-7.5,-8.1,-7.8021399136878635,-0.3021399136878638,-0.2978600863121361,0.2978600863121361
2025-01-11 04:00:00,-8.1,-8.5,-8.373261665028162,-0.2732616650281627,-0.12673833497183828,0.12673833497183828
2025-01-11 05:00:00,-8.5,-9.0,-8.789164266663981,-0.2891642666639808,-0.2108357333360189,0.2108357333360189
2025-01-11 06:00:00,-9.0,-9.2,-9.113092460651883,-0.1130924606518831,-0.08690753934811646,0.08690753934811646
2025-01-11 07:00:00,-9.2,-9.4,-9.257687418105846,-0.057687418105846884,-0.14231258189415463,0.14231258189415463
2025-01-11 08:00:00,-9.4,-8.7,-8.554392379246366,0.8456076207536338,-0.14560762075363343,0.14560762075363343
2025-01-11 09:00:00,-8.7,-6.3,-6.619437469242353,2.080562530757646,0.31943746924235317,0.31943746924235317
2025-01-11 10:00:00,-6.3,-4.4,-4.080952154410928,2.219047845589072,-0.31904784558907195,0.31904784558907195
2025-01-11 11:00:00,-4.4,-2.7,-2.757343053677863,1.6426569463221372,0.057343053677862965,0.057343053677862965
2025-01-11 12:00:00,-2.7,-0.5,-1.3316855632854143,1.3683144367145859,0.8316855632854143,0.8316855632854143
2025-01-11 13:00:00,-0.5,-0.9,0.7904884735688829,1.2904884735688829,-1.690488473568883,1.690488473568883
2025-01-11 14:00:00,-0.9,0.3,-0.4400995634218822,0.4599004365781178,0.7400995634218822,0.7400995634218822
2025-01-11 15:00:00,0.3,-0.6,0.42612978281427083,0.12612978281427084,-1.0261297828142708,1.0261297828142708
2025-01-11 16:00:00,-0.6,-1.4,-1.3484092279673126,-0.7484092279673126,-0.05159077203268736,0.05159077203268736
2025-01-11 17:00:00,-1.4,-2.5,-2.5639913694148984,-1.1639913694148987,0.06399136941489836,0.06399136941489836
2025-01-11 18:00:00,-2.5,-3.3,-3.129952816436022,-0.6299528164360222,-0.17004718356397763,0.17004718356397763
2025-01-11 19:00:00,-3.3,-4.0,-3.741278628602851,-0.44127862860285133,-0.258721371397149,0.258721371397149
2025-01-11 20:00:00,-4.0,-5.0,-4.566530055267326,-0.5665300552673264,-0.433469944732674,0.433469944732674
2025-01-11 21:00:00,-5.0,-5.4,-5.500796765631929,-0.5007967656319289,0.10079676563192841,0.10079676563192841
2025-01-11 22:00:00,-5.4,-6.0,-5.781246476085022,-0.38124647608502227,-0.2187535239149776,0.2187535239149776
2025-01-11 23:00:00,-6.0,-6.0,-6.3861255571131155,-0.3861255571131158,0.38612555711311547,0.38612555711311547
2025-01-12 00:00:00,-6.0,-6.1,-6.156130145636074,-0.1561301456360738,0.056130145636074324,0.056130145636074324
2025-01-12 01:00:00,-6.1,-6.4,-6.344895587233525,-0.24489558723352584,-0.055104412766475264,0.055104412766475264
2025-01-12 02:00:00,-6.4,-6.8,-6.643897567359826,-0.2438975673598251,-0.1561024326401741,0.1561024326401741
2025-01-12 03:00:00,-6.8,-7.1,-7.038037807585173,-0.2380378075851736,-0.06196219241482659,0.06196219241482659
2025-01-12 04:00:00,-7.1,-7.5,-7.3059077033586615,-0.2059077033586622,-0.19409229664133854,0.19409229664133854
2025-01-12 05:00:00,-7.5,-7.7,-7.704472390383383,-0.20447239038338383,0.004472390383383207,0.004472390383383207
2025-01-12 06:00:00,-7.7,-8.0,-7.7636008805309835,-0.06360088053098349,-0.23639911946901648,0.23639911946901648
2025-01-12 07:00:00,-8.0,-8.2,-8.018839836340376,-0.01883983634037675,-0.18116016365962295,0.18116016365962295
2025-01-12 08:00:00,-8.2,-7.7,-7.324083525272061,0.8759164747279377,-0.3759164747279389,0.3759164747279389
2025-01-12 09:00:00,-7.7,-5.5,-6.141572722903247,1.5584272770967535,0.6415727229032466,0.6415727229032466
2025-01-12 10:00:00,-5.5,-3.0,-3.462457365764797,2.037542634235203,0.4624573657647968,0.4624573657647968
2025-01-12 11:00:00,-3.0,-1.0,-1.2756599929475678,1.7243400070524322,0.2756599929475678,0.2756599929475678
2025-01-12 12:00:00,-1.0,1.2,0.7568038480038484,1.7568038480038484,0.4431961519961516,0.4431961519961516
2025-01-12 13:00:00,1.2,1.9,2.228221594249372,1.028221594249372,-0.32822159424937203,0.32822159424937203
2025-01-12 14:00:00,1.9,1.6,2.3403979801168004,0.44039798011680037,-0.7403979801168004,0.7403979801168004
2025-01-12 15:00:00,1.6,1.8,1.4710553065695198,-0.12894469343048043,0.3289446934304803,0.3289446934304803
2025-01-12 16:00:00,1.8,1.1,1.0026125542893336,-0.7973874457106666,0.09738744571066649,0.09738744571066649
2025-01-12 17:00:00,1.1,-0.2,-0.0749009075044269,-1.174900907504427,-0.1250990924955731,0.1250990924955731
2025-01-12 18:00:00,-0.2,-0.9,-0.9400181024736407,-0.7400181024736407,0.04001810247364068,0.04001810247364068
2025-01-12 19:00:00,-0.9,-1.5,-1.443437502931424,-0.5434375029314238,-0.05656249706857608,0.05656249706857608
2025-01-12 20:00:00,-1.5,-2.5,-1.9675710757625873,-0.46757107576258716,-0.5324289242374127,0.5324289242374127
2025-01-12 21:00:00,-2.5,-3.2,-3.0707825443266437,-0.5707825443266434,-0.12921745567335652,0.12921745567335652
2025-01-12 22:00:00,-3.2,-3.2,-3.741240362997458,-0.5412403629974583,0.541240362997458,0.541240362997458
2025-01-12 23:00:00,-3.2,-3.3,-3.4782005975760093,-0.2782005975760089,0.17820059757600948,0.17820059757600948
2025-01-13 00:00:00,-3.3,-4.1,-3.5266808474550384,-0.22668084745503866,-0.5733191525449612,0.5733191525449612
2025-01-13 01:00:00,-4.1,-4.5,-4.580262612653731,-0.48026261265373094,0.08026261265373069,0.08026261265373069
2025-01-13 02:00:00,-4.5,-4.7,-4.812609807611059,-0.31260980761105905,0.11260980761105888,0.11260980761105888
2025-01-13 03:00:00,-4.7,-5.1,-4.959361019482549,-0.2593610194825491,-0.14063898051745038,0.14063898051745038
2025-01-13 04:00:00,-5.1,-5.3,-5.373741102456257,-0.273741102456257,0.07374110245625687,0.07374110245625687
2025-01-13 05:00:00,-5.3,-5.6,-5.529003672255601,-0.22900367225560092,-0.07099632774439879,0.07099632774439879
2025-01-13 06:00:00,-5.6,-5.1,-5.776269906668708,-0.17626990666870895,0.6762699066687086,0.6762699066687086
2025-01-13 07:00:00,-5.1,-4.2,-3.451809330380059,1.6481906696199404,-0.748190669619941,0.748190669619941
2025-01-13 08:00:00,-4.2,-3.4,-2.3310993826472317,1.8689006173527685,-1.0689006173527682,1.0689006173527682
2025-01-13 09:00:00,-3.4,-2.2,-2.10630677967088,1.29369322032912,-0.09369322032912031,0.09369322032912031
2025-01-13 10:00:00,-2.2,-0.8,-0.7708952288482647,1.4291047711517355,-0.029104771151735376,0.029104771151735376
2025-01-13 11:00:00,-0.8,1.1,0.47722109717424543,1.2772210971742455,0.6227789028257547,0.6227789028257547
2025-01-13 12:00:00,1.1,2.6,2.1200720044671675,1.0200720044671676,0.4799279955328326,0.4799279955328326
2025-01-13 13:00:00,2.6,3.9,3.5619470215774562,0.9619470215774563,0.33805297842254367,0.33805297842254367
2025-01-13 14:00:00,3.9,3.9,4.260832108312767,0.3608321083127678,-0.36083210831276746,0.36083210831276746
2025-01-13 15:00:00,3.9,3.5,3.7603064857210833,-0.13969351427891655,-0.2603064857210833,0.2603064857210833
2025-01-13 16:00:00,3.5,2.1,2.831093488905549,-0.6689065110944509,-0.7310934889055489,0.7310934889055489
2025-01-13 17:00:00,2.1,2.0,1.4827618379754601,-0.6172381620245398,0.5172381620245399,0.5172381620245399
2025-01-13 18:00:00,2.0,1.6,1.7221807556671507,-0.27781924433284927,-0.12218075566715059,0.12218075566715059
2025-01-13 19:00:00,1.6,1.6,1.052576581272589,-0.5474234187274113,0.5474234187274112,0.5474234187274112
2025-01-13 20:00:00,1.6,1.6,1.5579122401177405,-0.042087759882259546,0.042087759882259546,0.042087759882259546
2025-01-13 21:00:00,1.6,1.6,1.5257961508581634,-0.07420384914183657,0.07420384914183664,0.07420384914183664
2025-01-13 22:00:00,1.6,1.8,1.5293147427029903,-0.07068525729700971,0.27068525729700976,0.27068525729700976
2025-01-13 23:00:00,1.8,1.7,1.788851362726658,-0.01114863727334195,-0.08885136272665806,0.08885136272665806
2025-01-14 00:00:00,1.7,1.7,1.6540868069549335,-0.04591319304506646,0.04591319304506647,0.04591319304506647
2025-01-14 01:00:00,1.7,1.8,1.706278793369357,0.0062787933693571,0.09372120663064298,0.09372120663064298
2025-01-14 02:00:00,1.8,1.8,1.7620164897717965,-0.03798351022820357,0.037983510228203565,0.037983510228203565
2025-01-14 03:00:00,1.8,1.8,1.7727588926774023,-0.02724110732259782,0.02724110732259777,0.02724110732259777
2025-01-14 04:00:00,1.8,2.0,1.8019665850802267,0.001966585080226535,0.19803341491977333,0.19803341491977333
2025-01-14 05:00:00,2.0,1.7,2.116589222577514,0.11658922257751396,-0.4165892225775141,0.4165892225775141
2025-01-14 06:00:00,1.7,1.1,1.5504995660005298,-0.14950043399947013,-0.45049956600052976,0.45049956600052976
2025-01-14 07:00:00,1.1,0.8,1.0456316610066736,-0.054368338993326416,-0.24563166100667355,0.24563166100667355
2025-01-14 08:00:00,0.8,1.2,1.344226945161977,0.5442269451619769,-0.1442269451619771,0.1442269451619771
2025-01-14 09:00:00,1.2,1.8,2.3823385849670693,1.1823385849670696,-0.5823385849670693,0.5823385849670693
2025-01-14 10:00:00,1.8,3.0,2.5791349468313185,0.7791349468313186,0.4208650531686815,0.4208650531686815
2025-01-14 11:00:00,3.0,5.0,4.43635744827607,1.4363574482760695,0.5636425517239303,0.5636425517239303
2025-01-14 12:00:00,5.0,5.0,6.428944301080531,1.4289443010805305,-1.4289443010805307,1.4289443010805307
2025-01-14 13:00:00,5.0,4.7,5.368726912373453,0.36872691237345306,-0.6687269123734527,0.6687269123734527
2025-01-14 14:00:00,4.7,4.8,4.744301307680623,0.04430130768062335,0.05569869231937652,0.05569869231937652
2025-01-14 15:00:00,4.8,4.8,4.7395283591306825,-0.060471640869317396,0.060471640869317334,0.060471640869317334
2025-01-14 16:00:00,4.8,4.3,3.879938885538113,-0.9200611144618869,0.42006111446188665,0.42006111446188665
2025-01-14 17:00:00,4.3,3.8,3.4236516830367005,-0.8763483169632995,0.3763483169632993,0.3763483169632993
2025-01-14 18:00:00,3.8,3.2,3.1065900051991644,-0.6934099948008355,0.09340999480083578,0.09340999480083578
2025-01-14 19:00:00,3.2,2.5,2.5771433145657667,-0.6228566854342332,-0.07714331456576673,0.07714331456576673
2025-01-14 20:00:00,2.5,1.6,1.926761305572339,-0.5732386944276612,-0.32676130557233884,0.32676130557233884
2025-01-14 21:00:00,1.6,0.1,0.7788335542516475,-0.8211664457483526,-0.6788335542516475,0.6788335542516475
2025-01-14 22:00:00,0.1,-1.1,-0.8859781978580197,-0.9859781978580197,-0.2140218021419804,0.2140218021419804
2025-01-14 23:00:00,-1.1,-1.7,-1.9756616137428016,-0.8756616137428016,0.2756616137428016,0.2756616137428016
2025-01-15 00:00:00,-1.7,-2.2,-2.2751145117322955,-0.5751145117322954,0.07511451173229533,0.07511451173229533
2025-01-15 01:00:00,-2.2,-2.9,-2.6813705948793003,-0.48137059487930006,-0.21862940512069962,0.21862940512069962
2025-01-15 02:00:00,-2.9,-3.3,-3.4197132601384315,-0.5197132601384313,0.11971326013843164,0.11971326013843164
2025-01-15 03:00:00,-3.3,-3.6,-3.6752361348025495,-0.3752361348025496,0.07523613480254943,0.07523613480254943
2025-01-15 04:00:00,-3.6,-4.3,-3.9303058136256315,-0.3303058136256312,-0.36969418637436835,0.36969418637436835
2025-01-15 05:00:00,-4.3,-4.8,-4.622844928031451,-0.3228449280314514,-0.1771550719685484,0.1771550719685484
2025-01-15 06:00:00,-4.8,-5.0,-5.0204071407470465,-0.2204071407470464,0.020407140747046526,0.020407140747046526
2025-01-15 07:00:00,-5.0,-5.2,-5.095551952097742,-0.09555195209774194,-0.10444804790225781,0.10444804790225781
2025-01-15 08:00:00,-5.2,-4.6,-4.384236121465924,0.8157638785340765,-0.21576387853407564,0.21576387853407564
2025-01-15 09:00:00,-4.6,-3.8,-3.4861866163538533,1.1138133836461466,-0.3138133836461465,0.3138133836461465
2025-01-15 10:00:00,-3.8,-3.2,-2.927141672674047,0.8728583273259527,-0.2728583273259533,0.2728583273259533
2025-01-15 11:00:00,-3.2,-2.6,-2.4626133639246377,0.7373866360753625,-0.1373866360753624,0.1373866360753624
2025-01-15 12:00:00,-2.6,-1.6,-2.249504315494973,0.350495684505027,0.6495043154949731,0.6495043154949731
2025-01-15 13:00:00,-1.6,-1.7,-0.9095785825251984,0.6904214174748017,-0.7904214174748015,0.7904214174748015
2025-01-15 14:00:00,-1.7,-0.9,-1.4587365900597284,0.24126340994027157,0.5587365900597284,0.5587365900597284
2025-01-15 15:00:00,-0.9,-1.0,-0.9408699207494781,-0.04086992074947804,-0.05913007925052194,0.05913007925052194
2025-01-15 16:00:00,-1.0,-1.9,-1.9805956933502507,-0.9805956933502505,0.08059569335025074,0.08059569335025074
2025-01-15 17:00:00,-1.9,-2.7,-3.067087021366433,-1.1670870213664333,0.3670870213664328,0.3670870213664328
2025-01-15 18:00:00,-2.7,-3.2,-3.2199939847436045,-0.5199939847436046,0.019993984743604365,0.019993984743604365
2025-01-15 19:00:00,-3.2,-3.4,-3.7081231938212262,-0.5081231938212261,0.3081231938212263,0.3081231938212263
2025-01-15 20:00:00,-3.4,-4.0,-3.785126670990552,-0.3851266709905522,-0.214873329009448,0.214873329009448
2025-01-15 21:00:00,-4.0,-4.5,-4.417994168833052,-0.4179941688330516,-0.08200583116694826,0.08200583116694826
2025-01-15 22:00:00,-4.5,-5.0,-4.857903113605417,-0.3579031136054168,-0.14209688639458307,0.14209688639458307
2025-01-15 23:00:00,-5.0,-4.9,-5.362886016870986,-0.3628860168709857,0.46288601687098563,0.46288601687098563
2025-01-16 00:00:00,-4.9,-4.4,-4.949753580271346,-0.04975358027134601,0.5497535802713456,0.5497535802713456
2025-01-16 01:00:00,-4.4,-4.0,-4.197910253675471,0.20208974632452895,0.1979102536754711,0.1979102536754711
2025-01-16 02:00:00,-4.0,-3.8,-3.8467208520717837,0.15327914792821629,0.04672085207178389,0.04672085207178389
2025-01-16 03:00:00,-3.8,-3.6,-3.830541008523772,-0.030541008523772176,0.23054100852377202,0.23054100852377202
2025-01-16 04:00:00,-3.6,-3.5,-3.5806214868479027,0.019378513152097397,0.08062148684790271,0.08062148684790271
2025-01-16 05:00:00,-3.5,-3.4,-3.4775377961920952,0.02246220380790457,0.07753779619209533,0.07753779619209533
2025-01-16 06:00:00,-3.4,-3.2,-3.4761526365926865,-0.07615263659268677,0.2761526365926863,0.2761526365926863
2025-01-16 07:00:00,-3.2,-2.9,-2.8679810737057454,0.33201892629425483,-0.03201892629425451,0.03201892629425451
2025-01-16 08:00:00,-2.9,-2.5,-2.127759336106683,0.772240663893317,-0.3722406638933169,0.3722406638933169
2025-01-16 09:00:00,-2.5,-2.0,-1.44179739070587,1.05820260929413,-0.5582026092941299,0.5582026092941299
2025-01-16 10:00:00,-2.0,-1.0,-1.190876515370976,0.809123484629024,0.19087651537097594,0.19087651537097594
2025-01-16 11:00:00,-1.0,0.3,0.22046360571822565,1.2204636057182257,0.07953639428177434,0.07953639428177434
2025-01-16 12:00:00,0.3,1.4,1.342907992925667,1.042907992925667,0.05709200707433282,0.05709200707433282
2025-01-16 13:00:00,1.4,2.5,2.5361212954547954,1.1361212954547952,-0.036121295454795366,0.036121295454795366
2025-01-16 14:00:00,2.5,2.8,2.8109637276406803,0.3109637276406803,-0.010963727640680432,0.010963727640680432
2025-01-16 15:00:00,2.8,2.6,2.8150880422691564,0.015088042269156663,-0.21508804226915634,0.21508804226915634
2025-01-16 16:00:00,2.6,2.5,1.9021604109048882,-0.6978395890951119,0.5978395890951118,0.5978395890951118
2025-01-16 17:00:00,2.5,2.5,2.2585110364264165,-0.2414889635735837,0.24148896357358351,0.24148896357358351
2025-01-16 18:00:00,2.5,2.0,2.1398372986564986,-0.3601627013435016,-0.13983729865649863,0.13983729865649863
2025-01-16 19:00:00,2.0,1.9,1.625916886729735,-0.37408311327026506,0.274083113270265,0.274083113270265
2025-01-16 20:00:00,1.9,1.5,1.701248932856135,-0.19875106714386473,-0.2012489328561351,0.2012489328561351
2025-01-16 21:00:00,1.5,0.7,1.193219047361392,-0.3067809526386081,-0.493219047361392,0.493219047361392
2025-01-16 22:00:00,0.7,-0.3,0.14050154819889527,-0.5594984518011047,-0.44050154819889525,0.44050154819889525
2025-01-16 23:00:00,-0.3,-1.1,-0.9339280528844698,-0.6339280528844699,-0.1660719471155303,0.1660719471155303
2025-01-17 00:00:00,-1.1,-1.8,-1.6773540368662383,-0.5773540368662381,-0.12264596313376175,0.12264596313376175
2025-01-17 01:00:00,-1.8,-2.6,-2.358460346422621,-0.5584603464226208,-0.24153965357737928,0.24153965357737928
2025-01-17 02:00:00,-2.6,-3.3,-3.1359825542224913,-0.5359825542224913,-0.16401744577750854,0.16401744577750854
2025-01-17 03:00:00,-3.3,-3.7,-3.812797315555749,-0.5127973155557489,0.11279731555574868,0.11279731555574868
2025-01-17 04:00:00,-3.7,-3.9,-4.07517286475621,-0.37517286475620953,0.17517286475621008,0.17517286475621008
2025-01-17 05:00:00,-3.9,-4.4,-4.170740656141734,-0.2707406561417345,-0.22925934385826618,0.22925934385826618
2025-01-17 06:00:00,-4.4,-4.5,-4.571474262777343,-0.17147426277734304,0.07147426277734326,0.07147426277734326
2025-01-17 07:00:00,-4.5,-4.9,-4.703099960922678,-0.20309996092267807,-0.19690003907732212,0.19690003907732212
2025-01-17 08:00:00,-4.9,-4.4,-4.168849320963291,0.7311506790367092,-0.23115067903670905,0.23115067903670905
2025-01-17 09:00:00,-4.4,-1.9,-2.645750087479457,1.7542499125205433,0.7457500874794571,0.7457500874794571
2025-01-17 10:00:00,-1.9,-0.1,0.24362493707582544,2.1436249370758254,-0.3436249370758254,0.3436249370758254
2025-01-17 11:00:00,-0.1,1.8,1.4432123578752347,1.5432123578752348,0.3567876421247653,0.3567876421247653
2025-01-17 12:00:00,1.8,4.5,3.0560836779961225,1.2560836779961226,1.4439163220038775,1.4439163220038775
2025-01-17 13:00:00,4.5,5.1,5.201990122230934,0.7019901222309345,-0.10199012223093451,0.10199012223093451
2025-01-17 14:00:00,5.1,4.6,5.522966204395129,0.4229662043951288,-0.922966204395129,0.922966204395129
2025-01-17 15:00:00,4.6,5.0,4.569516282336492,-0.03048371766350768,0.4304837176635079,0.4304837176635079
2025-01-17 16:00:00,5.0,4.2,4.347180129794772,-0.6528198702052275,-0.1471801297947719,0.1471801297947719
2025-01-17 17:00:00,4.2,2.8,2.640633850276708,-1.5593661497232925,0.15936614972329188,0.15936614972329188
2025-01-17 18:00:00,2.8,1.8,1.9075169806210448,-0.892483019378955,-0.10751698062104476,0.10751698062104476
2025-01-17 19:00:00,1.8,0.8,1.0640539623027618,-0.7359460376972381,-0.2640539623027618,0.2640539623027618
2025-01-17 20:00:00,0.8,0.1,0.15001238622723645,-0.6499876137727636,-0.050012386227236444,0.050012386227236444
2025-01-17 21:00:00,0.1,-0.6,-0.4692081215456573,-0.5692081215456573,-0.1307918784543427,0.1307918784543427
2025-01-17 22:00:00,-0.6,-1.0,-1.1389810530590139,-0.538981053059014,0.13898105305901387,0.13898105305901387
2025-01-17 23:00:00,-1.0,-1.4,-1.3951794200769951,-0.39517942007699514,-0.004820579923004775,0.004820579923004775
2025-01-18 00:00:00,-1.4,-1.8,-1.7767653088524222,-0.37676530885242226,-0.023234691147577813,0.023234691147577813
2025-01-18 01:00:00,-1.8,-2.1,-2.137186582201386,-0.3371865822013858,0.03718658220138593,0.03718658220138593
2025-01-18 02:00:00,-2.1,-2.2,-2.3640696235946397,-0.2640696235946397,0.1640696235946395,0.1640696235946395
2025-01-18 03:00:00,-2.2,-2.7,-2.4029495836514796,-0.2029495836514793,-0.2970504163485206,0.2970504163485206
2025-01-18 04:00:00,-2.7,-3.2,-2.993724667652387,-0.2937246676523869,-0.2062753323476132,0.2062753323476132
2025-01-18 05:00:00,-3.2,-3.5,-3.467515568981371,-0.26751556898137063,-0.03248443101862897,0.03248443101862897
2025-01-18 06:00:00,-3.5,-3.6,-3.696736908095416,-0.19673690809541602,0.09673690809541613,0.09673690809541613
2025-01-18 07:00:00,-3.6,-4.0,-3.777718573001656,-0.177718573001656,-0.22228142699834397,0.22228142699834397
2025-01-18 08:00:00,-4.0,-2.8,-3.2783227124820216,0.7216772875179784,0.47832271248202174,0.47832271248202174
2025-01-18 09:00:00,-2.8,-0.5,-0.3310383903529055,2.4689616096470943,-0.1689616096470945,0.1689616096470945
2025-01-18 10:00:00,-0.5,2.2,1.5112841596917854,2.0112841596917854,0.6887158403082148,0.6887158403082148
2025-01-18 11:00:00,2.2,4.4,4.1164420608736325,1.9164420608736326,0.28355793912636784,0.28355793912636784
2025-01-18 12:00:00,4.4,6.1,6.093971991215413,1.693971991215412,0.00602800878458698,0.00602800878458698
2025-01-18 13:00:00,6.1,7.4,7.662955804483582,1.5629558044835823,-0.2629558044835818,0.2629558044835818
2025-01-18 14:00:00,7.4,6.8,7.806103143982238,0.40610314398223796,-1.006103143982238,1.006103143982238
2025-01-18 15:00:00,6.8,6.8,6.720946761669973,-0.07905323833002688,0.07905323833002686,0.07905323833002686
2025-01-18 16:00:00,6.8,5.7,5.901128057129381,-0.8988719428706186,-0.20112805712938098,0.20112805712938098
2025-01-18 17:00:00,5.7,4.1,4.27498084698447,-1.4250191530155296,-0.1749808469844707,0.1749808469844707
2025-01-18 18:00:00,4.1,3.1,3.04860027326827,-1.0513997267317294,0.05139972673172988,0.05139972673172988
2025-01-18 19:00:00,3.1,2.1,2.3903584957635218,-0.7096415042364781,-0.2903584957635217,0.2903584957635217
2025-01-18 20:00:00,2.1,1.2,1.4438468715834194,-0.6561531284165807,-0.24384687158341944,0.24384687158341944
2025-01-18 21:00:00,1.2,0.7,0.6870020811424555,-0.5129979188575444,0.012997918857544422,0.012997918857544422
2025-01-18 22:00:00,0.7,0.1,0.2606872532320302,-0.4393127467679698,-0.16068725323203017,0.16068725323203017
2025-01-18 23:00:00,0.1,-0.2,-0.2937251786772507,-0.3937251786772507,0.09372517867725066,0.09372517867725066
2025-01-19 00:00:00,-0.2,-0.7,-0.5370026882904269,-0.33700268829042684,-0.1629973117095731,0.1629973117095731
2025-01-19 01:00:00,-0.7,-1.1,-1.090524099559747,-0.39052409955974693,-0.009475900440253149,0.009475900440253149
2025-01-19 02:00:00,-1.1,-0.6,-1.4479284771096328,-0.3479284771096328,0.8479284771096328,0.8479284771096328
2025-01-19 03:00:00,-0.6,0.0,-0.3401188235447552,0.2598811764552448,0.3401188235447552,0.3401188235447552
2025-01-19 04:00:00,0.0,0.3,0.22419859977266812,0.22419859977266812,0.07580140022733187,0.07580140022733187
2025-01-19 05:00:00,0.3,0.5,0.33876609400373625,0.03876609400373624,0.16123390599626375,0.16123390599626375
2025-01-19 06:00:00,0.5,0.5,0.5130706616388683,0.013070661638868311,-0.013070661638868275,0.013070661638868275
2025-01-19 07:00:00,0.5,0.9,0.5439000571880803,0.04390005718808027,0.3560999428119197,0.3560999428119197
2025-01-19 08:00:00,0.9,1.2,2.058420459839764,1.1584204598397638,-0.858420459839764,0.858420459839764
2025-01-19 09:00:00,1.2,2.1,1.72850962408271,0.5285096240827101,0.37149037591729006,0.37149037591729006
2025-01-19 10:00:00,2.1,3.1,3.2392576424945423,1.1392576424945422,-0.1392576424945422,0.1392576424945422
2025-01-19 11:00:00,3.1,4.9,4.203631534940412,1.1036315349404113,0.6963684650595887,0.6963684650595887
2025-01-19 12:00:00,4.9,6.7,5.987600718642231,1.08760071864223,0.7123992813577695,0.7123992813577695
2025-01-19 13:00:00,6.7,8.4,7.634716435465114,0.9347164354651132,0.7652835645348866,0.7652835645348866
2025-01-19 14:00:00,8.4,8.8,8.893327430624703,0.49332743062470247,-0.0933274306247025,0.0933274306247025
2025-01-19 15:00:00,8.8,8.2,8.550675473650868,-0.24932452634913266,-0.3506754736508686,0.3506754736508686
2025-01-19 16:00:00,8.2,7.7,7.443749534397625,-0.7562504656023743,0.25625046560237497,0.25625046560237497
2025-01-19 17:00:00,7.7,6.8,7.063904816166578,-0.636095183833422,-0.263904816166578,0.263904816166578
2025-01-19 18:00:00,6.8,6.0,6.149838300440623,-0.6501616995593761,-0.1498383004406234,0.1498383004406234
2025-01-19 19:00:00,6.0,5.5,5.453019178040247,-0.546980821959753,0.04698082195975317,0.04698082195975317
2025-01-19 20:00:00,5.5,5.3,5.048206814071361,-0.45179318592863904,0.25179318592863886,0.25179318592863886
2025-01-19 21:00:00,5.3,4.8,5.060772850158732,-0.2392271498412681,-0.2607728501587321,0.2607728501587321
2025-01-19 22:00:00,4.8,4.3,4.443521110073319,-0.3564788899266808,-0.14352111007331914,0.14352111007331914
2025-01-19 23:00:00,4.3,3.8,3.920655429480021,-0.37934457051997905,-0.12065542948002106,0.12065542948002106
2025-01-20 00:00:00,3.8,3.1,3.4180513654757476,-0.38194863452425215,-0.3180513654757475,0.3180513654757475
2025-01-20 01:00:00,3.1,3.0,2.616110502007287,-0.4838894979927134,0.3838894979927132,0.3838894979927132
2025-01-20 02:00:00,3.0,3.2,2.8568369241281903,-0.14316307587180968,0.34316307587180983,0.34316307587180983
2025-01-20 03:00:00,3.2,3.4,3.178890332857909,-0.021109667142091608,0.22110966714209113,0.22110966714209113
2025-01-20 04:00:00,3.4,3.6,3.4540724923507073,0.05407249235070756,0.14592750764929274,0.14592750764929274
2025-01-20 05:00:00,3.6,3.7,3.633028261685111,0.03302826168511061,0.06697173831488934,0.06697173831488934
2025-01-20 06:00:00,3.7,3.3,3.6953512757927025,-0.004648724207297549,-0.3953512757927027,0.3953512757927027
2025-01-20 07:00:00,3.3,3.1,3.302282583029449,0.0022825830294492164,-0.20228258302944901,0.20228258302944901
2025-01-20 08:00:00,3.1,3.3,3.6772727977067388,0.5772727977067386,-0.37727279770673894,0.37727279770673894
2025-01-20 09:00:00,3.3,4.3,4.0710286639000595,0.7710286639000595,0.22897133609994036,0.22897133609994036
2025-01-20 10:00:00,4.3,4.6,5.353500279589065,1.0535002795890658,-0.7535002795890655,0.7535002795890655
2025-01-20 11:00:00,4.6,5.0,5.16040134502086,0.56040134502086,-0.16040134502086012,0.16040134502086012
2025-01-20 12:00:00,5.0,6.1,5.381065261241467,0.38106526124146706,0.7189347387585325,0.7189347387585325
2025-01-20 13:00:00,6.1,7.0,6.387391696403452,0.2873916964034525,0.6126083035965477,0.6126083035965477
2025-01-20 14:00:00,7.0,7.3,7.40805864282918,0.40805864282917964,-0.10805864282917987,0.10805864282917987
2025-01-20 15:00:00,7.3,7.2,7.395001379407335,0.0950013794073348,-0.19500137940733442,0.19500137940733442
2025-01-20 16:00:00,7.2,6.1,6.220945883077687,-0.9790541169223136,-0.12094588307768728,0.12094588307768728
2025-01-20 17:00:00,6.1,4.8,4.809820461262598,-1.2901795387374013,-0.009820461262598279,0.009820461262598279
2025-01-20 18:00:00,4.8,3.9,3.7907021512996026,-1.009297848700397,0.10929784870039727,0.10929784870039727
2025-01-20 19:00:00,3.9,2.9,3.177779121479567,-0.722220878520433,-0.27777912147956707,0.27777912147956707
2025-01-20 20:00:00,2.9,2.6,2.2668157153675628,-0.6331842846324373,0.3331842846324373,0.3331842846324373
2025-01-20 21:00:00,2.6,1.9,2.2176904331944285,-0.38230956680557165,-0.3176904331944286,0.3176904331944286
2025-01-20 22:00:00,1.9,1.4,1.3846665945817858,-0.515333405418214,0.015333405418214152,0.015333405418214152
2025-01-20 23:00:00,1.4,0.9,0.9797899175090596,-0.4202100824909403,-0.07978991750905962,0.07978991750905962
2025-01-21 00:00:00,0.9,0.7,0.5131108292710677,-0.38688917072893236,0.1868891707289323,0.1868891707289323
2025-01-21 01:00:00,0.7,0.4,0.4277557216916886,-0.2722442783083114,-0.02775572169168855,0.02775572169168855
2025-01-21 02:00:00,0.4,0.2,0.140378413259228,-0.259621586740772,0.059621586740772003,0.059621586740772003
2025-01-21 03:00:00,0.2,-0.1,-0.01876342498907227,-0.21876342498907228,-0.08123657501092774,0.08123657501092774
2025-01-21 04:00:00,-0.1,-0.3,-0.3408435378064187,-0.24084353780641868,0.040843537806418695,0.040843537806418695
2025-01-21 05:00:00,-0.3,-0.6,-0.5130526590244749,-0.21305265902447498,-0.08694734097552503,0.08694734097552503
2025-01-21 06:00:00,-0.6,-0.7,-0.8024604180825465,-0.2024604180825465,0.10246041808254658,0.10246041808254658
2025-01-21 07:00:00,-0.7,-0.9,-0.7378792560419926,-0.03787925604199265,-0.16212074395800746,0.16212074395800746
2025-01-21 08:00:00,-0.9,-0.3,-0.26256845828043596,0.6374315417195641,-0.03743154171956403,0.03743154171956403
2025-01-21 09:00:00,-0.3,1.1,1.109481886728479,1.409481886728479,-0.009481886728478939,0.009481886728478939
2025-01-21 10:00:00,1.1,3.2,2.595948809762836,1.4959488097628357,0.6040511902371644,0.6040511902371644
2025-01-21 11:00:00,3.2,4.8,4.6293052797872605,1.42930527978726,0.17069472021273935,0.17069472021273935
2025-01-21 12:00:00,4.8,5.5,5.955538222200137,1.1555382222001371,-0.4555382222001372,0.4555382222001372
2025-01-21 13:00:00,5.5,6.3,6.57643387100585,1.0764338710058505,-0.2764338710058505,0.2764338710058505
2025-01-21 14:00:00,6.3,6.1,6.635901690783918,0.33590169078391746,-0.535901690783918,0.535901690783918
2025-01-21 15:00:00,6.1,5.7,6.001663343949039,-0.09833665605096059,-0.3016633439490386,0.3016633439490386
2025-01-21 16:00:00,5.7,5.2,5.152072738351402,-0.5479272616485981,0.047927261648598396,0.047927261648598396
2025-01-21 17:00:00,5.2,4.2,4.795588060000982,-0.40441193999901776,-0.5955880600009822,0.5955880600009822
2025-01-21 18:00:00,4.2,3.2,3.5796846798630773,-0.6203153201369227,-0.3796846798630771,0.3796846798630771
2025-01-21 19:00:00,3.2,2.7,2.5242334476651602,-0.6757665523348401,0.17576655233483995,0.17576655233483995
2025-01-21 20:00:00,2.7,2.2,2.2562714268327486,-0.4437285731672515,-0.05627142683274844,0.05627142683274844
2025-01-21 21:00:00,2.2,2.2,1.7787945666955962,-0.4212054333044041,0.42120543330440396,0.42120543330440396
2025-01-21 22:00:00,2.2,2.3,2.010631623863282,-0.18936837613671803,0.28936837613671784,0.28936837613671784
2025-01-21 23:00:00,2.3,2.4,2.181552191060028,-0.11844780893997152,0.21844780893997173,0.21844780893997173
2025-01-22 00:00:00,2.4,2.5,2.349991037632231,-0.05000896236776904,0.15000896236776917,0.15000896236776917
2025-01-22 01:00:00,2.5,2.4,2.4772478673626064,-0.02275213263739378,-0.07724786736260647,0.07724786736260647
2025-01-22 02:00:00,2.4,2.2,2.2568137075707764,-0.14318629242922346,-0.056813707570776195,0.056813707570776195
2025-01-22 03:00:00,2.2,2.3,1.9743430002741442,-0.22565699972585604,0.3256569997258556,0.3256569997258556
2025-01-22 04:00:00,2.3,2.4,2.259524199327821,-0.04047580067217913,0.14047580067217913,0.14047580067217913
2025-01-22 05:00:00,2.4,3.2,2.360363572967645,-0.03963642703235525,0.8396364270323553,0.8396364270323553
2025-01-22 06:00:00,3.2,3.4,3.373762348501785,0.17376234850178493,0.026237651498214998,0.026237651498214998
2025-01-22 07:00:00,3.4,2.9,3.614436064337695,0.21443606433769508,-0.7144360643376952,0.7144360643376952
2025-01-22 08:00:00,2.9,3.0,3.3379570615406475,0.43795706154064745,-0.33795706154064753,0.33795706154064753
2025-01-22 09:00:00,3.0,3.4,3.6387763878350694,0.6387763878350695,-0.2387763878350695,0.2387763878350695
2025-01-22 10:00:00,3.4,3.9,4.124643645752547,0.7246436457525471,-0.22464364575254736,0.22464364575254736
2025-01-22 11:00:00,3.9,5.7,4.529825183511902,0.6298251835119022,1.1701748164880978,1.1701748164880978
2025-01-22 12:00:00,5.7,6.7,7.080720609080523,1.3807206090805229,-0.3807206090805231,0.3807206090805231
2025-01-22 13:00:00,6.7,7.3,7.45534063456452,0.7553406345645197,-0.15534063456451985,0.15534063456451985
2025-01-22 14:00:00,7.3,7.5,7.5679036378324795,0.2679036378324801,-0.06790363783247955,0.06790363783247955
2025-01-22 15:00:00,7.5,7.0,7.3096972677932275,-0.19030273220677296,-0.3096972677932275,0.3096972677932275
2025-01-22 16:00:00,7.0,6.1,6.0667776691506035,-0.9332223308493961,0.03322233084939619,0.03322233084939619
2025-01-22 17:00:00,6.1,4.6,4.782212529339449,-1.3177874706605504,-0.18221252933944942,0.18221252933944942
2025-01-22 18:00:00,4.6,3.4,3.5756048801260607,-1.024395119873939,-0.1756048801260608,0.1756048801260608
2025-01-22 19:00:00,3.4,2.6,2.523817832654964,-0.8761821673450362,0.07618216734503624,0.07618216734503624
2025-01-22 20:00:00,2.6,1.8,1.9527724278506202,-0.64722757214938,-0.15277242785062017,0.15277242785062017
2025-01-22 21:00:00,1.8,1.7,1.2133754188875678,-0.5866245811124321,0.4866245811124321,0.4866245811124321
2025-01-22 22:00:00,1.7,1.3,1.3286055564113222,-0.37139444358867774,-0.02860555641132212,0.02860555641132212
2025-01-22 23:00:00,1.3,0.5,0.9199063151054186,-0.3800936848945814,-0.41990631510541865,0.41990631510541865
2025-01-23 00:00:00,0.5,-0.2,-0.027750309914709725,-0.5277503099147097,-0.17224969008529029,0.17224969008529029
2025-01-23 01:00:00,-0.2,-0.6,-0.6527221105465277,-0.4527221105465278,0.052722110546527756,0.052722110546527756
2025-01-23 02:00:00,-0.6,-0.6,-0.9856847016146622,-0.38568470161466223,0.3856847016146622,0.3856847016146622
2025-01-23 03:00:00,-0.6,-1.0,-0.7891696836430827,-0.18916968364308276,-0.2108303163569173,0.2108303163569173
2025-01-23 04:00:00,-1.0,-1.5,-1.2965743265600156,-0.29657432656001553,-0.2034256734399844,0.2034256734399844
2025-01-23 05:00:00,-1.5,-1.8,-1.7769968482139031,-0.27699684821390325,-0.02300315178609691,0.02300315178609691
2025-01-23 06:00:00,-1.8,-2.3,-2.0082127600029214,-0.20821276000292124,-0.29178723999707845,0.29178723999707845
2025-01-23 07:00:00,-2.3,-2.1,-2.3234632393596066,-0.023463239359606765,0.22346323935960655,0.22346323935960655
2025-01-23 08:00:00,-2.1,-1.6,-1.2064377392551977,0.8935622607448025,-0.3935622607448024,0.3935622607448024
2025-01-23 09:00:00,-1.6,1.2,0.25320918083851596,1.853209180838516,0.946790819161484,0.946790819161484
2025-01-23 10:00:00,1.2,3.0,3.740304441975095,2.5403044419750946,-0.7403044419750948,0.7403044419750948
2025-01-23 11:00:00,3.0,5.8,4.468852736075153,1.4688527360751524,1.331147263924847,1.331147263924847
2025-01-23 12:00:00,5.8,5.8,6.859958107796306,1.0599581077963063,-1.059958107796306,1.059958107796306
2025-01-23 13:00:00,5.8,6.9,6.282708738902633,0.4827087389026333,0.6172912610973675,0.6172912610973675
2025-01-23 14:00:00,6.9,7.4,7.155460551041679,0.255460551041678,0.2445394489583217,0.2445394489583217
2025-01-23 15:00:00,7.4,7.3,7.5079392932896445,0.10793929328964413,-0.20793929328964467,0.20793929328964467
2025-01-23 16:00:00,7.3,6.2,6.282195743902915,-1.0178042560970846,-0.08219574390291484,0.08219574390291484
2025-01-23 17:00:00,6.2,4.6,4.714168072340813,-1.4858319276591865,-0.11416807234081361,0.11416807234081361
2025-01-23 18:00:00,4.6,3.1,3.436507461083381,-1.1634925389166184,-0.3365074610833809,0.3365074610833809
2025-01-23 19:00:00,3.1,2.3,2.1637070270697745,-0.9362929729302254,0.13629297293022535,0.13629297293022535
2025-01-23 20:00:00,2.3,1.7,1.6368915834455637,-0.663108416554436,0.06310841655443622,0.06310841655443622
2025-01-23 21:00:00,1.7,0.9,1.1075439071748425,-0.5924560928251575,-0.2075439071748425,0.2075439071748425
2025-01-23 22:00:00,0.9,0.5,0.2946597459682384,-0.6053402540317616,0.2053402540317616,0.2053402540317616
2025-01-23 23:00:00,0.5,0.1,0.05426584496167053,-0.44573415503832947,0.04573415503832948,0.04573415503832948
2025-01-24 00:00:00,0.1,-0.5,-0.2939300543365895,-0.39393005433658945,-0.20606994566341053,0.20606994566341053
2025-01-24 01:00:00,-0.5,-0.7,-0.8906703435304653,-0.39067034353046526,0.1906703435304653,0.1906703435304653
2025-01-24 02:00:00,-0.7,-1.2,-0.9976883397186324,-0.2976883397186324,-0.2023116602813676,0.2023116602813676
2025-01-24 03:00:00,-1.2,-1.4,-1.5323464068942727,-0.3323464068942728,0.1323464068942728,0.1323464068942728
2025-01-24 04:00:00,-1.4,-1.8,-1.6366119052201191,-0.23661190522011918,-0.16338809477988092,0.16338809477988092
2025-01-24 05:00:00,-1.8,-2.2,-2.0897269006454118,-0.2897269006454116,-0.1102730993545884,0.1102730993545884
2025-01-24 06:00:00,-2.2,-2.3,-2.3877530828072446,-0.1877530828072443,0.08775308280724481,0.08775308280724481
2025-01-24 07:00:00,-2.3,-2.6,-2.3199035205797163,-0.01990352057971658,-0.2800964794202838,0.2800964794202838
2025-01-24 08:00:00,-2.6,-2.0,-1.7834764106453176,0.8165235893546824,-0.2165235893546824,0.2165235893546824
2025-01-24 09:00:00,-2.0,1.8,-0.03854140418647689,1.961458595813523,1.838541404186477,1.838541404186477
2025-01-24 10:00:00,1.8,4.2,3.8575770714882536,2.0575770714882533,0.3424229285117466,0.3424229285117466
2025-01-24 11:00:00,4.2,6.4,5.863254460684257,1.6632544606842572,0.536745539315743,0.536745539315743
2025-01-24 12:00:00,6.4,7.9,7.56517679416123,1.1651767941612297,0.3348232058387701,0.3348232058387701
2025-01-24 13:00:00,7.9,9.2,9.02794955278077,1.1279495527807704,0.17205044721922924,0.17205044721922924
2025-01-24 14:00:00,9.2,9.7,9.558721891025995,0.35872189102599505,0.14127810897400472,0.14127810897400472
2025-01-24 15:00:00,9.7,10.3,9.66887205607101,-0.03112794392899043,0.6311279439289912,0.6311279439289912
2025-01-24 16:00:00,10.3,9.0,9.458156927527368,-0.8418430724726328,-0.4581569275273676,0.4581569275273676
2025-01-24 17:00:00,9.0,7.4,7.429582002116199,-1.5704179978838015,-0.029582002116198325,0.029582002116198325
2025-01-24 18:00:00,7.4,6.0,6.099617805812576,-1.300382194187424,-0.09961780581257607,0.09961780581257607
2025-01-24 19:00:00,6.0,4.7,4.943971866743774,-1.056028133256226,-0.2439718667437738,0.2439718667437738
2025-01-24 20:00:00,4.7,4.1,3.8694682693143734,-0.8305317306856268,0.23053173068562627,0.23053173068562627
2025-01-24 21:00:00,4.1,3.3,3.5113123114588287,-0.5886876885411712,-0.2113123114588289,0.2113123114588289
2025-01-24 22:00:00,3.3,2.7,2.7302858789335014,-0.5697141210664982,-0.03028587893350121,0.03028587893350121
2025-01-24 23:00:00,2.7,2.6,2.256853571089578,-0.44314642891042255,0.34314642891042224,0.34314642891042224
2025-01-25 00:00:00,2.6,2.3,2.265629265078436,-0.33437073492156394,0.03437073492156362,0.03437073492156362
2025-01-25 01:00:00,2.3,2.2,1.960091663403795,-0.33990833659620473,0.23990833659620514,0.23990833659620514
2025-01-25 02:00:00,2.2,2.1,1.9488680842218857,-0.2511319157781145,0.15113191577811436,0.15113191577811436
2025-01-25 03:00:00,2.1,1.5,1.8500233024068733,-0.24997669759312688,-0.3500233024068733,0.3500233024068733
2025-01-25 04:00:00,1.5,1.6,1.1722670389144936,-0.32773296108550654,0.4277329610855065,0.4277329610855065
2025-01-25 05:00:00,1.6,1.3,1.4148565227164365,-0.18514347728356365,-0.11485652271643643,0.11485652271643643
2025-01-25 06:00:00,1.3,1.9,1.0461308285851052,-0.25386917141489496,0.8538691714148947,0.8538691714148947
2025-01-25 07:00:00,1.9,2.3,3.2223544720521193,1.3223544720521192,-0.9223544720521195,0.9223544720521195
2025-01-25 08:00:00,2.3,3.6,3.304458279650414,1.004458279650414,0.29554172034958626,0.29554172034958626
2025-01-25 09:00:00,3.6,6.0,5.267810290018323,1.6678102900183234,0.732189709981677,0.732189709981677
2025-01-25 10:00:00,6.0,7.8,7.823213314303775,1.8232133143037748,-0.023213314303775157,0.023213314303775157
2025-01-25 11:00:00,7.8,9.2,9.434681241535692,1.634681241535693,-0.23468124153569292,0.23468124153569292
2025-01-25 12:00:00,9.2,10.1,10.368996572348161,1.1689965723481615,-0.2689965723481613,0.2689965723481613
2025-01-25 13:00:00,10.1,11.2,10.77088112947581,0.6708811294758112,0.4291188705241886,0.4291188705241886
2025-01-25 14:00:00,11.2,9.8,11.572869768204567,0.37286976820456785,-1.7728697682045667,1.7728697682045667
2025-01-25 15:00:00,9.8,9.3,9.134207758803212,-0.6657922411967888,0.16579224119678848,0.16579224119678848
2025-01-25 16:00:00,9.3,9.7,8.475551866242444,-0.8244481337575563,1.224448133757555,1.224448133757555
2025-01-25 17:00:00,9.7,7.8,8.99802734982882,-0.7019726501711793,-1.1980273498288208,1.1980273498288208
2025-01-25 18:00:00,7.8,6.7,6.568078823800984,-1.2319211761990159,0.13192117619901644,0.13192117619901644
2025-01-25 19:00:00,6.7,5.6,5.810751810961831,-0.8892481890381693,-0.21075181096183115,0.21075181096183115
2025-01-25 20:00:00,5.6,4.7,4.760084243360364,-0.8399157566396356,-0.060084243360363665,0.060084243360363665
2025-01-25 21:00:00,4.7,4.4,3.8208450181381983,-0.879154981861802,0.579154981861802,0.579154981861802
2025-01-25 22:00:00,4.4,3.9,3.9082311445921105,-0.49176885540788995,-0.008231144592110606,0.008231144592110606
2025-01-25 23:00:00,3.9,3.4,3.3948489447910326,-0.5051510552089675,0.005151055208967303,0.005151055208967303
2025-01-26 00:00:00,3.4,3.2,2.935440929206165,-0.4645590707938347,0.264559070793835,0.264559070793835
2025-01-26 01:00:00,3.2,3.2,2.890646768071775,-0.30935323192822545,0.3093532319282253,0.3093532319282253
2025-01-26 02:00:00,3.2,3.1,2.948400572588037,-0.25159942741196345,0.1515994274119632,0.1515994274119632
2025-01-26 03:00:00,3.1,3.1,2.8797388857740893,-0.22026111422591096,0.22026111422591077,0.22026111422591077
2025-01-26 04:00:00,3.1,2.7,3.0210451520084223,-0.07895484799157788,-0.3210451520084221,0.3210451520084221
2025-01-26 05:00:00,2.7,2.0,2.540062723521782,-0.15993727647821812,-0.5400627235217819,0.5400627235217819
2025-01-26 06:00:00,2.0,1.9,1.6238848810722855,-0.3761151189277145,0.27611511892771445,0.27611511892771445
2025-01-26 07:00:00,1.9,2.0,1.8833167739874344,-0.01668322601256555,0.11668322601256564,0.11668322601256564
2025-01-26 08:00:00,2.0,2.5,2.67182142594105,0.6718214259410498,-0.17182142594105,0.17182142594105
2025-01-26 09:00:00,2.5,3.7,3.5515119392251786,1.0515119392251786,0.14848806077482157,0.14848806077482157
2025-01-26 10:00:00,3.7,5.6,4.8083197853924,1.1083197853924,0.7916802146075996,0.7916802146075996
2025-01-26 11:00:00,5.6,6.6,6.811567109704331,1.2115671097043312,-0.21156710970433146,0.21156710970433146
2025-01-26 12:00:00,6.6,7.0,7.60781802712348,1.0078180271234805,-0.6078180271234803,0.6078180271234803
2025-01-26 13:00:00,7.0,7.5,7.632573907635147,0.6325739076351475,-0.13257390763514731,0.13257390763514731
2025-01-26 14:00:00,7.5,7.2,7.7686469663460445,0.26864696634604446,-0.5686469663460443,0.5686469663460443
2025-01-26 15:00:00,7.2,6.9,7.0668478579741185,-0.13315214202588196,-0.16684785797411816,0.16684785797411816
2025-01-26 16:00:00,6.9,6.4,5.967769644938034,-0.9322303550619658,0.43223035506196616,0.43223035506196616
2025-01-26 17:00:00,6.4,5.8,5.551481966228028,-0.8485180337719725,0.24851803377197168,0.24851803377197168
2025-01-26 18:00:00,5.8,5.2,5.1231056525487215,-0.6768943474512782,0.07689434745127866,0.07689434745127866
2025-01-26 19:00:00,5.2,4.7,4.63508240184565,-0.5649175981543505,0.06491759815435039,0.06491759815435039
2025-01-26 20:00:00,4.7,4.5,4.276834944517139,-0.4231650554828607,0.2231650554828608,0.2231650554828608
2025-01-26 21:00:00,4.5,4.6,4.2588558220016,-0.24114417799840013,0.3411441779983999,0.3411441779983999
2025-01-26 22:00:00,4.6,5.2,4.546717401239486,-0.05328259876051347,0.653282598760514,0.653282598760514
2025-01-26 23:00:00,5.2,5.1,5.050713937652078,-0.14928606234792227,0.04928606234792188,0.04928606234792188
2025-01-27 00:00:00,5.1,4.3,4.934923485394605,-0.16507651460539502,-0.6349234853946051,0.6349234853946051
2025-01-27 01:00:00,4.3,3.1,3.6993125401905234,-0.6006874598094766,-0.5993125401905233,0.5993125401905233
2025-01-27 02:00:00,3.1,3.0,2.563479521989248,-0.5365204780107523,0.4365204780107521,0.4365204780107521
2025-01-27 03:00:00,3.0,2.7,2.7652329402964977,-0.23476705970350242,-0.06523294029649751,0.06523294029649751
2025-01-27 04:00:00,2.7,2.7,2.443348520798727,-0.2566514792012729,0.25665147920127307,0.25665147920127307
2025-01-27 05:00:00,2.7,2.9,2.632607699370291,-0.06739230062970884,0.26739230062970876,0.26739230062970876
2025-01-27 06:00:00,2.9,1.9,2.929845523905811,0.02984552390581122,-1.029845523905811,1.029845523905811
2025-01-27 07:00:00,1.9,1.3,1.4858544809469152,-0.41414551905308467,-0.18585448094691515,0.18585448094691515
2025-01-27 08:00:00,1.3,0.5,1.0617202772493326,-0.23827972275066733,-0.5617202772493326,0.5617202772493326
2025-01-27 09:00:00,0.5,-0.7,0.35976965698521957,-0.1402303430147804,-1.0597696569852195,1.0597696569852195
2025-01-27 10:00:00,-0.7,-0.3,-1.1090752182525796,-0.4090752182525796,0.8090752182525796,0.8090752182525796
2025-01-27 11:00:00,-0.3,0.0,0.08302641545918288,0.38302641545918287,-0.08302641545918288,0.08302641545918288
2025-01-27 12:00:00,0.0,1.0,0.24637485529729694,0.24637485529729694,0.753625144702703,0.753625144702703
2025-01-27 13:00:00,1.0,1.3,1.2196993619663625,0.21969936196636258,0.08030063803363752,0.08030063803363752
2025-01-27 14:00:00,1.3,0.4,1.4410646498517052,0.14106464985170522,-1.0410646498517053,1.0410646498517053
2025-01-27 15:00:00,0.4,-0.8,-0.13155934359972288,-0.5315593435997229,-0.6684406564002772,0.6684406564002772
2025-01-27 16:00:00,-0.8,-0.6,-1.2465821500773888,-0.4465821500773889,0.6465821500773888,0.6465821500773888
2025-01-27 17:00:00,-0.6,-1.0,-1.0568725226463274,-0.45687252264632733,0.05687252264632736,0.05687252264632736
2025-01-27 18:00:00,-1.0,-1.4,-1.5062761746471514,-0.5062761746471514,0.10627617464715144,0.10627617464715144
2025-01-27 19:00:00,-1.4,-1.4,-1.9565650723591475,-0.5565650723591477,0.5565650723591475,0.5565650723591475
2025-01-27 20:00:00,-1.4,-1.5,-1.666116425079467,-0.26611642507946703,0.1661164250794669,0.1661164250794669
2025-01-27 21:00:00,-1.5,-1.7,-1.6667224716950766,-0.16672247169507654,-0.033277528304923365,0.033277528304923365
2025-01-27 22:00:00,-1.7,-2.3,-1.929653875711434,-0.22965387571143409,-0.3703461242885657,0.3703461242885657
2025-01-27 23:00:00,-2.3,-2.7,-2.920923266566035,-0.6209232665660356,0.220923266566035,0.220923266566035
2025-01-28 00:00:00,-2.7,-2.7,-3.144974011977829,-0.44497401197782877,0.4449740119778287,0.4449740119778287
2025-01-28 01:00:00,-2.7,-2.9,-2.8487208040038,-0.14872080400380006,-0.05127919599619979,0.05127919599619979
2025-01-28 02:00:00,-2.9,-3.3,-3.1167271667199463,-0.21672716671994657,-0.1832728332800535,0.1832728332800535
2025-01-28 03:00:00,-3.3,-3.7,-3.753624000502323,-0.4536240005023232,0.053624000502322744,0.053624000502322744
2025-01-28 04:00:00,-3.7,-3.8,-3.985976886120653,-0.2859768861206527,0.185976886120653,0.185976886120653
2025-01-28 05:00:00,-3.8,-3.9,-3.9208751049166675,-0.12087510491666752,0.020875104916667553,0.020875104916667553
2025-01-28 06:00:00,-3.9,-4.2,-4.010583636155149,-0.1105836361551488,-0.1894163638448516,0.1894163638448516
2025-01-28 07:00:00,-4.2,-4.3,-4.24603940793403,-0.046039407934030344,-0.05396059206596959,0.05396059206596959
2025-01-28 08:00:00,-4.3,-4.1,-3.9847346445654597,0.31526535543454004,-0.11526535543453997,0.11526535543453997
2025-01-28 09:00:00,-4.1,-3.5,-3.504011860365293,0.5959881396347065,0.004011860365292996,0.004011860365292996
2025-01-28 10:00:00,-3.5,-3.2,-2.8734194844099523,0.6265805155900478,-0.32658051559004786,0.32658051559004786
2025-01-28 11:00:00,-3.2,-3.0,-2.690525331029205,0.509474668970795,-0.309474668970795,0.309474668970795
2025-01-28 12:00:00,-3.0,-3.2,-2.774014121527472,0.22598587847252832,-0.42598587847252833,0.42598587847252833
2025-01-28 13:00:00,-3.2,-3.0,-3.108629018122717,0.09137098187728294,0.10862901812271719,0.10862901812271719
2025-01-28 14:00:00,-3.0,-2.6,-3.017578245861468,-0.01757824586146804,0.41757824586146786,0.41757824586146786
2025-01-28 15:00:00,-2.6,-2.9,-2.8118431456138775,-0.21184314561387724,-0.08815685438612242,0.08815685438612242
2025-01-28 16:00:00,-2.9,-3.1,-3.406111444946884,-0.5061114449468841,0.3061114449468838,0.3061114449468838
2025-01-28 17:00:00,-3.1,-4.0,-3.698315675836343,-0.5983156758363429,-0.3016843241636571,0.3016843241636571
2025-01-28 18:00:00,-4.0,-4.7,-4.852602937198963,-0.8526029371989632,0.15260293719896278,0.15260293719896278
2025-01-28 19:00:00,-4.7,-4.9,-5.193026009037218,-0.4930260090372177,0.2930260090372174,0.2930260090372174
2025-01-28 20:00:00,-4.9,-4.9,-5.296953124686236,-0.3969531246862358,0.39695312468623545,0.39695312468623545
2025-01-28 21:00:00,-4.9,-5.0,-5.091880056751394,-0.19188005675139422,0.09188005675139443,0.09188005675139443
2025-01-28 22:00:00,-5.0,-5.2,-5.220188133209517,-0.22018813320951683,0.0201881332095164,0.0201881332095164
2025-01-28 23:00:00,-5.2,-5.2,-5.431864013326275,-0.231864013326275,0.23186401332627504,0.23186401332627504
2025-01-29 00:00:00,-5.2,-5.1,-5.411958179643613,-0.21195817964361333,0.3119581796436135,0.3119581796436135
2025-01-29 01:00:00,-5.1,-4.8,-5.197784426746546,-0.0977844267465466,0.39778442674654624,0.39778442674654624
2025-01-29 02:00:00,-4.8,-4.7,-4.8319170430040215,-0.03191704300402129,0.1319170430040213,0.1319170430040213
2025-01-29 03:00:00,-4.7,-5.2,-4.812729072497593,-0.1127290724975929,-0.3872709275024073,0.3872709275024073
2025-01-29 04:00:00,-5.2,-5.4,-5.5636847810006085,-0.3636847810006081,0.16368478100060813,0.16368478100060813
2025-01-29 05:00:00,-5.4,-5.8,-5.65185328993225,-0.2518532899322497,-0.14814671006775004,0.14814671006775004
2025-01-29 06:00:00,-5.8,-6.2,-6.0513479472074305,-0.2513479472074304,-0.14865205279256966,0.14865205279256966
2025-01-29 07:00:00,-6.2,-6.3,-6.313979171197334,-0.11397917119733422,0.013979171197334495,0.013979171197334495
2025-01-29 08:00:00,-6.3,-6.4,-5.539377452088925,0.7606225479110743,-0.860622547911075,0.860622547911075
2025-01-29 09:00:00,-6.4,-5.3,-5.558887986263725,0.8411120137362755,0.25888798626372544,0.25888798626372544
2025-01-29 10:00:00,-5.3,-4.5,-4.198993454966599,1.1010065450334008,-0.30100654503340074,0.30100654503340074
2025-01-29 11:00:00,-4.5,-3.6,-3.5879929364245893,0.9120070635754107,-0.012007063575410815,0.012007063575410815
2025-01-29 12:00:00,-3.6,-2.1,-2.763230285555003,0.8367697144449974,0.6632302855550027,0.6632302855550027
2025-01-29 13:00:00,-2.1,-1.5,-1.4832881106492641,0.616711889350736,-0.016711889350735865,0.016711889350735865
2025-01-29 14:00:00,-1.5,-2.3,-1.395350741487818,0.10464925851218208,-0.9046492585121819,0.9046492585121819
2025-01-29 15:00:00,-2.3,-1.9,-2.662339598150494,-0.36233959815049405,0.7623395981504939,0.7623395981504939
2025-01-29 16:00:00,-1.9,-2.5,-2.502412217412217,-0.6024122174122172,0.002412217412217199,0.002412217412217199
2025-01-29 17:00:00,-2.5,-3.6,-3.494412729477242,-0.9944127294772416,-0.10558727052275829,0.10558727052275829
2025-01-29 18:00:00,-3.6,-4.3,-4.258410347027236,-0.6584103470272359,-0.04158965297276396,0.04158965297276396
2025-01-29 19:00:00,-4.3,-4.7,-4.843096671499302,-0.5430966714993014,0.1430966714993014,0.1430966714993014
2025-01-29 20:00:00,-4.7,-5.0,-5.1157108354389464,-0.41571083543894594,0.11571083543894645,0.11571083543894645
2025-01-29 21:00:00,-5.0,-5.4,-5.374684287102639,-0.3746842871026386,-0.025315712897361564,0.025315712897361564
2025-01-29 22:00:00,-5.4,-5.4,-5.797452866663026,-0.3974528666630249,0.39745286666302526,0.39745286666302526
2025-01-29 23:00:00,-5.4,-5.5,-5.574007758340059,-0.1740077583400586,0.07400775834005913,0.07400775834005913
2025-01-30 00:00:00,-5.5,-5.9,-5.699479410861732,-0.19947941086173201,-0.20052058913826798,0.20052058913826798
2025-01-30 01:00:00,-5.9,-6.2,-6.280168992178371,-0.38016899217837125,0.08016899217837103,0.08016899217837103
2025-01-30 02:00:00,-6.2,-6.6,-6.48326892341713,-0.28326892341713034,-0.11673107658286952,0.11673107658286952
2025-01-30 03:00:00,-6.6,-6.5,-6.880697879759179,-0.2806978797591793,0.3806978797591789,0.3806978797591789
2025-01-30 04:00:00,-6.5,-7.1,-6.5384889703486975,-0.03848897034869725,-0.5615110296513022,0.5615110296513022
2025-01-30 05:00:00,-7.1,-7.2,-7.312800065411322,-0.2128000654113223,0.1128000654113217,0.1128000654113217
2025-01-30 06:00:00,-7.2,-7.3,-7.35487800187242,-0.15487800187241982,0.05487800187241998,0.05487800187241998
2025-01-30 07:00:00,-7.3,-7.4,-7.318734989264886,-0.018734989264886315,-0.08126501073511427,0.08126501073511427
2025-01-30 08:00:00,-7.4,-7.0,-6.532432169049237,0.8675678309507636,-0.46756783095076315,0.46756783095076315
2025-01-30 09:00:00,-7.0,-5.2,-5.186680033731179,1.8133199662688209,-0.013319966268821481,0.013319966268821481
2025-01-30 10:00:00,-5.2,-3.4,-2.9385668940146608,2.2614331059853394,-0.46143310598533915,0.46143310598533915
2025-01-30 11:00:00,-3.4,-2.3,-2.334169291462274,1.065830708537726,0.03416929146227421,0.03416929146227421
2025-01-30 12:00:00,-2.3,-1.2,-1.1942319470102962,1.1057680529897036,-0.005768052989703731,0.005768052989703731
2025-01-30 13:00:00,-1.2,-1.3,-0.566952437092957,0.633047562907043,-0.7330475629070431,0.7330475629070431
2025-01-30 14:00:00,-1.3,-1.3,-1.0220667538057615,0.2779332461942386,-0.27793324619423854,0.27793324619423854
2025-01-30 15:00:00,-1.3,-1.7,-1.2924249436167483,0.00757505638325178,-0.40757505638325164,0.40757505638325164
2025-01-30 16:00:00,-1.7,-1.7,-2.432558819589258,-0.732558819589258,0.7325588195892581,0.7325588195892581
2025-01-30 17:00:00,-1.7,-1.8,-2.713795149336952,-1.013795149336952,0.9137951493369518,0.9137951493369518
2025-01-30 18:00:00,-1.8,-1.8,-2.6650594987411207,-0.8650594987411205,0.8650594987411206,0.8650594987411206
2025-01-30 19:00:00,-1.8,-1.9,-2.1501182074039207,-0.3501182074039207,0.25011820740392077,0.25011820740392077
2025-01-30 20:00:00,-1.9,-2.1,-2.213560937877916,-0.3135609378779163,0.11356093787791588,0.11356093787791588
2025-01-30 21:00:00,-2.1,-1.9,-2.2438656279006115,-0.14386562790061133,0.3438656279006116,0.3438656279006116
2025-01-30 22:00:00,-1.9,-2.0,-1.9714430965640268,-0.071443096564027,-0.02855690343597317,0.02855690343597317
2025-01-30 23:00:00,-2.0,-1.8,-2.195289061729255,-0.19528906172925492,0.3952890617292548,0.3952890617292548
2025-01-31 00:00:00,-1.8,-1.6,-1.7575561934805384,0.04244380651946168,0.1575561934805383,0.1575561934805383
2025-01-31 01:00:00,-1.6,-1.9,-1.5319465650137671,0.06805343498623301,-0.3680534349862328,0.3680534349862328
2025-01-31 02:00:00,-1.9,-1.7,-2.109809294035921,-0.20980929403592116,0.40980929403592126,0.40980929403592126
2025-01-31 03:00:00,-1.7,-1.9,-1.725097179590125,-0.02509717959012508,-0.17490282040987482,0.17490282040987482
2025-01-31 04:00:00,-1.9,-2.3,-2.051981926301216,-0.15198192630121587,-0.24801807369878404,0.24801807369878404
2025-01-31 05:00:00,-2.3,-2.5,-2.470028937673382,-0.17002893767338215,-0.029971062326617837,0.029971062326617837
2025-01-31 06:00:00,-2.5,-2.6,-2.696475736512592,-0.1964757365125921,0.09647573651259211,0.09647573651259211
2025-01-31 07:00:00,-2.6,-2.4,-2.5830536329892464,0.016946367010753728,0.18305363298924648,0.18305363298924648
2025-01-31 08:00:00,-2.4,-2.1,-1.5408876407150123,0.8591123592849877,-0.5591123592849878,0.5591123592849878
2025-01-31 09:00:00,-2.1,-1.9,-1.2694973803984115,0.8305026196015886,-0.6305026196015884,0.6305026196015884
2025-01-31 10:00:00,-1.9,-1.5,-1.1943108220252885,0.7056891779747113,-0.3056891779747115,0.3056891779747115
2025-01-31 11:00:00,-1.5,-0.9,-0.9892823125872915,0.5107176874127085,0.08928231258729147,0.08928231258729147
2025-01-31 12:00:00,-0.9,-0.6,-0.4913174025415511,0.4086825974584489,-0.10868259745844888,0.10868259745844888
2025-01-31 13:00:00,-0.6,-0.7,-0.1693039375870129,0.4306960624129871,-0.5306960624129871,0.5306960624129871
2025-01-31 14:00:00,-0.7,-0.4,-0.4741028503467225,0.22589714965327745,0.07410285034672248,0.07410285034672248
2025-01-31 15:00:00,-0.4,-0.2,-0.2526077209419594,0.14739227905804064,0.05260772094195937,0.05260772094195937
2025-01-31 16:00:00,-0.2,-0.1,-0.04492210960310211,0.1550778903968979,-0.055077890396897894,0.055077890396897894
2025-01-31 17:00:00,-0.1,0.0,-0.025388022418572423,0.07461197758142758,0.025388022418572423,0.025388022418572423
2025-01-31 18:00:00,0.0,0.2,0.042536331457000955,0.042536331457000955,0.15746366854299906,0.15746366854299906
2025-01-31 19:00:00,0.2,0.3,0.24286426540514794,0.042864265405147914,0.05713573459485205,0.05713573459485205
2025-01-31 20:00:00,0.3,0.4,0.4090518114766919,0.10905181147669192,-0.009051811476691873,0.009051811476691873
2025-01-31 21:00:00,0.4,0.6,0.3613822304533408,-0.03861776954665926,0.2386177695466592,0.2386177695466592
2025-01-31 22:00:00,0.6,0.6,0.599385789948915,-0.0006142100510849707,0.0006142100510849735,0.0006142100510849735
2025-01-31 23:00:00,0.6,0.6,0.5332688423979138,-0.06673115760208616,0.06673115760208614,0.06673115760208614
2025-02-01 00:00:00,0.6,0.4,0.5446977998563874,-0.055302200143612576,-0.14469779985638742,0.14469779985638742
2025-02-01 01:00:00,0.4,-0.1,0.22325907891308824,-0.17674092108691178,-0.32325907891308825,0.32325907891308825
2025-02-01 02:00:00,-0.1,-0.5,-0.35802777961040433,-0.2580277796104043,-0.14197222038959567,0.14197222038959567
2025-02-01 03:00:00,-0.5,-1.0,-0.8388497497790501,-0.3388497497790501,-0.16115025022094986,0.16115025022094986
2025-02-01 04:00:00,-1.0,-1.4,-1.3509066924965705,-0.35090669249657047,-0.04909330750342944,0.04909330750342944
2025-02-01 05:00:00,-1.4,-1.8,-1.646729518113534,-0.24672951811353414,-0.15327048188646608,0.15327048188646608
2025-02-01 06:00:00,-1.8,-2.0,-1.9870949859851978,-0.18709498598519783,-0.012905014014802152,0.012905014014802152
2025-02-01 07:00:00,-2.0,-2.0,-2.050113436688136,-0.050113436688136094,0.05011343668813595,0.05011343668813595
2025-02-01 08:00:00,-2.0,-1.6,-1.0413556285451286,0.9586443714548714,-0.5586443714548714,0.5586443714548714
2025-02-01 09:00:00,-1.6,-0.4,-0.3391202620451821,1.260879737954818,-0.060879737954817936,0.060879737954817936
2025-02-01 10:00:00,-0.4,1.5,0.9331145381530263,1.3331145381530263,0.5668854618469737,0.5668854618469737
2025-02-01 11:00:00,1.5,2.6,3.04603689344064,1.54603689344064,-0.44603689344064,0.44603689344064
2025-02-01 12:00:00,2.6,3.8,3.569612843484263,0.9696128434842628,0.2303871565157367,0.2303871565157367
2025-02-01 13:00:00,3.8,5.5,4.500389900816352,0.7003899008163524,0.9996100991836476,0.9996100991836476
2025-02-01 14:00:00,5.5,7.2,6.037088991052397,0.5370889910523976,1.162911008947603,1.162911008947603
2025-02-01 15:00:00,7.2,7.8,7.3464539933417266,0.14645399334172646,0.45354600665827327,0.45354600665827327
2025-02-01 16:00:00,7.8,6.9,7.156335837334255,-0.6436641626657448,-0.25633583733425436,0.25633583733425436
2025-02-01 17:00:00,6.9,5.0,5.567601423228438,-1.3323985767715625,-0.5676014232284379,0.5676014232284379
2025-02-01 18:00:00,5.0,3.7,3.8253018642270114,-1.1746981357729889,-0.12530186422701117,0.12530186422701117
2025-02-01 19:00:00,3.7,2.6,2.847062354727682,-0.852937645272318,-0.247062354727682,0.247062354727682
2025-02-01 20:00:00,2.6,1.7,1.8826394071920642,-0.7173605928079357,-0.18263940719206428,0.18263940719206428
2025-02-01 21:00:00,1.7,0.9,1.1143080770708815,-0.5856919229291184,-0.2143080770708815,0.2143080770708815
2025-02-01 22:00:00,0.9,0.3,0.36859106472769565,-0.5314089352723044,-0.06859106472769566,0.06859106472769566
2025-02-01 23:00:00,0.3,0.0,-0.1522092282009972,-0.4522092282009972,0.1522092282009972,0.1522092282009972
2025-02-02 00:00:00,0.0,-0.4,-0.3850759481763754,-0.3850759481763754,-0.014924051823624607,0.014924051823624607
2025-02-02 01:00:00,-0.4,-1.1,-0.7731585447734851,-0.3731585447734851,-0.326841455226515,0.326841455226515
2025-02-02 02:00:00,-1.1,-1.3,-1.5802316395976514,-0.4802316395976514,0.2802316395976514,0.2802316395976514
2025-02-02 03:00:00,-1.3,-1.4,-1.566024397694731,-0.266024397694731,0.1660243976947311,0.1660243976947311
2025-02-02 04:00:00,-1.4,-1.8,-1.6855950044038355,-0.2855950044038356,-0.11440499559616457,0.11440499559616457
2025-02-02 05:00:00,-1.8,-2.2,-2.0422244119733692,-0.24222441197336927,-0.15777558802663094,0.15777558802663094
2025-02-02 06:00:00,-2.2,-2.0,-2.3551480097115784,-0.15514800971157813,0.35514800971157845,0.35514800971157845
2025-02-02 07:00:00,-2.0,-2.4,-1.4848482720922271,0.5151517279077729,-0.9151517279077728,0.9151517279077728
2025-02-02 08:00:00,-2.4,-1.5,-1.6313597130940045,0.7686402869059955,0.13135971309400452,0.13135971309400452
2025-02-02 09:00:00,-1.5,1.1,-0.02533843634202526,1.4746615636579747,1.1253384363420254,1.1253384363420254
2025-02-02 10:00:00,1.1,4.2,3.2830833836175737,2.1830833836175736,0.9169166163824265,0.9169166163824265
2025-02-02 11:00:00,4.2,4.9,6.218665060413185,2.0186650604131846,-1.3186650604131849,1.3186650604131849
2025-02-02 12:00:00,4.9,5.2,6.174687393427289,1.2746873934272882,-0.9746873934272884,0.9746873934272884
2025-02-02 13:00:00,5.2,6.4,5.729820985205817,0.5298209852058166,0.6701790147941837,0.6701790147941837
2025-02-02 14:00:00,6.4,6.6,6.842484714059035,0.44248471405903456,-0.24248471405903516,0.24248471405903516
2025-02-02 15:00:00,6.6,6.2,6.507370431836024,-0.09262956816397622,-0.3073704318360235,0.3073704318360235
2025-02-02 16:00:00,6.2,5.2,5.5407643953716565,-0.6592356046283439,-0.34076439537165637,0.34076439537165637
2025-02-02 17:00:00,5.2,3.7,3.94945444575726,-1.2505455542427402,-0.2494544457572596,0.2494544457572596
2025-02-02 18:00:00,3.7,2.2,2.6683987217324674,-1.0316012782675328,-0.4683987217324672,0.4683987217324672
2025-02-02 19:00:00,2.2,1.7,1.2609284644818648,-0.9390715355181353,0.43907153551813516,0.43907153551813516
2025-02-02 20:00:00,1.7,1.5,1.2938914735465872,-0.4061085264534129,0.20610852645341282,0.20610852645341282
2025-02-02 21:00:00,1.5,1.7,1.0346872500578916,-0.4653127499421084,0.6653127499421083,0.6653127499421083
2025-02-02 22:00:00,1.7,1.3,1.542618369135769,-0.15738163086423074,-0.24261836913576906,0.24261836913576906
2025-02-02 23:00:00,1.3,0.6,0.9158429930305694,-0.38415700696943067,-0.3158429930305694,0.3158429930305694
2025-02-03 00:00:00,0.6,0.4,0.024381141056521227,-0.5756188589434788,0.3756188589434788,0.3756188589434788
2025-02-03 01:00:00,0.4,0.0,0.14612524579972014,-0.2538747542002799,-0.14612524579972014,0.14612524579972014
2025-02-03 02:00:00,0.0,-0.7,-0.44647141948775965,-0.44647141948775965,-0.2535285805122403,0.2535285805122403
2025-02-03 03:00:00,-0.7,-1.6,-1.2752663850703279,-0.5752663850703279,-0.32473361492967223,0.32473361492967223
2025-02-03 04:00:00,-1.6,-2.0,-2.1577866456264303,-0.55778664562643,0.1577866456264303,0.1577866456264303
2025-02-03 05:00:00,-2.0,-3.0,-2.3906715791785933,-0.3906715791785933,-0.6093284208214067,0.6093284208214067
2025-02-03 06:00:00,-3.0,-4.1,-3.7799393809610065,-0.7799393809610063,-0.3200606190389932,0.3200606190389932
2025-02-03 07:00:00,-4.1,-4.7,-4.88301502745536,-0.7830150274553606,0.1830150274553599,0.1830150274553599
2025-02-03 08:00:00,-4.7,-4.7,-4.675814884795233,0.02418511520476698,-0.02418511520476674,0.02418511520476674
2025-02-03 09:00:00,-4.7,-4.3,-4.214054882470555,0.4859451175294451,-0.08594511752944456,0.08594511752944456
2025-02-03 10:00:00,-4.3,-3.9,-3.844558198129869,0.45544180187013084,-0.055441801870130814,0.055441801870130814
2025-02-03 11:00:00,-3.9,-3.0,-3.4211593839063963,0.47884061609360346,0.4211593839063963,0.4211593839063963
2025-02-03 12:00:00,-3.0,-3.0,-2.3497942371711296,0.6502057628288703,-0.6502057628288704,0.6502057628288704
2025-02-03 13:00:00,-3.0,-2.2,-2.8022125509482603,0.19778744905173976,0.6022125509482601,0.6022125509482601
2025-02-03 14:00:00,-2.2,-1.8,-1.9804773100507402,0.21952268994925983,0.1804773100507402,0.1804773100507402
2025-02-03 15:00:00,-1.8,-2.5,-1.9407918692696604,-0.14079186926966042,-0.5592081307303396,0.5592081307303396
2025-02-03 16:00:00,-2.5,-2.9,-3.3855934069464464,-0.8855934069464466,0.4855934069464465,0.4855934069464465
2025-02-03 17:00:00,-2.9,-4.4,-4.0437014410812715,-1.1437014410812714,-0.35629855891872886,0.35629855891872886
2025-02-03 18:00:00,-4.4,-5.3,-5.281236001620752,-0.8812360016207517,-0.018763998379247582,0.018763998379247582
2025-02-03 19:00:00,-5.3,-6.2,-6.007850501889977,-0.7078505018899769,-0.19214949811002313,0.19214949811002313
2025-02-03 20:00:00,-6.2,-7.1,-7.059485253951622,-0.859485253951622,-0.04051474604837768,0.04051474604837768
2025-02-03 21:00:00,-7.1,-7.8,-7.9203549726386955,-0.8203549726386961,0.12035497263869566,0.12035497263869566
2025-02-03 22:00:00,-7.8,-8.1,-8.427259408115415,-0.6272594081154147,0.327259408115415,0.327259408115415
2025-02-03 23:00:00,-8.1,-8.2,-8.429228651356258,-0.329228651356259,0.2292286513562587,0.2292286513562587
2025-02-04 00:00:00,-8.2,-8.5,-8.445371212497994,-0.24537121249799443,-0.05462878750200595,0.05462878750200595
2025-02-04 01:00:00,-8.5,-8.9,-8.800547964072727,-0.3005479640727277,-0.09945203592727303,0.09945203592727303
2025-02-04 02:00:00,-8.9,-9.5,-9.328711375588682,-0.42871137558868194,-0.17128862441131787,0.17128862441131787
2025-02-04 03:00:00,-9.5,-9.9,-9.961227689774914,-0.46122768977491374,0.06122768977491333,0.06122768977491333
2025-02-04 04:00:00,-9.9,-10.5,-10.23743920830023,-0.3374392083002303,-0.2625607916997694,0.2625607916997694
2025-02-04 05:00:00,-10.5,-10.7,-10.864957277023564,-0.36495727702356445,0.16495727702356433,0.16495727702356433
2025-02-04 06:00:00,-10.7,-11.2,-10.846880624904552,-0.14688062490455164,-0.35311937509544755,0.35311937509544755
2025-02-04 07:00:00,-11.2,-11.4,-11.35802524778178,-0.15802524778178142,-0.04197475221821989,0.04197475221821989
2025-02-04 08:00:00,-11.4,-11.0,-10.567756952800528,0.832243047199473,-0.4322430471994725,0.4322430471994725
2025-02-04 09:00:00,-11.0,-10.1,-9.854073599591317,1.1459264004086824,-0.24592640040868297,0.24592640040868297
2025-02-04 10:00:00,-10.1,-9.3,-9.082601302188522,1.0173986978114788,-0.21739869781147902,0.21739869781147902
2025-02-04 11:00:00,-9.3,-7.9,-8.38513451035429,0.9148654896457112,0.485134510354289,0.485134510354289
2025-02-04 12:00:00,-7.9,-6.7,-7.104758814246834,0.7952411857531667,0.4047588142468337,0.4047588142468337
2025-02-04 13:00:00,-6.7,-6.7,-6.2277727309295035,0.47222726907049706,-0.4722272690704967,0.4722272690704967
2025-02-04 14:00:00,-6.7,-5.9,-6.4513616498668345,0.24863835013316585,0.5513616498668341,0.5513616498668341
2025-02-04 15:00:00,-5.9,-5.8,-5.84152961483711,0.0584703851628903,0.04152961483710982,0.04152961483710982
2025-02-04 16:00:00,-5.8,-6.3,-6.4380830147184325,-0.6380830147184323,0.13808301471843265,0.13808301471843265
2025-02-04 17:00:00,-6.3,-7.4,-7.301918003617765,-1.0019180036177653,-0.09808199638223503,0.09808199638223503
2025-02-04 18:00:00,-7.4,-8.2,-8.165062110391037,-0.7650621103910374,-0.034937889608961825,0.034937889608961825
2025-02-04 19:00:00,-8.2,-8.8,-8.854765686199995,-0.654765686199996,0.054765686199994335,0.054765686199994335
2025-02-04 20:00:00,-8.8,-9.2,-9.33049536107511,-0.5304953610751101,0.13049536107511095,0.13049536107511095
2025-02-04 21:00:00,-9.2,-9.8,-9.59984816403544,-0.3998481640354405,-0.20015183596456154,0.20015183596456154
2025-02-04 22:00:00,-9.8,-10.4,-10.312245116391823,-0.512245116391823,-0.08775488360817718,0.08775488360817718
2025-02-04 23:00:00,-10.4,-10.5,-10.879176228867433,-0.4791762288674318,0.37917622886743274,0.37917622886743274
2025-02-05 00:00:00,-10.5,-10.6,-10.668617174568745,-0.1686171745687446,0.06861717456874494,0.06861717456874494
2025-02-05 01:00:00,-10.6,-10.9,-10.78091010424143,-0.1809101042414298,-0.11908989575857021,0.11908989575857021
2025-02-05 02:00:00,-10.9,-11.3,-11.173552712281259,-0.2735527122812585,-0.12644728771874192,0.12644728771874192
2025-02-05 03:00:00,-11.3,-11.4,-11.550500655463543,-0.2505006554635411,0.1505006554635422,0.1505006554635422
2025-02-05 04:00:00,-11.4,-11.6,-11.576098952988666,-0.17609895298866549,-0.023901047011333887,0.023901047011333887
2025-02-05 05:00:00,-11.6,-11.4,-11.788319080959187,-0.18831908095918834,0.388319080959187,0.388319080959187
2025-02-05 06:00:00,-11.4,-11.3,-11.388559874358936,0.011440125641063911,0.08855987435893553,0.08855987435893553
2025-02-05 07:00:00,-11.3,-11.2,-11.114472728529524,0.18552727147047657,-0.08552727147047534,0.08552727147047534
2025-02-05 08:00:00,-11.2,-10.5,-10.407981084898154,0.7920189151018447,-0.09201891510184623,0.09201891510184623
2025-02-05 09:00:00,-10.5,-9.5,-9.248009099831707,1.2519909001682923,-0.25199090016829295,0.25199090016829295
2025-02-05 10:00:00,-9.5,-8.6,-8.303580683586024,1.196419316413977,-0.2964193164139761,0.2964193164139761
2025-02-05 11:00:00,-8.6,-7.5,-7.533639532969709,1.0663604670302906,0.03363953296970923,0.03363953296970923
2025-02-05 12:00:00,-7.5,-5.6,-6.6513319070488475,0.8486680929511523,1.0513319070488478,1.0513319070488478
2025-02-05 13:00:00,-5.6,-4.1,-5.303535030565164,0.2964649694348355,1.2035350305651642,1.2035350305651642
2025-02-05 14:00:00,-4.1,-3.9,-3.858271553620202,0.24172844637979782,-0.041728446379798,0.041728446379798
2025-02-05 15:00:00,-3.9,-4.3,-4.03175415895507,-0.13175415895506967,-0.26824584104493,0.26824584104493
2025-02-05 16:00:00,-4.3,-4.9,-4.9944869996842876,-0.6944869996842881,0.0944869996842872,0.0944869996842872
2025-02-05 17:00:00,-4.9,-6.0,-5.939972334514614,-1.0399723345146135,-0.06002766548538574,0.06002766548538574
2025-02-05 18:00:00,-6.0,-6.9,-6.884370354105116,-0.8843703541051163,-0.015629645894883915,0.015629645894883915
2025-02-05 19:00:00,-6.9,-7.5,-7.74553164379514,-0.8455316437951395,0.2455316437951396,0.2455316437951396
2025-02-05 20:00:00,-7.5,-8.4,-8.03799372913706,-0.5379937291370608,-0.3620062708629401,0.3620062708629401
2025-02-05 21:00:00,-8.4,-9.2,-9.349432532526153,-0.9494325325261536,0.14943253252615385,0.14943253252615385
2025-02-05 22:00:00,-9.2,-9.7,-9.844552019219687,-0.6445520192196876,0.14455201921968808,0.14455201921968808
2025-02-05 23:00:00,-9.7,-10.2,-10.155366582956155,-0.4553665829561561,-0.04463341704384405,0.04463341704384405
2025-02-06 00:00:00,-10.2,-10.8,-10.58402506475668,-0.3840250647566819,-0.21597493524332023,0.21597493524332023
2025-02-06 01:00:00,-10.8,-10.9,-11.20858549312454,-0.40858549312453857,0.3085854931245393,0.3085854931245393
2025-02-06 02:00:00,-10.9,-11.2,-11.088753118609901,-0.18875311860990057,-0.1112468813900982,0.1112468813900982
2025-02-06 03:00:00,-11.2,-11.5,-11.435406374055528,-0.23540637405552825,-0.06459362594447171,0.06459362594447171
2025-02-06 04:00:00,-11.5,-11.0,-11.704261514689621,-0.204261514689622,0.7042615146896214,0.7042615146896214
2025-02-06 05:00:00,-11.0,-11.0,-11.224605348615912,-0.22460534861591183,0.22460534861591164,0.22460534861591164
2025-02-06 06:00:00,-11.0,-10.9,-11.034817458385275,-0.034817458385274475,0.1348174583852746,0.1348174583852746
2025-02-06 07:00:00,-10.9,-11.2,-10.687667081511387,0.21233291848861285,-0.5123329184886121,0.5123329184886121
2025-02-06 08:00:00,-11.2,-9.9,-10.35744087287642,0.8425591271235796,0.4574408728764201,0.4574408728764201
2025-02-06 09:00:00,-9.9,-6.7,-7.491654423037219,2.4083455769627813,0.7916544230372189,0.7916544230372189
2025-02-06 10:00:00,-6.7,-3.7,-4.622240764492933,2.077759235507068,0.9222407644929325,0.9222407644929325
2025-02-06 11:00:00,-3.7,-2.2,-2.079579151384868,1.620420848615132,-0.12042084861513214,0.12042084861513214
2025-02-06 12:00:00,-2.2,-1.0,-0.8896953767593456,1.3103046232406546,-0.11030462324065438,0.11030462324065438
2025-02-06 13:00:00,-1.0,-0.8,-0.19191411835223926,0.8080858816477607,-0.6080858816477608,0.6080858816477608
2025-02-06 14:00:00,-0.8,-0.9,-0.6333374279452817,0.1666625720547183,-0.2666625720547183,0.2666625720547183
2025-02-06 15:00:00,-0.9,-2.2,-1.0723106424687117,-0.1723106424687116,-1.1276893575312885,1.1276893575312885
2025-02-06 16:00:00,-2.2,-2.0,-2.74699246686769,-0.54699246686769,0.7469924668676899,0.7469924668676899
2025-02-06 17:00:00,-2.0,-1.9,-2.2976818257207476,-0.29768182572074753,0.39768182572074773,0.39768182572074773
2025-02-06 18:00:00,-1.9,-2.5,-2.159567129171387,-0.2595671291713869,-0.34043287082861307,0.34043287082861307
2025-02-06 19:00:00,-2.5,-2.7,-2.8911336699262953,-0.39113366992629545,0.1911336699262951,0.1911336699262951
2025-02-06 20:00:00,-2.7,-2.8,-3.122684336813188,-0.42268433681318796,0.3226843368131882,0.3226843368131882
2025-02-06 21:00:00,-2.8,-3.3,-2.9322917438311773,-0.1322917438311773,-0.3677082561688225,0.3677082561688225
2025-02-06 22:00:00,-3.3,-4.1,-3.660351822758351,-0.3603518227583512,-0.4396481772416485,0.4396481772416485
2025-02-06 23:00:00,-4.1,-5.0,-4.595411488149698,-0.49541148814969865,-0.4045885118503021,0.4045885118503021
2025-02-07 00:00:00,-5.0,-5.9,-5.383247571710118,-0.38324757171011786,-0.5167524282898821,0.5167524282898821
2025-02-07 01:00:00,-5.9,-5.9,-6.357120197352359,-0.45712019735235837,0.4571201973523582,0.4571201973523582
2025-02-07 02:00:00,-5.9,-5.1,-6.134096730637438,-0.23409673063743744,1.0340967306374385,1.0340967306374385
2025-02-07 03:00:00,-5.1,-5.2,-4.901811528326745,0.1981884716732542,-0.2981884716732548,0.2981884716732548
2025-02-07 04:00:00,-5.2,-5.5,-5.3529542326859465,-0.15295423268594618,-0.1470457673140535,0.1470457673140535
2025-02-07 05:00:00,-5.5,-6.5,-5.710975530087875,-0.21097553008787553,-0.7890244699121247,0.7890244699121247
2025-02-07 06:00:00,-6.5,-6.9,-7.367962654040672,-0.8679626540406719,0.4679626540406714,0.4679626540406714
2025-02-07 07:00:00,-6.9,-7.3,-7.0753108293953,-0.1753108293952993,-0.22468917060469984,0.22468917060469984
2025-02-07 08:00:00,-7.3,-7.6,-6.9754288805869935,0.3245711194130065,-0.6245711194130061,0.6245711194130061
2025-02-07 09:00:00,-7.6,-7.6,-7.261288225885769,0.3387117741142306,-0.3387117741142305,0.3387117741142305
2025-02-07 10:00:00,-7.6,-7.6,-7.173287042320369,0.4267129576796312,-0.4267129576796309,0.4267129576796309
2025-02-07 11:00:00,-7.6,-7.1,-7.196269971589367,0.4037300284106323,0.09626997158936756,0.09626997158936756
2025-02-07 12:00:00,-7.1,-6.8,-6.589605311436199,0.5103946885638001,-0.2103946885638006,0.2103946885638006
2025-02-07 13:00:00,-6.8,-7.7,-6.366166736184616,0.43383326381538373,-1.333833263815384,1.333833263815384
2025-02-07 14:00:00,-7.7,-7.7,-8.175329494209919,-0.47532949420991927,0.47532949420991866,0.47532949420991866
2025-02-07 15:00:00,-7.7,-7.7,-7.898342519410381,-0.1983425194103806,0.19834251941038072,0.19834251941038072
2025-02-07 16:00:00,-7.7,-8.2,-8.31782847836573,-0.6178284783657286,0.1178284783657304,0.1178284783657304
2025-02-07 17:00:00,-8.2,-9.1,-9.028707421598858,-0.8287074215988584,-0.07129257840114178,0.07129257840114178
2025-02-07 18:00:00,-9.1,-9.8,-9.833732353150301,-0.7337323531503014,0.033732353150300654,0.033732353150300654
2025-02-07 19:00:00,-9.8,-10.1,-10.444783930812406,-0.6447839308124053,0.3447839308124063,0.3447839308124063
2025-02-07 20:00:00,-10.1,-10.3,-10.53016347248052,-0.4301634724805215,0.23016347248051972,0.23016347248051972
2025-02-07 21:00:00,-10.3,-10.6,-10.595012878572708,-0.2950128785727074,-0.004987121427291186,0.004987121427291186
2025-02-07 22:00:00,-10.6,-10.6,-10.929280079735221,-0.3292800797352225,0.3292800797352218,0.3292800797352218
2025-02-07 23:00:00,-10.6,-10.7,-10.759836264105122,-0.1598362641051219,0.05983626410512244,0.05983626410512244
2025-02-08 00:00:00,-10.7,-10.7,-10.831226384425445,-0.1312263844254451,0.13122638442544599,0.13122638442544599
2025-02-08 01:00:00,-10.7,-10.9,-10.861223491525953,-0.1612234915259542,-0.03877650847404723,0.03877650847404723
2025-02-08 02:00:00,-10.9,-11.2,-11.087027348726703,-0.18702734872670312,-0.11297265127329581,0.11297265127329581
2025-02-08 03:00:00,-11.2,-11.2,-11.431473050414962,-0.2314730504149631,0.23147305041496224,0.23147305041496224
2025-02-08 04:00:00,-11.2,-11.4,-11.360731728528885,-0.16073172852888573,-0.03926827147111567,0.03926827147111567
2025-02-08 05:00:00,-11.4,-11.5,-11.569074924802196,-0.16907492480219605,0.06907492480219624,0.06907492480219624
2025-02-08 06:00:00,-11.5,-11.5,-11.62011687891429,-0.12011687891428986,0.12011687891429013,0.12011687891429013
2025-02-08 07:00:00,-11.5,-11.4,-11.401736192672347,0.0982638073276521,0.0017361926723467036,0.0017361926723467036
2025-02-08 08:00:00,-11.4,-10.5,-10.619972867801748,0.7800271321982533,0.11997286780174754,0.11997286780174754
2025-02-08 09:00:00,-10.5,-8.9,-8.53728013336856,1.9627198666314405,-0.3627198666314406,0.3627198666314406
2025-02-08 10:00:00,-8.9,-7.9,-7.68572433252568,1.2142756674743203,-0.21427566747432003,0.21427566747432003
2025-02-08 11:00:00,-7.9,-7.0,-6.7190505801216815,1.180949419878319,-0.28094941987831845,0.28094941987831845
2025-02-08 12:00:00,-7.0,-6.2,-6.068827964886996,0.9311720351130046,-0.13117203511300435,0.13117203511300435
2025-02-08 13:00:00,-6.2,-4.8,-5.465673407268388,0.7343265927316124,0.6656734072683879,0.6656734072683879
2025-02-08 14:00:00,-4.8,-4.0,-4.338146231850163,0.4618537681498369,0.3381462318501631,0.3381462318501631
2025-02-08 15:00:00,-4.0,-3.7,-3.9642677284552215,0.035732271544778385,0.2642677284552213,0.2642677284552213
2025-02-08 16:00:00,-3.7,-4.0,-4.334002178227641,-0.6340021782276405,0.33400217822764056,0.33400217822764056
2025-02-08 17:00:00,-4.0,-5.1,-5.059422471546683,-1.0594224715466831,-0.040577528453316525,0.040577528453316525
2025-02-08 18:00:00,-5.1,-5.8,-5.7964563460238505,-0.6964563460238512,-0.003543653976149308,0.003543653976149308
2025-02-08 19:00:00,-5.8,-6.2,-6.297746296529676,-0.4977462965296763,0.09774629652967626,0.09774629652967626
2025-02-08 20:00:00,-6.2,-6.5,-6.568209970470527,-0.3682099704705262,0.06820997047052657,0.06820997047052657
2025-02-08 21:00:00,-6.5,-6.8,-6.871380110110643,-0.37138011011064304,0.07138011011064282,0.07138011011064282
2025-02-08 22:00:00,-6.8,-7.3,-7.14757416272963,-0.3475741627296303,-0.1524258372703695,0.1524258372703695
2025-02-08 23:00:00,-7.3,-7.5,-7.660982682606908,-0.36098268260690813,0.16098268260690762,0.16098268260690762
2025-02-09 00:00:00,-7.5,-8.2,-7.667405125752709,-0.16740512575270947,-0.5325948742472901,0.5325948742472901
2025-02-09 01:00:00,-8.2,-8.9,-8.674800522345086,-0.4748005223450871,-0.22519947765491466,0.22519947765491466
2025-02-09 02:00:00,-8.9,-8.9,-9.352022913832828,-0.4520229138328267,0.45202291383282756,0.45202291383282756
2025-02-09 03:00:00,-8.9,-9.2,-9.066356324130787,-0.16635632413078744,-0.13364367586921233,0.13364367586921233
2025-02-09 04:00:00,-9.2,-9.1,-9.429923347969908,-0.22992334796990793,0.32992334796990797,0.32992334796990797
2025-02-09 05:00:00,-9.1,-9.2,-9.08834684963894,0.01165315036105955,-0.11165315036105916,0.11165315036105916
2025-02-09 06:00:00,-9.2,-9.4,-9.338130500446976,-0.1381305004469769,-0.061869499553024454,0.061869499553024454
2025-02-09 07:00:00,-9.4,-9.5,-9.25506086010846,0.14493913989154153,-0.2449391398915406,0.2449391398915406
2025-02-09 08:00:00,-9.5,-8.2,-8.517227173349601,0.9827728266503978,0.31722717334960215,0.31722717334960215
2025-02-09 09:00:00,-8.2,-4.9,-5.674119066648551,2.525880933351448,0.7741190666485505,0.7741190666485505
2025-02-09 10:00:00,-4.9,-3.4,-2.595211908207871,2.3047880917921293,-0.8047880917921288,0.8047880917921288
2025-02-09 11:00:00,-3.4,-2.3,-2.041370194399887,1.3586298056001131,-0.25862980560011284,0.25862980560011284
2025-02-09 12:00:00,-2.3,-1.4,-1.1112273976505382,1.1887726023494616,-0.28877260234946167,0.28877260234946167
2025-02-09 13:00:00,-1.4,0.1,-0.6668936436583939,0.733106356341606,0.7668936436583939,0.7668936436583939
2025-02-09 14:00:00,0.1,1.4,0.4569971556828092,0.3569971556828092,0.9430028443171907,0.9430028443171907
2025-02-09 15:00:00,1.4,1.2,1.631214359599359,0.23121435959935902,-0.43121435959935894,0.43121435959935894
2025-02-09 16:00:00,1.2,-0.3,0.49753089189940314,-0.7024691081005968,-0.7975308918994031,0.7975308918994031
2025-02-09 17:00:00,-0.3,-1.8,-1.437093675247877,-1.1370936752478769,-0.36290632475212314,0.36290632475212314
2025-02-09 18:00:00,-1.8,-2.6,-2.686419181196579,-0.8864191811965789,0.08641918119657888,0.08641918119657888
2025-02-09 19:00:00,-2.6,-3.0,-3.184787175159791,-0.584787175159791,0.18478717515979115,0.18478717515979115
2025-02-09 20:00:00,-3.0,-3.5,-3.555908523887487,-0.5559085238874866,0.055908523887486794,0.055908523887486794
2025-02-09 21:00:00,-3.5,-3.7,-3.9523949143593025,-0.4523949143593023,0.2523949143593023,0.2523949143593023
2025-02-09 22:00:00,-3.7,-4.3,-3.9759788750191434,-0.27597887501914325,-0.32402112498085645,0.32402112498085645
2025-02-09 23:00:00,-4.3,-4.9,-4.700611227401426,-0.40061122740142635,-0.19938877259857435,0.19938877259857435
2025-02-10 00:00:00,-4.9,-5.1,-5.290737482502795,-0.39073748250279483,0.19073748250279543,0.19073748250279543
2025-02-10 01:00:00,-5.1,-5.5,-5.366988060891344,-0.26698806089134397,-0.13301193910865639,0.13301193910865639
2025-02-10 02:00:00,-5.5,-6.4,-5.834560748398144,-0.3345607483981444,-0.5654392516018563,0.5654392516018563
2025-02-10 03:00:00,-6.4,-7.1,-6.94137848690681,-0.5413784869068098,-0.1586215130931894,0.1586215130931894
2025-02-10 04:00:00,-7.1,-6.4,-7.448854294869819,-0.3488542948698197,1.0488542948698187,1.0488542948698187
2025-02-10 05:00:00,-6.4,-6.6,-6.177544588744589,0.22245541125541118,-0.4224554112554104,0.4224554112554104
2025-02-10 06:00:00,-6.6,-7.4,-6.615670534545505,-0.01567053454550572,-0.784329465454495,0.784329465454495
2025-02-10 07:00:00,-7.4,-6.7,-7.743549054028369,-0.3435490540283686,1.043549054028369,1.043549054028369
2025-02-10 08:00:00,-6.7,-5.3,-4.9249996773862605,1.77500032261374,-0.3750003226137393,0.3750003226137393
2025-02-10 09:00:00,-5.3,-2.7,-3.176760585740577,2.1232394142594226,0.476760585740577,0.476760585740577
2025-02-10 10:00:00,-2.7,-0.7,-0.6120959656037486,2.0879040343962516,-0.08790403439625138,0.08790403439625138
2025-02-10 11:00:00,-0.7,0.7,0.8968614922737117,1.5968614922737117,-0.19686149227371175,0.19686149227371175
2025-02-10 12:00:00,0.7,1.1,1.9903164791285874,1.2903164791285875,-0.8903164791285874,0.8903164791285874
2025-02-10 13:00:00,1.1,1.4,1.9212275626211262,0.8212275626211262,-0.5212275626211262,0.5212275626211262
2025-02-10 14:00:00,1.4,1.5,1.736466557499543,0.336466557499543,-0.23646655749954304,0.23646655749954304
2025-02-10 15:00:00,1.5,2.4,1.3497535848503033,-0.15024641514969678,1.0502464151496966,1.0502464151496966
2025-02-10 16:00:00,2.4,1.7,1.8253555237461827,-0.5746444762538172,-0.12535552374618275,0.12535552374618275
2025-02-10 17:00:00,1.7,0.1,0.6656656806853036,-1.0343343193146963,-0.5656656806853037,0.5656656806853037
2025-02-10 18:00:00,0.1,-0.7,-0.8274443151622112,-0.9274443151622112,0.12744431516221122,0.12744431516221122
2025-02-10 19:00:00,-0.7,-1.3,-1.342849927482043,-0.6428499274820431,0.04284992748204286,0.04284992748204286
2025-02-10 20:00:00,-1.3,-2.0,-1.764729351963997,-0.4647293519639971,-0.23527064803600295,0.23527064803600295
2025-02-10 21:00:00,-2.0,-2.6,-2.5555175583029848,-0.5555175583029847,-0.04448244169701532,0.04448244169701532
2025-02-10 22:00:00,-2.6,-2.9,-3.0233634895792494,-0.42336348957924935,0.12336348957924947,0.12336348957924947
2025-02-10 23:00:00,-2.9,-3.0,-3.2389448305713584,-0.3389448305713586,0.2389448305713584,0.2389448305713584
2025-02-11 00:00:00,-3.0,-3.6,-3.244284616164761,-0.24428461616476096,-0.35571538383523915,0.35571538383523915
2025-02-11 01:00:00,-3.6,-3.8,-4.000525422849695,-0.4005254228496949,0.20052542284969554,0.20052542284969554
2025-02-11 02:00:00,-3.8,-4.4,-4.037180882001484,-0.23718088200148418,-0.36281911799851674,0.36281911799851674
2025-02-11 03:00:00,-4.4,-4.8,-4.79083184492813,-0.3908318449281296,-0.009168155071869855,0.009168155071869855
2025-02-11 04:00:00,-4.8,-5.0,-5.072388052586392,-0.27238805258639226,0.07238805258639225,0.07238805258639225
2025-02-11 05:00:00,-5.0,-5.5,-5.24484979870612,-0.24484979870612017,-0.2551502012938798,0.2551502012938798
2025-02-11 06:00:00,-5.5,-5.6,-5.7101143795626825,-0.21011437956268247,0.11011437956268288,0.11011437956268288
2025-02-11 07:00:00,-5.6,-5.5,-5.628595493914859,-0.02859549391485964,0.12859549391485903,0.12859549391485903
2025-02-11 08:00:00,-5.5,-3.9,-4.358934218158986,1.1410657818410146,0.4589342181589857,0.4589342181589857
2025-02-11 09:00:00,-3.9,-0.9,-1.841877269257044,2.058122730742956,0.941877269257044,0.941877269257044
2025-02-11 10:00:00,-0.9,0.9,1.3540078465933392,2.254007846593339,-0.45400784659333915,0.45400784659333915
2025-02-11 11:00:00,0.9,2.8,2.6772177816517497,1.7772177816517496,0.1227822183482501,0.1227822183482501
2025-02-11 12:00:00,2.8,4.4,4.081917961957609,1.28191796195761,0.318082038042391,0.318082038042391
2025-02-11 13:00:00,4.4,5.8,5.491776279684052,1.0917762796840509,0.30822372031594814,0.30822372031594814
2025-02-11 14:00:00,5.8,7.0,6.3021324224294055,0.5021324224294059,0.6978675775705945,0.6978675775705945
2025-02-11 15:00:00,7.0,6.7,7.307308754856227,0.3073087548562275,-0.607308754856227,0.607308754856227
2025-02-11 16:00:00,6.7,6.4,5.968530253596056,-0.7314697464039441,0.43146974640394475,0.43146974640394475
2025-02-11 17:00:00,6.4,4.7,5.115899040544925,-1.284100959455075,-0.4158990405449252,0.4158990405449252
2025-02-11 18:00:00,4.7,3.7,3.4809498533295704,-1.2190501466704295,0.21905014667042977,0.21905014667042977
2025-02-11 19:00:00,3.7,2.5,3.045768409048996,-0.6542315909510042,-0.5457684090489958,0.5457684090489958
2025-02-11 20:00:00,2.5,2.0,1.8963131133182922,-0.6036868866817077,0.10368688668170778,0.10368688668170778
2025-02-11 21:00:00,2.0,1.3,1.5771886916241122,-0.42281130837588765,-0.2771886916241122,0.2771886916241122
2025-02-11 22:00:00,1.3,1.3,0.8117361136400645,-0.4882638863599355,0.48826388635993556,0.48826388635993556
2025-02-11 23:00:00,1.3,1.3,1.092583199726228,-0.20741680027377193,0.20741680027377196,0.20741680027377196
2025-02-12 00:00:00,1.3,1.3,1.113866358209304,-0.18613364179069608,0.18613364179069602,0.18613364179069602
2025-02-12 01:00:00,1.3,1.7,1.1092392516158882,-0.19076074838411178,0.5907607483841117,0.5907607483841117
2025-02-12 02:00:00,1.7,1.9,1.8153693667443669,0.11536936674436683,0.08463063325563303,0.08463063325563303
2025-02-12 03:00:00,1.9,2.0,1.8950550367337788,-0.004944963266221011,0.10494496326622116,0.10494496326622116
2025-02-12 04:00:00,2.0,2.1,1.9676245966297812,-0.03237540337021876,0.1323754033702189,0.1323754033702189
2025-02-12 05:00:00,2.1,1.1,2.0428642075649517,-0.05713579243504828,-0.9428642075649516,0.9428642075649516
2025-02-12 06:00:00,1.1,0.5,0.6700799497781244,-0.42992005022187574,-0.17007994977812435,0.17007994977812435
2025-02-12 07:00:00,0.5,0.5,0.41436047223400047,-0.08563952776599952,0.08563952776599953,0.08563952776599953
2025-02-12 08:00:00,0.5,0.5,1.3394939527589562,0.8394939527589563,-0.8394939527589562,0.8394939527589562
2025-02-12 09:00:00,0.5,0.6,0.8251226599702737,0.32512265997027373,-0.2251226599702737,0.2251226599702737
2025-02-12 10:00:00,0.6,0.9,0.8760316146325551,0.2760316146325551,0.023968385367444944,0.023968385367444944
2025-02-12 11:00:00,0.9,1.2,1.2939706580786112,0.39397065807861126,-0.09397065807861127,0.09397065807861127
2025-02-12 12:00:00,1.2,1.5,1.5265898788238208,0.32658987882382073,-0.0265898788238208,0.0265898788238208
2025-02-12 13:00:00,1.5,1.7,1.7016751849637934,0.20167518496379339,-0.0016751849637934857,0.0016751849637934857
2025-02-12 14:00:00,1.7,2.1,1.4474230827393715,-0.2525769172606284,0.6525769172606286,0.6525769172606286
2025-02-12 15:00:00,2.1,2.4,2.3937843915343917,0.2937843915343914,0.006215608465608202,0.006215608465608202
2025-02-12 16:00:00,2.4,2.1,2.523646157359395,0.1236461573593952,-0.42364615735939504,0.42364615735939504
2025-02-12 17:00:00,2.1,1.8,1.6616031620048306,-0.4383968379951695,0.13839683799516944,0.13839683799516944
2025-02-12 18:00:00,1.8,1.3,1.3474873766578899,-0.45251262334211023,-0.047487376657889824,0.047487376657889824
2025-02-12 19:00:00,1.3,0.0,0.753517749622668,-0.546482250377332,-0.753517749622668,0.753517749622668
2025-02-12 20:00:00,0.0,-1.4,-0.9757213904194532,-0.9757213904194532,-0.42427860958054675,0.42427860958054675
2025-02-12 21:00:00,-1.4,-2.1,-2.6079911137168494,-1.2079911137168495,0.5079911137168494,0.5079911137168494
2025-02-12 22:00:00,-2.1,-2.5,-2.7926176867164525,-0.6926176867164526,0.2926176867164525,0.2926176867164525
2025-02-12 23:00:00,-2.5,-2.9,-2.960024903124757,-0.4600249031247571,0.060024903124757056,0.060024903124757056
2025-02-13 00:00:00,-2.9,-3.5,-3.346706534357641,-0.4467065343576409,-0.15329346564235902,0.15329346564235902
2025-02-13 01:00:00,-3.5,-3.8,-3.9502237319892983,-0.45022373198929844,0.1502237319892985,0.1502237319892985
2025-02-13 02:00:00,-3.8,-4.0,-4.1226514867303,-0.3226514867302999,0.12265148673029991,0.12265148673029991
2025-02-13 03:00:00,-4.0,-4.3,-4.251595633581325,-0.25159563358132553,-0.04840436641867463,0.04840436641867463
2025-02-13 04:00:00,-4.3,-4.9,-4.5834363387848,-0.28343633878480057,-0.3165636612152003,0.3165636612152003
2025-02-13 05:00:00,-4.9,-5.4,-5.171108758061701,-0.27110875806170015,-0.22889124193829957,0.22889124193829957
2025-02-13 06:00:00,-5.4,-5.8,-5.56414847572969,-0.16414847572968894,-0.2358515242703101,0.2358515242703101
2025-02-13 07:00:00,-5.8,-5.4,-5.848163939669455,-0.04816393966945499,0.44816393966945434,0.44816393966945434
2025-02-13 08:00:00,-5.4,-3.6,-3.414339711733927,1.9856602882660737,-0.18566028826607317,0.18566028826607317
2025-02-13 09:00:00,-3.6,-0.2,-1.0321936828206137,2.5678063171793863,0.8321936828206138,0.8321936828206138
2025-02-13 10:00:00,-0.2,1.9,1.8512471565291355,2.0512471565291355,0.04875284347086439,0.04875284347086439
2025-02-13 11:00:00,1.9,3.0,3.6943506900754652,1.794350690075465,-0.6943506900754652,0.6943506900754652
2025-02-13 12:00:00,3.0,4.6,4.103356062610459,1.1033560626104586,0.4966439373895408,0.4966439373895408
2025-02-13 13:00:00,4.6,5.1,5.2703147677942175,0.6703147677942175,-0.17031476779421784,0.17031476779421784
2025-02-13 14:00:00,5.1,5.6,5.236827507946302,0.13682750794630227,0.36317249205369784,0.36317249205369784
2025-02-13 15:00:00,5.6,5.9,5.622208614234816,0.022208614234817178,0.2777913857651839,0.2777913857651839
2025-02-13 16:00:00,5.9,5.2,5.350369253847565,-0.5496307461524357,-0.15036925384756472,0.15036925384756472
2025-02-13 17:00:00,5.2,3.7,3.8521897572487767,-1.3478102427512233,-0.15218975724877648,0.15218975724877648
2025-02-13 18:00:00,3.7,2.9,2.7382344796964855,-0.9617655203035146,0.16176552030351443,0.16176552030351443
2025-02-13 19:00:00,2.9,2.4,2.2446881097709617,-0.6553118902290381,0.15531189022903824,0.15531189022903824
2025-02-13 20:00:00,2.4,2.1,1.891324540838494,-0.5086754591615059,0.2086754591615061,0.2086754591615061
2025-02-13 21:00:00,2.1,1.7,1.7067071887938683,-0.3932928112061317,-0.006707188793868335,0.006707188793868335
2025-02-13 22:00:00,1.7,1.0,1.3371128181846443,-0.36288718181535556,-0.33711281818464434,0.33711281818464434
2025-02-13 23:00:00,1.0,0.5,0.5364676272774113,-0.46353237272258874,-0.03646762727741126,0.03646762727741126
2025-02-14 00:00:00,0.5,0.3,0.11160859545109375,-0.38839140454890625,0.18839140454890624,0.18839140454890624
2025-02-14 01:00:00,0.3,-0.1,0.031286338990275,-0.268713661009725,-0.131286338990275,0.131286338990275
2025-02-14 02:00:00,-0.1,-0.4,-0.4441798368863328,-0.3441798368863328,0.04417983688633276,0.04417983688633276
2025-02-14 03:00:00,-0.4,-0.4,-0.6208407518637689,-0.22084075186376884,0.22084075186376884,0.22084075186376884
2025-02-14 04:00:00,-0.4,-0.9,-0.5309271920726627,-0.1309271920726627,-0.3690728079273373,0.3690728079273373
2025-02-14 05:00:00,-0.9,-1.0,-1.1565709578118206,-0.25657095781182054,0.15657095781182062,0.15657095781182062
2025-02-14 06:00:00,-1.0,-1.4,-1.171603841487915,-0.17160384148791505,-0.22839615851208483,0.22839615851208483
2025-02-14 07:00:00,-1.4,-1.5,-1.4043220511787924,-0.004322051178792544,-0.09567794882120761,0.09567794882120761
2025-02-14 08:00:00,-1.5,-0.1,-0.6022255711597673,0.8977744288402327,0.5022255711597673,0.5022255711597673
2025-02-14 09:00:00,-0.1,2.4,2.101416984636678,2.201416984636678,0.298583015363322,0.298583015363322
2025-02-14 10:00:00,2.4,5.3,4.380323066741447,1.980323066741447,0.919676933258553,0.919676933258553
2025-02-14 11:00:00,5.3,7.6,7.406603591511518,2.1066035915115173,0.19339640848848205,0.19339640848848205
2025-02-14 12:00:00,7.6,9.1,8.461492658291863,0.8614926582918632,0.6385073417081362,0.6385073417081362
2025-02-14 13:00:00,9.1,9.7,9.843404792657838,0.7434047926578388,-0.14340479265783834,0.14340479265783834
2025-02-14 14:00:00,9.7,9.7,10.023519787886947,0.3235197878869472,-0.3235197878869478,0.3235197878869478
2025-02-14 15:00:00,9.7,9.6,9.601963508434556,-0.09803649156544231,-0.0019635084345566156,0.0019635084345566156
2025-02-14 16:00:00,9.6,8.6,8.844436387150353,-0.7555636128496468,-0.24443638715035299,0.24443638715035299
2025-02-14 17:00:00,8.6,7.1,7.332905905832581,-1.2670940941674185,-0.23290590583258108,0.23290590583258108
2025-02-14 18:00:00,7.1,6.0,5.822752771815055,-1.2772472281849447,0.1772472281849451,0.1772472281849451
2025-02-14 19:00:00,6.0,4.9,5.110515829180156,-0.8894841708198437,-0.21051582918015566,0.21051582918015566
2025-02-14 20:00:00,4.9,4.1,4.159350598226921,-0.7406494017730794,-0.05935059822692157,0.05935059822692157
2025-02-14 21:00:00,4.1,3.6,3.5157008354100983,-0.5842991645899016,0.08429916458990183,0.08429916458990183
2025-02-14 22:00:00,3.6,3.0,3.1196995022989826,-0.4803004977010173,-0.11969950229898263,0.11969950229898263
2025-02-14 23:00:00,3.0,2.5,2.6005578632848074,-0.39944213671519235,-0.10055786328480742,0.10055786328480742
2025-02-15 00:00:00,2.5,2.4,2.0835758740646035,-0.41642412593539635,0.31642412593539637,0.31642412593539637
2025-02-15 01:00:00,2.4,2.3,2.2424247657850613,-0.15757523421493838,0.05757523421493849,0.05757523421493849
2025-02-15 02:00:00,2.3,1.7,2.161278006279017,-0.13872199372098273,-0.46127800627901716,0.46127800627901716
2025-02-15 03:00:00,1.7,1.2,1.3767101702555316,-0.32328982974446846,-0.1767101702555316,0.1767101702555316
2025-02-15 04:00:00,1.2,1.1,0.8870626602250792,-0.3129373397749208,0.2129373397749209,0.2129373397749209
2025-02-15 05:00:00,1.1,0.8,0.9769207512744703,-0.12307924872552974,-0.17692075127447027,0.17692075127447027
2025-02-15 06:00:00,0.8,0.5,0.592869194225998,-0.20713080577400195,-0.09286919422599804,0.09286919422599804
2025-02-15 07:00:00,0.5,0.6,0.5150669280220732,0.015066928022073238,0.08493307197792677,0.08493307197792677
2025-02-15 08:00:00,0.6,1.5,1.5327646062082336,0.9327646062082338,-0.032764606208233626,0.032764606208233626
2025-02-15 09:00:00,1.5,3.2,3.2121798647864908,1.7121798647864908,-0.01217986478649058,0.01217986478649058
2025-02-15 10:00:00,3.2,4.7,4.745758951590847,1.5457589515908474,-0.0457589515908472,0.0457589515908472
2025-02-15 11:00:00,4.7,5.5,6.012991640962101,1.312991640962101,-0.5129916409621007,0.5129916409621007
2025-02-15 12:00:00,5.5,6.3,6.4496596441303184,0.9496596441303182,-0.14965964413031863,0.14965964413031863
2025-02-15 13:00:00,6.3,6.8,6.826843773119102,0.5268437731191024,-0.026843773119102465,0.026843773119102465
2025-02-15 14:00:00,6.8,7.8,7.185539656294984,0.38553965629498416,0.6144603437050158,0.6144603437050158
2025-02-15 15:00:00,7.8,7.7,7.800864987163567,0.0008649871635665181,-0.10086498716356651,0.10086498716356651
2025-02-15 16:00:00,7.7,7.2,7.318744856712567,-0.3812551432874326,-0.11874485671256707,0.11874485671256707
2025-02-15 17:00:00,7.2,6.7,6.544485604083328,-0.6555143959166724,0.15551439591667204,0.15551439591667204
2025-02-15 18:00:00,6.7,6.1,6.190252956508362,-0.5097470434916377,-0.09025295650836274,0.09025295650836274
2025-02-15 19:00:00,6.1,5.7,5.504488893466918,-0.5955111065330821,0.19551110653308257,0.19551110653308257
2025-02-15 20:00:00,5.7,5.3,5.264451894494588,-0.43554810550541256,0.035548105505411876,0.035548105505411876
2025-02-15 21:00:00,5.3,4.9,4.908840354762179,-0.3911596452378209,-0.008840354762178926,0.008840354762178926
2025-02-15 22:00:00,4.9,4.2,4.516897587074184,-0.383102412925816,-0.3168975870741839,0.3168975870741839
2025-02-15 23:00:00,4.2,3.4,3.7382875989427244,-0.46171240105727585,-0.33828759894272453,0.33828759894272453
2025-02-16 00:00:00,3.4,2.8,2.877647242066064,-0.5223527579339358,-0.07764724206606433,0.07764724206606433
2025-02-16 01:00:00,2.8,2.4,2.3833045699831703,-0.41669543001682957,0.016695430016829604,0.016695430016829604
2025-02-16 02:00:00,2.4,2.3,2.01682771610407,-0.38317228389593005,0.28317228389592985,0.28317228389592985
2025-02-16 03:00:00,2.3,2.1,2.1113741999982856,-0.1886258000017144,-0.011374199998285484,0.011374199998285484
2025-02-16 04:00:00,2.1,1.9,1.87869636889782,-0.2213036311021801,0.02130363110217992,0.02130363110217992
2025-02-16 05:00:00,1.9,1.7,1.6861295177395386,-0.21387048226046138,0.013870482260461392,0.013870482260461392
2025-02-16 06:00:00,1.7,1.4,1.5578403845743376,-0.1421596154256623,-0.1578403845743377,0.1578403845743377
2025-02-16 07:00:00,1.4,1.4,1.4537093963100312,0.05370939631003115,-0.05370939631003124,0.05370939631003124
2025-02-16 08:00:00,1.4,2.5,2.046847808061269,0.646847808061269,0.4531521919387309,0.4531521919387309
2025-02-16 09:00:00,2.5,4.4,4.288714999638737,1.7887149996387364,0.11128500036126354,0.11128500036126354
2025-02-16 10:00:00,4.4,6.2,6.376877327540964,1.976877327540963,-0.1768773275409634,0.1768773275409634
2025-02-16 11:00:00,6.2,8.0,8.041920837439818,1.8419208374398177,-0.041920837439818115,0.041920837439818115
2025-02-16 12:00:00,8.0,8.6,8.96311594608761,0.9631159460876101,-0.36311594608761055,0.36311594608761055
2025-02-16 13:00:00,8.6,9.4,9.03326655083851,0.433266550838511,0.3667334491614902,0.3667334491614902
2025-02-16 14:00:00,9.4,8.9,9.681921530626244,0.2819215306262441,-0.7819215306262439,0.7819215306262439
2025-02-16 15:00:00,8.9,8.7,8.789307010077524,-0.11069298992247663,-0.0893070100775244,0.0893070100775244
2025-02-16 16:00:00,8.7,8.0,8.160805541399439,-0.5391944586005596,-0.16080554139943892,0.16080554139943892
2025-02-16 17:00:00,8.0,6.7,7.513045161103348,-0.486954838896652,-0.8130451611033482,0.8130451611033482
2025-02-16 18:00:00,6.7,6.0,5.770905374168389,-0.9290946258316116,0.22909462583161133,0.22909462583161133
2025-02-16 19:00:00,6.0,5.3,5.433122142203368,-0.5668778577966315,-0.13312214220336838,0.13312214220336838
2025-02-16 20:00:00,5.3,4.0,4.647717493050399,-0.6522825069496012,-0.6477174930503988,0.6477174930503988
2025-02-16 21:00:00,4.0,2.4,3.0508594002845024,-0.9491405997154974,-0.6508594002845025,0.6508594002845025
2025-02-16 22:00:00,2.4,1.2,1.293217193754607,-1.1067828062453928,-0.09321719375460713,0.09321719375460713
2025-02-16 23:00:00,1.2,0.4,0.34913654843415687,-0.8508634515658431,0.050863451565843154,0.050863451565843154
2025-02-17 00:00:00,0.4,-0.1,-0.26208085180141183,-0.6620808518014119,0.16208085180141182,0.16208085180141182
2025-02-17 01:00:00,-0.1,-0.5,-0.6635772521605737,-0.5635772521605737,0.16357725216057373,0.16357725216057373
2025-02-17 02:00:00,-0.5,-0.9,-0.9698476260280584,-0.46984762602805835,0.06984762602805838,0.06984762602805838
2025-02-17 03:00:00,-0.9,-1.0,-1.2561350896037258,-0.35613508960372575,0.2561350896037258,0.2561350896037258
2025-02-17 04:00:00,-1.0,-1.1,-1.2979392320418217,-0.29793923204182177,0.19793923204182162,0.19793923204182162
2025-02-17 05:00:00,-1.1,-1.5,-1.313526967367219,-0.21352696736721893,-0.18647303263278103,0.18647303263278103
2025-02-17 06:00:00,-1.5,-1.8,-1.8322810693618645,-0.33228106936186447,0.03228106936186448,0.03228106936186448
2025-02-17 07:00:00,-1.8,-1.8,-1.8330222191783923,-0.03302221917839223,0.03302221917839221,0.03302221917839221
2025-02-17 08:00:00,-1.8,-0.6,-0.8593026896202884,0.9406973103797116,0.25930268962028846,0.25930268962028846
2025-02-17 09:00:00,-0.6,0.1,1.0005585607684493,1.6005585607684494,-0.9005585607684493,0.9005585607684493
2025-02-17 10:00:00,0.1,0.8,0.989652331870409,0.889652331870409,-0.18965233187040897,0.18965233187040897
2025-02-17 11:00:00,0.8,1.6,1.722534812663707,0.9225348126637071,-0.12253481266370692,0.12253481266370692
2025-02-17 12:00:00,1.6,2.6,2.2969243059557076,0.6969243059557076,0.30307569404429247,0.30307569404429247
2025-02-17 13:00:00,2.6,2.8,3.210962237603012,0.6109622376030118,-0.410962237603012,0.410962237603012
2025-02-17 14:00:00,2.8,2.9,3.0102326706917775,0.2102326706917775,-0.11023267069177756,0.11023267069177756
2025-02-17 15:00:00,2.9,3.3,2.806582898250596,-0.09341710174940422,0.493417101749404,0.493417101749404
2025-02-17 16:00:00,3.3,2.3,2.663068130749391,-0.6369318692506091,-0.36306813074939104,0.36306813074939104
2025-02-17 17:00:00,2.3,1.0,0.8426882540178549,-1.457311745982145,0.15731174598214515,0.15731174598214515
2025-02-17 18:00:00,1.0,0.0,0.014842989031069953,-0.98515701096893,-0.014842989031069953,0.014842989031069953
2025-02-17 19:00:00,0.0,-0.7,-0.7004028101566873,-0.7004028101566873,0.00040281015668730547,0.00040281015668730547
2025-02-17 20:00:00,-0.7,-1.6,-1.3614885539142896,-0.6614885539142897,-0.2385114460857105,0.2385114460857105
2025-02-17 21:00:00,-1.6,-2.4,-2.4574884979572413,-0.8574884979572414,0.057488497957241425,0.057488497957241425
2025-02-17 22:00:00,-2.4,-3.0,-3.059978111050247,-0.6599781110502471,0.05997811105024686,0.05997811105024686
2025-02-17 23:00:00,-3.0,-3.4,-3.4719650472775876,-0.4719650472775874,0.07196504727758768,0.07196504727758768
2025-02-18 00:00:00,-3.4,-3.9,-3.8061336162380988,-0.4061336162380986,-0.09386638376190115,0.09386638376190115
2025-02-18 01:00:00,-3.9,-4.0,-4.2880797439102185,-0.38807974391021816,0.2880797439102185,0.2880797439102185
2025-02-18 02:00:00,-4.0,-4.1,-4.273372028825356,-0.2733720288253554,0.17337202882535596,0.17337202882535596
2025-02-18 03:00:00,-4.1,-4.1,-4.3107206773606395,-0.21072067736063976,0.21072067736063982,0.21072067736063982
2025-02-18 04:00:00,-4.1,-4.4,-4.219984690870063,-0.11998469087006344,-0.18001530912993768,0.18001530912993768
2025-02-18 05:00:00,-4.4,-4.7,-4.640259458601946,-0.24025945860194609,-0.05974054139805407,0.05974054139805407
2025-02-18 06:00:00,-4.7,-5.1,-4.9439279034065216,-0.2439279034065213,-0.1560720965934781,0.1560720965934781
2025-02-18 07:00:00,-5.1,-5.0,-5.185188382423776,-0.08518838242377627,0.18518838242377633,0.18518838242377633
2025-02-18 08:00:00,-5.0,-3.6,-3.8195342635329057,1.1804657364670943,0.21953426353290562,0.21953426353290562
2025-02-18 09:00:00,-3.6,-1.8,-1.4005387170306967,2.1994612829693034,-0.3994612829693034,0.3994612829693034
2025-02-18 10:00:00,-1.8,-1.0,-0.21133057486432438,1.5886694251356757,-0.7886694251356756,0.7886694251356756
2025-02-18 11:00:00,-1.0,-0.3,0.038044274115784926,1.038044274115785,-0.3380442741157849,0.3380442741157849
2025-02-18 12:00:00,-0.3,1.1,0.738688385907214,1.038688385907214,0.3613116140927861,0.3613116140927861
2025-02-18 13:00:00,1.1,1.7,2.0877729306743555,0.9877729306743552,-0.3877729306743556,0.3877729306743556
2025-02-18 14:00:00,1.7,2.1,2.10176860131345,0.40176860131345005,-0.0017686013134499134,0.0017686013134499134
2025-02-18 15:00:00,2.1,1.8,2.0338287708226948,-0.06617122917730546,-0.2338287708226947,0.2338287708226947
2025-02-18 16:00:00,1.8,1.6,1.1676674643119833,-0.6323325356880168,0.4323325356880168,0.4323325356880168
2025-02-18 17:00:00,1.6,0.1,0.3375825892071398,-1.2624174107928603,-0.2375825892071398,0.2375825892071398
2025-02-18 18:00:00,0.1,-1.0,-0.9451615884115886,-1.0451615884115886,-0.054838411588411407,0.054838411588411407
2025-02-18 19:00:00,-1.0,-2.0,-1.8659827981304358,-0.8659827981304359,-0.13401720186956423,0.13401720186956423
2025-02-18 20:00:00,-2.0,-2.9,-2.797231535521251,-0.797231535521251,-0.10276846447874899,0.10276846447874899
2025-02-18 21:00:00,-2.9,-3.7,-3.720747345803202,-0.820747345803202,0.0207473458032017,0.0207473458032017
2025-02-18 22:00:00,-3.7,-4.4,-4.356609861930742,-0.6566098619307418,-0.04339013806925873,0.04339013806925873
2025-02-18 23:00:00,-4.4,-4.7,-4.926699346225745,-0.5266993462257451,0.22669934622574495,0.22669934622574495
2025-02-19 00:00:00,-4.7,-4.9,-5.113678540351005,-0.4136785403510049,0.21367854035100464,0.21367854035100464
2025-02-19 01:00:00,-4.9,-5.4,-5.19177668720001,-0.29177668720000954,-0.20822331279999062,0.20822331279999062
2025-02-19 02:00:00,-5.4,-5.4,-5.748375795318021,-0.3483757953180201,0.3483757953180202,0.3483757953180202
2025-02-19 03:00:00,-5.4,-5.8,-5.5616154769842545,-0.16161547698425424,-0.2383845230157453,0.2383845230157453
2025-02-19 04:00:00,-5.8,-5.7,-6.006862710772568,-0.20686271077256826,0.30686271077256766,0.30686271077256766
2025-02-19 05:00:00,-5.7,-5.3,-5.804601386486289,-0.10460138648628875,0.5046013864862893,0.5046013864862893
2025-02-19 06:00:00,-5.3,-5.4,-5.218646594407158,0.08135340559284217,-0.18135340559284252,0.18135340559284252
2025-02-19 07:00:00,-5.4,-5.4,-5.309598884456159,0.09040111554384139,-0.09040111554384112,0.09040111554384112
2025-02-19 08:00:00,-5.4,-4.5,-4.5532935559890575,0.8467064440109432,0.053293555989057495,0.053293555989057495
2025-02-19 09:00:00,-4.5,-3.3,-2.9915302849087793,1.508469715091221,-0.30846971509122056,0.30846971509122056
2025-02-19 10:00:00,-3.3,-2.2,-2.143473068403857,1.1565269315961426,-0.05652693159614319,0.05652693159614319
2025-02-19 11:00:00,-2.2,-1.4,-0.9895756434753331,1.210424356524667,-0.4104243565246668,0.4104243565246668
2025-02-19 12:00:00,-1.4,-0.8,-0.5138414007106618,0.8861585992893382,-0.2861585992893383,0.2861585992893383
2025-02-19 13:00:00,-0.8,-0.1,-0.12225479522082117,0.6777452047791789,0.02225479522082116,0.02225479522082116
2025-02-19 14:00:00,-0.1,1.0,0.27216618260280145,0.37216618260280143,0.7278338173971985,0.7278338173971985
2025-02-19 15:00:00,1.0,0.8,0.8698052666590868,-0.13019473334091322,-0.0698052666590867,0.0698052666590867
2025-02-19 16:00:00,0.8,0.8,0.20376597577369338,-0.5962340242263067,0.5962340242263067,0.5962340242263067
2025-02-19 17:00:00,0.8,-0.6,-0.5564845078955156,-1.3564845078955157,-0.043515492104484355,0.043515492104484355
2025-02-19 18:00:00,-0.6,-1.5,-1.4110852067623492,-0.8110852067623492,-0.08891479323765084,0.08891479323765084
2025-02-19 19:00:00,-1.5,-2.3,-2.1260599718424107,-0.6260599718424106,-0.17394002815758913,0.17394002815758913
2025-02-19 20:00:00,-2.3,-3.1,-2.938161491599511,-0.6381614915995112,-0.1618385084004892,0.1618385084004892
2025-02-19 21:00:00,-3.1,-3.8,-3.749208533151174,-0.6492085331511741,-0.05079146684882563,0.05079146684882563
2025-02-19 22:00:00,-3.8,-4.3,-4.386548306865727,-0.5865483068657268,0.08654830686572712,0.08654830686572712
2025-02-19 23:00:00,-4.3,-4.9,-4.746013676416616,-0.4460136764166161,-0.1539863235833847,0.1539863235833847
2025-02-20 00:00:00,-4.9,-5.5,-5.314303504805764,-0.414303504805764,-0.18569649519423592,0.18569649519423592
2025-02-20 01:00:00,-5.5,-5.6,-5.895042781683505,-0.39504278168350465,0.29504278168350506,0.29504278168350506
2025-02-20 02:00:00,-5.6,-5.5,-5.8403166352772224,-0.24031663527722277,0.34031663527722245,0.34031663527722245
2025-02-20 03:00:00,-5.5,-6.1,-5.643945346069732,-0.14394534606973206,-0.45605465393026723,0.45605465393026723
2025-02-20 04:00:00,-6.1,-6.4,-6.370276494840111,-0.2702764948401113,-0.02972350515988964,0.02972350515988964
2025-02-20 05:00:00,-6.4,-6.2,-6.6004686475876495,-0.20046864758764954,0.40046864758764933,0.40046864758764933
2025-02-20 06:00:00,-6.2,-6.5,-6.2552274895468996,-0.05522748954689944,-0.24477251045310044,0.24477251045310044
2025-02-20 07:00:00,-6.5,-6.1,-6.481439574628127,0.018560425371872444,0.3814395746281276,0.3814395746281276
2025-02-20 08:00:00,-6.1,-4.3,-4.346757082455605,1.7532429175443942,0.04675708245560539,0.04675708245560539
2025-02-20 09:00:00,-4.3,-2.8,-1.9419254072263907,2.358074592773609,-0.8580745927736091,0.8580745927736091
2025-02-20 10:00:00,-2.8,-1.3,-1.435884299504801,1.364115700495199,0.13588429950480085,0.13588429950480085
2025-02-20 11:00:00,-1.3,-0.6,0.08245256236443965,1.3824525623644397,-0.6824525623644396,0.6824525623644396
2025-02-20 12:00:00,-0.6,-0.3,0.3308278229511079,0.9308278229511079,-0.630827822951108,0.630827822951108
2025-02-20 13:00:00,-0.3,1.0,0.40370154227412297,0.703701542274123,0.596298457725877,0.596298457725877
2025-02-20 14:00:00,1.0,1.4,1.3397398257126696,0.3397398257126697,0.060260174287330326,0.060260174287330326
2025-02-20 15:00:00,1.4,1.8,1.5040459676955897,0.10404596769558976,0.2959540323044103,0.2959540323044103
2025-02-20 16:00:00,1.8,1.2,1.1002992514805117,-0.6997007485194885,0.09970074851948829,0.09970074851948829
2025-02-20 17:00:00,1.2,-0.3,-0.0734904428119405,-1.2734904428119405,-0.22650955718805948,0.22650955718805948
2025-02-20 18:00:00,-0.3,-1.5,-1.251138066063524,-0.951138066063524,-0.24886193393647593,0.24886193393647593
2025-02-20 19:00:00,-1.5,-2.0,-2.405106101152,-0.9051061011520002,0.4051061011520001,0.4051061011520001
2025-02-20 20:00:00,-2.0,-2.7,-2.590759869779758,-0.5907598697797578,-0.10924013022024237,0.10924013022024237
2025-02-20 21:00:00,-2.7,-3.5,-3.348152581290946,-0.6481525812909459,-0.15184741870905416,0.15184741870905416
2025-02-20 22:00:00,-3.5,-4.3,-4.079330176471864,-0.5793301764718641,-0.22066982352813547,0.22066982352813547
2025-02-20 23:00:00,-4.3,-4.9,-4.87057283407735,-0.5705728340773503,-0.029427165922649934,0.029427165922649934
2025-02-21 00:00:00,-4.9,-5.4,-5.398767510405108,-0.4987675104051073,-0.0012324895948925274,0.0012324895948925274
2025-02-21 01:00:00,-5.4,-5.8,-5.852183062589933,-0.452183062589933,0.05218306258993355,0.05218306258993355
2025-02-21 02:00:00,-5.8,-6.1,-6.142498932332218,-0.3424989323322186,0.042498932332218686,0.042498932332218686
2025-02-21 03:00:00,-6.1,-6.2,-6.374330636168481,-0.2743306361684811,0.17433063616848088,0.17433063616848088
2025-02-21 04:00:00,-6.2,-6.3,-6.437745109396687,-0.2377451093966863,0.13774510939668705,0.13774510939668705
2025-02-21 05:00:00,-6.3,-6.1,-6.485257038846634,-0.18525703884663405,0.38525703884663454,0.38525703884663454
2025-02-21 06:00:00,-6.1,-6.1,-6.154512921142835,-0.054512921142835784,0.05451292114283568,0.05451292114283568
2025-02-21 07:00:00,-6.1,-6.3,-5.943918995588526,0.15608100441147316,-0.3560810044114735,0.3560810044114735
2025-02-21 08:00:00,-6.3,-4.6,-5.335883094777555,0.9641169052224455,0.735883094777555,0.735883094777555
2025-02-21 09:00:00,-4.6,-3.0,-2.255338287096796,2.3446617129032035,-0.7446617129032038,0.7446617129032038
2025-02-21 10:00:00,-3.0,-1.2,-1.633494288396199,1.366505711603801,0.43349428839619897,0.43349428839619897
2025-02-21 11:00:00,-1.2,-0.4,0.39718393147601816,1.5971839314760181,-0.7971839314760182,0.7971839314760182
2025-02-21 12:00:00,-0.4,1.0,0.5670733825029775,0.9670733825029775,0.43292661749702255,0.43292661749702255
2025-02-21 13:00:00,1.0,2.2,1.876182209773972,0.876182209773972,0.3238177902260282,0.3238177902260282
2025-02-21 14:00:00,2.2,2.2,2.5477176654343476,0.3477176654343473,-0.34771766543434746,0.34771766543434746
2025-02-21 15:00:00,2.2,1.9,2.1548305653688296,-0.04516943463117051,-0.25483056536882964,0.25483056536882964
2025-02-21 16:00:00,1.9,1.7,1.2044910433031086,-0.6955089566968914,0.4955089566968913,0.4955089566968913
2025-02-21 17:00:00,1.7,0.2,0.4056315037715106,-1.2943684962284894,-0.20563150377151057,0.20563150377151057
2025-02-21 18:00:00,0.2,-0.8,-0.7094927579574573,-0.9094927579574572,-0.09050724204254279,0.09050724204254279
2025-02-21 19:00:00,-0.8,-1.4,-1.6616583015164403,-0.8616583015164403,0.26165830151644043,0.26165830151644043
2025-02-21 20:00:00,-1.4,-2.0,-2.0306791216161066,-0.630679121616107,0.03067912161610664,0.03067912161610664
2025-02-21 21:00:00,-2.0,-2.5,-2.612801865362769,-0.6128018653627694,0.11280186536276915,0.11280186536276915
2025-02-21 22:00:00,-2.5,-3.1,-3.0404719651903966,-0.5404719651903965,-0.05952803480960345,0.05952803480960345
2025-02-21 23:00:00,-3.1,-3.4,-3.638857998582975,-0.5388579985829752,0.2388579985829753,0.2388579985829753
2025-02-22 00:00:00,-3.4,-3.8,-3.7972513831113246,-0.3972513831113248,-0.002748616888675226,0.002748616888675226
2025-02-22 01:00:00,-3.8,-4.4,-4.1445521207051605,-0.3445521207051606,-0.2554478792948398,0.2554478792948398
2025-02-22 02:00:00,-4.4,-4.7,-4.791688603117662,-0.3916886031176619,0.09168860311766203,0.09168860311766203
2025-02-22 03:00:00,-4.7,-5.1,-4.992094002151242,-0.29209400215124187,-0.10790599784875798,0.10790599784875798
2025-02-22 04:00:00,-5.1,-5.2,-5.362533672328191,-0.2625336723281916,0.16253367232819116,0.16253367232819116
2025-02-22 05:00:00,-5.2,-5.1,-5.413885330432288,-0.21388533043228777,0.3138853304322886,0.3138853304322886
2025-02-22 06:00:00,-5.1,-5.3,-5.177469338755678,-0.07746933875567844,-0.12253066124432177,0.12253066124432177
2025-02-22 07:00:00,-5.3,-5.4,-5.237318386657838,0.06268161334216174,-0.16268161334216202,0.16268161334216202
2025-02-22 08:00:00,-5.4,-4.1,-4.253401213044512,1.1465987869554881,0.15340121304451237,0.15340121304451237
2025-02-22 09:00:00,-4.1,-2.6,-1.7579032563368417,2.342096743663158,-0.8420967436631583,0.8420967436631583
2025-02-22 10:00:00,-2.6,-0.8,-0.9778640733044051,1.622135926695595,0.177864073304405,0.177864073304405
2025-02-22 11:00:00,-0.8,0.7,0.6074511339065647,1.4074511339065647,0.09254886609343527,0.09254886609343527
2025-02-22 12:00:00,0.7,1.3,1.7356879534660017,1.0356879534660017,-0.43568795346600164,0.43568795346600164
2025-02-22 13:00:00,1.3,2.5,2.0389658938423816,0.7389658938423815,0.4610341061576184,0.4610341061576184
2025-02-22 14:00:00,2.5,1.7,3.039409939625363,0.5394099396253629,-1.339409939625363,1.339409939625363
2025-02-22 15:00:00,1.7,2.2,1.2477313040778997,-0.4522686959221002,0.9522686959221005,0.9522686959221005
2025-02-22 16:00:00,2.2,1.6,1.6919758544913008,-0.5080241455086993,-0.09197585449130075,0.09197585449130075
2025-02-22 17:00:00,1.6,0.1,0.38813154575633524,-1.2118684542436648,-0.28813154575633526,0.28813154575633526
2025-02-22 18:00:00,0.1,-1.0,-0.7947254830254227,-0.8947254830254227,-0.20527451697457733,0.20527451697457733
2025-02-22 19:00:00,-1.0,-1.4,-1.773757000099533,-0.7737570000995332,0.37375700009953317,0.37375700009953317
2025-02-22 20:00:00,-1.4,-2.2,-1.8889430640837968,-0.4889430640837969,-0.3110569359162034,0.3110569359162034
2025-02-22 21:00:00,-2.2,-3.2,-2.7963760617190525,-0.5963760617190523,-0.40362393828094767,0.40362393828094767
2025-02-22 22:00:00,-3.2,-4.0,-4.073053280383422,-0.8730532803834216,0.07305328038342207,0.07305328038342207
2025-02-22 23:00:00,-4.0,-4.8,-4.555860389521129,-0.5558603895211288,-0.24413961047887067,0.24413961047887067
2025-02-23 00:00:00,-4.8,-5.5,-5.364212450487511,-0.5642124504875109,-0.1357875495124894,0.1357875495124894
2025-02-23 01:00:00,-5.5,-5.7,-5.9518397140756445,-0.4518397140756442,0.2518397140756443,0.2518397140756443
2025-02-23 02:00:00,-5.7,-6.0,-6.024453316992047,-0.324453316992047,0.024453316992047114,0.024453316992047114
2025-02-23 03:00:00,-6.0,-6.2,-6.277391149487058,-0.27739114948705784,0.07739114948705783,0.07739114948705783
2025-02-23 04:00:00,-6.2,-6.4,-6.450997942551196,-0.25099794255119623,0.05099794255119594,0.05099794255119594
2025-02-23 05:00:00,-6.4,-6.2,-6.6143182010412795,-0.21431820104127955,0.41431820104127937,0.41431820104127937
2025-02-23 06:00:00,-6.2,-6.1,-6.2633990460737365,-0.06339904607373681,0.1633990460737369,0.1633990460737369
2025-02-23 07:00:00,-6.1,-6.2,-5.912697093537295,0.18730290646270462,-0.2873029064627053,0.2873029064627053
2025-02-23 08:00:00,-6.2,-4.8,-5.195581982512316,1.0044180174876847,0.3955819825123159,0.3955819825123159
2025-02-23 09:00:00,-4.8,-3.6,-2.9042957468532187,1.895704253146781,-0.6957042531467814,0.6957042531467814
2025-02-23 10:00:00,-3.6,-2.0,-2.4352854371566517,1.1647145628433484,0.4352854371566517,0.4352854371566517
2025-02-23 11:00:00,-2.0,-1.4,-0.7265428079828555,1.2734571920171445,-0.6734571920171444,0.6734571920171444
2025-02-23 12:00:00,-1.4,-1.4,-0.20274048065665973,1.1972595193433402,-1.1972595193433402,1.1972595193433402
2025-02-23 13:00:00,-1.4,0.0,-0.7448138956936113,0.6551861043063886,0.7448138956936113,0.7448138956936113
2025-02-23 14:00:00,0.0,0.1,0.3190445137258694,0.3190445137258694,-0.2190445137258694,0.2190445137258694
2025-02-23 15:00:00,0.1,0.2,0.04846813260075965,-0.05153186739924036,0.15153186739924035,0.15153186739924035
2025-02-23 16:00:00,0.2,0.0,-0.3679949883969034,-0.5679949883969034,0.3679949883969034,0.3679949883969034
2025-02-23 17:00:00,0.0,-1.6,-1.2354703932756488,-1.2354703932756488,-0.3645296067243513,0.3645296067243513
2025-02-23 18:00:00,-1.6,-2.6,-2.5671080271986595,-0.9671080271986596,-0.0328919728013406,0.0328919728013406
2025-02-23 19:00:00,-2.6,-3.2,-3.3251698726777335,-0.7251698726777334,0.12516987267773327,0.12516987267773327
2025-02-23 20:00:00,-3.2,-3.7,-3.8108948391803605,-0.6108948391803604,0.11089483918036036,0.11089483918036036
2025-02-23 21:00:00,-3.7,-4.3,-4.266018947105387,-0.5660189471053866,-0.03398105289461295,0.03398105289461295
2025-02-23 22:00:00,-4.3,-4.8,-4.798135988016224,-0.49813598801622416,-0.0018640119837760594,0.0018640119837760594
2025-02-23 23:00:00,-4.8,-5.4,-5.228406769206669,-0.42840676920666915,-0.17159323079333166,0.17159323079333166
2025-02-24 00:00:00,-5.4,-5.7,-5.8017842695852275,-0.40178426958522756,0.10178426958522735,0.10178426958522735
2025-02-24 01:00:00,-5.7,-6.0,-6.018278471693833,-0.31827847169383244,0.0182784716938329,0.0182784716938329
2025-02-24 02:00:00,-6.0,-6.0,-6.274126850448257,-0.2741268504482567,0.2741268504482566,0.2741268504482566
2025-02-24 03:00:00,-6.0,-6.1,-6.154308657740796,-0.1543086577407968,0.05430865774079674,0.05430865774079674
2025-02-24 04:00:00,-6.1,-6.0,-6.249979652353357,-0.14997965235335708,0.24997965235335684,0.24997965235335684
2025-02-24 05:00:00,-6.0,-5.9,-5.986473601999575,0.01352639800042491,0.08647360199957443,0.08647360199957443
2025-02-24 06:00:00,-5.9,-6.2,-5.951366317718677,-0.05136631771867693,-0.24863368228132288,0.24863368228132288
2025-02-24 07:00:00,-6.2,-5.9,-6.180966329170685,0.019033670829315105,0.28096632917068476,0.28096632917068476
2025-02-24 08:00:00,-5.9,-3.9,-4.82277265977617,1.0772273402238304,0.9227726597761703,0.9227726597761703
2025-02-24 09:00:00,-3.9,-2.5,-1.7433642823226156,2.1566357176773843,-0.7566357176773844,0.7566357176773844
2025-02-24 10:00:00,-2.5,-0.9,-1.082797716179153,1.417202283820847,0.18279771617915308,0.18279771617915308
2025-02-24 11:00:00,-0.9,0.5,0.4794289352890885,1.3794289352890885,0.020571064710911524,0.020571064710911524
2025-02-24 12:00:00,0.5,1.4,1.4341929023820463,0.9341929023820463,-0.03419290238204642,0.03419290238204642
2025-02-24 13:00:00,1.4,2.6,1.9641968859259724,0.5641968859259724,0.6358031140740277,0.6358031140740277
2025-02-24 14:00:00,2.6,3.6,3.0007140711202136,0.40071407112021334,0.5992859288797865,0.5992859288797865
2025-02-24 15:00:00,3.6,4.5,3.5527379432256208,-0.04726205677437934,0.9472620567743792,0.9472620567743792
2025-02-24 16:00:00,4.5,4.3,3.795757521100967,-0.7042424788990334,0.504242478899033,0.504242478899033
2025-02-24 17:00:00,4.3,2.7,2.7989670260989206,-1.501032973901079,-0.09896702609892039,0.09896702609892039
2025-02-24 18:00:00,2.7,1.5,1.6718115089032142,-1.028188491096786,-0.17181150890321417,0.17181150890321417
2025-02-24 19:00:00,1.5,0.7,0.6066887292704559,-0.8933112707295441,0.09331127072954404,0.09331127072954404
2025-02-24 20:00:00,0.7,0.2,0.09169288030991285,-0.6083071196900871,0.10830711969008716,0.10830711969008716
2025-02-24 21:00:00,0.2,0.2,-0.2983252509051553,-0.49832525090515534,0.49832525090515534,0.49832525090515534
2025-02-24 22:00:00,0.2,-0.4,-0.048185008668625295,-0.2481850086686253,-0.3518149913313747,0.3518149913313747
2025-02-24 23:00:00,-0.4,-1.3,-0.7891881863175869,-0.38918818631758695,-0.5108118136824131,0.5108118136824131
2025-02-25 00:00:00,-1.3,-1.4,-1.6390306227327165,-0.33903062273271645,0.23903062273271658,0.23903062273271658
2025-02-25 01:00:00,-1.4,-1.4,-1.6705708470905716,-0.27057084709057155,0.27057084709057166,0.27057084709057166
2025-02-25 02:00:00,-1.4,-1.7,-1.5640634606109527,-0.16406346061095287,-0.13593653938904726,0.13593653938904726
2025-02-25 03:00:00,-1.7,-1.9,-1.9357682663115308,-0.23576826631153075,0.03576826631153085,0.03576826631153085
2025-02-25 04:00:00,-1.9,-2.3,-2.0941638353158414,-0.19416383531584133,-0.20583616468415844,0.20583616468415844
2025-02-25 05:00:00,-2.3,-2.7,-2.474555151280306,-0.17455515128030646,-0.22544484871969406,0.22544484871969406
2025-02-25 06:00:00,-2.7,-3.0,-2.873685987844828,-0.1736859878448279,-0.1263140121551718,0.1263140121551718
2025-02-25 07:00:00,-3.0,-2.9,-3.0006422100015904,-0.0006422100015904305,0.10064221000159046,0.10064221000159046
2025-02-25 08:00:00,-2.9,-0.9,-1.7443046108181777,1.1556953891818222,0.8443046108181776,0.8443046108181776
2025-02-25 09:00:00,-0.9,2.8,1.5707175489183083,2.470717548918308,1.2292824510816915,1.2292824510816915
2025-02-25 10:00:00,2.8,4.6,4.954375487524919,2.154375487524919,-0.3543754875249192,0.3543754875249192
2025-02-25 11:00:00,4.6,5.0,6.238016779026641,1.6380167790266418,-1.2380167790266414,1.2380167790266414
2025-02-25 12:00:00,5.0,5.4,5.593754534608281,0.5937545346082805,-0.19375453460828052,0.19375453460828052
2025-02-25 13:00:00,5.4,5.2,6.075679231455837,0.6756792314558369,-0.8756792314558366,0.8756792314558366
2025-02-25 14:00:00,5.2,5.2,5.398533907697691,0.19853390769769105,-0.19853390769769064,0.19853390769769064
2025-02-25 15:00:00,5.2,5.6,5.108283932762419,-0.09171606723758072,0.4917160672375802,0.4917160672375802
2025-02-25 16:00:00,5.6,5.5,5.194642850135676,-0.4053571498643237,0.3053571498643244,0.3053571498643244
2025-02-25 17:00:00,5.5,5.0,5.004714463463504,-0.4952855365364959,-0.004714463463503904,0.004714463463503904
2025-02-25 18:00:00,5.0,4.7,4.399802810399388,-0.6001971896006124,0.30019718960061237,0.30019718960061237
2025-02-25 19:00:00,4.7,4.5,4.262633339220977,-0.43736666077902375,0.23736666077902324,0.23736666077902324
2025-02-25 20:00:00,4.5,4.2,4.213588852598913,-0.2864111474010872,-0.013588852598912737,0.013588852598912737
2025-02-25 21:00:00,4.2,3.7,3.919211119152316,-0.2807888808476843,-0.21921111915231561,0.21921111915231561
2025-02-25 22:00:00,3.7,3.2,3.3054829123500156,-0.39451708764998455,-0.10548291235001539,0.10548291235001539
2025-02-25 23:00:00,3.2,2.9,2.811936660691797,-0.38806333930820297,0.08806333930820287,0.08806333930820287
2025-02-26 00:00:00,2.9,3.1,2.6542842860202045,-0.24571571397979527,0.4457157139797956,0.4457157139797956
2025-02-26 01:00:00,3.1,3.2,3.0061163757241416,-0.0938836242758587,0.1938836242758586,0.1938836242758586
2025-02-26 02:00:00,3.2,3.3,3.14369153558248,-0.05630846441751991,0.15630846441751967,0.15630846441751967
2025-02-26 03:00:00,3.3,3.1,3.2875010114764125,-0.012498988523587202,-0.1875010114764124,0.1875010114764124
2025-02-26 04:00:00,3.1,2.4,2.8600320649065982,-0.23996793509340178,-0.4600320649065983,0.4600320649065983
2025-02-26 05:00:00,2.4,1.9,2.0244423256290576,-0.37555767437094245,-0.12444232562905766,0.12444232562905766
2025-02-26 06:00:00,1.9,1.2,1.639842272832817,-0.26015772716718283,-0.43984227283281707,0.43984227283281707
2025-02-26 07:00:00,1.2,1.1,0.8744507950334109,-0.325549204966589,0.22554920496658915,0.22554920496658915
2025-02-26 08:00:00,1.1,1.7,1.9609973658671835,0.8609973658671833,-0.2609973658671836,0.2609973658671836
2025-02-26 09:00:00,1.7,2.5,3.4241297693588226,1.724129769358823,-0.9241297693588226,0.9241297693588226
2025-02-26 10:00:00,2.5,3.4,3.5587135801949126,1.0587135801949124,-0.15871358019491266,0.15871358019491266
2025-02-26 11:00:00,3.4,5.3,4.4691231561795215,1.0691231561795214,0.8308768438204783,0.8308768438204783
2025-02-26 12:00:00,5.3,7.0,6.33770141398039,1.0377014139803904,0.6622985860196096,0.6622985860196096
2025-02-26 13:00:00,7.0,7.7,7.56035301992904,0.5603530199290401,0.13964698007096032,0.13964698007096032
2025-02-26 14:00:00,7.7,8.3,7.8503202075670675,0.15032020756706724,0.4496797924329332,0.4496797924329332
2025-02-26 15:00:00,8.3,8.4,8.379055769341155,0.07905576934115466,0.020944230658844987,0.020944230658844987
2025-02-26 16:00:00,8.4,8.1,7.8190982583488,-0.5809017416512009,0.2809017416512001,0.2809017416512001
2025-02-26 17:00:00,8.1,6.1,6.706822539378675,-1.3931774606213247,-0.6068225393786753,0.6068225393786753
2025-02-26 18:00:00,6.1,4.4,4.640148197848504,-1.4598518021514955,-0.2401481978485034,0.2401481978485034
2025-02-26 19:00:00,4.4,3.4,3.2717859492502663,-1.1282140507497338,0.12821405074973358,0.12821405074973358
2025-02-26 20:00:00,3.4,2.3,2.6587343712778417,-0.7412656287221581,-0.3587343712778419,0.3587343712778419
2025-02-26 21:00:00,2.3,1.5,1.6294907134551329,-0.670509286544867,-0.12949071345513286,0.12949071345513286
2025-02-26 22:00:00,1.5,1.2,0.8848319301684998,-0.6151680698315002,0.31516806983150014,0.31516806983150014
2025-02-26 23:00:00,1.2,0.8,0.6478736658409745,-0.5521263341590255,0.15212633415902554,0.15212633415902554
2025-02-27 00:00:00,0.8,0.6,0.4011746432937719,-0.39882535670622815,0.19882535670622808,0.19882535670622808
2025-02-27 01:00:00,0.6,-0.1,0.283540247064389,-0.31645975293561096,-0.38354024706438905,0.38354024706438905
2025-02-27 02:00:00,-0.1,-0.7,-0.557171859123587,-0.457171859123587,-0.14282814087641293,0.14282814087641293
2025-02-27 03:00:00,-0.7,-1.1,-1.0312844339279015,-0.33128443392790163,-0.06871556607209861,0.06871556607209861
2025-02-27 04:00:00,-1.1,-1.3,-1.4441268971222536,-0.34412689712225364,0.14412689712225357,0.14412689712225357
2025-02-27 05:00:00,-1.3,-1.7,-1.541141626860181,-0.24114162686018098,-0.158858373139819,0.158858373139819
2025-02-27 06:00:00,-1.7,-1.9,-1.9066528187245793,-0.20665281872457922,0.006652818724579346,0.006652818724579346
2025-02-27 07:00:00,-1.9,-1.7,-1.9255715278566314,-0.02557152785663144,0.22557152785663148,0.22557152785663148
2025-02-27 08:00:00,-1.7,1.4,-0.26656987230720186,1.433430127692798,1.6665698723072018,1.6665698723072018
2025-02-27 09:00:00,1.4,4.6,4.231250690703834,2.831250690703834,0.3687493092961658,0.3687493092961658
2025-02-27 10:00:00,4.6,6.4,6.8393995143233735,2.2393995143233734,-0.4393995143233731,0.4393995143233731
2025-02-27 11:00:00,6.4,9.5,8.071035371523669,1.6710353715236692,1.428964628476331,1.428964628476331
2025-02-27 12:00:00,9.5,11.5,11.140691168598426,1.640691168598427,0.35930883140157377,0.35930883140157377
2025-02-27 13:00:00,11.5,12.8,12.315939698211032,0.815939698211032,0.4840603017889684,0.4840603017889684
2025-02-27 14:00:00,12.8,13.9,13.270090541786685,0.4700905417866839,0.6299094582133158,0.6299094582133158
2025-02-27 15:00:00,13.9,14.0,14.033236123343286,0.13323612334328652,-0.033236123343286295,0.033236123343286295
2025-02-27 16:00:00,14.0,13.1,13.262985067936821,-0.7370149320631791,-0.16298506793682144,0.16298506793682144
2025-02-27 17:00:00,13.1,11.6,11.727186076492567,-1.3728139235074337,-0.12718607649256697,0.12718607649256697
2025-02-27 18:00:00,11.6,9.6,9.923938892254423,-1.6760611077455772,-0.3239388922544233,0.3239388922544233
2025-02-27 19:00:00,9.6,8.2,8.326510751519402,-1.2734892484805977,-0.12651075151940283,0.12651075151940283
2025-02-27 20:00:00,8.2,7.4,7.243775618464017,-0.9562243815359824,0.15622438153598317,0.15622438153598317
2025-02-27 21:00:00,7.4,6.1,6.739082038114523,-0.6609179618854777,-0.6390820381145232,0.6390820381145232
2025-02-27 22:00:00,6.1,5.0,5.325140560703046,-0.7748594392969538,-0.325140560703046,0.325140560703046
2025-02-27 23:00:00,5.0,5.0,4.329166666796724,-0.6708333332032754,0.6708333332032757,0.6708333332032757
2025-02-28 00:00:00,5.0,5.1,4.724453965487344,-0.27554603451265636,0.3755460345126558,0.3755460345126558
2025-02-28 01:00:00,5.1,5.5,5.025129567237863,-0.0748704327621368,0.47487043276213736,0.47487043276213736
2025-02-28 02:00:00,5.5,5.3,5.423528554778555,-0.07647144522144515,-0.12352855477855496,0.12352855477855496
2025-02-28 03:00:00,5.3,4.3,5.058243898235205,-0.2417561017647945,-0.7582438982352055,0.7582438982352055
2025-02-28 04:00:00,4.3,3.9,3.877303886887962,-0.42269611311203753,0.022696113112037786,0.022696113112037786
2025-02-28 05:00:00,3.9,3.8,3.539420217216103,-0.3605797827838967,0.2605797827838967,0.2605797827838967
2025-02-28 06:00:00,3.8,3.9,3.6019032467267467,-0.1980967532732533,0.29809675327325325,0.29809675327325325
2025-02-28 07:00:00,3.9,4.1,4.410529399731194,0.5105293997311946,-0.31052939973119464,0.31052939973119464
2025-02-28 08:00:00,4.1,5.4,5.097137601852214,0.9971376018522149,0.30286239814778604,0.30286239814778604
2025-02-28 09:00:00,5.4,6.7,7.477683474766078,2.0776834747660775,-0.7776834747660777,0.7776834747660777
2025-02-28 10:00:00,6.7,8.4,8.45041030108639,1.7504103010863898,-0.050410301086389,0.050410301086389
2025-02-28 11:00:00,8.4,9.1,9.76307753534945,1.363077535349448,-0.6630775353494496,0.6630775353494496
2025-02-28 12:00:00,9.1,11.3,9.983561135728156,0.8835611357281554,1.316438864271845,1.316438864271845
2025-02-28 13:00:00,11.3,13.1,11.984816611568604,0.6848166115686033,1.1151833884313955,1.1151833884313955
2025-02-28 14:00:00,13.1,12.8,13.343104838536895,0.24310483853689638,-0.5431048385368946,0.5431048385368946
2025-02-28 15:00:00,12.8,13.2,12.55473660285243,-0.245263397147572,0.6452633971475699,0.6452633971475699
2025-02-28 16:00:00,13.2,13.1,12.447458595161851,-0.7525414048381485,0.6525414048381482,0.6525414048381482
2025-02-28 17:00:00,13.1,11.7,12.316847128047405,-0.7831528719525949,-0.6168471280474055,0.6168471280474055
2025-02-28 18:00:00,11.7,10.1,10.523369237976773,-1.1766307620232255,-0.4233692379767735,0.4233692379767735
2025-02-28 19:00:00,10.1,8.9,9.079626158774586,-1.0203738412254133,-0.17962615877458532,0.17962615877458532
2025-02-28 20:00:00,8.9,8.0,8.124837542160574,-0.7751624578394265,-0.12483754216057363,0.12483754216057363
2025-02-28 21:00:00,8.0,7.3,7.37596547138171,-0.6240345286182899,-0.07596547138171061,0.07596547138171061
2025-02-28 22:00:00,7.3,6.8,6.732443496722185,-0.5675565032778148,0.0675565032778147,0.0675565032778147
2025-02-28 23:00:00,6.8,6.2,6.31993151452852,-0.48006848547147996,-0.11993151452851958,0.11993151452851958
2025-03-01 00:00:00,6.2,5.4,5.792846837919065,-0.4071531620809355,-0.3928468379190644,0.3928468379190644
2025-03-01 01:00:00,5.4,5.0,4.920577702883861,-0.4794222971161394,0.0794222971161389,0.0794222971161389
2025-03-01 02:00:00,5.0,4.7,4.598431228458572,-0.4015687715414281,0.1015687715414284,0.1015687715414284
2025-03-01 03:00:00,4.7,4.2,4.364477458160253,-0.33552254183974745,-0.1644774581602526,0.1644774581602526
2025-03-01 04:00:00,4.2,3.5,3.897832895510632,-0.30216710448936834,-0.39783289551063206,0.39783289551063206
2025-03-01 05:00:00,3.5,3.4,3.1878079892731748,-0.3121920107268254,0.21219201072682514,0.21219201072682514
2025-03-01 06:00:00,3.4,3.6,3.2146094438195085,-0.1853905561804913,0.38539055618049156,0.38539055618049156
2025-03-01 07:00:00,3.6,4.1,5.0463749742189306,1.4463749742189305,-0.9463749742189309,0.9463749742189309
2025-03-01 08:00:00,4.1,5.6,5.15056761296122,1.0505676129612205,0.4494323870387795,0.4494323870387795
2025-03-01 09:00:00,5.6,6.6,7.528324671992999,1.928324671992999,-0.928324671992999,0.928324671992999
2025-03-01 10:00:00,6.6,9.3,7.858661648842072,1.2586616488420728,1.4413383511579285,1.4413383511579285
2025-03-01 11:00:00,9.3,12.2,11.201817099201199,1.9018170992011985,0.9981829007988008,0.9981829007988008
2025-03-01 12:00:00,12.2,12.8,13.33124343687341,1.1312434368734103,-0.5312434368734085,0.5312434368734085
2025-03-01 13:00:00,12.8,12.2,13.611203730252813,0.8112037302528113,-1.4112037302528133,1.4112037302528133
2025-03-01 14:00:00,12.2,11.4,12.211397413486807,0.011397413486808134,-0.8113974134868069,0.8113974134868069
2025-03-01 15:00:00,11.4,12.2,10.894913381667946,-0.5050866183320541,1.3050866183320533,1.3050866183320533
2025-03-01 16:00:00,12.2,12.5,12.011129002671364,-0.18887099732863522,0.48887099732863604,0.48887099732863604
2025-03-01 17:00:00,12.5,12.3,11.9005734057907,-0.5994265942092994,0.3994265942093005,0.3994265942093005
2025-03-01 18:00:00,12.3,11.3,11.55807361523211,-0.7419263847678892,-0.25807361523211014,0.25807361523211014
2025-03-01 19:00:00,11.3,10.2,10.662512533400223,-0.637487466599778,-0.4625125334002238,0.4625125334002238
2025-03-01 20:00:00,10.2,9.5,9.415877498114005,-0.7841225018859944,0.0841225018859948,0.0841225018859948
2025-03-01 21:00:00,9.5,9.1,8.925558713098582,-0.5744412869014192,0.17444128690141802,0.17444128690141802
2025-03-01 22:00:00,9.1,9.4,8.636592489200352,-0.46340751079964754,0.7634075107996487,0.7634075107996487
2025-03-01 23:00:00,9.4,9.0,9.415867562135947,0.015867562135946364,-0.4158675621359471,0.4158675621359471
2025-03-02 00:00:00,9.0,8.5,8.629357721725203,-0.37064227827479634,-0.12935772172520288,0.12935772172520288
2025-03-02 01:00:00,8.5,8.7,8.100917565604743,-0.3990824343952568,0.5990824343952568,0.5990824343952568
2025-03-02 02:00:00,8.7,8.6,8.64017477770513,-0.059825222294869,-0.04017477770513089,0.04017477770513089
2025-03-02 03:00:00,8.6,8.6,8.395917482882314,-0.20408251711768555,0.2040825171176852,0.2040825171176852
2025-03-02 04:00:00,8.6,8.6,8.506677121231165,-0.09332287876883434,0.09332287876883427,0.09332287876883427
2025-03-02 05:00:00,8.6,8.5,8.5002076872169,-0.09979231278309891,-0.00020768721689989889,0.00020768721689989889
2025-03-02 06:00:00,8.5,8.4,8.334476812829571,-0.1655231871704281,0.06552318717042915,0.06552318717042915
2025-03-02 07:00:00,8.4,8.6,8.959405640330088,0.5594056403300883,-0.35940564033008826,0.35940564033008826
2025-03-02 08:00:00,8.6,9.0,9.500002316797023,0.9000023167970225,-0.5000023167970227,0.5000023167970227
2025-03-02 09:00:00,9.0,10.4,9.893794604317266,0.8937946043172665,0.5062053956827341,0.5062053956827341
2025-03-02 10:00:00,10.4,11.7,11.57229021238399,1.1722902123839907,0.12770978761600915,0.12770978761600915
2025-03-02 11:00:00,11.7,13.6,12.960703440166139,1.2607034401661388,0.6392965598338609,0.6392965598338609
2025-03-02 12:00:00,13.6,15.3,14.566705194555247,0.9667051945552474,0.7332948054447535,0.7332948054447535
2025-03-02 13:00:00,15.3,14.6,15.857080692939954,0.5570806929399539,-1.2570806929399545,1.2570806929399545
2025-03-02 14:00:00,14.6,13.5,13.868364700461143,-0.7316352995388571,-0.368364700461143,0.368364700461143
2025-03-02 15:00:00,13.5,10.3,13.128688664011701,-0.37131133598829963,-2.8286886640117004,2.8286886640117004
2025-03-02 16:00:00,10.3,7.9,9.118328929780041,-1.1816710702199587,-1.218328929780041,1.218328929780041
2025-03-02 17:00:00,7.9,7.1,7.064388101281413,-0.835611898718588,0.03561189871858694,0.03561189871858694
2025-03-02 18:00:00,7.1,5.8,6.613862172333871,-0.48613782766612873,-0.813862172333871,0.813862172333871
2025-03-02 19:00:00,5.8,4.8,4.999494871700328,-0.8005051282996719,-0.19949487170032842,0.19949487170032842
2025-03-02 20:00:00,4.8,4.2,4.043780906433531,-0.7562190935664691,0.15621909356646935,0.15621909356646935
2025-03-02 21:00:00,4.2,3.6,3.767818158749653,-0.4321818412503472,-0.167818158749653,0.167818158749653
2025-03-02 22:00:00,3.6,3.1,3.097470654590488,-0.5025293454095121,0.002529345409512107,0.002529345409512107
2025-03-02 23:00:00,3.1,2.2,2.6123873267560356,-0.4876126732439644,-0.4123873267560354,0.4123873267560354
2025-03-03 00:00:00,2.2,2.0,1.6102078470491359,-0.5897921529508643,0.3897921529508641,0.3897921529508641
2025-03-03 01:00:00,2.0,1.8,1.7286870994187513,-0.27131290058124874,0.07131290058124873,0.07131290058124873
2025-03-03 02:00:00,1.8,1.7,1.5828376627400231,-0.21716233725997683,0.11716233725997682,0.11716233725997682
2025-03-03 03:00:00,1.7,1.6,1.555706824154314,-0.14429317584568604,0.04429317584568615,0.04429317584568615
2025-03-03 04:00:00,1.6,1.2,1.3929757152035345,-0.20702428479646554,-0.19297571520353451,0.19297571520353451
2025-03-03 05:00:00,1.2,1.2,0.8342603921511289,-0.3657396078488711,0.36573960784887105,0.36573960784887105
2025-03-03 06:00:00,1.2,1.1,1.0449168671458515,-0.15508313285414838,0.055083132854148564,0.055083132854148564
2025-03-03 07:00:00,1.1,1.8,1.427271154281251,0.3272711542812511,0.372728845718749,0.372728845718749
2025-03-03 08:00:00,1.8,2.6,3.01205961589913,1.2120596158991301,-0.4120596158991301,0.4120596158991301
2025-03-03 09:00:00,2.6,3.2,3.7120812125663827,1.1120812125663828,-0.5120812125663825,0.5120812125663825
2025-03-03 10:00:00,3.2,4.7,3.726486736402956,0.5264867364029556,0.9735132635970443,0.9735132635970443
2025-03-03 11:00:00,4.7,6.3,5.808460262524026,1.1084602625240254,0.491539737475974,0.491539737475974
2025-03-03 12:00:00,6.3,6.9,7.209073983597872,0.9090739835978716,-0.3090739835978713,0.3090739835978713
2025-03-03 13:00:00,6.9,6.8,7.566231355032094,0.6662313550320935,-0.7662313550320938,0.7662313550320938
2025-03-03 14:00:00,6.8,6.6,6.903049390207066,0.10304939020706623,-0.30304939020706634,0.30304939020706634
2025-03-03 15:00:00,6.6,5.6,6.364267504297535,-0.23573249570246432,-0.7642675042975355,0.7642675042975355
2025-03-03 16:00:00,5.6,4.7,4.704033075161121,-0.8959669248388791,-0.004033075161120614,0.004033075161120614
2025-03-03 17:00:00,4.7,3.6,3.4577575217734595,-1.2422424782265407,0.14224247822654057,0.14224247822654057
2025-03-03 18:00:00,3.6,2.7,2.771668324682444,-0.8283316753175559,-0.07166832468244388,0.07166832468244388
2025-03-03 19:00:00,2.7,2.0,2.022127617410622,-0.6778723825893781,-0.02212761741062197,0.02212761741062197
2025-03-03 20:00:00,2.0,1.6,1.2938882859608918,-0.7061117140391083,0.3061117140391083,0.3061117140391083
2025-03-03 21:00:00,1.6,1.4,1.127163634396138,-0.47283636560386216,0.27283636560386193,0.27283636560386193
2025-03-03 22:00:00,1.4,1.2,1.0703082786892657,-0.32969172131073426,0.12969172131073425,0.12969172131073425
2025-03-03 23:00:00,1.2,1.3,0.8792013142686986,-0.3207986857313013,0.4207986857313014,0.4207986857313014
2025-03-04 00:00:00,1.3,1.3,1.1156264276254981,-0.1843735723745019,0.18437357237450192,0.18437357237450192
2025-03-04 01:00:00,1.3,1.5,1.164188793848729,-0.13581120615127099,0.335811206151271,0.335811206151271
2025-03-04 02:00:00,1.5,1.6,1.4632399354277343,-0.03676006457226564,0.13676006457226575,0.13676006457226575
2025-03-04 03:00:00,1.6,1.6,1.552411425447934,-0.047588574552066144,0.04758857455206611,0.04758857455206611
2025-03-04 04:00:00,1.6,1.7,1.4726839131980562,-0.1273160868019438,0.2273160868019437,0.2273160868019437
2025-03-04 05:00:00,1.7,2.0,1.614660965724105,-0.08533903427589505,0.3853390342758951,0.3853390342758951
2025-03-04 06:00:00,2.0,2.2,2.0544694095317966,0.054469409531796645,0.1455305904682036,0.1455305904682036
2025-03-04 07:00:00,2.2,2.4,2.7822069643216696,0.5822069643216695,-0.3822069643216697,0.3822069643216697
2025-03-04 08:00:00,2.4,2.8,3.15946314468792,0.75946314468792,-0.3594631446879202,0.3594631446879202
2025-03-04 09:00:00,2.8,1.1,3.6449542687180476,0.8449542687180479,-2.5449542687180475,2.5449542687180475
2025-03-04 10:00:00,1.1,1.0,0.6037803518655379,-0.4962196481344622,0.3962196481344621,0.3962196481344621
2025-03-04 11:00:00,1.0,1.1,1.2053126768414388,0.20531267684143875,-0.10531267684143875,0.10531267684143875
2025-03-04 12:00:00,1.1,1.6,1.2869813864351962,0.1869813864351961,0.31301861356480387,0.31301861356480387
2025-03-04 13:00:00,1.6,2.3,1.8697611147128057,0.2697611147128056,0.4302388852871941,0.4302388852871941
2025-03-04 14:00:00,2.3,2.4,2.492295630253174,0.19229563025317417,-0.09229563025317411,0.09229563025317411
2025-03-04 15:00:00,2.4,2.6,2.3937883161170523,-0.006211683882947427,0.20621168388294775,0.20621168388294775
2025-03-04 16:00:00,2.6,3.2,2.8719829876297127,0.2719829876297125,0.32801701237028746,0.32801701237028746
2025-03-04 17:00:00,3.2,3.3,2.980459989335845,-0.21954001066415527,0.3195400106641548,0.3195400106641548
2025-03-04 18:00:00,3.3,3.1,3.024859165362193,-0.275140834637807,0.07514083463780707,0.07514083463780707
2025-03-04 19:00:00,3.1,3.3,2.721561176725968,-0.37843882327403205,0.5784388232740318,0.5784388232740318
2025-03-04 20:00:00,3.3,3.4,2.993968468045579,-0.30603153195442107,0.406031531954421,0.406031531954421
2025-03-04 21:00:00,3.4,3.4,3.3443315344198488,-0.05566846558015135,0.05566846558015115,0.05566846558015115
2025-03-04 22:00:00,3.4,3.4,3.31578022754988,-0.08421977245011983,0.08421977245011991,0.08421977245011991
2025-03-04 23:00:00,3.4,3.2,3.3044414137636684,-0.09555858623633151,-0.10444141376366822,0.10444141376366822
2025-03-05 00:00:00,3.2,2.9,2.971460863090521,-0.2285391369094795,-0.07146086309052091,0.07146086309052091
2025-03-05 01:00:00,2.9,2.9,2.6069094513962576,-0.2930905486037422,0.2930905486037423,0.2930905486037423
2025-03-05 02:00:00,2.9,2.6,2.7498327271130014,-0.15016727288699833,-0.14983272711300133,0.14983272711300133
2025-03-05 03:00:00,2.6,2.5,2.3463034691953397,-0.2536965308046604,0.15369653080466028,0.15369653080466028
2025-03-05 04:00:00,2.5,2.4,2.3329642978617064,-0.1670357021382934,0.06703570213829346,0.06703570213829346
2025-03-05 05:00:00,2.4,2.4,2.2334731029190973,-0.1665268970809027,0.16652689708090262,0.16652689708090262
2025-03-05 06:00:00,2.4,2.4,2.3416492134159927,-0.058350786584007115,0.058350786584007164,0.058350786584007164
2025-03-05 07:00:00,2.4,2.6,3.066224776697145,0.6662247766971449,-0.4662247766971448,0.4662247766971448
2025-03-05 08:00:00,2.6,3.2,3.536281498590408,0.9362814985904075,-0.3362814985904077,0.3362814985904077
2025-03-05 09:00:00,3.2,4.1,4.3562586696556265,1.156258669655626,-0.2562586696556268,0.2562586696556268
2025-03-05 10:00:00,4.1,5.2,5.258396998074149,1.1583969980741493,-0.058396998074148776,0.058396998074148776
2025-03-05 11:00:00,5.2,5.8,6.343626349380373,1.1436263493803727,-0.5436263493803732,0.5436263493803732
2025-03-05 12:00:00,5.8,6.2,6.489585467055177,0.6895854670551764,-0.2895854670551765,0.2895854670551765
2025-03-05 13:00:00,6.2,7.3,6.93358339288385,0.7335833928838499,0.36641660711614943,0.36641660711614943
2025-03-05 14:00:00,7.3,8.1,7.621145929724001,0.32114592972400163,0.47885407027599847,0.47885407027599847
2025-03-05 15:00:00,8.1,8.8,8.115525811023938,0.015525811023937972,0.684474188976063,0.684474188976063
2025-03-05 16:00:00,8.8,8.9,8.039274922171806,-0.760725077828194,0.8607250778281941,0.8607250778281941
2025-03-05 17:00:00,8.9,7.8,7.9389966457399845,-0.9610033542600159,-0.13899664573998471,0.13899664573998471
2025-03-05 18:00:00,7.8,6.6,6.716616965606663,-1.0833830343933362,-0.11661696560666357,0.11661696560666357
2025-03-05 19:00:00,6.6,5.8,5.468269898023082,-1.1317301019769177,0.3317301019769179,0.3317301019769179
2025-03-05 20:00:00,5.8,5.2,5.167145678623575,-0.6328543213764249,0.03285432137642541,0.03285432137642541
2025-03-05 21:00:00,5.2,4.5,4.6870272466451315,-0.5129727533548688,-0.18702724664513148,0.18702724664513148
2025-03-05 22:00:00,4.5,4.0,3.9439587255264863,-0.5560412744735136,0.0560412744735137,0.0560412744735137
2025-03-05 23:00:00,4.0,3.5,3.5798635855345085,-0.4201364144654914,-0.07986358553450845,0.07986358553450845
2025-03-06 00:00:00,3.5,2.8,3.0575465564881017,-0.4424534435118982,-0.2575465564881019,0.2575465564881019
2025-03-06 01:00:00,2.8,2.0,2.260697861031928,-0.5393021389680718,-0.26069786103192794,0.26069786103192794
2025-03-06 02:00:00,2.0,1.5,1.4794567292927274,-0.5205432707072727,0.020543270707272576,0.020543270707272576
2025-03-06 03:00:00,1.5,1.0,1.0788707497044419,-0.42112925029555826,-0.07887074970444186,0.07887074970444186
2025-03-06 04:00:00,1.0,0.6,0.6382360436985463,-0.36176395630145375,-0.038236043698546274,0.038236043698546274
2025-03-06 05:00:00,0.6,0.3,0.2262140228056817,-0.3737859771943183,0.07378597719431829,0.07378597719431829
2025-03-06 06:00:00,0.3,-0.3,0.09516770836720509,-0.2048322916327949,-0.39516770836720505,0.39516770836720505
2025-03-06 07:00:00,-0.3,0.1,-0.14694365857004787,0.15305634142995211,0.24694365857004788,0.24694365857004788
2025-03-06 08:00:00,0.1,2.1,2.2666838326218772,2.166683832621877,-0.16668383262187714,0.16668383262187714
2025-03-06 09:00:00,2.1,4.3,4.760285379524708,2.6602853795247077,-0.4602853795247084,0.4602853795247084
2025-03-06 10:00:00,4.3,6.8,6.431981115892624,2.1319811158926236,0.36801888410737593,0.36801888410737593
2025-03-06 11:00:00,6.8,7.6,8.61869053168755,1.8186905316875497,-1.0186905316875503,1.0186905316875503
2025-03-06 12:00:00,7.6,8.6,8.836126806363467,1.2361268063634665,-0.23612680636346717,0.23612680636346717
2025-03-06 13:00:00,8.6,9.3,9.336403312648216,0.7364033126482157,-0.036403312648214836,0.036403312648214836
2025-03-06 14:00:00,9.3,9.8,9.56537433607389,0.26537433607389077,0.23462566392610995,0.23462566392610995
2025-03-06 15:00:00,9.8,10.3,9.620209890843523,-0.17979010915647864,0.6797901091564782,0.6797901091564782
2025-03-06 16:00:00,10.3,9.6,9.605299075730336,-0.6947009242696643,-0.005299075730336611,0.005299075730336611
2025-03-06 17:00:00,9.6,8.6,8.372363965042757,-1.2276360349572433,0.22763603495724283,0.22763603495724283
2025-03-06 18:00:00,8.6,7.2,7.535750293502891,-1.064249706497109,-0.33575029350289043,0.33575029350289043
2025-03-06 19:00:00,7.2,6.3,6.0286840129680535,-1.1713159870319472,0.27131598703194637,0.27131598703194637
2025-03-06 20:00:00,6.3,5.6,5.504555016478527,-0.7954449835214726,0.09544498352147279,0.09544498352147279
2025-03-06 21:00:00,5.6,4.8,4.938842814799911,-0.661157185200088,-0.13884281479991145,0.13884281479991145
2025-03-06 22:00:00,4.8,3.8,4.178897889740482,-0.6211021102595177,-0.37889788974048244,0.37889788974048244
2025-03-06 23:00:00,3.8,3.2,3.066821139571056,-0.7331788604289436,0.1331788604289441,0.1331788604289441
2025-03-07 00:00:00,3.2,2.3,2.7249451163197733,-0.475054883680227,-0.4249451163197735,0.4249451163197735
2025-03-07 01:00:00,2.3,1.7,1.659665530266861,-0.6403344697331389,0.04033446973313892,0.04033446973313892
2025-03-07 02:00:00,1.7,1.2,1.2798224973555095,-0.4201775026444905,-0.0798224973555095,0.0798224973555095
2025-03-07 03:00:00,1.2,0.9,0.7670657705340564,-0.4329342294659435,0.13293422946594358,0.13293422946594358
2025-03-07 04:00:00,0.9,0.6,0.5560600526760403,-0.3439399473239597,0.04393994732395967,0.04393994732395967
2025-03-07 05:00:00,0.6,0.4,0.31562150605737327,-0.2843784939426267,0.08437849394262675,0.08437849394262675
2025-03-07 06:00:00,0.4,0.1,0.20822269181318892,-0.1917773081868111,-0.10822269181318891,0.10822269181318891
2025-03-07 07:00:00,0.1,0.4,0.7288955251713288,0.6288955251713289,-0.3288955251713288,0.3288955251713288
2025-03-07 08:00:00,0.4,3.0,1.9108670551908178,1.5108670551908179,1.0891329448091822,1.0891329448091822
2025-03-07 09:00:00,3.0,5.1,5.319087393463173,2.3190873934631733,-0.21908739346317319,0.21908739346317319
2025-03-07 10:00:00,5.1,7.4,6.972750585491367,1.8727505854913673,0.4272494145086334,0.4272494145086334
2025-03-07 11:00:00,7.4,8.8,9.344650118944392,1.9446501189443917,-0.5446501189443911,0.5446501189443911
2025-03-07 12:00:00,8.8,10.0,10.207916351216879,1.4079163512168773,-0.20791635121687868,0.20791635121687868
2025-03-07 13:00:00,10.0,10.4,10.77928700749868,0.7792870074986805,-0.3792870074986805,0.3792870074986805
2025-03-07 14:00:00,10.4,10.7,10.721345322378578,0.32134532237857855,-0.021345322378579112,0.021345322378579112
2025-03-07 15:00:00,10.7,11.1,10.626537676667677,-0.07346232333232278,0.4734623233323223,0.4734623233323223
2025-03-07 16:00:00,11.1,9.4,10.3276569041012,-0.7723430958987996,-0.9276569041011999,0.9276569041011999
2025-03-07 17:00:00,9.4,8.1,7.966742997280878,-1.4332570027191216,0.13325700271912133,0.13325700271912133
2025-03-07 18:00:00,8.1,6.9,6.823005771682356,-1.2769942283176445,0.0769942283176448,0.0769942283176448
2025-03-07 19:00:00,6.9,6.3,5.914010968510819,-0.9859890314891815,0.3859890314891805,0.3859890314891805
2025-03-07 20:00:00,6.3,5.6,5.715114384465966,-0.5848856155340331,-0.11511438446596678,0.11511438446596678
2025-03-07 21:00:00,5.6,5.0,4.97308268466017,-0.6269173153398299,0.026917315339829884,0.026917315339829884
2025-03-07 22:00:00,5.0,4.7,4.563071197932786,-0.4369288020672146,0.13692880206721458,0.13692880206721458
2025-03-07 23:00:00,4.7,4.4,4.3119614377355155,-0.3880385622644848,0.08803856226448481,0.08803856226448481
2025-03-08 00:00:00,4.4,4.4,4.0731010756891335,-0.32689892431086714,0.32689892431086687,0.32689892431086687
2025-03-08 01:00:00,4.4,4.3,4.248293268158779,-0.15170673184122085,0.051706731841220765,0.051706731841220765
2025-03-08 02:00:00,4.3,4.2,4.1015395485493125,-0.198460451450687,0.09846045145068771,0.09846045145068771
2025-03-08 03:00:00,4.2,3.6,4.009786369572175,-0.19021363042782563,-0.4097863695721746,0.4097863695721746
2025-03-08 04:00:00,3.6,3.5,3.270811005736555,-0.3291889942634452,0.22918899426344508,0.22918899426344508
2025-03-08 05:00:00,3.5,3.3,3.273377133171521,-0.22662286682847912,0.02662286682847892,0.02662286682847892
2025-03-08 06:00:00,3.3,3.1,3.11400092436812,-0.18599907563187948,-0.01400092436812006,0.01400092436812006
2025-03-08 07:00:00,3.1,2.8,3.9324016338642127,0.8324016338642127,-1.1324016338642129,1.1324016338642129
2025-03-08 08:00:00,2.8,3.9,3.823247588808797,1.0232475888087973,0.0767524111912028,0.0767524111912028
2025-03-08 09:00:00,3.9,5.9,6.192654029264826,2.292654029264826,-0.29265402926482587,0.29265402926482587
2025-03-08 10:00:00,5.9,7.0,7.829550008232851,1.929550008232851,-0.8295500082328511,0.8295500082328511
2025-03-08 11:00:00,7.0,8.7,8.308991899272746,1.3089918992727463,0.39100810072725345,0.39100810072725345
2025-03-08 12:00:00,8.7,10.3,9.783359938019451,1.0833599380194512,0.5166400619805493,0.5166400619805493
2025-03-08 13:00:00,10.3,10.9,11.001814205164836,0.7018142051648352,-0.10181420516483541,0.10181420516483541
2025-03-08 14:00:00,10.9,10.7,10.978317668768092,0.07831766876809189,-0.27831766876809283,0.27831766876809283
2025-03-08 15:00:00,10.7,10.1,10.509177957718428,-0.1908220422815704,-0.4091779577184287,0.4091779577184287
2025-03-08 16:00:00,10.1,9.0,9.322908070186067,-0.7770919298139337,-0.3229080701860667,0.3229080701860667
2025-03-08 17:00:00,9.0,7.2,7.7093980205912445,-1.2906019794087553,-0.5093980205912443,0.5093980205912443
2025-03-08 18:00:00,7.2,6.2,6.11534977817192,-1.0846502218280807,0.08465022182808024,0.08465022182808024
2025-03-08 19:00:00,6.2,5.6,5.379641269353578,-0.8203587306464223,0.22035873064642164,0.22035873064642164
2025-03-08 20:00:00,5.6,4.9,5.017898849388761,-0.5821011506112392,-0.1178988493887605,0.1178988493887605
2025-03-08 21:00:00,4.9,4.4,4.318106530603213,-0.5818934693967872,0.08189346939678721,0.08189346939678721
2025-03-08 22:00:00,4.4,4.0,3.956959596203087,-0.4430404037969134,0.04304040379691321,0.04304040379691321
2025-03-08 23:00:00,4.0,3.7,3.6024247761441983,-0.3975752238558016,0.09757522385580186,0.09757522385580186
2025-03-09 00:00:00,3.7,3.2,3.3542156437847033,-0.34578435621529674,-0.1542156437847031,0.1542156437847031
2025-03-09 01:00:00,3.2,2.9,2.7899564327139865,-0.4100435672860138,0.11004356728601339,0.11004356728601339
2025-03-09 02:00:00,2.9,2.6,2.5862098577331323,-0.31379014226686774,0.01379014226686781,0.01379014226686781
2025-03-09 03:00:00,2.6,2.4,2.30214135896655,-0.29785864103344994,0.09785864103344988,0.09785864103344988
2025-03-09 04:00:00,2.4,2.1,2.1358378232543034,-0.2641621767456966,-0.03583782325430329,0.03583782325430329
2025-03-09 05:00:00,2.1,1.7,1.8273588710115645,-0.2726411289884357,-0.1273588710115645,0.1273588710115645
2025-03-09 06:00:00,1.7,1.3,1.4962909549576997,-0.2037090450423003,-0.19629095495769966,0.19629095495769966
2025-03-09 07:00:00,1.3,1.4,1.9162130660877499,0.6162130660877497,-0.51621306608775,0.51621306608775
2025-03-09 08:00:00,1.4,3.7,2.531623070479833,1.131623070479833,1.1683769295201674,1.1683769295201674
2025-03-09 09:00:00,3.7,6.4,6.27939548583587,2.5793954858358705,0.1206045141641301,0.1206045141641301
2025-03-09 10:00:00,6.4,8.2,8.773638172422604,2.3736381724226034,-0.573638172422605,0.573638172422605
2025-03-09 11:00:00,8.2,10.5,9.866343066883859,1.66634306688386,0.633656933116141,0.633656933116141
2025-03-09 12:00:00,10.5,12.1,11.647628273969104,1.1476282739691035,0.45237172603089526,0.45237172603089526
2025-03-09 13:00:00,12.1,12.8,12.996124701142636,0.8961247011426362,-0.1961247011426348,0.1961247011426348
2025-03-09 14:00:00,12.8,13.4,13.17948959680683,0.37948959680682987,0.2205104031931704,0.2205104031931704
2025-03-09 15:00:00,13.4,13.2,13.272911655163803,-0.12708834483619708,-0.0729116551638036,0.0729116551638036
2025-03-09 16:00:00,13.2,13.3,12.325895630151038,-0.8741043698489606,0.9741043698489626,0.9741043698489626
2025-03-09 17:00:00,13.3,11.4,11.933822659492614,-1.3661773405073865,-0.5338226594926141,0.5338226594926141
2025-03-09 18:00:00,11.4,9.5,9.825183564899787,-1.5748164351002143,-0.3251835648997865,0.3251835648997865
2025-03-09 19:00:00,9.5,7.8,8.36936595104022,-1.1306340489597815,-0.5693659510402194,0.5693659510402194
2025-03-09 20:00:00,7.8,7.1,6.800783962065162,-0.9992160379348379,0.29921603793483786,0.29921603793483786
2025-03-09 21:00:00,7.1,6.2,6.5477829366668585,-0.5522170633331412,-0.34778293666685833,0.34778293666685833
2025-03-09 22:00:00,6.2,5.6,5.614027233137197,-0.5859727668628038,-0.014027233137197115,0.014027233137197115
2025-03-09 23:00:00,5.6,5.0,5.098155942912756,-0.5018440570872431,-0.09815594291275609,0.09815594291275609
2025-03-10 00:00:00,5.0,4.6,4.580127947782902,-0.4198720522170978,0.019872052217097647,0.019872052217097647
2025-03-10 01:00:00,4.6,4.0,4.207001160757522,-0.39299883924247786,-0.20700116075752195,0.20700116075752195
2025-03-10 02:00:00,4.0,3.6,3.5997105915550636,-0.4002894084449363,0.00028940844493652307,0.00028940844493652307
2025-03-10 03:00:00,3.6,3.2,3.2273975227915592,-0.3726024772084407,-0.027397522791559048,0.027397522791559048
2025-03-10 04:00:00,3.2,2.7,2.883450077415335,-0.31654992258466547,-0.1834500774153347,0.1834500774153347
2025-03-10 05:00:00,2.7,2.4,2.390265132619077,-0.3097348673809231,0.009734867380922996,0.009734867380922996
2025-03-10 06:00:00,2.4,2.4,2.229093193891339,-0.17090680610866074,0.1709068061086607,0.1709068061086607
2025-03-10 07:00:00,2.4,2.8,3.3662089880967354,0.9662089880967354,-0.5662089880967356,0.5662089880967356
2025-03-10 08:00:00,2.8,5.3,4.643165499219542,1.8431654992195423,0.6568345007804579,0.6568345007804579
2025-03-10 09:00:00,5.3,8.2,7.81183732297362,2.5118373229736206,0.3881626770263793,0.3881626770263793
2025-03-10 10:00:00,8.2,10.8,10.47385747446356,2.273857474463562,0.3261425255364401,0.3261425255364401
2025-03-10 11:00:00,10.8,12.9,12.89677485771871,2.096774857718708,0.0032251422812912267,0.0032251422812912267
2025-03-10 12:00:00,12.9,13.8,14.285188612415567,1.3851886124155663,-0.4851886124155662,0.4851886124155662
2025-03-10 13:00:00,13.8,14.3,14.682436028412454,0.8824360284124533,-0.38243602841245306,0.38243602841245306
2025-03-10 14:00:00,14.3,14.8,14.529178394521328,0.22917839452132763,0.2708216054786732,0.2708216054786732
2025-03-10 15:00:00,14.8,14.1,14.772698150944002,-0.027301849055997536,-0.6726981509440026,0.6726981509440026
2025-03-10 16:00:00,14.1,13.2,13.255886597812,-0.8441134021880002,-0.055886597812000005,0.055886597812000005
2025-03-10 17:00:00,13.2,11.9,11.751242032197776,-1.4487579678022222,0.14875796780222394,0.14875796780222394
2025-03-10 18:00:00,11.9,10.1,10.292025390129742,-1.6079746098702579,-0.19202539012974285,0.19202539012974285
2025-03-10 19:00:00,10.1,8.7,8.917113094305767,-1.1828869056942322,-0.21711309430576797,0.21711309430576797
2025-03-10 20:00:00,8.7,7.6,7.709491875878458,-0.990508124121542,-0.10949187587845799,0.10949187587845799
2025-03-10 21:00:00,7.6,6.9,6.8575117251058755,-0.7424882748941244,0.04248827489412488,0.04248827489412488
2025-03-10 22:00:00,6.9,5.9,6.336522118820338,-0.563477881179662,-0.43652211882033765,0.43652211882033765
2025-03-10 23:00:00,5.9,5.4,5.452486376970581,-0.4475136230294194,-0.052486376970581006,0.052486376970581006
2025-03-11 00:00:00,5.4,4.9,4.961108850229157,-0.4388911497708436,-0.06110885022915635,0.06110885022915635
2025-03-11 01:00:00,4.9,4.6,4.472608715495148,-0.4273912845048525,0.12739128450485193,0.12739128450485193
2025-03-11 02:00:00,4.6,4.1,4.269837340691568,-0.3301626593084314,-0.16983734069156853,0.16983734069156853
2025-03-11 03:00:00,4.1,3.8,3.7378741394735506,-0.36212586052644896,0.062125860526449195,0.062125860526449195
2025-03-11 04:00:00,3.8,3.5,3.4909262397655336,-0.3090737602344662,0.009073760234466377,0.009073760234466377
2025-03-11 05:00:00,3.5,3.4,3.1981726524256224,-0.30182734757437774,0.20182734757437748,0.20182734757437748
2025-03-11 06:00:00,3.4,2.9,3.232248074559296,-0.16775192544070403,-0.33224807455929595,0.33224807455929595
2025-03-11 07:00:00,2.9,3.8,3.1772051849756737,0.2772051849756739,0.6227948150243261,0.6227948150243261
2025-03-11 08:00:00,3.8,6.3,5.864090077659125,2.0640900776591256,0.43590992234087445,0.43590992234087445
2025-03-11 09:00:00,6.3,8.8,8.746252319407708,2.446252319407708,0.05374768059229318,0.05374768059229318
2025-03-11 10:00:00,8.8,11.2,10.965337068685109,2.1653370686851092,0.23466293131489024,0.23466293131489024
2025-03-11 11:00:00,11.2,13.4,12.888321715046853,1.6883217150468532,0.5116782849531472,0.5116782849531472
2025-03-11 12:00:00,13.4,14.6,14.773706671142932,1.3737066711429327,-0.17370667114293248,0.17370667114293248
2025-03-11 13:00:00,14.6,15.6,15.344154602529848,0.7441546025298479,0.2558453974701518,0.2558453974701518
2025-03-11 14:00:00,15.6,16.4,16.026441896973374,0.42644189697337326,0.3735581030266246,0.3735581030266246
2025-03-11 15:00:00,16.4,16.2,16.314703145404536,-0.08529685459546106,-0.11470314540453685,0.11470314540453685
2025-03-11 16:00:00,16.2,15.4,15.474544072464848,-0.7254559275351504,-0.07454407246484784,0.07454407246484784
2025-03-11 17:00:00,15.4,13.9,14.186168152742795,-1.2138318472572058,-0.2861681527427944,0.2861681527427944
2025-03-11 18:00:00,13.9,12.0,12.3555309314525,-1.5444690685474998,-0.3555309314525008,0.3555309314525008
2025-03-11 19:00:00,12.0,10.6,10.74931332227365,-1.250686677726349,-0.14931332227365068,0.14931332227365068
2025-03-11 20:00:00,10.6,9.6,9.597644001752357,-1.0023559982476415,0.0023559982476424324,0.0023559982476424324
2025-03-11 21:00:00,9.6,9.1,8.874796354782395,-0.7252036452176036,0.22520364521760428,0.22520364521760428
2025-03-11 22:00:00,9.1,8.9,8.67892882959712,-0.4210711704028782,0.2210711704028796,0.2210711704028796
2025-03-11 23:00:00,8.9,8.1,8.443221458412813,-0.45677854158718667,-0.34322145841281326,0.34322145841281326
2025-03-12 00:00:00,8.1,7.7,7.644900390679402,-0.45509960932059684,0.055099609320597764,0.055099609320597764
2025-03-12 01:00:00,7.7,7.6,7.37864810991612,-0.3213518900838802,0.2213518900838798,0.2213518900838798
2025-03-12 02:00:00,7.6,7.1,7.345309824256848,-0.254690175743152,-0.24530982425684833,0.24530982425684833
2025-03-12 03:00:00,7.1,7.0,6.720294988704587,-0.37970501129541295,0.27970501129541336,0.27970501129541336
2025-03-12 04:00:00,7.0,6.9,6.732926650172589,-0.2670733498274115,0.16707334982741173,0.16707334982741173
2025-03-12 05:00:00,6.9,6.7,6.718989980570822,-0.18101001942917805,-0.01898998057082224,0.01898998057082224
2025-03-12 06:00:00,6.7,7.0,6.541561196307251,-0.15843880369274874,0.4584388036927489,0.4584388036927489
2025-03-12 07:00:00,7.0,7.4,8.192923929608284,1.1929239296082845,-0.7929239296082837,0.7929239296082837
2025-03-12 08:00:00,7.4,8.6,8.343420231606382,0.9434202316063816,0.2565797683936175,0.2565797683936175
2025-03-12 09:00:00,8.6,9.5,10.553385667437736,1.953385667437736,-1.0533856674377358,1.0533856674377358
2025-03-12 10:00:00,9.5,10.5,10.71097393584544,1.2109739358454397,-0.21097393584543944,0.21097393584543944
2025-03-12 11:00:00,10.5,11.4,11.662467145836288,1.162467145836288,-0.26246714583628794,0.26246714583628794
2025-03-12 12:00:00,11.4,11.5,11.765223956266698,0.3652239562666976,-0.2652239562666985,0.2652239562666985
2025-03-12 13:00:00,11.5,11.6,11.691824632990864,0.19182463299086341,-0.09182463299086407,0.09182463299086407
2025-03-12 14:00:00,11.6,11.0,11.616840713299657,0.016840713299657032,-0.6168407132996574,0.6168407132996574
2025-03-12 15:00:00,11.0,10.2,10.805684942737342,-0.19431505726265835,-0.6056849427373425,0.6056849427373425
2025-03-12 16:00:00,10.2,9.3,9.57172640163059,-0.6282735983694087,-0.27172640163058936,0.27172640163058936
2025-03-12 17:00:00,9.3,8.7,8.574230080064316,-0.7257699199356846,0.1257699199356832,0.1257699199356832
2025-03-12 18:00:00,8.7,8.4,8.26807212879028,-0.4319278712097195,0.1319278712097205,0.1319278712097205
2025-03-12 19:00:00,8.4,8.1,8.18069848549121,-0.21930151450879068,-0.08069848549120984,0.08069848549120984
2025-03-12 20:00:00,8.1,7.9,7.81083482780296,-0.28916517219703974,0.08916517219704012,0.08916517219704012
2025-03-12 21:00:00,7.9,7.9,7.653438052659425,-0.24656194734057577,0.24656194734057557,0.24656194734057557
2025-03-12 22:00:00,7.9,7.6,7.723826688331777,-0.1761733116682229,-0.12382668833177757,0.12382668833177757
2025-03-12 23:00:00,7.6,6.7,7.317968133272692,-0.2820318667273079,-0.6179681332726918,0.6179681332726918
2025-03-13 00:00:00,6.7,5.9,6.06349730963821,-0.63650269036179,-0.16349730963820974,0.16349730963820974
2025-03-13 01:00:00,5.9,5.5,5.3911620146341095,-0.5088379853658911,0.10883798536589051,0.10883798536589051
2025-03-13 02:00:00,5.5,5.0,5.117886310158742,-0.3821136898412584,-0.11788631015874174,0.11788631015874174
2025-03-13 03:00:00,5.0,4.4,4.585555161148661,-0.4144448388513387,-0.18555516114866055,0.18555516114866055
2025-03-13 04:00:00,4.4,4.0,4.012876900992598,-0.3871230990074022,-0.012876900992598195,0.012876900992598195
2025-03-13 05:00:00,4.0,3.4,3.664390167984094,-0.33560983201590605,-0.26439016798409387,0.26439016798409387
2025-03-13 06:00:00,3.4,3.3,3.2511253082660407,-0.14887469173395898,0.048874691733959086,0.048874691733959086
2025-03-13 07:00:00,3.3,3.5,3.893580914033744,0.5935809140337442,-0.39358091403374384,0.39358091403374384
2025-03-13 08:00:00,3.5,5.7,4.803290760941388,1.3032907609413877,0.8967092390586124,0.8967092390586124
2025-03-13 09:00:00,5.7,7.7,7.736820954945955,2.036820954945955,-0.03682095494595483,0.03682095494595483
2025-03-13 10:00:00,7.7,9.4,9.619512327449144,1.919512327449144,-0.21951232744914329,0.21951232744914329
2025-03-13 11:00:00,9.4,10.9,10.669174013821339,1.2691740138213385,0.23082598617866168,0.23082598617866168
2025-03-13 12:00:00,10.9,12.5,11.844727806734692,0.9447278067346913,0.6552721932653078,0.6552721932653078
2025-03-13 13:00:00,12.5,14.0,13.229326648884077,0.7293266488840772,0.7706733511159225,0.7706733511159225
2025-03-13 14:00:00,14.0,14.8,14.319781238263596,0.319781238263596,0.48021876173640443,0.48021876173640443
2025-03-13 15:00:00,14.8,14.6,14.802910467127486,0.0029104671274847098,-0.20291046712748617,0.20291046712748617
2025-03-13 16:00:00,14.6,14.9,13.826398837259804,-0.7736011627401962,1.0736011627401965,1.0736011627401965
2025-03-13 17:00:00,14.9,13.9,13.434179686683962,-1.465820313316038,0.4658203133160388,0.4658203133160388
2025-03-13 18:00:00,13.9,11.8,12.202639579091526,-1.6973604209084747,-0.4026395790915256,0.4026395790915256
2025-03-13 19:00:00,11.8,10.4,10.254088317782454,-1.5459116822175472,0.14591168221754636,0.14591168221754636
2025-03-13 20:00:00,10.4,9.5,9.429749952442418,-0.9702500475575832,0.07025004755758246,0.07025004755758246
2025-03-13 21:00:00,9.5,8.8,8.737518853328655,-0.7624811466713451,0.0624811466713453,0.0624811466713453
2025-03-13 22:00:00,8.8,8.1,8.143828664496722,-0.6561713355032792,-0.04382866449672207,0.04382866449672207
2025-03-13 23:00:00,8.1,8.0,7.459750280149498,-0.6402497198505013,0.5402497198505021,0.5402497198505021
2025-03-14 00:00:00,8.0,7.5,7.6017259799388235,-0.39827402006117685,-0.10172597993882349,0.10172597993882349
2025-03-14 01:00:00,7.5,7.0,7.099943569650806,-0.4000564303491934,-0.0999435696508062,0.0999435696508062
2025-03-14 02:00:00,7.0,6.1,6.587873893336295,-0.41212610666370525,-0.48787389333629516,0.48787389333629516
2025-03-14 03:00:00,6.1,5.8,5.635136239791741,-0.4648637602082584,0.16486376020825855,0.16486376020825855
2025-03-14 04:00:00,5.8,5.6,5.446087968641089,-0.35391203135891147,0.15391203135891107,0.15391203135891107
2025-03-14 05:00:00,5.6,5.1,5.271651483263211,-0.3283485167367883,-0.17165148326321145,0.17165148326321145
2025-03-14 06:00:00,5.1,5.1,4.921813968863307,-0.17818603113669237,0.1781860311366925,0.1781860311366925
2025-03-14 07:00:00,5.1,5.9,6.25076283707245,1.1507628370724503,-0.35076283707245004,0.35076283707245004
2025-03-14 08:00:00,5.9,8.9,7.8258105481922255,1.925810548192225,1.0741894518077748,1.0741894518077748
2025-03-14 09:00:00,8.9,12.8,11.491932609118678,2.5919326091186763,1.3080673908813232,1.3080673908813232
2025-03-14 10:00:00,12.8,15.1,14.928099459908283,2.128099459908283,0.17190054009171618,0.17190054009171618
2025-03-14 11:00:00,15.1,16.5,16.62245046542152,1.522450465421518,-0.12245046542151883,0.12245046542151883
2025-03-14 12:00:00,16.5,17.7,17.642290465324596,1.1422904653245969,0.05770953467540352,0.05770953467540352
2025-03-14 13:00:00,17.7,19.1,18.83404294185357,1.1340429418535714,0.2659570581464301,0.2659570581464301
2025-03-14 14:00:00,19.1,19.7,19.411521874535,0.31152187453499874,0.28847812546499796,0.28847812546499796
2025-03-14 15:00:00,19.7,19.7,19.571545130429914,-0.12845486957008484,0.1284548695700849,0.1284548695700849
2025-03-14 16:00:00,19.7,18.9,19.026174504006388,-0.6738254959936126,-0.1261745040063893,0.1261745040063893
2025-03-14 17:00:00,18.9,17.0,17.427646332463937,-1.472353667536061,-0.4276463324639366,0.4276463324639366
2025-03-14 18:00:00,17.0,15.6,15.21313732211841,-1.7868626778815906,0.3868626778815898,0.3868626778815898
2025-03-14 19:00:00,15.6,14.6,14.32565240510261,-1.2743475948973888,0.2743475948973888,0.2743475948973888
2025-03-14 20:00:00,14.6,13.8,13.77980341295314,-0.8201965870468608,0.020196587046861225,0.020196587046861225
2025-03-14 21:00:00,13.8,12.8,13.168817169045656,-0.6311828309543451,-0.36881716904565565,0.36881716904565565
2025-03-14 22:00:00,12.8,12.1,12.0965278429434,-0.7034721570566,0.003472157056599201,0.003472157056599201
2025-03-14 23:00:00,12.1,12.1,11.52907381255997,-0.5709261874400292,0.5709261874400298,0.5709261874400298
2025-03-15 00:00:00,12.1,12.0,11.744649270312935,-0.3553507296870644,0.2553507296870645,0.2553507296870645
2025-03-15 01:00:00,12.0,11.9,11.784757662887337,-0.21524233711266347,0.1152423371126634,0.1152423371126634
2025-03-15 02:00:00,11.9,11.5,11.594676363578394,-0.3053236364216074,-0.09467636357839382,0.09467636357839382
2025-03-15 03:00:00,11.5,11.2,11.144342399838225,-0.3556576001617748,0.05565760016177457,0.05565760016177457
2025-03-15 04:00:00,11.2,10.7,10.907151771752126,-0.29284822824787343,-0.20715177175212673,0.20715177175212673
2025-03-15 05:00:00,10.7,10.3,10.415336121180342,-0.284663878819658,-0.11533612118034142,0.11533612118034142
2025-03-15 06:00:00,10.3,10.1,10.151341364677817,-0.14865863532218304,-0.05134136467781758,0.05134136467781758
2025-03-15 07:00:00,10.1,10.1,10.90676471893632,0.8067647189363188,-0.8067647189363196,0.8067647189363196
2025-03-15 08:00:00,10.1,10.6,11.218799218509323,1.1187992185093238,-0.6187992185093236,0.6187992185093236
2025-03-15 09:00:00,10.6,11.8,11.67005812384744,1.07005812384744,0.1299418761525608,0.1299418761525608
2025-03-15 10:00:00,11.8,12.9,12.81089628179721,1.010896281797208,0.08910371820279117,0.08910371820279117
2025-03-15 11:00:00,12.9,14.9,13.877003818770874,0.9770038187708731,1.0229961812291268,1.0229961812291268
2025-03-15 12:00:00,14.9,15.3,15.974511760563557,1.0745117605635561,-0.674511760563556,0.674511760563556
2025-03-15 13:00:00,15.3,16.2,16.028967363028585,0.7289673630285832,0.17103263697141458,0.17103263697141458
2025-03-15 14:00:00,16.2,17.1,16.533165143875582,0.33316514387558344,0.5668348561244194,0.5668348561244194
2025-03-15 15:00:00,17.1,16.6,16.82884771302999,-0.27115228697001187,-0.22884771302998885,0.22884771302998885
2025-03-15 16:00:00,16.6,16.6,15.915467849699091,-0.6845321503009095,0.6845321503009103,0.6845321503009103
2025-03-15 17:00:00,16.6,15.1,15.39629681598909,-1.2037031840109118,-0.2962968159890895,0.2962968159890895
2025-03-15 18:00:00,15.1,13.1,13.666516382781445,-1.4334836172185548,-0.5665163827814457,0.5665163827814457
2025-03-15 19:00:00,13.1,12.0,11.719395992614581,-1.380604007385419,0.2806040073854188,0.2806040073854188
2025-03-15 20:00:00,12.0,11.4,11.168399167704052,-0.8316008322959483,0.23160083229594797,0.23160083229594797
2025-03-15 21:00:00,11.4,11.2,10.81868660848837,-0.5813133915116301,0.3813133915116289,0.3813133915116289
2025-03-15 22:00:00,11.2,10.9,10.645392681037771,-0.5546073189622283,0.2546073189622291,0.2546073189622291
2025-03-15 23:00:00,10.9,10.1,10.54309349229073,-0.3569065077092708,-0.44309349229073014,0.44309349229073014
2025-03-16 00:00:00,10.1,9.8,9.573614111009023,-0.526385888990976,0.22638588899097734,0.22638588899097734
2025-03-16 01:00:00,9.8,9.4,9.440772407154032,-0.3592275928459685,-0.04077240715403185,0.04077240715403185
2025-03-16 02:00:00,9.4,9.1,9.006230375847684,-0.3937696241523156,0.0937696241523156,0.0937696241523156
2025-03-16 03:00:00,9.1,8.0,8.832893117502403,-0.2671068824975971,-0.8328931175024028,0.8328931175024028
2025-03-16 04:00:00,8.0,7.1,7.353581838647882,-0.6464181613521183,-0.2535818386478823,0.2535818386478823
2025-03-16 05:00:00,7.1,7.0,6.588786926768355,-0.5112130732316449,0.4112130732316448,0.4112130732316448
2025-03-16 06:00:00,7.0,6.6,6.7503208930019865,-0.24967910699801327,-0.1503208930019868,0.1503208930019868
2025-03-16 07:00:00,6.6,6.0,7.170510412532893,0.5705104125328939,-1.1705104125328933,1.1705104125328933
2025-03-16 08:00:00,6.0,5.0,5.984826862573388,-0.015173137426612382,-0.9848268625733878,0.9848268625733878
2025-03-16 09:00:00,5.0,4.7,4.613607085810092,-0.38639291418990734,0.0863929141899078,0.0863929141899078
2025-03-16 10:00:00,4.7,4.3,4.7470817825033995,0.0470817825033989,-0.4470817825033997,0.4470817825033997
2025-03-16 11:00:00,4.3,4.3,4.3473321499870705,0.04733214998707113,-0.04733214998707069,0.04733214998707069
2025-03-16 12:00:00,4.3,5.0,4.28400718687686,-0.015992813123139986,0.7159928131231403,0.7159928131231403
2025-03-16 13:00:00,5.0,5.6,5.236547741925809,0.2365477419258089,0.363452258074191,0.363452258074191
2025-03-16 14:00:00,5.6,6.2,5.989622447617168,0.38962244761716813,0.21037755238283218,0.21037755238283218
2025-03-16 15:00:00,6.2,5.9,5.983139453607162,-0.21686054639283808,-0.08313945360716168,0.08313945360716168
2025-03-16 16:00:00,5.9,5.3,5.4025818021156455,-0.49741819788435454,-0.10258180211564571,0.10258180211564571
2025-03-16 17:00:00,5.3,4.1,3.940008975824099,-1.3599910241759008,0.1599910241759006,0.1599910241759006
2025-03-16 18:00:00,4.1,2.8,2.92313380361232,-1.1768661963876796,-0.12313380361231996,0.12313380361231996
2025-03-16 19:00:00,2.8,2.4,1.807509634801617,-0.9924903651983826,0.5924903651983828,0.5924903651983828
2025-03-16 20:00:00,2.4,2.0,1.8272984077991223,-0.5727015922008776,0.17270159220087766,0.17270159220087766
2025-03-16 21:00:00,2.0,2.0,1.5064892174431346,-0.49351078255686537,0.4935107825568654,0.4935107825568654
2025-03-16 22:00:00,2.0,1.6,1.7591808647042781,-0.2408191352957219,-0.15918086470427806,0.15918086470427806
2025-03-16 23:00:00,1.6,1.3,1.1400657039743232,-0.459934296025677,0.15993429602567688,0.15993429602567688
2025-03-17 00:00:00,1.3,1.1,0.9517696515813796,-0.3482303484186204,0.14823034841862048,0.14823034841862048
2025-03-17 01:00:00,1.1,0.5,0.8317063433273014,-0.26829365667269867,-0.3317063433273014,0.3317063433273014
2025-03-17 02:00:00,0.5,-0.4,0.05833064378118963,-0.44166935621881037,-0.45833064378118965,0.45833064378118965
2025-03-17 03:00:00,-0.4,-0.3,-0.8335738862658004,-0.4335738862658004,0.5335738862658004,0.5335738862658004
2025-03-17 04:00:00,-0.3,-0.7,-0.4261736091056712,-0.12617360910567121,-0.27382639089432875,0.27382639089432875
2025-03-17 05:00:00,-0.7,-0.9,-0.9959939837845411,-0.2959939837845411,0.09599398378454105,0.09599398378454105
2025-03-17 06:00:00,-0.9,-1.3,-1.0618387170584995,-0.16183871705849948,-0.23816128294150052,0.23816128294150052
2025-03-17 07:00:00,-1.3,-0.5,-0.6565626151523412,0.6434373848476589,0.15656261515234116,0.15656261515234116
2025-03-17 08:00:00,-0.5,0.6,0.8663996717984441,1.3663996717984441,-0.26639967179844415,0.26639967179844415
2025-03-17 09:00:00,0.6,2.1,2.1391082211620818,1.539108221162082,-0.03910822116208168,0.03910822116208168
2025-03-17 10:00:00,2.1,3.1,3.355109518767839,1.2551095187678387,-0.25510951876783894,0.25510951876783894
2025-03-17 11:00:00,3.1,4.8,4.304803689006767,1.2048036890067668,0.4951963109932329,0.4951963109932329
2025-03-17 12:00:00,4.8,5.8,5.80719065776149,1.0071906577614904,-0.007190657761490193,0.007190657761490193
2025-03-17 13:00:00,5.8,6.4,6.458883670542651,0.6588836705426507,-0.058883670542650535,0.058883670542650535
2025-03-17 14:00:00,6.4,6.6,6.713239372659914,0.31323937265991425,-0.11323937265991457,0.11323937265991457
2025-03-17 15:00:00,6.6,6.0,6.486732803391376,-0.11326719660862408,-0.4867328033913756,0.4867328033913756
2025-03-17 16:00:00,6.0,5.1,5.288689123043505,-0.7113108769564952,-0.18868912304350527,0.18868912304350527
2025-03-17 17:00:00,5.1,4.2,3.7961617829624434,-1.3038382170375562,0.40383821703755673,0.40383821703755673
2025-03-17 18:00:00,4.2,3.8,3.444693055899439,-0.7553069441005611,0.35530694410056096,0.35530694410056096
2025-03-17 19:00:00,3.8,3.7,3.235430964368368,-0.5645690356316321,0.4645690356316323,0.4645690356316323
2025-03-17 20:00:00,3.7,3.6,3.4029133268162712,-0.297086673183729,0.19708667318372886,0.19708667318372886
2025-03-17 21:00:00,3.6,3.8,3.3914283258142937,-0.20857167418570635,0.40857167418570617,0.40857167418570617
2025-03-17 22:00:00,3.8,3.9,3.7832530620499685,-0.01674693795003144,0.11674693795003144,0.11674693795003144
2025-03-17 23:00:00,3.9,1.6,3.889209049330822,-0.010790950669178326,-2.2892090493308217,2.2892090493308217
2025-03-18 00:00:00,1.6,1.1,0.6691360542175021,-0.930863945782498,0.430863945782498,0.430863945782498
2025-03-18 01:00:00,1.1,0.9,0.8106515620864083,-0.2893484379135917,0.0893484379135917,0.0893484379135917
2025-03-18 02:00:00,0.9,0.8,0.7945005024450225,-0.10549949755497753,0.005499497554977584,0.005499497554977584
2025-03-18 03:00:00,0.8,0.9,0.7104839158677723,-0.0895160841322278,0.18951608413222776,0.18951608413222776
2025-03-18 04:00:00,0.9,0.6,0.9554366027624787,0.05543660276247859,-0.3554366027624787,0.3554366027624787
2025-03-18 05:00:00,0.6,0.5,0.4843886449730277,-0.11561135502697231,0.015611355026972307,0.015611355026972307
2025-03-18 06:00:00,0.5,0.4,0.3203703153788754,-0.1796296846211246,0.07962968462112463,0.07962968462112463
2025-03-18 07:00:00,0.4,0.4,0.8102639465097413,0.4102639465097413,-0.4102639465097413,0.4102639465097413
2025-03-18 08:00:00,0.4,1.0,0.9288317658649244,0.5288317658649244,0.07116823413507556,0.07116823413507556
2025-03-18 09:00:00,1.0,2.8,2.045482070208519,1.045482070208519,0.754517929791481,0.754517929791481
2025-03-18 10:00:00,2.8,2.5,4.398548905249058,1.598548905249058,-1.8985489052490578,1.8985489052490578
2025-03-18 11:00:00,2.5,2.4,2.9618638361167147,0.4618638361167147,-0.5618638361167148,0.5618638361167148
2025-03-18 12:00:00,2.4,3.0,2.6124981058579504,0.21249810585795031,0.3875018941420496,0.3875018941420496
2025-03-18 13:00:00,3.0,4.2,3.248373226674978,0.2483732266749779,0.9516267733250223,0.9516267733250223
2025-03-18 14:00:00,4.2,5.1,4.324446865844427,0.12444686584442674,0.7755531341555724,0.7755531341555724
2025-03-18 15:00:00,5.1,5.1,4.869419588245434,-0.23058041175456545,0.23058041175456534,0.23058041175456534
2025-03-18 16:00:00,5.1,4.9,4.620480023658666,-0.47951997634133386,0.2795199763413345,0.2795199763413345
2025-03-18 17:00:00,4.9,4.2,3.7920040169066063,-1.1079959830933943,0.4079959830933939,0.4079959830933939
2025-03-18 18:00:00,4.2,3.5,3.439614570535039,-0.7603854294649611,0.06038542946496106,0.06038542946496106
2025-03-18 19:00:00,3.5,2.6,2.723377785968177,-0.7766222140318229,-0.12337778596817683,0.12337778596817683
2025-03-18 20:00:00,2.6,1.9,1.7801143492080214,-0.8198856507919788,0.11988565079197855,0.11988565079197855
2025-03-18 21:00:00,1.9,1.5,1.2105759445802442,-0.6894240554197556,0.2894240554197558,0.2894240554197558
2025-03-18 22:00:00,1.5,1.1,1.0310819375796614,-0.46891806242033857,0.06891806242033871,0.06891806242033871
2025-03-18 23:00:00,1.1,0.7,0.6470608333668941,-0.452939166633106,0.05293916663310583,0.05293916663310583
2025-03-19 00:00:00,0.7,0.1,0.31487851647089876,-0.3851214835291012,-0.21487851647089876,0.21487851647089876
2025-03-19 01:00:00,0.1,-0.6,-0.32230354546405493,-0.42230354546405496,-0.27769645453594505,0.27769645453594505
2025-03-19 02:00:00,-0.6,-1.1,-1.0276705283086174,-0.42767052830861746,-0.07232947169138271,0.07232947169138271
2025-03-19 03:00:00,-1.1,-0.9,-1.4762799115754577,-0.37627991157545765,0.5762799115754577,0.5762799115754577
2025-03-19 04:00:00,-0.9,-1.6,-1.0949892832154808,-0.19498928321548087,-0.5050107167845193,0.5050107167845193
2025-03-19 05:00:00,-1.6,-1.8,-1.9032732321438903,-0.3032732321438901,0.10327323214389028,0.10327323214389028
2025-03-19 06:00:00,-1.8,-1.8,-1.9801308495956207,-0.18013084959562065,0.18013084959562065,0.18013084959562065
2025-03-19 07:00:00,-1.8,-0.8,-0.7625096912184395,1.0374903087815606,-0.037490308781560566,0.037490308781560566
2025-03-19 08:00:00,-0.8,0.8,1.3097171501313662,2.1097171501313663,-0.5097171501313662,0.5097171501313662
2025-03-19 09:00:00,0.8,2.3,2.8758499815193064,2.075849981519306,-0.5758499815193066,0.5758499815193066
2025-03-19 10:00:00,2.3,3.8,3.9526117160231466,1.652611716023147,-0.15261171602314683,0.15261171602314683
2025-03-19 11:00:00,3.8,4.5,5.080728626333381,1.2807286263333817,-0.5807286263333813,0.5807286263333813
2025-03-19 12:00:00,4.5,5.4,5.465997353418704,0.9659973534187041,-0.0659973534187035,0.0659973534187035
2025-03-19 13:00:00,5.4,6.7,6.051066155804759,0.6510661558047587,0.6489338441952412,0.6489338441952412
2025-03-19 14:00:00,6.7,7.2,6.9681812117148185,0.2681812117148186,0.23181878828518165,0.23181878828518165
2025-03-19 15:00:00,7.2,6.9,7.068407267276959,-0.13159273272304076,-0.16840726727695898,0.16840726727695898
2025-03-19 16:00:00,6.9,6.9,6.263446612945163,-0.6365533870548374,0.6365533870548372,0.6365533870548372
2025-03-19 17:00:00,6.9,5.2,5.596742566348005,-1.3032574336519953,-0.39674256634800464,0.39674256634800464
2025-03-19 18:00:00,5.2,3.5,3.8160467063343724,-1.3839532936656278,-0.3160467063343724,0.3160467063343724
2025-03-19 19:00:00,3.5,2.9,2.602449890397864,-0.8975501096021363,0.297550109602136,0.297550109602136
2025-03-19 20:00:00,2.9,2.3,2.324783922142349,-0.5752160778576505,-0.02478392214234937,0.02478392214234937
2025-03-19 21:00:00,2.3,2.0,1.752583493090082,-0.5474165069099176,0.2474165069099179,0.2474165069099179
2025-03-19 22:00:00,2.0,1.8,1.5934659190283738,-0.4065340809716263,0.2065340809716263,0.2065340809716263
2025-03-19 23:00:00,1.8,2.2,1.5140857582946727,-0.28591424170532737,0.6859142417053274,0.6859142417053274
2025-03-20 00:00:00,2.2,2.5,2.2028977885468572,0.002897788546856946,0.29710221145314275,0.29710221145314275
2025-03-20 01:00:00,2.5,2.9,2.647286056951982,0.14728605695198202,0.25271394304801786,0.25271394304801786
2025-03-20 02:00:00,2.9,3.2,2.941374865745132,0.04137486574513234,0.258625134254868,0.258625134254868
2025-03-20 03:00:00,3.2,3.2,3.3368948394982714,0.13689483949827105,-0.1368948394982712,0.1368948394982712
2025-03-20 04:00:00,3.2,3.3,3.1394255792021375,-0.06057442079786277,0.16057442079786233,0.16057442079786233
2025-03-20 05:00:00,3.3,3.3,3.357849323786861,0.05784932378686138,-0.05784932378686136,0.05784932378686136
2025-03-20 06:00:00,3.3,2.8,3.230255832414873,-0.06974416758512678,-0.4302558324148733,0.4302558324148733
2025-03-20 07:00:00,2.8,3.2,3.0201731508600984,0.22017315086009875,0.17982684913990177,0.17982684913990177
2025-03-20 08:00:00,3.2,4.8,4.843708131686455,1.6437081316864546,-0.043708131686455154,0.043708131686455154
2025-03-20 09:00:00,4.8,6.0,6.695996187434568,1.8959961874345685,-0.6959961874345684,0.6959961874345684
2025-03-20 10:00:00,6.0,7.6,7.422799488244197,1.4227994882441972,0.1772005117558022,0.1772005117558022
2025-03-20 11:00:00,7.6,10.0,9.131030809511499,1.5310308095114986,0.8689691904885013,0.8689691904885013
2025-03-20 12:00:00,10.0,12.2,10.937725336933575,0.937725336933574,1.2622746630664246,1.2622746630664246
2025-03-20 13:00:00,12.2,13.9,12.878026431093875,0.6780264310938763,1.021973568906125,1.021973568906125
2025-03-20 14:00:00,13.9,14.7,14.133023942590379,0.233023942590379,0.5669760574096205,0.5669760574096205
2025-03-20 15:00:00,14.7,14.4,14.723453735030537,0.023453735030537628,-0.32345373503053665,0.32345373503053665
2025-03-20 16:00:00,14.4,13.8,13.519686212845857,-0.8803137871541433,0.2803137871541441,0.2803137871541441
2025-03-20 17:00:00,13.8,11.9,12.586595105469614,-1.2134048945303868,-0.686595105469614,0.686595105469614
2025-03-20 18:00:00,11.9,10.6,10.401652156882648,-1.4983478431173531,0.19834784311735199,0.19834784311735199
2025-03-20 19:00:00,10.6,9.9,9.5487357991456,-1.0512642008543986,0.35126420085440024,0.35126420085440024
2025-03-20 20:00:00,9.9,9.2,9.266468763921647,-0.6335312360783522,-0.06646876392164813,0.06646876392164813
2025-03-20 21:00:00,9.2,8.7,8.581905464127633,-0.6180945358723657,0.11809453587236618,0.11809453587236618
2025-03-20 22:00:00,8.7,8.3,8.197019910023155,-0.5029800899768448,0.10298008997684605,0.10298008997684605
2025-03-20 23:00:00,8.3,8.1,7.906031369540954,-0.3939686304590465,0.19396863045904578,0.19396863045904578
2025-03-21 00:00:00,8.1,8.0,7.830236092636163,-0.269763907363837,0.16976390736383706,0.16976390736383706
2025-03-21 01:00:00,8.0,7.9,7.785359501820533,-0.21464049817946715,0.11464049817946709,0.11464049817946709
2025-03-21 02:00:00,7.9,7.9,7.705831212991152,-0.1941687870088488,0.19416878700884865,0.19416878700884865
2025-03-21 03:00:00,7.9,7.9,7.770864565892322,-0.12913543410767833,0.12913543410767847,0.12913543410767847
2025-03-21 04:00:00,7.9,8.0,7.825139762265312,-0.07486023773468815,0.17486023773468773,0.17486023773468773
2025-03-21 05:00:00,8.0,8.1,7.993671522413946,-0.006328477586054375,0.1063284775860538,0.1063284775860538
2025-03-21 06:00:00,8.1,8.1,8.105077828459498,0.005077828459498711,-0.005077828459498335,0.005077828459498335
2025-03-21 07:00:00,8.1,8.4,8.529408154376126,0.42940815437612573,-0.12940815437612585,0.12940815437612585
2025-03-21 08:00:00,8.4,9.2,9.057989497830269,0.6579894978302688,0.14201050216973066,0.14201050216973066
2025-03-21 09:00:00,9.2,11.4,10.382701932040861,1.1827019320408616,1.017298067959139,1.017298067959139
2025-03-21 10:00:00,11.4,13.4,13.053901221482734,1.6539012214827342,0.3460987785172662,0.3460987785172662
2025-03-21 11:00:00,13.4,15.0,15.260783895522074,1.8607838955220732,-0.26078389552207426,0.26078389552207426
2025-03-21 12:00:00,15.0,16.8,16.071087352690412,1.0710873526904126,0.7289126473095884,0.7289126473095884
2025-03-21 13:00:00,16.8,18.1,17.659611574034255,0.8596115740342547,0.4403884259657467,0.4403884259657467
2025-03-21 14:00:00,18.1,18.3,18.56769632182635,0.46769632182634996,-0.2676963218263495,0.2676963218263495
2025-03-21 15:00:00,18.3,18.3,18.115895176956638,-0.18410482304336215,0.18410482304336284,0.18410482304336284
2025-03-21 16:00:00,18.3,17.2,17.473383855225716,-0.8266161447742854,-0.27338385522571684,0.27338385522571684
2025-03-21 17:00:00,17.2,15.1,15.774420594797514,-1.4255794052024853,-0.6744205947975139,0.6744205947975139
2025-03-21 18:00:00,15.1,12.9,13.435821854927937,-1.6641781450720634,-0.5358218549279368,0.5358218549279368
2025-03-21 19:00:00,12.9,11.5,11.636605084398827,-1.2633949156011741,-0.1366050843988269,0.1366050843988269
2025-03-21 20:00:00,11.5,10.7,10.492204573211042,-1.0077954267889575,0.20779542678895702,0.20779542678895702
2025-03-21 21:00:00,10.7,9.5,9.99178269689339,-0.70821730310661,-0.4917826968933898,0.4917826968933898
2025-03-21 22:00:00,9.5,8.9,8.729720278210772,-0.7702797217892284,0.17027972178922823,0.17027972178922823
2025-03-21 23:00:00,8.9,8.6,8.364152295549633,-0.5358477044503673,0.23584770445036618,0.23584770445036618
2025-03-22 00:00:00,8.6,8.4,8.188044273944287,-0.411955726055713,0.211955726055713,0.211955726055713
2025-03-22 01:00:00,8.4,8.5,8.145576401986068,-0.25442359801393327,0.3544235980139323,0.3544235980139323
2025-03-22 02:00:00,8.5,8.0,8.446075710787378,-0.05392428921262275,-0.44607571078737784,0.44607571078737784
2025-03-22 03:00:00,8.0,7.5,7.651168197259331,-0.3488318027406691,-0.15116819725933084,0.15116819725933084
2025-03-22 04:00:00,7.5,6.9,7.160528327297084,-0.3394716727029165,-0.26052832729708353,0.26052832729708353
2025-03-22 05:00:00,6.9,6.3,6.617104325501861,-0.28289567449813885,-0.3171043255018615,0.3171043255018615
2025-03-22 06:00:00,6.3,6.2,6.156056063730865,-0.14394393626913532,0.04394393626913562,0.04394393626913562
2025-03-22 07:00:00,6.2,7.6,7.05596592666543,0.8559659266654299,0.5440340733345694,0.5440340733345694
2025-03-22 08:00:00,7.6,10.3,9.643922391272103,2.043922391272103,0.6560776087278981,0.6560776087278981
2025-03-22 09:00:00,10.3,13.3,12.825510154914378,2.5255101549143766,0.474489845085623,0.474489845085623
2025-03-22 10:00:00,13.3,15.7,15.394142323209515,2.0941423232095144,0.3058576767904846,0.3058576767904846
2025-03-22 11:00:00,15.7,17.6,17.49703765279951,1.7970376527995109,0.10296234720049213,0.10296234720049213
2025-03-22 12:00:00,17.6,18.9,18.666659720042997,1.0666597200429941,0.23334027995700168,0.23334027995700168
2025-03-22 13:00:00,18.9,19.4,19.766473280387178,0.8664732803871779,-0.3664732803871793,0.3664732803871793
2025-03-22 14:00:00,19.4,19.6,19.62548334552302,0.22548334552302093,-0.025483345523017675,0.025483345523017675
2025-03-22 15:00:00,19.6,19.5,19.414838157832456,-0.18516184216754433,0.08516184216754397,0.08516184216754397
2025-03-22 16:00:00,19.5,19.1,18.54438867607806,-0.9556113239219385,0.5556113239219407,0.5556113239219407
2025-03-22 17:00:00,19.1,17.0,17.855372933597994,-1.2446270664020054,-0.8553729335979945,0.8553729335979945
2025-03-22 18:00:00,17.0,14.9,15.159730405797195,-1.840269594202805,-0.2597304057971943,0.2597304057971943
2025-03-22 19:00:00,14.9,13.4,13.580938187042996,-1.3190618129570053,-0.18093818704299558,0.18093818704299558
2025-03-22 20:00:00,13.4,12.7,12.36330919718121,-1.0366908028187911,0.33669080281879005,0.33669080281879005
2025-03-22 21:00:00,12.7,12.0,12.011438223353574,-0.6885617766464253,-0.011438223353573918,0.011438223353573918
2025-03-22 22:00:00,12.0,11.4,11.323253709861914,-0.6767462901380858,0.07674629013808598,0.07674629013808598
2025-03-22 23:00:00,11.4,10.9,10.863808936931463,-0.5361910630685379,0.03619106306853759,0.03619106306853759
2025-03-23 00:00:00,10.9,10.4,10.417885297091702,-0.4821147029082973,-0.017885297091702057,0.017885297091702057
2025-03-23 01:00:00,10.4,9.7,9.971130477223365,-0.4288695227766342,-0.27113047722336603,0.27113047722336603
2025-03-23 02:00:00,9.7,9.1,9.236811141692295,-0.463188858307705,-0.13681114169229502,0.13681114169229502
2025-03-23 03:00:00,9.1,8.2,8.68467974109607,-0.41532025890392965,-0.4846797410960715,0.4846797410960715
2025-03-23 04:00:00,8.2,7.9,7.702533570075302,-0.49746642992469664,0.19746642992469798,0.19746642992469798
2025-03-23 05:00:00,7.9,7.2,7.580990641294683,-0.31900935870531694,-0.38099064129468285,0.38099064129468285
2025-03-23 06:00:00,7.2,7.4,6.9766809079400725,-0.2233190920599274,0.4233190920599279,0.4233190920599279
2025-03-23 07:00:00,7.4,9.0,8.661718992672943,1.2617189926729435,0.33828100732705657,0.33828100732705657
2025-03-23 08:00:00,9.0,12.1,11.217938159367403,2.217938159367402,0.8820618406325966,0.8820618406325966
2025-03-23 09:00:00,12.1,14.6,14.676702209256163,2.576702209256163,-0.07670220925616356,0.07670220925616356
2025-03-23 10:00:00,14.6,16.9,16.494470026511156,1.8944700265111545,0.4055299734888429,0.4055299734888429
2025-03-23 11:00:00,16.9,19.3,18.699884131230036,1.7998841312300364,0.600115868769965,0.600115868769965
2025-03-23 12:00:00,19.3,21.6,20.99442295467109,1.6944229546710896,0.6055770453289107,0.6055770453289107
2025-03-23 13:00:00,21.6,23.3,22.878566510696402,1.2785665106964006,0.4214334893035989,0.4214334893035989
2025-03-23 14:00:00,23.3,23.8,23.73958594684223,0.43958594684222835,0.060414053157771264,0.060414053157771264
2025-03-23 15:00:00,23.8,23.0,23.962590632743307,0.1625906327433061,-0.9625906327433071,0.9625906327433071
2025-03-23 16:00:00,23.0,21.5,22.119691148520253,-0.8803088514797472,-0.6196911485202534,0.6196911485202534
2025-03-23 17:00:00,21.5,20.0,20.08517196756382,-1.4148280324361788,-0.08517196756382006,0.08517196756382006
2025-03-23 18:00:00,20.0,18.0,18.358600175625373,-1.641399824374626,-0.35860017562537294,0.35860017562537294
2025-03-23 19:00:00,18.0,16.7,16.611178591729985,-1.3888214082700148,0.0888214082700145,0.0888214082700145
2025-03-23 20:00:00,16.7,15.8,15.890228195065943,-0.8097718049340564,-0.09022819506594182,0.09022819506594182
2025-03-23 21:00:00,15.8,15.1,15.075553272226461,-0.7244467277735397,0.024446727773538512,0.024446727773538512
2025-03-23 22:00:00,15.1,14.6,14.58114917438671,-0.5188508256132898,0.018850825613290212,0.018850825613290212
2025-03-23 23:00:00,14.6,14.4,14.09518740160544,-0.5048125983945596,0.30481259839456065,0.30481259839456065
2025-03-24 00:00:00,14.4,14.0,14.083237361225159,-0.31676263877484084,-0.08323736122515868,0.08323736122515868
2025-03-24 01:00:00,14.0,13.8,13.624192628730826,-0.37580737126917335,0.17580737126917434,0.17580737126917434
2025-03-24 02:00:00,13.8,13.6,13.536728392678135,-0.2632716073218652,0.06327160732186421,0.06327160732186421
2025-03-24 03:00:00,13.6,13.2,13.390758390819153,-0.20924160918084664,-0.1907583908191537,0.1907583908191537
2025-03-24 04:00:00,13.2,12.6,12.978912612130122,-0.2210873878698777,-0.3789126121301223,0.3789126121301223
2025-03-24 05:00:00,12.6,14.2,12.317392441672297,-0.2826075583277023,1.8826075583277024,1.8826075583277024
2025-03-24 06:00:00,14.2,14.1,14.624825702075702,0.42482570207570197,-0.5248257020757023,0.5248257020757023
2025-03-24 07:00:00,14.1,14.4,14.811210765469028,0.7112107654690288,-0.41121076546902735,0.41121076546902735
2025-03-24 08:00:00,14.4,15.3,15.157129371192639,0.7571293711926389,0.142870628807362,0.142870628807362
2025-03-24 09:00:00,15.3,16.5,16.347358108163764,1.0473581081637637,0.152641891836236,0.152641891836236
2025-03-24 10:00:00,16.5,18.1,17.68217929776348,1.1821792977634806,0.4178207022365221,0.4178207022365221
2025-03-24 11:00:00,18.1,18.8,19.242319694781536,1.1423196947815357,-0.4423196947815349,0.4423196947815349
2025-03-24 12:00:00,18.8,20.5,19.711379516567415,0.9113795165674141,0.7886204834325845,0.7886204834325845
2025-03-24 13:00:00,20.5,21.3,21.065185604654165,0.5651856046541639,0.23481439534583615,0.23481439534583615
2025-03-24 14:00:00,21.3,20.0,21.692971646149406,0.39297164614940516,-1.692971646149406,1.692971646149406
2025-03-24 15:00:00,20.0,19.3,19.581702747702717,-0.41829725229728404,-0.28170274770271675,0.28170274770271675
2025-03-24 16:00:00,19.3,17.9,18.516014062761965,-0.7839859372380353,-0.6160140627619661,0.6160140627619661
2025-03-24 17:00:00,17.9,16.5,16.75752802180897,-1.1424719781910289,-0.2575280218089695,0.2575280218089695
2025-03-24 18:00:00,16.5,15.7,15.402037189259367,-1.0979628107406327,0.297962810740632,0.297962810740632
2025-03-24 19:00:00,15.7,14.8,14.853270478040644,-0.8467295219593559,-0.053270478040643,0.053270478040643
2025-03-24 20:00:00,14.8,13.5,13.979216552749607,-0.8207834472503933,-0.47921655274960706,0.47921655274960706
2025-03-24 21:00:00,13.5,12.6,12.742149437881018,-0.7578505621189816,-0.14214943788101841,0.14214943788101841
2025-03-24 22:00:00,12.6,11.9,11.83129666608456,-0.7687033339154392,0.06870333391544037,0.06870333391544037
2025-03-24 23:00:00,11.9,11.7,11.345605198170075,-0.5543948018299262,0.35439480182992433,0.35439480182992433
2025-03-25 00:00:00,11.7,11.5,11.432332399917026,-0.26766760008297386,0.06766760008297368,0.06766760008297368
2025-03-25 01:00:00,11.5,11.1,11.263113284572434,-0.23688671542756573,-0.16311328457243413,0.16311328457243413
2025-03-25 02:00:00,11.1,10.7,10.742054919410933,-0.35794508058906765,-0.04205491941093342,0.04205491941093342
2025-03-25 03:00:00,10.7,10.9,10.360701601619702,-0.339298398380297,0.5392983983802981,0.5392983983802981
2025-03-25 04:00:00,10.9,10.8,10.871448546761,-0.028551453238999547,-0.07144854676099932,0.07144854676099932
2025-03-25 05:00:00,10.8,10.8,10.651944827298877,-0.14805517270112448,0.1480551727011239,0.1480551727011239
2025-03-25 06:00:00,10.8,10.4,10.729730250631558,-0.07026974936844167,-0.3297302506315578,0.3297302506315578
2025-03-25 07:00:00,10.4,10.9,10.700958202416874,0.30095820241687427,0.199041797583126,0.199041797583126
2025-03-25 08:00:00,10.9,12.4,12.319070098376947,1.4190700983769462,0.08092990162305291,0.08092990162305291
2025-03-25 09:00:00,12.4,13.6,13.700235595195231,1.3002355951952311,-0.1002355951952314,0.1002355951952314
2025-03-25 10:00:00,13.6,15.6,14.905731725952867,1.3057317259528671,0.6942682740471326,0.6942682740471326
2025-03-25 11:00:00,15.6,17.8,17.150485124773496,1.550485124773496,0.6495148752265045,0.6495148752265045
2025-03-25 12:00:00,17.8,18.9,18.93595396349077,1.1359539634907707,-0.03595396349077262,0.03595396349077262
2025-03-25 13:00:00,18.9,21.4,19.950370809420797,1.050370809420799,1.449629190579202,1.449629190579202
2025-03-25 14:00:00,21.4,18.5,21.13078181120923,-0.26921818879077103,-2.6307818112092285,2.6307818112092285
2025-03-25 15:00:00,18.5,15.8,17.62139593179616,-0.8786040682038379,-1.821395931796161,1.821395931796161
2025-03-25 16:00:00,15.8,13.8,14.717265747552691,-1.0827342524473091,-0.9172657475526904,0.9172657475526904
2025-03-25 17:00:00,13.8,13.3,12.541410816268572,-1.2585891837314294,0.7585891837314289,0.7585891837314289
2025-03-25 18:00:00,13.3,11.7,12.429445985335466,-0.8705540146645354,-0.7294459853354667,0.7294459853354667
2025-03-25 19:00:00,11.7,10.4,10.686320406300162,-1.0136795936998366,-0.2863204063001614,0.2863204063001614
2025-03-25 20:00:00,10.4,9.8,9.609166424438673,-0.7908335755613276,0.19083357556132796,0.19083357556132796
2025-03-25 21:00:00,9.8,9.2,9.251323139757478,-0.5486768602425227,-0.051323139757478486,0.051323139757478486
2025-03-25 22:00:00,9.2,8.8,8.637020637298914,-0.5629793627010854,0.16297936270108693,0.16297936270108693
2025-03-25 23:00:00,8.8,8.4,8.217735043478669,-0.5822649565213315,0.18226495652133146,0.18226495652133146
2025-03-26 00:00:00,8.4,8.1,7.953479215331878,-0.44652078466812184,0.14652078466812135,0.14652078466812135
2025-03-26 01:00:00,8.1,7.9,7.676366470473679,-0.42363352952632044,0.22363352952632098,0.22363352952632098
2025-03-26 02:00:00,7.9,7.4,7.601699018601247,-0.2983009813987532,-0.2016990186012464,0.2016990186012464
2025-03-26 03:00:00,7.4,6.9,7.010467625380375,-0.3895323746196248,-0.11046762538037491,0.11046762538037491
2025-03-26 04:00:00,6.9,6.2,6.580410923854349,-0.31958907614565085,-0.38041092385434894,0.38041092385434894
2025-03-26 05:00:00,6.2,6.1,5.910593928562046,-0.28940607143795355,0.1894060714379533,0.1894060714379533
2025-03-26 06:00:00,6.1,6.3,5.938788829358669,-0.1612111706413311,0.36121117064133124,0.36121117064133124
2025-03-26 07:00:00,6.3,7.9,7.43526501302315,1.1352650130231499,0.46473498697685045,0.46473498697685045
2025-03-26 08:00:00,7.9,10.3,9.55101179527057,1.65101179527057,0.7489882047294305,0.7489882047294305
2025-03-26 09:00:00,10.3,12.7,12.31382500112292,2.0138250011229193,0.3861749988770793,0.3861749988770793
2025-03-26 10:00:00,12.7,15.4,14.428600933385765,1.728600933385765,0.9713990666142358,0.9713990666142358
2025-03-26 11:00:00,15.4,17.4,16.930943744176343,1.530943744176342,0.46905625582365573,0.46905625582365573
2025-03-26 12:00:00,17.4,19.4,18.56575306140934,1.1657530614093388,0.8342469385906597,0.8342469385906597
2025-03-26 13:00:00,19.4,21.4,20.6113912250384,1.2113912250384022,0.7886087749615989,0.7886087749615989
2025-03-26 14:00:00,21.4,22.4,21.914331851422087,0.514331851422089,0.4856681485779113,0.4856681485779113
2025-03-26 15:00:00,22.4,23.5,22.89595309684978,0.4959530968497817,0.6040469031502198,0.6040469031502198
2025-03-26 16:00:00,23.5,23.6,23.42036465445222,-0.07963534554777779,0.17963534554777993,0.17963534554777993
2025-03-26 17:00:00,23.6,22.9,22.050788132491345,-1.5492118675086555,0.8492118675086537,0.8492118675086537
2025-03-26 18:00:00,22.9,21.4,21.09290694888073,-1.807093051119266,0.3070930511192671,0.3070930511192671
2025-03-26 19:00:00,21.4,19.6,19.482555141707778,-1.9174448582922219,0.11744485829222384,0.11744485829222384
2025-03-26 20:00:00,19.6,18.8,18.517234406942343,-1.082765593057659,0.2827655930576576,0.2827655930576576
2025-03-26 21:00:00,18.8,17.9,18.09151685424687,-0.7084831457531301,-0.1915168542468706,0.1915168542468706
2025-03-26 22:00:00,17.9,18.3,17.165881409730694,-0.734118590269304,1.1341185902693063,1.1341185902693063
2025-03-26 23:00:00,18.3,18.5,18.314496687420345,0.014496687420345532,0.18550331257965524,0.18550331257965524
2025-03-27 00:00:00,18.5,18.4,18.35148076234385,-0.1485192376561483,0.04851923765614785,0.04851923765614785
2025-03-27 01:00:00,18.4,18.4,18.1514893290264,-0.24851067097359955,0.24851067097359802,0.24851067097359802
2025-03-27 02:00:00,18.4,17.4,18.244824169670963,-0.15517583032903648,-0.8448241696709644,0.8448241696709644
2025-03-27 03:00:00,17.4,16.6,16.770428111680577,-0.6295718883194202,-0.17042811168057526,0.17042811168057526
2025-03-27 04:00:00,16.6,16.3,16.190603609437385,-0.4093963905626174,0.10939639056261541,0.10939639056261541
2025-03-27 05:00:00,16.3,15.9,16.036291154872842,-0.263708845127159,-0.1362911548728416,0.1362911548728416
2025-03-27 06:00:00,15.9,13.7,15.743117954738286,-0.15688204526171337,-2.043117954738287,2.043117954738287
2025-03-27 07:00:00,13.7,13.1,12.900382746424523,-0.799617253575476,0.199617253575477,0.199617253575477
2025-03-27 08:00:00,13.1,13.2,13.208903311679292,0.10890331167929256,-0.008903311679292258,0.008903311679292258
2025-03-27 09:00:00,13.2,13.6,13.540536027064443,0.34053602706444386,0.05946397293555705,0.05946397293555705
2025-03-27 10:00:00,13.6,14.3,14.214212235679836,0.6142122356798366,0.08578776432016433,0.08578776432016433
2025-03-27 11:00:00,14.3,14.2,15.108305110900753,0.8083051109007532,-0.9083051109007538,0.9083051109007538
2025-03-27 12:00:00,14.2,14.8,14.47743915496977,0.27743915496977173,0.32256084503022997,0.32256084503022997
2025-03-27 13:00:00,14.8,16.4,15.131689930368081,0.331689930368081,1.2683100696319176,1.2683100696319176
2025-03-27 14:00:00,16.4,17.6,16.766578779894203,0.36657877989420456,0.833421220105798,0.833421220105798
2025-03-27 15:00:00,17.6,17.9,17.551606984676354,-0.04839301532364645,0.3483930153236443,0.3483930153236443
2025-03-27 16:00:00,17.9,16.5,17.292572909459455,-0.607427090540542,-0.7925729094594551,0.7925729094594551
2025-03-27 17:00:00,16.5,13.6,15.20934210406741,-1.290657895932589,-1.6093421040674105,1.6093421040674105
2025-03-27 18:00:00,13.6,12.4,11.95988428684296,-1.6401157131570385,0.4401157131570397,0.4401157131570397
2025-03-27 19:00:00,12.4,11.3,11.443562994908344,-0.9564370050916554,-0.14356299490834346,0.14356299490834346
2025-03-27 20:00:00,11.3,10.3,10.487284356325016,-0.812715643674984,-0.18728435632501572,0.18728435632501572
2025-03-27 21:00:00,10.3,8.3,9.509939021317267,-0.7900609786827331,-1.2099390213172665,1.2099390213172665
2025-03-27 22:00:00,8.3,7.4,7.054628591437723,-1.245371408562278,0.34537140856227744,0.34537140856227744
2025-03-27 23:00:00,7.4,7.1,6.5405873662581575,-0.8594126337418431,0.5594126337418421,0.5594126337418421
2025-03-28 00:00:00,7.1,6.7,6.6863793689249755,-0.4136206310750243,0.013620631075024647,0.013620631075024647
2025-03-28 01:00:00,6.7,6.2,6.256599311839252,-0.44340068816074873,-0.0565993118392516,0.0565993118392516
2025-03-28 02:00:00,6.2,5.5,5.746342734040756,-0.45365726595924466,-0.24634273404075557,0.24634273404075557
2025-03-28 03:00:00,5.5,4.7,4.916349551103613,-0.5836504488963867,-0.21634955110361265,0.21634955110361265
2025-03-28 04:00:00,4.7,4.2,4.1366772469602555,-0.5633227530397451,0.06332275303974466,0.06332275303974466
2025-03-28 05:00:00,4.2,3.8,3.8772163751878104,-0.32278362481219003,-0.07721637518781055,0.07721637518781055
2025-03-28 06:00:00,3.8,3.7,3.52817186151936,-0.2718281384806401,0.17182813848064038,0.17182813848064038
2025-03-28 07:00:00,3.7,4.1,4.404890588105907,0.7048905881059064,-0.3048905881059074,0.3048905881059074
2025-03-28 08:00:00,4.1,4.5,5.884743622735959,1.7847436227359594,-1.384743622735959,1.384743622735959
2025-03-28 09:00:00,4.5,5.9,5.3790091769533595,0.8790091769533596,0.5209908230466409,0.5209908230466409
2025-03-28 10:00:00,5.9,8.2,6.915737199445816,1.0157371994458162,1.284262800554183,1.284262800554183
2025-03-28 11:00:00,8.2,9.5,9.504215962649782,1.3042159626497827,-0.004215962649782412,0.004215962649782412
2025-03-28 12:00:00,9.5,11.0,10.214180643066141,0.7141806430661409,0.7858193569338585,0.7858193569338585
2025-03-28 13:00:00,11.0,11.4,11.586204589567041,0.5862045895670401,-0.18620458956704056,0.18620458956704056
2025-03-28 14:00:00,11.4,11.4,11.775655778814833,0.37565577881483375,-0.37565577881483314,0.37565577881483314
2025-03-28 15:00:00,11.4,11.2,11.347097613147076,-0.0529023868529247,-0.1470976131470767,0.1470976131470767
2025-03-28 16:00:00,11.2,10.5,10.59011567425847,-0.6098843257415295,-0.09011567425847034,0.09011567425847034
2025-03-28 17:00:00,10.5,9.3,9.324648674430726,-1.1753513255692734,-0.024648674430725492,0.024648674430725492
2025-03-28 18:00:00,9.3,7.7,7.954570591692996,-1.3454294083070046,-0.2545705916929961,0.2545705916929961
2025-03-28 19:00:00,7.7,6.5,6.6447559341675575,-1.0552440658324431,-0.1447559341675575,0.1447559341675575
2025-03-28 20:00:00,6.5,5.2,5.611157037147217,-0.8888429628527832,-0.4111570371472171,0.4111570371472171
2025-03-28 21:00:00,5.2,4.5,4.2697597543120756,-0.9302402456879246,0.23024024568792445,0.23024024568792445
2025-03-28 22:00:00,4.5,4.0,3.820847588839281,-0.6791524111607188,0.179152411160719,0.179152411160719
2025-03-28 23:00:00,4.0,3.1,3.4392246694586817,-0.5607753305413186,-0.33922466945868157,0.33922466945868157
2025-03-29 00:00:00,3.1,2.7,2.4482149970414575,-0.6517850029585427,0.25178500295854267,0.25178500295854267
2025-03-29 01:00:00,2.7,1.9,2.2643358068076065,-0.4356641931923935,-0.3643358068076066,0.3643358068076066
2025-03-29 02:00:00,1.9,1.7,1.3665108173531442,-0.5334891826468557,0.3334891826468558,0.3334891826468558
2025-03-29 03:00:00,1.7,1.0,1.3637170025490508,-0.33628299745094914,-0.3637170025490508,0.3637170025490508
2025-03-29 04:00:00,1.0,1.1,0.5963632288990525,-0.40363677110094753,0.5036367711009476,0.5036367711009476
2025-03-29 05:00:00,1.1,0.9,0.8768923515057306,-0.22310764849426942,0.023107648494269384,0.023107648494269384
2025-03-29 06:00:00,0.9,0.9,0.7106773563667879,-0.18932264363321216,0.18932264363321216,0.18932264363321216
2025-03-29 07:00:00,0.9,2.9,1.7412576254496979,0.8412576254496977,1.158742374550302,1.158742374550302
2025-03-29 08:00:00,2.9,5.0,5.148115135872396,2.248115135872396,-0.14811513587239578,0.14811513587239578
2025-03-29 09:00:00,5.0,5.5,6.87762656139855,1.8776265613985506,-1.37762656139855,1.37762656139855
2025-03-29 10:00:00,5.5,3.9,6.580500430402889,1.0805004304028891,-2.680500430402889,2.680500430402889
2025-03-29 11:00:00,3.9,5.3,3.481502487786032,-0.41849751221396825,1.818497512213968,1.818497512213968
2025-03-29 12:00:00,5.3,5.7,5.738201076983971,0.43820107698397187,-0.03820107698397113,0.03820107698397113
2025-03-29 13:00:00,5.7,5.2,5.8253883690546715,0.1253883690546714,-0.6253883690546713,0.6253883690546713
2025-03-29 14:00:00,5.2,6.5,4.859961304350612,-0.3400386956493886,1.6400386956493884,1.6400386956493884
2025-03-29 15:00:00,6.5,5.6,6.152922715023195,-0.34707728497680507,-0.552922715023195,0.552922715023195
2025-03-29 16:00:00,5.6,5.4,4.689180207368146,-0.9108197926318539,0.7108197926318542,0.7108197926318542
2025-03-29 17:00:00,5.4,4.6,4.1124496576523,-1.2875503423477,0.48755034234769923,0.48755034234769923
2025-03-29 18:00:00,4.6,3.1,3.6225388554665408,-0.977461144533459,-0.5225388554665407,0.5225388554665407
2025-03-29 19:00:00,3.1,2.0,2.030359048899558,-1.069640951100442,-0.030359048899557983,0.030359048899557983
2025-03-29 20:00:00,2.0,1.6,1.108125926882734,-0.891874073117266,0.49187407311726616,0.49187407311726616
2025-03-29 21:00:00,1.6,1.3,1.0344079477667103,-0.5655920522332897,0.26559205223328974,0.26559205223328974
2025-03-29 22:00:00,1.3,1.0,0.6585359177382722,-0.6414640822617278,0.34146408226172775,0.34146408226172775
2025-03-29 23:00:00,1.0,0.7,0.5219454661922882,-0.47805453380771173,0.17805453380771175,0.17805453380771175
2025-03-30 00:00:00,0.7,0.5,0.3477752403321688,-0.3522247596678312,0.15222475966783122,0.15222475966783122
2025-03-30 01:00:00,0.5,0.1,0.20488927004656543,-0.29511072995343457,-0.10488927004656542,0.10488927004656542
2025-03-30 02:00:00,0.1,-0.2,-0.2880552895644102,-0.3880552895644102,0.08805528956441017,0.08805528956441017
2025-03-30 03:00:00,-0.2,-0.6,-0.514496308483925,-0.314496308483925,-0.08550369151607495,0.08550369151607495
2025-03-30 04:00:00,-0.6,-1.1,-0.9008985933423798,-0.3008985933423798,-0.19910140665762033,0.19910140665762033
2025-03-30 05:00:00,-1.1,-1.2,-1.3737088733244625,-0.27370887332446237,0.1737088733244625,0.1737088733244625
2025-03-30 06:00:00,-1.2,-1.7,-1.3573462330588637,-0.15734623305886378,-0.34265376694113625,0.34265376694113625
2025-03-30 07:00:00,-1.7,0.1,-1.4180770170355652,0.28192298296443463,1.5180770170355653,1.5180770170355653
2025-03-30 08:00:00,0.1,2.7,2.730869055726633,2.6308690557266328,-0.030869055726632677,0.030869055726632677
2025-03-30 09:00:00,2.7,4.9,4.888077416205281,2.188077416205281,0.011922583794719444,0.011922583794719444
2025-03-30 10:00:00,4.9,5.7,6.673138784913526,1.7731387849135254,-0.9731387849135258,0.9731387849135258
2025-03-30 11:00:00,5.7,5.1,6.746727575490615,1.046727575490615,-1.6467275754906154,1.6467275754906154
2025-03-30 12:00:00,5.1,5.3,4.887155783894014,-0.21284421610598617,0.4128442161059862,0.4128442161059862
2025-03-30 13:00:00,5.3,6.2,5.538300438553518,0.23830043855351893,0.6616995614464818,0.6616995614464818
2025-03-30 14:00:00,6.2,4.7,6.421201455010799,0.22120145501079866,-1.7212014550107986,1.7212014550107986
2025-03-30 15:00:00,4.7,5.2,4.050249615039125,-0.6497503849608751,1.1497503849608748,1.1497503849608748
2025-03-30 16:00:00,5.2,7.4,4.786422594108403,-0.41357740589159714,2.613577405891597,2.613577405891597
2025-03-30 17:00:00,7.4,6.9,6.9862428025191186,-0.41375719748088174,-0.0862428025191182,0.0862428025191182
2025-03-30 18:00:00,6.9,5.6,5.759874817765478,-1.1401251822345222,-0.15987481776547874,0.15987481776547874
2025-03-30 19:00:00,5.6,4.8,4.2972650342666885,-1.3027349657333112,0.5027349657333113,0.5027349657333113
2025-03-30 20:00:00,4.8,4.6,4.159522373167535,-0.640477626832465,0.4404776268324646,0.4404776268324646
2025-03-30 21:00:00,4.6,4.5,4.2235228746793725,-0.3764771253206273,0.2764771253206275,0.2764771253206275
2025-03-30 22:00:00,4.5,4.4,4.181905508597388,-0.3180944914026121,0.2180944914026126,0.2180944914026126
2025-03-30 23:00:00,4.4,4.1,4.127619915773208,-0.27238008422679255,-0.027619915773207993,0.027619915773207993
2025-03-31 00:00:00,4.1,3.9,3.8027465713215323,-0.2972534286784675,0.09725342867846765,0.09725342867846765
2025-03-31 01:00:00,3.9,2.9,3.6611334771442468,-0.23886652285575313,-0.7611334771442468,0.7611334771442468
2025-03-31 02:00:00,2.9,2.5,2.3971798751726703,-0.5028201248273297,0.10282012482732972,0.10282012482732972
2025-03-31 03:00:00,2.5,2.2,2.130645746212358,-0.36935425378764186,0.06935425378764215,0.06935425378764215
2025-03-31 04:00:00,2.2,2.0,1.8628322021978476,-0.3371677978021525,0.13716779780215238,0.13716779780215238
2025-03-31 05:00:00,2.0,1.3,1.7278876909495862,-0.27211230905041384,-0.4278876909495861,0.4278876909495861
2025-03-31 06:00:00,1.3,1.5,1.0965307004294902,-0.20346929957050977,0.4034692995705098,0.4034692995705098
2025-03-31 07:00:00,1.5,3.5,2.9737577190417523,1.4737577190417523,0.5262422809582477,0.5262422809582477
2025-03-31 08:00:00,3.5,6.1,6.186224368275579,2.686224368275579,-0.08622436827557944,0.08622436827557944
2025-03-31 09:00:00,6.1,8.6,8.472296210743462,2.372296210743462,0.1277037892565378,0.1277037892565378
2025-03-31 10:00:00,8.6,10.1,10.767466590802272,2.167466590802273,-0.6674665908022721,0.6674665908022721
2025-03-31 11:00:00,10.1,11.5,11.510734015507833,1.4107340155078338,-0.010734015507832595,0.010734015507832595
2025-03-31 12:00:00,11.5,12.7,12.673596740023335,1.1735967400233358,0.026403259976664373,0.026403259976664373
2025-03-31 13:00:00,12.7,13.5,13.314968523259203,0.6149685232592044,0.18503147674079656,0.18503147674079656
2025-03-31 14:00:00,13.5,13.6,13.831660840145686,0.3316608401456849,-0.2316608401456861,0.2316608401456861
2025-03-31 15:00:00,13.6,13.7,13.50661278759082,-0.09338721240918015,0.19338721240917955,0.19338721240917955
2025-03-31 16:00:00,13.7,12.7,13.026199920423725,-0.6738000795762744,-0.3261999204237256,0.3261999204237256
2025-03-31 17:00:00,12.7,11.5,11.216925940146496,-1.4830740598535033,0.2830740598535044,0.2830740598535044
2025-03-31 18:00:00,11.5,10.0,9.795960917210582,-1.7040390827894185,0.20403908278941785,0.20403908278941785
2025-03-31 19:00:00,10.0,8.8,8.810643559543726,-1.189356440456274,-0.01064355954372509,0.01064355954372509
2025-03-31 20:00:00,8.8,7.9,7.9299594395641755,-0.8700405604358249,-0.029959439564175128,0.029959439564175128
2025-03-31 21:00:00,7.9,7.2,7.146162111363111,-0.7538378886368888,0.0538378886368891,0.0538378886368891
2025-03-31 22:00:00,7.2,7.1,6.59022181372477,-0.6097781862752302,0.5097781862752297,0.5097781862752297
2025-03-31 23:00:00,7.1,6.9,6.680662750124023,-0.4193372498759763,0.21933724987597714,0.21933724987597714
2025-04-01 00:00:00,6.9,6.4,6.586267320905722,-0.31373267909427877,-0.1862673209057215,0.1862673209057215
2025-04-01 01:00:00,6.4,6.0,6.004991812956861,-0.3950081870431389,-0.004991812956861352,0.004991812956861352
2025-04-01 02:00:00,6.0,5.4,5.659123199289564,-0.3408768007104361,-0.2591231992895633,0.2591231992895633
2025-04-01 03:00:00,5.4,5.0,5.025375379279864,-0.37462462072013664,-0.025375379279863886,0.025375379279863886
2025-04-01 04:00:00,5.0,4.7,4.680191418993132,-0.3198085810068677,0.019808581006867776,0.019808581006867776
2025-04-01 05:00:00,4.7,4.3,4.432227562007321,-0.2677724379926791,-0.132227562007321,0.132227562007321
2025-04-01 06:00:00,4.3,3.9,4.335781782592036,0.03578178259203615,-0.4357817825920365,0.4357817825920365
2025-04-01 07:00:00,3.9,5.3,4.800157668329399,0.9001576683293996,0.49984233167060044,0.49984233167060044
2025-04-01 08:00:00,5.3,7.7,7.635953963846944,2.3359539638469444,0.06404603615305593,0.06404603615305593
2025-04-01 09:00:00,7.7,10.3,10.109973544193052,2.409973544193052,0.1900264558069491,0.1900264558069491
2025-04-01 10:00:00,10.3,12.0,12.399180265475295,2.099180265475293,-0.3991802654752945,0.3991802654752945
2025-04-01 11:00:00,12.0,13.9,13.532687487026447,1.5326874870264462,0.3673125129735535,0.3673125129735535
2025-04-01 12:00:00,13.9,15.5,15.4972361086769,1.5972361086768987,0.002763891323100509,0.002763891323100509
2025-04-01 13:00:00,15.5,16.8,16.376985334999983,0.8769853349999834,0.42301466500001794,0.42301466500001794
2025-04-01 14:00:00,16.8,16.8,17.189444092672364,0.3894440926723643,-0.38944409267236324,0.38944409267236324
2025-04-01 15:00:00,16.8,16.8,16.595385247227227,-0.20461475277277347,0.2046147527727733,0.2046147527727733
2025-04-01 16:00:00,16.8,15.7,16.010217918823027,-0.7897820811769746,-0.31021791882302807,0.31021791882302807
2025-04-01 17:00:00,15.7,14.5,14.189715739377464,-1.5102842606225362,0.3102842606225362,0.3102842606225362
2025-04-01 18:00:00,14.5,12.5,12.791627832234175,-1.7083721677658255,-0.291627832234175,0.291627832234175
2025-04-01 19:00:00,12.5,11.0,11.138951091116159,-1.361048908883842,-0.13895109111615866,0.13895109111615866
2025-04-01 20:00:00,11.0,10.0,9.987907457537982,-1.0120925424620169,0.01209254246201752,0.01209254246201752
2025-04-01 21:00:00,10.0,9.0,9.23758943777253,-0.7624105622274701,-0.23758943777252917,0.23758943777252917
2025-04-01 22:00:00,9.0,8.7,8.26336771047138,-0.73663228952862,0.4366322895286192,0.4366322895286192
2025-04-01 23:00:00,8.7,7.9,8.27905997684105,-0.420940023158948,-0.3790599768410505,0.3790599768410505
2025-04-02 00:00:00,7.9,7.2,7.398579532812476,-0.5014204671875248,-0.19857953281247553,0.19857953281247553
2025-04-02 01:00:00,7.2,6.9,6.688105260582654,-0.511894739417346,0.21189473941734605,0.21189473941734605
2025-04-02 02:00:00,6.9,6.6,6.510498582895133,-0.3895014171048672,0.08950141710486648,0.08950141710486648
2025-04-02 03:00:00,6.6,5.9,6.306394819865292,-0.29360518013470727,-0.4063948198652918,0.4063948198652918
2025-04-02 04:00:00,5.9,5.5,5.535194982243867,-0.3648050177561332,-0.0351949822438673,0.0351949822438673
2025-04-02 05:00:00,5.5,5.2,5.181044237696598,-0.3189557623034012,0.01895576230340179,0.01895576230340179
2025-04-02 06:00:00,5.2,5.3,5.276449078668976,0.0764490786689752,0.0235509213310241,0.0235509213310241
2025-04-02 07:00:00,5.3,6.8,6.866847467597275,1.5668474675972752,-0.06684746759727478,0.06684746759727478
2025-04-02 08:00:00,6.8,9.8,9.032721230847205,2.232721230847206,0.7672787691527958,0.7672787691527958
2025-04-02 09:00:00,9.8,12.5,12.41393651895032,2.6139365189503203,0.08606348104967942,0.08606348104967942
2025-04-02 10:00:00,12.5,14.2,14.5587112762592,2.0587112762591984,-0.35871127625919996,0.35871127625919996
2025-04-02 11:00:00,14.2,14.4,15.767302185204747,1.5673021852047477,-1.3673021852047462,1.3673021852047462
2025-04-02 12:00:00,14.4,13.4,15.16664808177348,0.7666480817734799,-1.7666480817734804,1.7666480817734804
2025-04-02 13:00:00,13.4,13.0,12.741828866270232,-0.6581711337297679,0.25817113372976763,0.25817113372976763
2025-04-02 14:00:00,13.0,11.3,12.772462850131875,-0.22753714986812465,-1.4724628501318744,1.4724628501318744
2025-04-02 15:00:00,11.3,10.5,10.38412785904027,-0.9158721409597305,0.11587214095973053,0.11587214095973053
2025-04-02 16:00:00,10.5,9.5,9.772298612462357,-0.7277013875376431,-0.2722986124623574,0.2722986124623574
2025-04-02 17:00:00,9.5,9.1,8.443011426295424,-1.0569885737045768,0.6569885737045755,0.6569885737045755
2025-04-02 18:00:00,9.1,9.2,8.486148756045527,-0.6138512439544728,0.7138512439544726,0.7138512439544726
2025-04-02 19:00:00,9.2,9.1,8.803090668226956,-0.3969093317730443,0.296909331773044,0.296909331773044
2025-04-02 20:00:00,9.1,8.0,8.74281597650936,-0.35718402349063977,-0.7428159765093607,0.7428159765093607
2025-04-02 21:00:00,8.0,7.3,7.106481289863103,-0.8935187101368967,0.19351871013689692,0.19351871013689692
2025-04-02 22:00:00,7.3,6.8,6.705653597408988,-0.5943464025910123,0.0943464025910119,0.0943464025910119
2025-04-02 23:00:00,6.8,6.7,6.359168445093765,-0.4408315549062348,0.3408315549062353,0.3408315549062353
2025-04-03 00:00:00,6.7,6.4,6.4996754750122685,-0.20032452498773173,-0.09967547501226814,0.09967547501226814
2025-04-03 01:00:00,6.4,5.7,6.039917896843012,-0.3600821031569881,-0.3399178968430121,0.3399178968430121
2025-04-03 02:00:00,5.7,5.4,5.1634628792620765,-0.5365371207379238,0.23653712073792388,0.23653712073792388
2025-04-03 03:00:00,5.4,4.8,5.080579949389446,-0.31942005061055384,-0.2805799493894465,0.2805799493894465
2025-04-03 04:00:00,4.8,4.3,4.467086470274235,-0.3329135297257648,-0.16708647027423496,0.16708647027423496
2025-04-03 05:00:00,4.3,4.0,4.00011982589453,-0.2998801741054699,-0.00011982589453030101,0.00011982589453030101
2025-04-03 06:00:00,4.0,3.6,4.058216045238103,0.05821604523810309,-0.4582160452381028,0.4582160452381028
2025-04-03 07:00:00,3.6,5.6,4.501018357347983,0.9010183573479835,1.0989816426520163,1.0989816426520163
2025-04-03 08:00:00,5.6,8.1,8.108691415111537,2.508691415111536,-0.008691415111536926,0.008691415111536926
2025-04-03 09:00:00,8.1,11.3,10.436290751703936,2.336290751703936,0.8637092482960647,0.8637092482960647
2025-04-03 10:00:00,11.3,12.7,13.313081101662597,2.0130811016625954,-0.6130811016625977,0.6130811016625977
2025-04-03 11:00:00,12.7,14.1,14.188623483765271,1.4886234837652723,-0.08862348376527152,0.08862348376527152
2025-04-03 12:00:00,14.1,15.4,15.463929877643693,1.3639298776436932,-0.06392987764369273,0.06392987764369273
2025-04-03 13:00:00,15.4,16.1,15.985359612853244,0.5853596128532439,0.11464038714675695,0.11464038714675695
2025-04-03 14:00:00,16.1,16.8,16.469408820996332,0.36940882099633127,0.33059117900366886,0.33059117900366886
2025-04-03 15:00:00,16.8,16.1,16.754748734761474,-0.045251265238526205,-0.6547487347614727,0.6547487347614727
2025-04-03 16:00:00,16.1,14.4,15.229470213716423,-0.8705297862835782,-0.8294702137164229,0.8294702137164229
2025-04-03 17:00:00,14.4,12.8,13.015238161177635,-1.3847618388223657,-0.21523816117763417,0.21523816117763417
2025-04-03 18:00:00,12.8,11.2,11.3782237377758,-1.4217762622242003,-0.17822373777580047,0.17822373777580047
2025-04-03 19:00:00,11.2,10.2,9.983867038975426,-1.216132961024574,0.2161329610245737,0.2161329610245737
2025-04-03 20:00:00,10.2,9.4,9.430885550372116,-0.7691144496278831,-0.03088555037211549,0.03088555037211549
2025-04-03 21:00:00,9.4,8.6,8.783989082891486,-0.6160109171085146,-0.18398908289148608,0.18398908289148608
2025-04-03 22:00:00,8.6,7.8,7.988627530740194,-0.611372469259805,-0.18862753074019434,0.18862753074019434
2025-04-03 23:00:00,7.8,7.6,7.293153810673847,-0.5068461893261524,0.30684618932615226,0.30684618932615226
2025-04-04 00:00:00,7.6,7.2,7.209469828429751,-0.3905301715702485,-0.009469828429750748,0.009469828429750748
2025-04-04 01:00:00,7.2,7.3,6.8119666163078945,-0.3880333836921056,0.48803338369210536,0.48803338369210536
2025-04-04 02:00:00,7.3,6.9,7.1968052379997,-0.10319476200029959,-0.29680523799969993,0.29680523799969993
2025-04-04 03:00:00,6.9,6.3,6.54955444479213,-0.3504455552078704,-0.24955444479213007,0.24955444479213007
2025-04-04 04:00:00,6.3,6.2,5.974149934895088,-0.32585006510491205,0.225850065104912,0.225850065104912
2025-04-04 05:00:00,6.2,6.2,6.0029249448845805,-0.19707505511541992,0.19707505511541967,0.19707505511541967
2025-04-04 06:00:00,6.2,6.0,6.3203748253645715,0.12037482536457111,-0.3203748253645715,0.3203748253645715
2025-04-04 07:00:00,6.0,6.9,7.024026855712127,1.0240268557121268,-0.12402685571212668,0.12402685571212668
2025-04-04 08:00:00,6.9,9.2,8.849394762113391,1.9493947621133916,0.350605237886608,0.350605237886608
2025-04-04 09:00:00,9.2,11.1,11.439840134667488,2.2398401346674888,-0.3398401346674884,0.3398401346674884
2025-04-04 10:00:00,11.1,12.6,12.898991738934418,1.7989917389344192,-0.29899173893441855,0.29899173893441855
2025-04-04 11:00:00,12.6,13.9,13.939278005150133,1.3392780051501336,-0.039278005150132245,0.039278005150132245
2025-04-04 12:00:00,13.9,15.5,14.930169247431879,1.030169247431878,0.5698307525681212,0.5698307525681212
2025-04-04 13:00:00,15.5,16.1,16.167806983143965,0.6678069831439637,-0.0678069831439636,0.0678069831439636
2025-04-04 14:00:00,16.1,16.0,16.452759819609472,0.35275981960947195,-0.4527598196094722,0.4527598196094722
2025-04-04 15:00:00,16.0,15.9,15.763159786362547,-0.2368402136374538,0.1368402136374538,0.1368402136374538
2025-04-04 16:00:00,15.9,15.0,15.112889901603456,-0.7871100983965442,-0.11288990160345591,0.11288990160345591
2025-04-04 17:00:00,15.0,13.4,13.526440610167207,-1.4735593898327943,-0.1264406101672062,0.1264406101672062
2025-04-04 18:00:00,13.4,11.9,11.699247077306508,-1.7007529226934923,0.20075292269349276,0.20075292269349276
2025-04-04 19:00:00,11.9,10.8,10.703847172194607,-1.1961528278053928,0.09615282780539403,0.09615282780539403
2025-04-04 20:00:00,10.8,10.0,9.988091303605973,-0.8119086963940283,0.011908696394026919,0.011908696394026919
2025-04-04 21:00:00,10.0,9.7,9.389377504112899,-0.6106224958871006,0.31062249588710067,0.31062249588710067
2025-04-04 22:00:00,9.7,9.6,9.213472900850478,-0.48652709914952147,0.38652709914952155,0.38652709914952155
2025-04-04 23:00:00,9.6,9.5,9.202660240651618,-0.39733975934838256,0.2973397593483824,0.2973397593483824
2025-04-05 00:00:00,9.5,9.3,9.225149150432681,-0.2748508495673182,0.07485084956731924,0.07485084956731924
2025-04-05 01:00:00,9.3,8.5,9.038670354405028,-0.2613296455949727,-0.5386703544050278,0.5386703544050278
2025-04-05 02:00:00,8.5,8.2,7.997555668183256,-0.5024443318167447,0.2024443318167437,0.2024443318167437
2025-04-05 03:00:00,8.2,8.4,7.895420073794778,-0.3045799262052211,0.5045799262052224,0.5045799262052224
2025-04-05 04:00:00,8.4,8.6,8.496532942143906,0.09653294214390531,0.10346705785609345,0.10346705785609345
2025-04-05 05:00:00,8.6,8.7,8.705026739200381,0.10502673920038204,-0.005026739200381769,0.005026739200381769
2025-04-05 06:00:00,8.7,8.9,8.794287059913573,0.09428705991357465,0.10571294008642695,0.10571294008642695
2025-04-05 07:00:00,8.9,8.8,9.54903609548559,0.6490360954855892,-0.7490360954855895,0.7490360954855895
2025-04-05 08:00:00,8.8,8.5,9.165691480750466,0.36569148075046504,-0.6656914807504659,0.6656914807504659
2025-04-05 09:00:00,8.5,8.0,8.574845815242584,0.07484581524258434,-0.5748458152425844,0.5748458152425844
2025-04-05 10:00:00,8.0,7.8,7.874550492615086,-0.12544950738491453,-0.07455049261508595,0.07455049261508595
2025-04-05 11:00:00,7.8,7.9,7.83650094064204,0.03650094064203961,0.06349905935796052,0.06349905935796052
2025-04-05 12:00:00,7.9,7.9,8.001707572432249,0.10170757243224898,-0.10170757243224848,0.10170757243224848
2025-04-05 13:00:00,7.9,7.7,8.002159500368702,0.10215950036870161,-0.30215950036870165,0.30215950036870165
2025-04-05 14:00:00,7.7,7.7,7.701154165746198,0.0011541657461979844,-0.001154165746197755,0.001154165746197755
2025-04-05 15:00:00,7.7,7.7,7.680392685877454,-0.01960731412254661,0.01960731412254635,0.01960731412254635
2025-04-05 16:00:00,7.7,7.6,7.58518500303437,-0.1148149969656301,0.01481499696562949,0.01481499696562949
2025-04-05 17:00:00,7.6,7.6,7.474334367385044,-0.12566563261495575,0.12566563261495567,0.12566563261495567
2025-04-05 18:00:00,7.6,7.7,7.575033621415036,-0.024966378584963145,0.12496637858496396,0.12496637858496396
2025-04-05 19:00:00,7.7,7.6,7.742255075641374,0.04225507564137412,-0.14225507564137452,0.14225507564137452
2025-04-05 20:00:00,7.6,7.6,7.452265372876243,-0.14773462712375637,0.1477346271237563,0.1477346271237563
2025-04-05 21:00:00,7.6,7.6,7.463129288233247,-0.13687071176675225,0.13687071176675225,0.13687071176675225
2025-04-05 22:00:00,7.6,7.8,7.489509575179032,-0.11049042482096727,0.31049042482096745,0.31049042482096745
2025-04-05 23:00:00,7.8,7.9,7.748626463054393,-0.05137353694560725,0.1513735369456075,0.1513735369456075
2025-04-06 00:00:00,7.9,7.6,7.699225727333564,-0.2007742726664362,-0.0992257273335646,0.0992257273335646
2025-04-06 01:00:00,7.6,7.4,7.338553513462505,-0.2614464865374952,0.06144648653749574,0.06144648653749574
2025-04-06 02:00:00,7.4,7.5,7.202693936370737,-0.1973060636292634,0.2973060636292626,0.2973060636292626
2025-04-06 03:00:00,7.5,7.3,7.464319586886619,-0.03568041311338098,-0.16431958688661918,0.16431958688661918
2025-04-06 04:00:00,7.3,7.4,7.099966129369759,-0.20003387063024142,0.3000338706302417,0.3000338706302417
2025-04-06 05:00:00,7.4,7.1,7.3325334405692475,-0.06746655943075248,-0.23253344056924785,0.23253344056924785
2025-04-06 06:00:00,7.1,6.9,7.238462709159589,0.13846270915958955,-0.33846270915958865,0.33846270915958865
2025-04-06 07:00:00,6.9,7.6,7.440518992445971,0.5405189924459706,0.15948100755402894,0.15948100755402894
2025-04-06 08:00:00,7.6,8.1,9.120339513893214,1.5203395138932143,-1.020339513893214,1.020339513893214
2025-04-06 09:00:00,8.1,9.1,8.894670878532011,0.7946708785320122,0.20532912146798843,0.20532912146798843
2025-04-06 10:00:00,9.1,11.3,10.277886447788783,1.1778864477887825,1.0221135522112181,1.0221135522112181
2025-04-06 11:00:00,11.3,13.5,12.799997607825826,1.4999976078258248,0.7000023921741736,0.7000023921741736
2025-04-06 12:00:00,13.5,13.9,14.600035900108196,1.1000359001081967,-0.7000359001081957,0.7000359001081957
2025-04-06 13:00:00,13.9,15.2,14.495983322431766,0.5959833224317644,0.7040166775682337,0.7040166775682337
2025-04-06 14:00:00,15.2,15.5,15.485539130185193,0.2855391301851941,0.014460869814806543,0.014460869814806543
2025-04-06 15:00:00,15.5,15.4,15.306137683708792,-0.19386231629120837,0.093862316291208,0.093862316291208
2025-04-06 16:00:00,15.4,14.4,14.7147447915845,-0.6852552084154989,-0.3147447915845003,0.3147447915845003
2025-04-06 17:00:00,14.4,13.1,13.098954765116485,-1.3010452348835149,0.0010452348835148229,0.0010452348835148229
2025-04-06 18:00:00,13.1,11.7,11.680927987651645,-1.4190720123483547,0.01907201234835476,0.01907201234835476
2025-04-06 19:00:00,11.7,10.5,10.636620130734155,-1.0633798692658445,-0.1366201307341548,0.1366201307341548
2025-04-06 20:00:00,10.5,9.7,9.675751200007587,-0.824248799992413,0.024248799992411918,0.024248799992411918
2025-04-06 21:00:00,9.7,8.9,9.081961524800812,-0.6180384751991864,-0.18196152480081196,0.18196152480081196
2025-04-06 22:00:00,8.9,8.3,8.313114377407684,-0.5868856225923157,-0.01311437740768362,0.01311437740768362
2025-04-06 23:00:00,8.3,7.8,7.823384730428427,-0.47661526957157374,-0.023384730428427147,0.023384730428427147
2025-04-07 00:00:00,7.8,7.3,7.371774355576293,-0.4282256444237069,-0.0717743555762933,0.0717743555762933
2025-04-07 01:00:00,7.3,7.0,6.896970995805954,-0.40302900419404586,0.10302900419404626,0.10302900419404626
2025-04-07 02:00:00,7.0,6.8,6.69235350321531,-0.3076464967846902,0.10764649678468974,0.10764649678468974
2025-04-07 03:00:00,6.8,6.5,6.53074117208994,-0.2692588279100592,-0.030741172089940427,0.030741172089940427
2025-04-07 04:00:00,6.5,6.2,6.225632027241787,-0.27436797275821295,-0.02563202724178648,0.02563202724178648
2025-04-07 05:00:00,6.2,5.8,5.938105240055287,-0.26189475994471345,-0.13810524005528713,0.13810524005528713
2025-04-07 06:00:00,5.8,5.5,5.8468191689086355,0.046819168908635786,-0.3468191689086355,0.3468191689086355
2025-04-07 07:00:00,5.5,7.5,6.55831607741654,1.0583160774165403,0.9416839225834597,0.9416839225834597
2025-04-07 08:00:00,7.5,10.4,9.979157023745621,2.479157023745621,0.42084297625437905,0.42084297625437905
2025-04-07 09:00:00,10.4,12.7,12.96504620989189,2.565046209891889,-0.2650462098918904,0.2650462098918904
2025-04-07 10:00:00,12.7,14.8,14.75587879100695,2.05587879100695,0.04412120899305094,0.04412120899305094
2025-04-07 11:00:00,14.8,17.0,16.444153374164298,1.6441533741642964,0.5558466258357022,0.5558466258357022
2025-04-07 12:00:00,17.0,18.5,18.327744831610737,1.3277448316107379,0.17225516838926325,0.17225516838926325
2025-04-07 13:00:00,18.5,19.4,19.3655752592651,0.8655752592651013,0.03442474073489876,0.03442474073489876
2025-04-07 14:00:00,19.4,19.8,19.751184633625087,0.35118463362508856,0.04881536637491379,0.04881536637491379
2025-04-07 15:00:00,19.8,20.0,19.704212728433177,-0.09578727156682383,0.29578727156682305,0.29578727156682305
2025-04-07 16:00:00,20.0,19.2,19.271932927982103,-0.7280670720178978,-0.07193292798210393,0.07193292798210393
2025-04-07 17:00:00,19.2,17.8,17.86393438528616,-1.3360656147138381,-0.06393438528616002,0.06393438528616002
2025-04-07 18:00:00,17.8,16.6,16.23314631611235,-1.5668536838876495,0.36685368388765127,0.36685368388765127
2025-04-07 19:00:00,16.6,16.1,15.484202510124069,-1.1157974898759317,0.6157974898759324,0.6157974898759324
2025-04-07 20:00:00,16.1,15.7,15.584219235454118,-0.5157807645458845,0.11578076454588171,0.11578076454588171
2025-04-07 21:00:00,15.7,15.7,15.23849533423554,-0.4615046657644593,0.46150466576446014,0.46150466576446014
2025-04-07 22:00:00,15.7,15.2,15.50849080137871,-0.19150919862129073,-0.30849080137871,0.30849080137871
2025-04-07 23:00:00,15.2,14.3,14.664630734641957,-0.5353692653580425,-0.36463073464195617,0.36463073464195617
2025-04-08 00:00:00,14.3,13.7,13.611139994320961,-0.68886000567904,0.08886000567903807,0.08886000567903807
2025-04-08 01:00:00,13.7,13.0,13.153372878249721,-0.546627121750279,-0.153372878249721,0.153372878249721
2025-04-08 02:00:00,13.0,12.0,12.378924237276168,-0.6210757627238318,-0.3789242372761681,0.3789242372761681
2025-04-08 03:00:00,12.0,11.6,11.195148205894494,-0.8048517941055053,0.40485179410550565,0.40485179410550565
2025-04-08 04:00:00,11.6,11.1,11.184656009201502,-0.41534399079849676,-0.08465600920150251,0.08465600920150251
2025-04-08 05:00:00,11.1,10.9,10.715619906845538,-0.38438009315446237,0.1843800931544628,0.1843800931544628
2025-04-08 06:00:00,10.9,10.7,11.061414289708933,0.1614142897089324,-0.3614142897089341,0.3614142897089341
2025-04-08 07:00:00,10.7,10.9,11.493066471690787,0.793066471690787,-0.5930664716907863,0.5930664716907863
2025-04-08 08:00:00,10.9,11.8,11.893939349645697,0.9939393496456967,-0.09393934964569617,0.09393934964569617
2025-04-08 09:00:00,11.8,13.0,13.300290783042637,1.5002907830426364,-0.30029078304263734,0.30029078304263734
2025-04-08 10:00:00,13.0,14.6,14.167303694420948,1.1673036944209478,0.4326963055790518,0.4326963055790518
2025-04-08 11:00:00,14.6,15.9,15.803399713012736,1.2033997130127358,0.09660028698726464,0.09660028698726464
2025-04-08 12:00:00,15.9,16.6,16.668825818193998,0.7688258181939971,-0.06882581819399647,0.06882581819399647
2025-04-08 13:00:00,16.6,17.3,17.124585349979196,0.5245853499791936,0.17541465002080514,0.17541465002080514
2025-04-08 14:00:00,17.3,18.1,17.64084455480017,0.34084455480017106,0.45915544519982987,0.45915544519982987
2025-04-08 15:00:00,18.1,18.4,17.9607139079407,-0.13928609205930007,0.43928609205929803,0.43928609205929803
2025-04-08 16:00:00,18.4,17.9,17.637330062541544,-0.7626699374584547,0.2626699374584547,0.2626699374584547
2025-04-08 17:00:00,17.9,16.8,16.625317551271305,-1.2746824487286939,0.17468244872869576,0.17468244872869576
2025-04-08 18:00:00,16.8,15.2,15.306502858499265,-1.493497141500737,-0.10650285849926533,0.10650285849926533
2025-04-08 19:00:00,15.2,14.1,13.8467503842098,-1.3532496157901985,0.25324961579019956,0.25324961579019956
2025-04-08 20:00:00,14.1,13.4,13.286465852465215,-0.8135341475347845,0.11353414753478575,0.11353414753478575
2025-04-08 21:00:00,13.4,12.6,12.740159896769159,-0.659840103230841,-0.14015989676915908,0.14015989676915908
2025-04-08 22:00:00,12.6,12.0,11.94803763451593,-0.6519623654840683,0.051962365484069295,0.051962365484069295
2025-04-08 23:00:00,12.0,11.2,11.479983611786254,-0.5200163882137457,-0.2799836117862551,0.2799836117862551
2025-04-09 00:00:00,11.2,10.4,10.592879000865887,-0.6071209991341128,-0.1928790008658865,0.1928790008658865
2025-04-09 01:00:00,10.4,9.7,9.89967683752573,-0.5003231624742709,-0.19967683752573073,0.19967683752573073
2025-04-09 02:00:00,9.7,9.4,9.2198052513958,-0.4801947486041992,0.18019474860420104,0.18019474860420104
2025-04-09 03:00:00,9.4,9.3,9.009095575074998,-0.3909044249250032,0.290904424925003,0.290904424925003
2025-04-09 04:00:00,9.3,8.9,9.069492076536662,-0.23050792346333934,-0.16949207653666143,0.16949207653666143
2025-04-09 05:00:00,8.9,8.6,8.638399044523782,-0.26160095547621925,-0.03839904452378207,0.03839904452378207
2025-04-09 06:00:00,8.6,8.8,8.729002436575037,0.12900243657503785,0.07099756342496377,0.07099756342496377
2025-04-09 07:00:00,8.8,10.7,9.893034774377753,1.0930347743777529,0.8069652256222462,0.8069652256222462
2025-04-09 08:00:00,10.7,12.3,13.391574313064693,2.6915743130646934,-1.091574313064692,1.091574313064692
2025-04-09 09:00:00,12.3,13.9,14.102007608820111,1.8020076088201111,-0.20200760882011082,0.20200760882011082
2025-04-09 10:00:00,13.9,15.2,15.256738948697107,1.356738948697107,-0.056738948697107716,0.056738948697107716
2025-04-09 11:00:00,15.2,16.3,16.244537767872764,1.044537767872763,0.05546223212723689,0.05546223212723689
2025-04-09 12:00:00,16.3,17.8,17.126256607513966,0.8262566075139668,0.6737433924860348,0.6737433924860348
2025-04-09 13:00:00,17.8,17.5,18.599957721405836,0.7999577214058352,-1.0999577214058363,1.0999577214058363
2025-04-09 14:00:00,17.5,16.4,17.61233538658831,0.11233538658830874,-1.212335386588311,1.212335386588311
2025-04-09 15:00:00,16.4,15.0,15.771391095506551,-0.6286089044934469,-0.7713910955065515,0.7713910955065515
2025-04-09 16:00:00,15.0,14.9,14.06363117424268,-0.9363688257573209,0.8363688257573205,0.8363688257573205
2025-04-09 17:00:00,14.9,14.9,13.659001826269419,-1.2409981737305817,1.2409981737305813,1.2409981737305813
2025-04-09 18:00:00,14.9,14.0,13.775213480120588,-1.1247865198794118,0.22478651987941234,0.22478651987941234
2025-04-09 19:00:00,14.0,12.2,12.601794865422352,-1.3982051345776472,-0.4017948654223531,0.4017948654223531
2025-04-09 20:00:00,12.2,12.1,11.015924340023385,-1.1840756599766133,1.0840756599766141,1.0840756599766141
2025-04-09 21:00:00,12.1,12.0,11.761860411465063,-0.33813958853493636,0.23813958853493666,0.23813958853493666
2025-04-09 22:00:00,12.0,11.8,11.642127612548133,-0.3578723874518663,0.15787238745186727,0.15787238745186727
2025-04-09 23:00:00,11.8,11.6,11.511434625138696,-0.28856537486130496,0.08856537486130378,0.08856537486130378
2025-04-10 00:00:00,11.6,11.3,11.316014949070654,-0.28398505092934617,-0.016014949070653373,0.016014949070653373
2025-04-10 01:00:00,11.3,10.9,10.977028073134406,-0.32297192686559417,-0.07702807313440552,0.07702807313440552
2025-04-10 02:00:00,10.9,10.5,10.54629881594393,-0.35370118405607137,-0.04629881594392948,0.04629881594392948
2025-04-10 03:00:00,10.5,10.3,10.173690583399106,-0.3263094166008946,0.12630941660089512,0.12630941660089512
2025-04-10 04:00:00,10.3,10.0,10.069835337629208,-0.23016466237079267,-0.06983533762920757,0.06983533762920757
2025-04-10 05:00:00,10.0,9.2,9.77248562297771,-0.22751437702229035,-0.5724856229777107,0.5724856229777107
2025-04-10 06:00:00,9.2,8.9,9.080500924703285,-0.11949907529671426,-0.18050092470328494,0.18050092470328494
2025-04-10 07:00:00,8.9,9.9,9.714917539394834,0.8149175393948347,0.18508246060516598,0.18508246060516598
2025-04-10 08:00:00,9.9,11.8,12.07476471290942,2.17476471290942,-0.27476471290941973,0.27476471290941973
2025-04-10 09:00:00,11.8,13.6,13.878100822364086,2.078100822364086,-0.2781008223640864,0.2781008223640864
2025-04-10 10:00:00,13.6,14.8,15.30403177419824,1.7040317741982398,-0.5040317741982392,0.5040317741982392
2025-04-10 11:00:00,14.8,16.3,15.95870515863164,1.1587051586316393,0.3412948413683612,0.3412948413683612
2025-04-10 12:00:00,16.3,16.2,17.28629170229288,0.986291702292878,-1.086291702292879,1.086291702292879
2025-04-10 13:00:00,16.2,17.4,16.333980191345876,0.13398019134587552,1.0660198086541222,1.0660198086541222
2025-04-10 14:00:00,17.4,18.7,17.69130133217039,0.2913013321703913,1.0086986678296093,1.0086986678296093
2025-04-10 15:00:00,18.7,18.6,18.89753655699528,0.19753655699528164,-0.29753655699527926,0.29753655699527926
2025-04-10 16:00:00,18.6,17.7,17.95044812911652,-0.6495518708834823,-0.2504481291165206,0.2504481291165206
2025-04-10 17:00:00,17.7,15.8,16.300232780237145,-1.3997672197628541,-0.5002327802371447,0.5002327802371447
2025-04-10 18:00:00,15.8,14.0,14.353237564657311,-1.4467624353426891,-0.35323756465731115,0.35323756465731115
2025-04-10 19:00:00,14.0,12.8,12.745675321330632,-1.254324678669369,0.054324678669368964,0.054324678669368964
2025-04-10 20:00:00,12.8,12.2,12.00374747215476,-0.7962525278452401,0.19625252784523894,0.19625252784523894
2025-04-10 21:00:00,12.2,11.9,11.63028704261797,-0.5697129573820284,0.2697129573820298,0.2697129573820298
2025-04-10 22:00:00,11.9,11.3,11.518928396794795,-0.3810716032052058,-0.21892839679479437,0.21892839679479437
2025-04-10 23:00:00,11.3,11.1,10.82303834355775,-0.47696165644225164,0.2769616564422499,0.2769616564422499
2025-04-11 00:00:00,11.1,10.7,10.803315685805993,-0.29668431419400715,-0.1033156858059936,0.1033156858059936
2025-04-11 01:00:00,10.7,10.1,10.322542631765344,-0.37745736823465426,-0.22254263176534472,0.22254263176534472
2025-04-11 02:00:00,10.1,9.8,9.68419451858241,-0.41580548141758994,0.11580548141759017,0.11580548141759017
2025-04-11 03:00:00,9.8,9.5,9.448876437924149,-0.3511235620758521,0.051123562075851225,0.051123562075851225
2025-04-11 04:00:00,9.5,8.9,9.174887862533902,-0.325112137466098,-0.27488786253390174,0.27488786253390174
2025-04-11 05:00:00,8.9,8.3,8.630454403790248,-0.2695455962097527,-0.33045440379024704,0.33045440379024704
2025-04-11 06:00:00,8.3,8.3,8.242643614235593,-0.05735638576440706,0.05735638576440749,0.05735638576440749
2025-04-11 07:00:00,8.3,10.8,9.422819130452487,1.1228191304524862,1.377180869547514,1.377180869547514
2025-04-11 08:00:00,10.8,13.6,13.22802088585972,2.4280208858597208,0.37197911414027907,0.37197911414027907
2025-04-11 09:00:00,13.6,16.2,15.906977244253667,2.3069772442536687,0.29302275574633185,0.29302275574633185
2025-04-11 10:00:00,16.2,18.6,18.22368412435744,2.023684124357443,0.3763158756425611,0.3763158756425611
2025-04-11 11:00:00,18.6,21.0,20.296055262750407,1.6960552627504055,0.7039447372495928,0.7039447372495928
2025-04-11 12:00:00,21.0,22.1,22.365259464674033,1.365259464674033,-0.26525946467403116,0.26525946467403116
2025-04-11 13:00:00,22.1,23.3,23.165974183910443,1.0659741839104426,0.134025816089558,0.134025816089558
2025-04-11 14:00:00,23.3,24.2,23.752728040634743,0.45272804063474104,0.4472719593652563,0.4472719593652563
2025-04-11 15:00:00,24.2,23.7,24.21349610964032,0.013496109640321946,-0.5134961096403217,0.5134961096403217
2025-04-11 16:00:00,23.7,22.8,22.79984650698663,-0.9001534930133716,0.00015349301337153065,0.00015349301337153065
2025-04-11 17:00:00,22.8,21.7,21.237078945040153,-1.562921054959849,0.46292105495984615,0.46292105495984615
2025-04-11 18:00:00,21.7,19.5,19.920859697412602,-1.7791403025873966,-0.42085969741260243,0.42085969741260243
2025-04-11 19:00:00,19.5,18.0,18.051105809599076,-1.4488941904009234,-0.05110580959907551,0.05110580959907551
2025-04-11 20:00:00,18.0,16.6,16.958518110346624,-1.0414818896533746,-0.3585181103466226,0.3585181103466226
2025-04-11 21:00:00,16.6,15.6,15.60686035888729,-0.9931396411127099,-0.006860358887291085,0.006860358887291085
2025-04-11 22:00:00,15.6,14.8,14.867958218806354,-0.7320417811936453,-0.06795821880635344,0.06795821880635344
2025-04-11 23:00:00,14.8,14.4,14.212118848681023,-0.5878811513189779,0.18788115131897776,0.18788115131897776
2025-04-12 00:00:00,14.4,14.2,13.875784754468604,-0.5242152455313958,0.3242152455313949,0.3242152455313949
2025-04-12 01:00:00,14.2,14.0,13.789037067101088,-0.4109629328989109,0.21096293289891221,0.21096293289891221
2025-04-12 02:00:00,14.0,13.8,13.711785246112719,-0.2882147538872821,0.08821475388728217,0.08821475388728217
2025-04-12 03:00:00,13.8,13.3,13.551764676077179,-0.24823532392282296,-0.2517646760771779,0.2517646760771779
2025-04-12 04:00:00,13.3,13.6,13.060405630083617,-0.23959436991638353,0.539594369916383,0.539594369916383
2025-04-12 05:00:00,13.6,13.7,13.636485719948832,0.03648571994883143,0.06351428005116766,0.06351428005116766
2025-04-12 06:00:00,13.7,13.5,13.865888210433738,0.1658882104337395,-0.365888210433738,0.365888210433738
2025-04-12 07:00:00,13.5,14.8,14.031021201009633,0.5310212010096333,0.7689787989903678,0.7689787989903678
2025-04-12 08:00:00,14.8,16.7,16.16605729621748,1.3660572962174808,0.5339427037825182,0.5339427037825182
2025-04-12 09:00:00,16.7,18.8,18.635895030904475,1.9358950309044771,0.16410496909552563,0.16410496909552563
2025-04-12 10:00:00,18.8,20.9,20.497237710283226,1.697237710283226,0.4027622897167724,0.4027622897167724
2025-04-12 11:00:00,20.9,22.1,22.1419846616837,1.241984661683701,-0.04198466168369919,0.04198466168369919
2025-04-12 12:00:00,22.1,21.7,22.98188321639471,0.8818832163947079,-1.2818832163947107,1.2818832163947107
2025-04-12 13:00:00,21.7,16.8,21.751285658138592,0.05128565813859407,-4.951285658138591,4.951285658138591
2025-04-12 14:00:00,16.8,16.4,16.580814014496582,-0.21918598550341875,-0.1808140144965833,0.1808140144965833
2025-04-12 15:00:00,16.4,16.6,15.802766711269083,-0.5972332887309157,0.7972332887309186,0.7972332887309186
2025-04-12 16:00:00,16.6,17.1,16.44591600890024,-0.15408399109976056,0.6540839910997605,0.6540839910997605
2025-04-12 17:00:00,17.1,13.3,16.960025813692482,-0.1399741863075194,-3.6600258136924815,3.6600258136924815
2025-04-12 18:00:00,13.3,9.9,12.364085433018154,-0.9359145669818472,-2.4640854330181536,2.4640854330181536
2025-04-12 19:00:00,9.9,7.3,9.203771987898632,-0.6962280121013691,-1.9037719878986321,1.9037719878986321
2025-04-12 20:00:00,7.3,5.8,6.557838037243881,-0.7421619627561185,-0.7578380372438813,0.7578380372438813
2025-04-12 21:00:00,5.8,3.5,4.9801065269174,-0.8198934730826003,-1.4801065269173996,1.4801065269173996
2025-04-12 22:00:00,3.5,1.7,2.6643248180958796,-0.8356751819041204,-0.9643248180958797,0.9643248180958797
2025-04-12 23:00:00,1.7,1.4,0.9527146997646995,-0.7472853002353005,0.44728530023530044,0.44728530023530044
2025-04-13 00:00:00,1.4,1.1,1.0273595830673738,-0.372640416932626,0.07264041693262624,0.07264041693262624
2025-04-13 01:00:00,1.1,2.0,0.8809278389884387,-0.2190721610115614,1.1190721610115613,1.1190721610115613
2025-04-13 02:00:00,2.0,2.7,2.3367311207311205,0.33673112073112066,0.36326887926887963,0.36326887926887963
2025-04-13 03:00:00,2.7,3.0,2.8178925497519467,0.11789254975194667,0.1821074502480533,0.1821074502480533
2025-04-13 04:00:00,3.0,3.4,3.069299607634533,0.06929960763453293,0.330700392365467,0.330700392365467
2025-04-13 05:00:00,3.4,3.8,3.7233343950735254,0.32333439507352557,0.07666560492647445,0.07666560492647445
2025-04-13 06:00:00,3.8,4.4,4.3078994708994705,0.5078994708994709,0.0921005291005299,0.0921005291005299
2025-04-13 07:00:00,4.4,5.9,5.107101884026766,0.7071018840267652,0.7928981159732347,0.7928981159732347
2025-04-13 08:00:00,5.9,7.2,7.342505091403253,1.4425050914032527,-0.14250509140325285,0.14250509140325285
2025-04-13 09:00:00,7.2,8.0,8.580414061653412,1.380414061653412,-0.5804140616534124,0.5804140616534124
2025-04-13 10:00:00,8.0,6.3,8.905642613410778,0.9056426134107787,-2.6056426134107786,2.6056426134107786
2025-04-13 11:00:00,6.3,7.6,5.539415426610784,-0.7605845733892154,2.0605845733892156,2.0605845733892156
2025-04-13 12:00:00,7.6,6.5,8.218730115493116,0.6187301154931162,-1.7187301154931163,1.7187301154931163
2025-04-13 13:00:00,6.5,4.9,6.029261968259102,-0.47073803174089807,-1.1292619682591019,1.1292619682591019
2025-04-13 14:00:00,4.9,5.3,4.116348032251626,-0.7836519677483748,1.1836519677483741,1.1836519677483741
2025-04-13 15:00:00,5.3,6.1,5.102538324420677,-0.19746167557932257,0.9974616755793226,0.9974616755793226
2025-04-13 16:00:00,6.1,6.0,5.904656674593874,-0.1953433254061256,0.09534332540612578,0.09534332540612578
2025-04-13 17:00:00,6.0,6.1,5.125490440672277,-0.8745095593277228,0.9745095593277222,0.9745095593277222
2025-04-13 18:00:00,6.1,5.7,5.404799292602615,-0.6952007073973848,0.29520070739738546,0.29520070739738546
2025-04-13 19:00:00,5.7,5.6,5.0888899997386305,-0.6111100002613696,0.5111100002613691,0.5111100002613691
2025-04-13 20:00:00,5.6,5.6,5.08931199213021,-0.5106880078697896,0.5106880078697893,0.5106880078697893
2025-04-13 21:00:00,5.6,5.8,5.435930632186354,-0.1640693678136461,0.36406936781364596,0.36406936781364596
2025-04-13 22:00:00,5.8,5.6,5.769566096683873,-0.03043390331612684,-0.169566096683873,0.169566096683873
2025-04-13 23:00:00,5.6,5.7,5.371634781449453,-0.22836521855054645,0.32836521855054723,0.32836521855054723
2025-04-14 00:00:00,5.7,5.5,5.635603019297773,-0.06439698070222706,-0.13560301929777285,0.13560301929777285
2025-04-14 01:00:00,5.5,5.0,5.280125330971852,-0.21987466902814853,-0.28012533097185166,0.28012533097185166
2025-04-14 02:00:00,5.0,2.9,4.611326990140592,-0.3886730098594082,-1.7113269901405919,1.7113269901405919
2025-04-14 03:00:00,2.9,2.8,2.070207837111507,-0.8297921628884929,0.7297921628884927,0.7297921628884927
2025-04-14 04:00:00,2.8,2.8,2.659440395559652,-0.1405596044403477,0.14055960444034765,0.14055960444034765
2025-04-14 05:00:00,2.8,2.9,2.6839795934433823,-0.11602040655661755,0.21602040655661758,0.21602040655661758
2025-04-14 06:00:00,2.9,3.4,3.0178602156821355,0.11786021568213575,0.38213978431786444,0.38213978431786444
2025-04-14 07:00:00,3.4,4.5,4.219887094680924,0.8198870946809241,0.2801129053190756,0.2801129053190756
2025-04-14 08:00:00,4.5,5.4,6.200880848323006,1.7008808483230062,-0.8008808483230059,0.8008808483230059
2025-04-14 09:00:00,5.4,5.1,6.779060414437199,1.3790604144371985,-1.679060414437199,1.679060414437199
2025-04-14 10:00:00,5.1,5.9,4.916027424531872,-0.18397257546812848,0.9839725754681288,0.9839725754681288
2025-04-14 11:00:00,5.9,3.9,6.743057595393691,0.843057595393691,-2.843057595393691,2.843057595393691
2025-04-14 12:00:00,3.9,5.2,3.7965208217708217,-0.10347917822917822,1.4034791782291784,1.4034791782291784
2025-04-14 13:00:00,5.2,5.7,5.5048750736811085,0.3048750736811082,0.19512492631889167,0.19512492631889167
2025-04-14 14:00:00,5.7,5.4,6.583897209522368,0.8838972095223679,-1.1838972095223674,1.1838972095223674
2025-04-14 15:00:00,5.4,5.5,4.8202528340242665,-0.5797471659757337,0.6797471659757335,0.6797471659757335
2025-04-14 16:00:00,5.5,5.4,5.4557484872649615,-0.04425151273503883,-0.05574848726496118,0.05574848726496118
2025-04-14 17:00:00,5.4,5.8,5.173994465689229,-0.2260055343107714,0.6260055343107709,0.6260055343107709
2025-04-14 18:00:00,5.8,5.6,5.716234346148741,-0.08376565385125893,-0.11623434614874117,0.11623434614874117
2025-04-14 19:00:00,5.6,5.5,5.264931140633639,-0.33506885936636066,0.23506885936636124,0.23506885936636124
2025-04-14 20:00:00,5.5,5.0,5.267416158485457,-0.2325838415145433,-0.26741615848545663,0.26741615848545663
2025-04-14 21:00:00,5.0,4.9,4.610712140013364,-0.3892878599866358,0.2892878599866364,0.2892878599866364
2025-04-14 22:00:00,4.9,4.6,4.7212504263454935,-0.1787495736545071,-0.12125042634549388,0.12125042634549388
2025-04-14 23:00:00,4.6,4.2,4.33173424108243,-0.26826575891756904,-0.13173424108243026,0.13173424108243026
2025-04-15 00:00:00,4.2,4.0,3.866253193326089,-0.3337468066739112,0.13374680667391114,0.13374680667391114
2025-04-15 01:00:00,4.0,3.5,3.7410892798552173,-0.2589107201447828,-0.24108927985521733,0.24108927985521733
2025-04-15 02:00:00,3.5,2.8,3.1857222729347687,-0.3142777270652313,-0.3857222729347689,0.3857222729347689
2025-04-15 03:00:00,2.8,2.6,2.352525965133564,-0.44747403486643567,0.24747403486643593,0.24747403486643593
2025-04-15 04:00:00,2.6,2.3,2.4357128598273854,-0.16428714017261453,-0.13571285982738557,0.13571285982738557
2025-04-15 05:00:00,2.3,2.7,2.151262844433633,-0.14873715556636713,0.5487371555663674,0.5487371555663674
2025-04-15 06:00:00,2.7,2.8,3.072916990156427,0.3729169901564266,-0.272916990156427,0.272916990156427
2025-04-15 07:00:00,2.8,4.7,3.2708757723499287,0.4708757723499289,1.4291242276500715,1.4291242276500715
2025-04-15 08:00:00,4.7,6.9,7.045305628255376,2.345305628255375,-0.1453056282553753,0.1453056282553753
2025-04-15 09:00:00,6.9,9.0,9.079184112221363,2.1791841122213627,-0.07918411222136257,0.07918411222136257
2025-04-15 10:00:00,9.0,11.2,10.77096162162828,1.7709616216282795,0.42903837837172,0.42903837837172
2025-04-15 11:00:00,11.2,12.4,12.993561216046482,1.7935612160464829,-0.5935612160464814,0.5935612160464814
2025-04-15 12:00:00,12.4,13.1,13.53012103882043,1.1301210388204301,-0.43012103882043107,0.43012103882043107
2025-04-15 13:00:00,13.1,13.2,13.553317974169218,0.4533179741692179,-0.35331797416921873,0.35331797416921873
2025-04-15 14:00:00,13.2,13.8,13.181527565461574,-0.018472434538426494,0.6184724345384272,0.6184724345384272
2025-04-15 15:00:00,13.8,13.8,13.72486567457736,-0.07513432542264065,0.0751343254226402,0.0751343254226402
2025-04-15 16:00:00,13.8,12.8,13.347842758353151,-0.45215724164685017,-0.5478427583531502,0.5478427583531502
2025-04-15 17:00:00,12.8,11.5,11.51846684337681,-1.2815331566231911,-0.01846684337681026,0.01846684337681026
2025-04-15 18:00:00,11.5,9.9,10.151885145120065,-1.3481148548799347,-0.251885145120065,0.251885145120065
2025-04-15 19:00:00,9.9,8.8,8.785191805903517,-1.1148081940964822,0.014808194096483263,0.014808194096483263
2025-04-15 20:00:00,8.8,8.2,8.007838766952737,-0.7921612330472633,0.19216123304726196,0.19216123304726196
2025-04-15 21:00:00,8.2,7.8,7.643139091844607,-0.5568609081553922,0.15686090815539266,0.15686090815539266
2025-04-15 22:00:00,7.8,7.5,7.379214201029322,-0.4207857989706774,0.12078579897067776,0.12078579897067776
2025-04-15 23:00:00,7.5,7.5,7.115932534863253,-0.38406746513674683,0.38406746513674683,0.38406746513674683
2025-04-16 00:00:00,7.5,7.5,7.334009355752844,-0.1659906442471558,0.16599064424715593,0.16599064424715593
2025-04-16 01:00:00,7.5,7.0,7.370508771855909,-0.129491228144091,-0.370508771855909,0.370508771855909
2025-04-16 02:00:00,7.0,6.5,6.6657385695162015,-0.3342614304837986,-0.16573856951620147,0.16573856951620147
2025-04-16 03:00:00,6.5,6.5,6.143363944890123,-0.35663605510987656,0.3566360551098766,0.3566360551098766
2025-04-16 04:00:00,6.5,6.5,6.392373761814112,-0.10762623818588773,0.10762623818588768,0.10762623818588768
2025-04-16 05:00:00,6.5,6.6,6.410866935132552,-0.08913306486744735,0.1891330648674474,0.1891330648674474
2025-04-16 06:00:00,6.6,7.0,6.687060837021639,0.08706083702163989,0.31293916297836066,0.31293916297836066
2025-04-16 07:00:00,7.0,8.4,7.885411018515355,0.8854110185153552,0.5145889814846454,0.5145889814846454
2025-04-16 08:00:00,8.4,10.3,10.134041728738275,1.734041728738274,0.1659582712617258,0.1659582712617258
2025-04-16 09:00:00,10.3,12.6,12.338714368298342,2.0387143682983413,0.2612856317016572,0.2612856317016572
2025-04-16 10:00:00,12.6,15.2,14.506555157333027,1.9065551573330273,0.6934448426669721,0.6934448426669721
2025-04-16 11:00:00,15.2,17.2,17.04051840687936,1.8405184068793616,0.15948159312063837,0.15948159312063837
2025-04-16 12:00:00,17.2,19.3,18.390592125752384,1.1905921257523866,0.9094078742476164,0.9094078742476164
2025-04-16 13:00:00,19.3,21.4,20.352191564460366,1.0521915644603668,1.0478084355396327,1.0478084355396327
2025-04-16 14:00:00,21.4,21.7,21.86663002689772,0.4666300268977225,-0.166630026897721,0.166630026897721
2025-04-16 15:00:00,21.7,21.6,21.395338857955938,-0.30466114204406247,0.20466114204406338,0.20466114204406338
2025-04-16 16:00:00,21.6,21.5,20.669602450565062,-0.9303975494349381,0.830397549434938,0.830397549434938
2025-04-16 17:00:00,21.5,21.1,20.190841956391225,-1.3091580436087742,0.9091580436087767,0.9091580436087767
2025-04-16 18:00:00,21.1,19.6,19.831640300620315,-1.2683596993796864,-0.23164030062031316,0.23164030062031316
2025-04-16 19:00:00,19.6,18.4,18.219783856938005,-1.380216143061996,0.18021614306199396,0.18021614306199396
2025-04-16 20:00:00,18.4,17.2,17.594744377654262,-0.805255622345738,-0.39474437765426273,0.39474437765426273
2025-04-16 21:00:00,17.2,16.4,16.370892758427807,-0.8291072415721923,0.029107241572191356,0.029107241572191356
2025-04-16 22:00:00,16.4,16.1,15.780448943497317,-0.6195510565026814,0.319551056502684,0.319551056502684
2025-04-16 23:00:00,16.1,16.1,15.662171579502886,-0.43782842049711607,0.4378284204971159,0.4378284204971159
2025-04-17 00:00:00,16.1,16.8,15.885868532414113,-0.21413146758588794,0.9141314675858876,0.9141314675858876
2025-04-17 01:00:00,16.8,16.4,16.847665173729073,0.04766517372907384,-0.44766517372907444,0.44766517372907444
2025-04-17 02:00:00,16.4,16.5,15.889200146681759,-0.51079985331824,0.610799853318241,0.610799853318241
2025-04-17 03:00:00,16.5,16.5,16.428595087545396,-0.07140491245460484,0.07140491245460368,0.07140491245460368
2025-04-17 04:00:00,16.5,16.2,16.365094000553498,-0.1349059994465036,-0.16509400055349843,0.16509400055349843
2025-04-17 05:00:00,16.2,16.0,15.957612363511075,-0.24238763648892517,0.042387636488925295,0.042387636488925295
2025-04-17 06:00:00,16.0,15.9,16.0710896874053,0.07108968740530026,-0.17108968740530095,0.17108968740530095
2025-04-17 07:00:00,15.9,17.2,16.497419637074355,0.5974196370743556,0.7025803629256444,0.7025803629256444
2025-04-17 08:00:00,17.2,18.7,19.021377395709223,1.8213773957092234,-0.32137739570922363,0.32137739570922363
2025-04-17 09:00:00,18.7,20.0,20.405746104021425,1.7057461040214246,-0.40574610402142497,0.40574610402142497
2025-04-17 10:00:00,20.0,21.4,21.283346770127494,1.2833467701274943,0.11665322987250448,0.11665322987250448
2025-04-17 11:00:00,21.4,23.4,22.4867269143983,1.0867269143983012,0.9132730856016984,0.9132730856016984
2025-04-17 12:00:00,23.4,24.3,24.072745890862386,0.6727458908623872,0.2272541091376148,0.2272541091376148
2025-04-17 13:00:00,24.3,24.5,25.090837672261298,0.7908376722612988,-0.5908376722612978,0.5908376722612978
2025-04-17 14:00:00,24.5,24.1,24.57911034030283,0.07911034030282851,-0.47911034030282806,0.47911034030282806
2025-04-17 15:00:00,24.1,24.0,23.591365794952313,-0.5086342050476871,0.40863420504768655,0.40863420504768655
2025-04-17 16:00:00,24.0,23.0,23.42925265998695,-0.5707473400130502,-0.4292526599869504,0.4292526599869504
2025-04-17 17:00:00,23.0,21.4,21.76680836339158,-1.23319163660842,-0.3668083633915806,0.3668083633915806
2025-04-17 18:00:00,21.4,20.3,20.076589727422956,-1.3234102725770438,0.22341027257704482,0.22341027257704482
2025-04-17 19:00:00,20.3,20.0,19.34920255388943,-0.9507974461105706,0.6507974461105697,0.6507974461105697
2025-04-17 20:00:00,20.0,19.8,19.50939817888836,-0.4906018211116396,0.2906018211116397,0.2906018211116397
2025-04-17 21:00:00,19.8,19.0,19.19156576108953,-0.6084342389104698,-0.1915657610895316,0.1915657610895316
2025-04-17 22:00:00,19.0,18.3,18.32175778862021,-0.6782422113797879,-0.02175778862021005,0.02175778862021005
2025-04-17 23:00:00,18.3,18.0,17.751628779065154,-0.5483712209348466,0.2483712209348461,0.2483712209348461
2025-04-18 00:00:00,18.0,18.3,17.644022172683567,-0.35597782731643335,0.6559778273164341,0.6559778273164341
2025-04-18 01:00:00,18.3,18.3,18.32294642183833,0.02294642183833138,-0.022946421838330622,0.022946421838330622
2025-04-18 02:00:00,18.3,17.7,18.157153867174028,-0.14284613282597378,-0.4571538671740285,0.4571538671740285
2025-04-18 03:00:00,17.7,17.0,17.23142936063436,-0.4685706393656408,-0.23142936063435826,0.23142936063435826
2025-04-18 04:00:00,17.0,16.6,16.56689240386775,-0.4331075961322478,0.03310759613225045,0.03310759613225045
2025-04-18 05:00:00,16.6,16.5,16.224204719948013,-0.3757952800519886,0.2757952800519874,0.2757952800519874
2025-04-18 06:00:00,16.5,16.5,16.613705283086524,0.1137052830865257,-0.11370528308652439,0.11370528308652439
2025-04-18 07:00:00,16.5,16.1,17.414819837298904,0.914819837298904,-1.3148198372989022,1.3148198372989022
2025-04-18 08:00:00,16.1,15.5,16.127273125319526,0.027273125319524107,-0.6272731253195261,0.6272731253195261
2025-04-18 09:00:00,15.5,15.7,15.398088217109219,-0.10191178289078019,0.30191178289078024,0.30191178289078024
2025-04-18 10:00:00,15.7,16.2,16.142671316354527,0.4426713163545288,0.05732868364547272,0.05732868364547272
2025-04-18 11:00:00,16.2,18.1,16.717526612192255,0.5175266121922545,1.382473387807746,1.382473387807746
2025-04-18 12:00:00,18.1,19.9,19.476932433571324,1.3769324335713236,0.42306756642867427,0.42306756642867427
2025-04-18 13:00:00,19.9,21.9,20.77704474252602,0.8770447425260198,1.1229552574739792,1.1229552574739792
2025-04-18 14:00:00,21.9,23.2,22.319378309699474,0.4193783096994732,0.8806216903005257,0.8806216903005257
2025-04-18 15:00:00,23.2,23.5,23.414410924173264,0.21441092417326424,0.0855890758267357,0.0855890758267357
2025-04-18 16:00:00,23.5,23.3,22.86862730910164,-0.6313726908983587,0.4313726908983604,0.4313726908983604
2025-04-18 17:00:00,23.3,22.4,22.17934260133486,-1.1206573986651422,0.22065739866513923,0.22065739866513923
2025-04-18 18:00:00,22.4,21.0,20.927050333219857,-1.4729496667801423,0.07294966678014347,0.07294966678014347
2025-04-18 19:00:00,21.0,19.5,19.632297177034545,-1.3677028229654538,-0.1322971770345447,0.1322971770345447
2025-04-18 20:00:00,19.5,18.3,18.514109762554977,-0.9858902374450238,-0.21410976255497616,0.21410976255497616
2025-04-18 21:00:00,18.3,17.7,17.55181924774021,-0.7481807522597933,0.14818075225979044,0.14818075225979044
2025-04-18 22:00:00,17.7,17.1,17.16491315789036,-0.5350868421096375,-0.06491315789035923,0.06491315789035923
2025-04-18 23:00:00,17.1,16.8,16.56168058594235,-0.5383194140576507,0.23831941405764923,0.23831941405764923
2025-04-19 00:00:00,16.8,16.5,16.442986013265408,-0.3570139867345922,0.05701398673459224,0.05701398673459224
2025-04-19 01:00:00,16.5,16.5,16.156226452294764,-0.34377354770523705,0.3437735477052364,0.3437735477052364
2025-04-19 02:00:00,16.5,16.4,16.353658270281827,-0.14634172971817516,0.046341729718172076,0.046341729718172076
2025-04-19 03:00:00,16.4,16.1,16.223676223254873,-0.1763237767451248,-0.12367622325487204,0.12367622325487204
2025-04-19 04:00:00,16.1,16.0,15.902770993891844,-0.1972290061081579,0.09722900610815621,0.09722900610815621
2025-04-19 05:00:00,16.0,15.8,15.864748021493893,-0.13525197850610646,-0.0647480214938927,0.0647480214938927
2025-04-19 06:00:00,15.8,16.0,15.900015414077243,0.10001541407724356,0.09998458592275661,0.09998458592275661
2025-04-19 07:00:00,16.0,16.4,16.460541184269033,0.46054118426903423,-0.06054118426903443,0.06054118426903443
2025-04-19 08:00:00,16.4,17.9,17.275079014367705,0.8750790143677063,0.6249209856322935,0.6249209856322935
2025-04-19 09:00:00,17.9,18.6,19.190058674911935,1.2900586749119356,-0.5900586749119334,0.5900586749119334
2025-04-19 10:00:00,18.6,19.3,19.555957533572276,0.9559575335722741,-0.2559575335722748,0.2559575335722748
2025-04-19 11:00:00,19.3,19.6,20.186275139533958,0.8862751395339565,-0.5862751395339565,0.5862751395339565
2025-04-19 12:00:00,19.6,19.8,19.35675966198682,-0.24324033801317915,0.4432403380131795,0.4432403380131795
2025-04-19 13:00:00,19.8,19.9,19.872574165486416,0.07257416548641675,0.027425834513582714,0.027425834513582714
2025-04-19 14:00:00,19.9,15.5,19.89686106119777,-0.003138938802225495,-4.396861061197772,4.396861061197772
2025-04-19 15:00:00,15.5,15.2,15.108504124008428,-0.3914958759915718,0.09149587599157094,0.09149587599157094
2025-04-19 16:00:00,15.2,14.6,15.019040137857685,-0.18095986214231502,-0.4190401378576851,0.4190401378576851
2025-04-19 17:00:00,14.6,12.8,14.25043942699168,-0.3495605730083202,-1.4504394269916787,1.4504394269916787
2025-04-19 18:00:00,12.8,12.4,11.809375185927616,-0.9906248140723848,0.5906248140723847,0.5906248140723847
2025-04-19 19:00:00,12.4,12.4,12.148614387819393,-0.2513856121806067,0.2513856121806075,0.2513856121806075
2025-04-19 20:00:00,12.4,12.4,12.32456268307724,-0.0754373169227612,0.0754373169227609,0.0754373169227609
2025-04-19 21:00:00,12.4,12.6,12.23123910803648,-0.16876089196352012,0.3687608919635199,0.3687608919635199
2025-04-19 22:00:00,12.6,12.6,12.541607192222866,-0.05839280777713437,0.058392807777133626,0.058392807777133626
2025-04-19 23:00:00,12.6,12.2,12.503179925804305,-0.09682007419569476,-0.3031799258043062,0.3031799258043062
2025-04-20 00:00:00,12.2,11.6,11.927428768877062,-0.27257123112293685,-0.32742876887706274,0.32742876887706274
2025-04-20 01:00:00,11.6,11.2,11.209510646639707,-0.3904893533602923,-0.009510646639707687,0.009510646639707687
2025-04-20 02:00:00,11.2,10.6,10.896674906713974,-0.3033250932860258,-0.29667490671397445,0.29667490671397445
2025-04-20 03:00:00,10.6,10.1,10.210734852263034,-0.3892651477369658,-0.11073485226303426,0.11073485226303426
2025-04-20 04:00:00,10.1,9.7,9.731739326451732,-0.3682606735482679,-0.03173932645173316,0.03173932645173316
2025-04-20 05:00:00,9.7,9.5,9.376623711890918,-0.3233762881090811,0.12337628810908186,0.12337628810908186
2025-04-20 06:00:00,9.5,10.2,9.604269235286681,0.10426923528668058,0.5957307647133181,0.5957307647133181
2025-04-20 07:00:00,10.2,11.4,11.909067989199485,1.7090679891994862,-0.5090679891994849,0.5090679891994849
2025-04-20 08:00:00,11.4,12.9,13.199182187248205,1.799182187248205,-0.29918218724820456,0.29918218724820456
2025-04-20 09:00:00,12.9,15.8,14.59466380607766,1.6946638060776595,1.2053361939223404,1.2053361939223404
2025-04-20 10:00:00,15.8,17.9,17.962214151020316,2.162214151020315,-0.06221415102031713,0.06221415102031713
2025-04-20 11:00:00,17.9,19.3,19.608317854108474,1.7083178541084747,-0.30831785410847345,0.30831785410847345
2025-04-20 12:00:00,19.3,21.2,20.484119097872597,1.184119097872596,0.7158809021274024,0.7158809021274024
2025-04-20 13:00:00,21.2,22.5,22.221470585903692,1.0214705859036934,0.27852941409630816,0.27852941409630816
2025-04-20 14:00:00,22.5,23.4,22.915097746189463,0.4150977461894617,0.4849022538105352,0.4849022538105352
2025-04-20 15:00:00,23.4,23.7,23.31232263459123,-0.0876773654087699,0.38767736540876996,0.38767736540876996
2025-04-20 16:00:00,23.7,24.0,23.13006375051854,-0.569936249481458,0.8699362494814586,0.8699362494814586
2025-04-20 17:00:00,24.0,23.4,23.04738547872865,-0.9526145212713489,0.35261452127134874,0.35261452127134874
2025-04-20 18:00:00,23.4,21.7,22.23543250293101,-1.1645674970689892,-0.535432502931009,0.535432502931009
2025-04-20 19:00:00,21.7,19.7,20.11813493877526,-1.5818650612247411,-0.4181349387752604,0.4181349387752604
2025-04-20 20:00:00,19.7,18.7,18.4985810447814,-1.201418955218599,0.20141895521859965,0.20141895521859965
2025-04-20 21:00:00,18.7,17.7,17.95194350522824,-0.7480564947717604,-0.2519435052282404,0.2519435052282404
2025-04-20 22:00:00,17.7,16.7,16.984480162667452,-0.715519837332548,-0.28448016266745313,0.28448016266745313
2025-04-20 23:00:00,16.7,15.9,16.05933516160103,-0.6406648383989674,-0.1593351616010299,0.1593351616010299
2025-04-21 00:00:00,15.9,15.3,15.31249901581294,-0.5875009841870614,-0.012499015812938552,0.012499015812938552
2025-04-21 01:00:00,15.3,14.7,14.788590167219567,-0.5114098327804337,-0.08859016721956792,0.08859016721956792
2025-04-21 02:00:00,14.7,14.5,14.264191667551627,-0.4358083324483727,0.2358083324483733,0.2358083324483733
2025-04-21 03:00:00,14.5,14.4,14.215053228224118,-0.2849467717758826,0.18494677177588237,0.18494677177588237
2025-04-21 04:00:00,14.4,14.3,14.169412472216598,-0.23058752778340294,0.130587527783403,0.130587527783403
2025-04-21 05:00:00,14.3,14.3,14.131325431532506,-0.16867456846749374,0.16867456846749462,0.16867456846749462
2025-04-21 06:00:00,14.3,14.6,14.427209171076894,0.1272091710768943,0.17279082892310527,0.17279082892310527
2025-04-21 07:00:00,14.6,16.4,15.399883000648149,0.7998830006481502,1.0001169993518495,1.0001169993518495
2025-04-21 08:00:00,16.4,18.3,18.519224501177934,2.119224501177935,-0.21922450117793346,0.21922450117793346
2025-04-21 09:00:00,18.3,20.3,20.168591623744145,1.8685916237441447,0.13140837625585533,0.13140837625585533
2025-04-21 10:00:00,20.3,22.6,22.018418523359635,1.7184185233596336,0.5815814766403662,0.5815814766403662
2025-04-21 11:00:00,22.6,24.0,24.030050424259592,1.430050424259589,-0.030050424259592035,0.030050424259592035
2025-04-21 12:00:00,24.0,24.7,25.318436379547215,1.318436379547214,-0.6184363795472159,0.6184363795472159
2025-04-21 13:00:00,24.7,26.2,25.515344739872177,0.8153447398721781,0.6846552601278226,0.6846552601278226
2025-04-21 14:00:00,26.2,27.0,26.408337705854944,0.2083377058549446,0.5916622941450562,0.5916622941450562
2025-04-21 15:00:00,27.0,26.7,26.84269931832132,-0.1573006816786792,-0.14269931832131988,0.14269931832131988
2025-04-21 16:00:00,26.7,26.4,25.979462824275153,-0.7205371757248478,0.4205371757248457,0.4205371757248457
2025-04-21 17:00:00,26.4,25.5,25.310778472826964,-1.0892215271730348,0.18922152717303575,0.18922152717303575
2025-04-21 18:00:00,25.5,23.6,24.017538920611038,-1.4824610793889634,-0.4175389206110367,0.4175389206110367
2025-04-21 19:00:00,23.6,22.1,22.194627218930727,-1.4053727810692747,-0.09462721893072512,0.09462721893072512
2025-04-21 20:00:00,22.1,21.4,21.092518424072132,-1.0074815759278686,0.3074815759278664,0.3074815759278664
2025-04-21 21:00:00,21.4,20.8,20.848407863864356,-0.5515921361356415,-0.04840786386435525,0.04840786386435525
2025-04-21 22:00:00,20.8,20.6,20.329938804658994,-0.47006119534100704,0.2700611953410075,0.2700611953410075
2025-04-21 23:00:00,20.6,20.4,20.232611386155888,-0.36738861384411514,0.16738861384411052,0.16738861384411052
2025-04-22 00:00:00,20.4,20.3,20.13102909243345,-0.26897090756654796,0.16897090756654976,0.16897090756654976
2025-04-22 01:00:00,20.3,20.1,20.110840265195396,-0.18915973480460355,-0.010840265195394494,0.010840265195394494
2025-04-22 02:00:00,20.1,19.8,19.88269030801551,-0.2173096919844926,-0.0826903080155077,0.0826903080155077
2025-04-22 03:00:00,19.8,19.6,19.600307890631516,-0.19969210936848317,-0.0003078906315145957,0.0003078906315145957
2025-04-22 04:00:00,19.6,19.6,19.40873750380468,-0.19126249619532276,0.19126249619532132,0.19126249619532132
2025-04-22 05:00:00,19.6,19.2,19.503587458333133,-0.09641254166686761,-0.3035874583331335,0.3035874583331335
2025-04-22 06:00:00,19.2,18.9,19.154493682452973,-0.04550631754702565,-0.2544936824529742,0.2544936824529742
2025-04-22 07:00:00,18.9,18.7,18.893577698464693,-0.006422301535304111,-0.19357769846469353,0.19357769846469353
2025-04-22 08:00:00,18.7,18.7,18.838084636256493,0.1380846362564953,-0.1380846362564938,0.1380846362564938
2025-04-22 09:00:00,18.7,18.6,18.863952930669544,0.1639529306695435,-0.26395293066954295,0.26395293066954295
2025-04-22 10:00:00,18.6,18.8,18.63124838091827,0.03124838091826682,0.16875161908173197,0.16875161908173197
2025-04-22 11:00:00,18.8,18.8,19.1108418400766,0.310841840076599,-0.31084184007659843,0.31084184007659843
2025-04-22 12:00:00,18.8,17.6,18.90974093761552,0.10974093761551842,-1.3097409376155191,1.3097409376155191
2025-04-22 13:00:00,17.6,17.2,17.532108850449223,-0.06789114955077939,-0.3321088504492238,0.3321088504492238
2025-04-22 14:00:00,17.2,17.7,17.034513483480207,-0.16548651651979088,0.6654865165197918,0.6654865165197918
2025-04-22 15:00:00,17.7,18.0,18.126650913900914,0.426650913900914,-0.12665091390091376,0.12665091390091376
2025-04-22 16:00:00,18.0,17.9,17.962241995998316,-0.037758004001683824,-0.062241995998316924,0.062241995998316924
2025-04-22 17:00:00,17.9,17.5,17.74591540320318,-0.1540845967968175,-0.24591540320318117,0.24591540320318117
2025-04-22 18:00:00,17.5,17.2,17.132957031461057,-0.3670429685389445,0.0670429685389422,0.0670429685389422
2025-04-22 19:00:00,17.2,17.0,16.903440836372322,-0.29655916362767626,0.09655916362767769,0.09655916362767769
2025-04-22 20:00:00,17.0,16.3,16.758246273100337,-0.2417537268996638,-0.45824627310033605,0.45824627310033605
2025-04-22 21:00:00,16.3,15.7,15.799222578401233,-0.5007774215987669,-0.09922257840123372,0.09922257840123372
2025-04-22 22:00:00,15.7,15.2,15.286546630123269,-0.4134533698767314,-0.08654663012326935,0.08654663012326935
2025-04-22 23:00:00,15.2,14.2,14.811270611859547,-0.3887293881404529,-0.6112706118595472,0.6112706118595472
2025-04-23 00:00:00,14.2,13.4,13.552405083983567,-0.6475949160164324,-0.15240508398356667,0.15240508398356667
2025-04-23 01:00:00,13.4,12.7,12.858355165394048,-0.5416448346059521,-0.15835516539404892,0.15835516539404892
2025-04-23 02:00:00,12.7,12.4,12.220169841302173,-0.47983015869782597,0.17983015869782726,0.17983015869782726
2025-04-23 03:00:00,12.4,12.0,12.069401936855847,-0.3305980631441532,-0.06940193685584717,0.06940193685584717
2025-04-23 04:00:00,12.0,11.5,11.677407146938432,-0.32259285306156743,-0.17740714693843174,0.17740714693843174
2025-04-23 05:00:00,11.5,10.9,11.291403001081779,-0.20859699891822062,-0.3914030010817786,0.3914030010817786
2025-04-23 06:00:00,10.9,11.4,10.875534601381451,-0.02446539861854917,0.524465398618549,0.524465398618549
2025-04-23 07:00:00,11.4,13.7,12.860656248058227,1.4606562480582272,0.8393437519417724,0.8393437519417724
2025-04-23 08:00:00,13.7,15.8,15.784828066743152,2.0848280667431522,0.015171933256848291,0.015171933256848291
2025-04-23 09:00:00,15.8,17.3,17.860435209752534,2.0604352097525345,-0.5604352097525336,0.5604352097525336
2025-04-23 10:00:00,17.3,19.2,18.733635352063295,1.433635352063296,0.46636464793670385,0.46636464793670385
2025-04-23 11:00:00,19.2,20.6,20.68324086204636,1.483240862046361,-0.08324086204635961,0.08324086204635961
2025-04-23 12:00:00,20.6,21.4,21.60660256428243,1.0066025642824272,-0.20660256428243073,0.20660256428243073
2025-04-23 13:00:00,21.4,22.5,22.11493934631331,0.7149393463133104,0.38506065368668985,0.38506065368668985
2025-04-23 14:00:00,22.5,22.3,22.927933341941486,0.4279333419414873,-0.6279333419414854,0.6279333419414854
2025-04-23 15:00:00,22.3,22.4,22.06620905896166,-0.23379094103834017,0.3337909410383375,0.3337909410383375
2025-04-23 16:00:00,22.4,22.4,21.75395933932937,-0.6460406606706288,0.6460406606706286,0.6460406606706286
2025-04-23 17:00:00,22.4,21.9,21.32740246202362,-1.0725975379763777,0.5725975379763781,0.5725975379763781
2025-04-23 18:00:00,21.9,19.7,20.890599074212723,-1.0094009257872756,-1.1905990742127237,1.1905990742127237
2025-04-23 19:00:00,19.7,17.9,18.526025180176603,-1.1739748198233972,-0.6260251801766046,0.6260251801766046
2025-04-23 20:00:00,17.9,16.5,16.7815966580096,-1.1184033419903967,-0.281596658009601,0.281596658009601
2025-04-23 21:00:00,16.5,15.6,15.456085703930286,-1.0439142960697132,0.1439142960697133,0.1439142960697133
2025-04-23 22:00:00,15.6,15.0,14.870327924427365,-0.729672075572635,0.1296720755726355,0.1296720755726355
2025-04-23 23:00:00,15.0,14.1,14.463193301680676,-0.5368066983193248,-0.3631933016806759,0.3631933016806759
2025-04-24 00:00:00,14.1,13.8,13.510408269461879,-0.5895917305381219,0.28959173053812215,0.28959173053812215
2025-04-24 01:00:00,13.8,13.1,13.440964784451939,-0.3590352155480621,-0.34096478445193945,0.34096478445193945
2025-04-24 02:00:00,13.1,12.6,12.61153987359949,-0.4884601264005086,-0.011539873599490491,0.011539873599490491
2025-04-24 03:00:00,12.6,12.1,12.200485022745939,-0.39951497725406043,-0.10048502274593929,0.10048502274593929
2025-04-24 04:00:00,12.1,11.6,11.775671039843703,-0.32432896015629786,-0.17567103984370291,0.17567103984370291
2025-04-24 05:00:00,11.6,11.2,11.379701657464175,-0.22029834253582564,-0.1797016574641752,0.1797016574641752
2025-04-24 06:00:00,11.2,11.1,11.267986683502636,0.06798668350263656,-0.16798668350263668,0.16798668350263668
2025-04-24 07:00:00,11.1,12.6,11.991841542139008,0.8918415421390082,0.6081584578609913,0.6081584578609913
2025-04-24 08:00:00,12.6,14.4,14.498804518938393,1.8988045189383922,-0.09880451893839215,0.09880451893839215
2025-04-24 09:00:00,14.4,16.2,16.202134848545168,1.8021348485451685,-0.002134848545168211,0.002134848545168211
2025-04-24 10:00:00,16.2,17.5,18.007962488367923,1.8079624883679233,-0.507962488367923,0.507962488367923
2025-04-24 11:00:00,17.5,19.1,18.683841432799284,1.183841432799283,0.41615856720071775,0.41615856720071775
2025-04-24 12:00:00,19.1,18.8,20.058989684842615,0.9589896848426152,-1.2589896848426143,1.2589896848426143
2025-04-24 13:00:00,18.8,19.0,18.67916846084954,-0.12083153915046094,0.32083153915046125,0.32083153915046125
2025-04-24 14:00:00,19.0,19.3,19.044160052278308,0.044160052278308964,0.25583994772169305,0.25583994772169305
2025-04-24 15:00:00,19.3,19.2,19.097493675920706,-0.2025063240792947,0.10250632407929317,0.10250632407929317
2025-04-24 16:00:00,19.2,18.1,18.534643306057344,-0.6653566939426553,-0.43464330605734247,0.43464330605734247
2025-04-24 17:00:00,18.1,17.0,16.909325593786395,-1.190674406213607,0.0906744062136049,0.0906744062136049
2025-04-24 18:00:00,17.0,15.3,15.665579955793188,-1.3344200442068122,-0.36557995579318714,0.36557995579318714
2025-04-24 19:00:00,15.3,14.3,14.022569162369987,-1.2774308376300143,0.2774308376300141,0.2774308376300141
2025-04-24 20:00:00,14.3,13.2,13.41546532995463,-0.8845346700453709,-0.21546532995463075,0.21546532995463075
2025-04-24 21:00:00,13.2,12.3,12.333712337406151,-0.8662876625938479,-0.03371233740615054,0.03371233740615054
2025-04-24 22:00:00,12.3,11.4,11.552501943741861,-0.7474980562581393,-0.15250194374186066,0.15250194374186066
2025-04-24 23:00:00,11.4,10.7,10.654158014802892,-0.7458419851971078,0.04584198519710725,0.04584198519710725
2025-04-25 00:00:00,10.7,10.0,10.092257653893187,-0.6077423461068124,-0.09225765389318674,0.09225765389318674
2025-04-25 01:00:00,10.0,9.4,9.397365886042751,-0.6026341139572491,0.00263411395724944,0.00263411395724944
2025-04-25 02:00:00,9.4,8.9,8.9059712348673,-0.49402876513270055,-0.0059712348672995574,0.0059712348672995574
2025-04-25 03:00:00,8.9,8.3,8.456798091834855,-0.44320190816514565,-0.1567980918348546,0.1567980918348546
2025-04-25 04:00:00,8.3,7.9,7.930205607522577,-0.3697943924774239,-0.030205607522576727,0.030205607522576727
2025-04-25 05:00:00,7.9,7.7,7.555620795732667,-0.3443792042673333,0.14437920426733353,0.14437920426733353
2025-04-25 06:00:00,7.7,8.2,7.8667491139571295,0.1667491139571297,0.3332508860428698,0.3332508860428698
2025-04-25 07:00:00,8.2,10.3,10.335435923822823,2.135435923822824,-0.035435923822822346,0.035435923822822346
2025-04-25 08:00:00,10.3,12.4,12.68672656160717,2.3867265616071682,-0.2867265616071695,0.2867265616071695
2025-04-25 09:00:00,12.4,14.2,14.197170632552456,1.7971706325524566,0.0028293674475428077,0.0028293674475428077
2025-04-25 10:00:00,14.2,15.5,15.716554774310996,1.5165547743109962,-0.21655477431099612,0.21655477431099612
2025-04-25 11:00:00,15.5,16.0,16.662621367853863,1.1626213678538637,-0.6626213678538626,0.6626213678538626
2025-04-25 12:00:00,16.0,16.6,16.93351457728132,0.933514577281317,-0.33351457728131706,0.33351457728131706
2025-04-25 13:00:00,16.6,17.6,17.004533986912875,0.4045339869128741,0.5954660130871261,0.5954660130871261
2025-04-25 14:00:00,17.6,17.5,17.847855676391852,0.2478556763918509,-0.3478556763918519,0.3478556763918519
2025-04-25 15:00:00,17.5,16.9,17.38660897715486,-0.11339102284513851,-0.4866089771548623,0.4866089771548623
2025-04-25 16:00:00,16.9,16.4,15.960751614571528,-0.9392483854284712,0.43924838542847056,0.43924838542847056
2025-04-25 17:00:00,16.4,15.5,15.236533208875846,-1.163466791124152,0.26346679112415394,0.26346679112415394
2025-04-25 18:00:00,15.5,14.0,13.961398193964428,-1.5386018060355717,0.038601806035572395,0.038601806035572395
2025-04-25 19:00:00,14.0,12.6,12.630741497578269,-1.3692585024217305,-0.03074149757826916,0.03074149757826916
2025-04-25 20:00:00,12.6,11.8,11.596574383928225,-1.0034256160717743,0.203425616071776,0.203425616071776
2025-04-25 21:00:00,11.8,11.1,11.10621999874091,-0.6937800012590905,-0.006219998740910171,0.006219998740910171
2025-04-25 22:00:00,11.1,10.5,10.427773099790771,-0.6722269002092285,0.07222690020922862,0.07222690020922862
2025-04-25 23:00:00,10.5,10.0,9.950880007408252,-0.5491199925917488,0.049119992591748485,0.049119992591748485
2025-04-26 00:00:00,10.0,9.6,9.507072161380377,-0.49292783861962275,0.09292783861962306,0.09292783861962306
2025-04-26 01:00:00,9.6,8.9,9.167340459879686,-0.4326595401203133,-0.26734045987968535,0.26734045987968535
2025-04-26 02:00:00,8.9,9.0,8.406737630309943,-0.493262369690058,0.5932623696900574,0.5932623696900574
2025-04-26 03:00:00,9.0,8.5,8.73627263685677,-0.2637273631432312,-0.23627263685676958,0.23627263685676958
2025-04-26 04:00:00,8.5,7.9,8.1702853754888,-0.32971462451119965,-0.2702853754888004,0.2702853754888004
2025-04-26 05:00:00,7.9,7.3,7.59465491519289,-0.3053450848071104,-0.2946549151928899,0.2946549151928899
2025-04-26 06:00:00,7.3,7.7,7.34193386917815,0.04193386917814978,0.35806613082185024,0.35806613082185024
2025-04-26 07:00:00,7.7,10.2,9.913743648649472,2.2137436486494724,0.2862563513505272,0.2862563513505272
2025-04-26 08:00:00,10.2,13.0,12.34597541582552,2.145975415825522,0.6540245841744792,0.6540245841744792
2025-04-26 09:00:00,13.0,15.0,15.157093576135802,2.157093576135802,-0.15709357613580188,0.15709357613580188
2025-04-26 10:00:00,15.0,17.0,16.68109542572861,1.6810954257286113,0.3189045742713894,0.3189045742713894
2025-04-26 11:00:00,17.0,18.1,18.44353187143219,1.4435318714321888,-0.34353187143218733,0.34353187143218733
2025-04-26 12:00:00,18.1,19.3,19.048911750839814,0.9489117508398132,0.2510882491601869,0.2510882491601869
2025-04-26 13:00:00,19.3,19.9,20.11312264961277,0.8131226496127694,-0.21312264961277094,0.21312264961277094
2025-04-26 14:00:00,19.9,19.2,20.167061473489696,0.2670614734896978,-0.9670614734896965,0.9670614734896965
2025-04-26 15:00:00,19.2,18.0,18.763077111597326,-0.43692288840267396,-0.763077111597326,0.763077111597326
2025-04-26 16:00:00,18.0,17.8,17.11968933761386,-0.8803106623861399,0.680310662386141,0.680310662386141
2025-04-26 17:00:00,17.8,16.8,16.83679589457376,-0.9632041054262407,-0.036795894573760535,0.036795894573760535
2025-04-26 18:00:00,16.8,15.2,15.567111740844584,-1.2328882591554158,-0.3671117408445852,0.3671117408445852
2025-04-26 19:00:00,15.2,14.4,14.048585203595916,-1.1514147964040826,0.35141479640408413,0.35141479640408413
2025-04-26 20:00:00,14.4,14.3,13.756813520715662,-0.6431864792843377,0.5431864792843388,0.5431864792843388
2025-04-26 21:00:00,14.3,13.8,13.787001980350944,-0.5129980196490566,0.012998019649057113,0.012998019649057113
2025-04-26 22:00:00,13.8,13.2,13.316306216165184,-0.4836937838348166,-0.1163062161651851,0.1163062161651851
2025-04-26 23:00:00,13.2,12.5,12.793482702240384,-0.4065172977596152,-0.2934827022403841,0.2934827022403841
2025-04-27 00:00:00,12.5,11.9,12.026007408763654,-0.4739925912363458,-0.12600740876365357,0.12600740876365357
2025-04-27 01:00:00,11.9,11.0,11.452465350580388,-0.44753464941961174,-0.45246535058038795,0.45246535058038795
2025-04-27 02:00:00,11.0,10.9,10.514598920177935,-0.4854010798220656,0.3854010798220653,0.3854010798220653
2025-04-27 03:00:00,10.9,10.9,10.622518260714799,-0.27748173928520187,0.2774817392852018,0.2774817392852018
2025-04-27 04:00:00,10.9,11.1,10.743510690898965,-0.15648930910103448,0.3564893091010344,0.3564893091010344
2025-04-27 05:00:00,11.1,11.2,11.305939164857989,0.20593916485799013,-0.10593916485798971,0.10593916485798971
2025-04-27 06:00:00,11.2,12.4,11.332987950293036,0.13298795029303648,1.067012049706964,1.067012049706964
2025-04-27 07:00:00,12.4,14.1,14.111987844796577,1.7119878447965757,-0.011987844796577107,0.011987844796577107
2025-04-27 08:00:00,14.1,15.8,15.78406705721178,1.684067057211781,0.015932942788220217,0.015932942788220217
2025-04-27 09:00:00,15.8,17.4,17.366337033407877,1.5663370334078748,0.033662966592121535,0.033662966592121535
2025-04-27 10:00:00,17.4,18.1,18.716353942348153,1.3163539423481558,-0.6163539423481517,0.6163539423481517
2025-04-27 11:00:00,18.1,18.4,19.17068861832274,1.0706886183227386,-0.7706886183227404,0.7706886183227404
2025-04-27 12:00:00,18.4,18.4,18.863760672055143,0.46376067205514543,-0.4637606720551446,0.4637606720551446
2025-04-27 13:00:00,18.4,18.8,18.545257775441723,0.14525777544172322,0.254742224558278,0.254742224558278
2025-04-27 14:00:00,18.8,18.8,18.8990611197601,0.09906111976009835,-0.09906111976009768,0.09906111976009768
2025-04-27 15:00:00,18.8,18.4,18.63076007829113,-0.16923992170887203,-0.2307600782911301,0.2307600782911301
2025-04-27 16:00:00,18.4,17.6,17.725606357181736,-0.6743936428182634,-0.1256063571817343,0.1256063571817343
2025-04-27 17:00:00,17.6,16.9,16.49966377311591,-1.1003362268840922,0.40033622688408954,0.40033622688408954
2025-04-27 18:00:00,16.9,15.8,15.397109022298599,-1.5028909777014,0.4028909777014018,0.4028909777014018
2025-04-27 19:00:00,15.8,15.1,14.636535719899632,-1.1634642801003694,0.4634642801003679,0.4634642801003679
2025-04-27 20:00:00,15.1,14.5,14.48006860318938,-0.619931396810619,0.019931396810619617,0.019931396810619617
2025-04-27 21:00:00,14.5,13.4,13.901530481593756,-0.598469518406244,-0.5015304815937558,0.5015304815937558
2025-04-27 22:00:00,13.4,12.8,12.6589475561339,-0.7410524438661014,0.14105244386610138,0.14105244386610138
2025-04-27 23:00:00,12.8,12.5,12.29529545812381,-0.5047045418761908,0.2047045418761897,0.2047045418761897
2025-04-28 00:00:00,12.5,12.2,12.10858654184113,-0.39141345815887063,0.09141345815887014,0.09141345815887014
2025-04-28 01:00:00,12.2,12.1,11.876462398920696,-0.32353760107930346,0.22353760107930398,0.22353760107930398
2025-04-28 02:00:00,12.1,11.9,11.872206741965647,-0.22779325803435344,0.02779325803435384,0.02779325803435384
2025-04-28 03:00:00,11.9,11.8,11.661413323972173,-0.2385866760278267,0.1385866760278276,0.1385866760278276
2025-04-28 04:00:00,11.8,11.1,11.613173731280744,-0.18682626871925676,-0.5131737312807445,0.5131737312807445
2025-04-28 05:00:00,11.1,10.4,10.735360401407451,-0.364639598592548,-0.33536040140745094,0.33536040140745094
2025-04-28 06:00:00,10.4,10.6,10.28452601315593,-0.11547398684407166,0.31547398684407035,0.31547398684407035
2025-04-28 07:00:00,10.6,12.4,11.92597265057336,1.325972650573361,0.47402734942664004,0.47402734942664004
2025-04-28 08:00:00,12.4,14.5,14.946183133238709,2.546183133238709,-0.4461831332387085,0.4461831332387085
2025-04-28 09:00:00,14.5,16.2,16.585047448275844,2.0850474482758434,-0.38504744827584503,0.38504744827584503
2025-04-28 10:00:00,16.2,17.6,17.528926040857517,1.328926040857519,0.07107395914248471,0.07107395914248471
2025-04-28 11:00:00,17.6,18.7,18.79048458696389,1.1904845869638871,-0.09048458696388906,0.09048458696388906
2025-04-28 12:00:00,18.7,19.9,19.569292845306478,0.8692928453064777,0.3307071546935205,0.3307071546935205
2025-04-28 13:00:00,19.9,19.7,20.61273175991314,0.7127317599131401,-0.9127317599131395,0.9127317599131395
2025-04-28 14:00:00,19.7,19.5,19.764161680486644,0.06416168048664493,-0.26416168048664446,0.26416168048664446
2025-04-28 15:00:00,19.5,20.0,19.290447455572266,-0.20955254442773427,0.7095525444277335,0.7095525444277335
2025-04-28 16:00:00,20.0,19.3,19.44908603100129,-0.5509139689987096,-0.14908603100128914,0.14908603100128914
2025-04-28 17:00:00,19.3,18.5,18.037436378136114,-1.2625636218638874,0.462563621863886,0.462563621863886
2025-04-28 18:00:00,18.5,17.1,16.92836499044188,-1.571635009558117,0.17163500955811983,0.17163500955811983
2025-04-28 19:00:00,17.1,15.7,15.748194448953921,-1.351805551046081,-0.048194448953921665,0.048194448953921665
2025-04-28 20:00:00,15.7,15.2,14.727491612520112,-0.9725083874798873,0.47250838747988766,0.47250838747988766
2025-04-28 21:00:00,15.2,13.7,14.574942411284574,-0.6250575887154254,-0.8749424112845752,0.8749424112845752
2025-04-28 22:00:00,13.7,13.1,12.769784545336867,-0.9302154546631324,0.33021545466313285,0.33021545466313285
2025-04-28 23:00:00,13.1,11.9,12.460275253121171,-0.6397247468788291,-0.560275253121171,0.560275253121171
2025-04-29 00:00:00,11.9,11.3,11.124065024240666,-0.7759349757593347,0.17593497575933448,0.17593497575933448
2025-04-29 01:00:00,11.3,11.1,10.761579952265967,-0.5384200477340337,0.3384200477340329,0.3384200477340329
2025-04-29 02:00:00,11.1,10.0,10.655703334847185,-0.4442966651528135,-0.6557033348471855,0.6557033348471855
2025-04-29 03:00:00,10.0,9.3,9.391760490120756,-0.6082395098792445,-0.09176049012075538,0.09176049012075538
2025-04-29 04:00:00,9.3,8.8,8.942193883400167,-0.3578061165998332,-0.14219388340016614,0.14219388340016614
2025-04-29 05:00:00,8.8,8.4,8.396068940374773,-0.40393105962522785,0.003931059625227107,0.003931059625227107
2025-04-29 06:00:00,8.4,9.0,8.473786178658115,0.07378617865811349,0.5262138213418854,0.5262138213418854
2025-04-29 07:00:00,9.0,11.7,11.325258114628772,2.3252581146287716,0.3747418853712272,0.3747418853712272
2025-04-29 08:00:00,11.7,14.5,13.892169287994353,2.1921692879943535,0.6078307120056472,0.6078307120056472
2025-04-29 09:00:00,14.5,16.4,16.63152846262478,2.1315284626247797,-0.23152846262478022,0.23152846262478022
2025-04-29 10:00:00,16.4,18.2,18.190063233907615,1.790063233907617,0.00993676609238392,0.00993676609238392
2025-04-29 11:00:00,18.2,19.2,19.613638788487833,1.4136387884878345,-0.41363878848783386,0.41363878848783386
2025-04-29 12:00:00,19.2,20.1,20.228358126386738,1.0283581263867374,-0.12835812638673616,0.12835812638673616
2025-04-29 13:00:00,20.1,20.8,20.730946849690994,0.6309468496909945,0.06905315030900638,0.06905315030900638
2025-04-29 14:00:00,20.8,20.6,20.994074974680455,0.19407497468045445,-0.3940749746804535,0.3940749746804535
2025-04-29 15:00:00,20.6,20.1,20.36690161816804,-0.23309838183196302,-0.26690161816803837,0.26690161816803837
2025-04-29 16:00:00,20.1,20.2,19.34340578420968,-0.756594215790323,0.8565942157903201,0.8565942157903201
2025-04-29 17:00:00,20.2,19.0,18.970587736193476,-1.2294122638065248,0.029412263806523953,0.029412263806523953
2025-04-29 18:00:00,19.0,16.7,17.41814025855528,-1.581859741444719,-0.7181402585552803,0.7181402585552803
2025-04-29 19:00:00,16.7,15.3,15.297476768041097,-1.4025232319589023,0.0025232319589036933,0.0025232319589036933
2025-04-29 20:00:00,15.3,14.3,14.333180868793526,-0.966819131206475,-0.033180868793525775,0.033180868793525775
2025-04-29 21:00:00,14.3,13.7,13.55601267638703,-0.7439873236129695,0.1439873236129685,0.1439873236129685
2025-04-29 22:00:00,13.7,13.2,13.087388764084288,-0.6126112359157118,0.1126112359157112,0.1126112359157112
2025-04-29 23:00:00,13.2,12.7,12.686199148044585,-0.513800851955414,0.013800851955414473,0.013800851955414473
2025-04-30 00:00:00,12.7,12.1,12.215585235769709,-0.48441476423029073,-0.11558523576970892,0.11558523576970892
2025-04-30 01:00:00,12.1,11.4,11.653134819739583,-0.4468651802604164,-0.2531348197395822,0.2531348197395822
2025-04-30 02:00:00,11.4,10.8,10.925186127302377,-0.4748138726976234,-0.125186127302376,0.125186127302376
2025-04-30 03:00:00,10.8,10.4,10.393215717145662,-0.4067842828543387,0.006784282854338741,0.006784282854338741
2025-04-30 04:00:00,10.4,10.3,10.015598879700724,-0.3844011202992759,0.2844011202992771,0.2844011202992771
2025-04-30 05:00:00,10.3,10.0,10.032277860338137,-0.26772213966186276,-0.03227786033813729,0.03227786033813729
2025-04-30 06:00:00,10.0,10.7,10.130901631801532,0.1309016318015319,0.5690983681984676,0.5690983681984676
2025-04-30 07:00:00,10.7,13.8,12.615791044739087,1.9157910447390876,1.1842089552609139,1.1842089552609139
2025-04-30 08:00:00,13.8,16.7,16.128932378171417,2.3289323781714155,0.5710676218285826,0.5710676218285826
2025-04-30 09:00:00,16.7,19.6,18.954097396594328,2.254097396594328,0.6459026034056734,0.6459026034056734
2025-04-30 10:00:00,19.6,21.7,21.862547192982586,2.262547192982583,-0.16254719298258635,0.16254719298258635
2025-04-30 11:00:00,21.7,23.5,23.292682547602254,1.5926825476022555,0.20731745239774568,0.20731745239774568
2025-04-30 12:00:00,23.5,24.5,24.660821353687417,1.1608213536874175,-0.16082135368741746,0.16082135368741746
2025-04-30 13:00:00,24.5,25.5,25.251869829014023,0.7518698290140242,0.24813017098597712,0.24813017098597712
2025-04-30 14:00:00,25.5,25.5,25.508379254749535,0.00837925474953548,-0.008379254749534937,0.008379254749534937
2025-04-30 15:00:00,25.5,25.6,25.407320289908995,-0.09267971009100567,0.19267971009100648,0.19267971009100648
2025-04-30 16:00:00,25.6,25.1,24.891112418952407,-0.7088875810475932,0.20888758104759475,0.20888758104759475
2025-04-30 17:00:00,25.1,24.1,23.813394900999942,-1.2866050990000601,0.2866050990000595,0.2866050990000595
2025-04-30 18:00:00,24.1,22.4,22.48998234256904,-1.6100176574309633,-0.0899823425690407,0.0899823425690407
2025-04-30 19:00:00,22.4,20.4,20.812271796266643,-1.5877282037333544,-0.41227179626664423,0.41227179626664423
2025-04-30 20:00:00,20.4,19.4,19.15035260667302,-1.2496473933269774,0.2496473933269776,0.2496473933269776
2025-04-30 21:00:00,19.4,19.2,18.640563642662134,-0.7594363573378653,0.5594363573378658,0.5594363573378658
2025-04-30 22:00:00,19.2,18.2,18.66280861077289,-0.53719138922711,-0.46280861077288904,0.46280861077288904
2025-04-30 23:00:00,18.2,17.4,17.53514112069394,-0.6648588793060601,-0.13514112069394102,0.13514112069394102
2025-05-01 00:00:00,17.4,16.9,16.940252748996674,-0.4597472510033258,-0.04025274899667508,0.04025274899667508
2025-05-01 01:00:00,16.9,16.1,16.399412123025684,-0.500587876974315,-0.2994121230256823,0.2994121230256823
2025-05-01 02:00:00,16.1,16.1,15.623380054963967,-0.4766199450360344,0.47661994503603466,0.47661994503603466
2025-05-01 03:00:00,16.1,15.9,15.84515207999608,-0.25484792000392115,0.05484792000392069,0.05484792000392069
2025-05-01 04:00:00,15.9,16.7,15.604496916414329,-0.29550308358567184,1.0955030835856707,1.0955030835856707
2025-05-01 05:00:00,16.7,16.6,17.012505593230205,0.31250559323020755,-0.41250559323020397,0.41250559323020397
2025-05-01 06:00:00,16.6,16.9,16.675853690849383,0.07585369084938086,0.2241463091506155,0.2241463091506155
2025-05-01 07:00:00,16.9,17.6,17.492933135261577,0.5929331352615795,0.10706686473842453,0.10706686473842453
2025-05-01 08:00:00,17.6,17.4,18.727872777541325,1.1278727775413238,-1.3278727775413266,1.3278727775413266
2025-05-01 09:00:00,17.4,16.0,17.711453591511752,0.3114535915117553,-1.7114535915117521,1.7114535915117521
2025-05-01 10:00:00,16.0,14.3,14.954544793677918,-1.0454552063220826,-0.6545447936779176,0.6545447936779176
2025-05-01 11:00:00,14.3,14.0,14.588719306707615,0.2887193067076145,-0.5887193067076151,0.5887193067076151
2025-05-01 12:00:00,14.0,13.7,13.892975993488433,-0.1070240065115668,-0.19297599348843342,0.19297599348843342
2025-05-01 13:00:00,13.7,14.0,13.723404810488065,0.023404810488064576,0.2765951895119354,0.2765951895119354
2025-05-01 14:00:00,14.0,14.4,14.12845257750793,0.12845257750793074,0.27154742249206976,0.27154742249206976
2025-05-01 15:00:00,14.4,14.4,14.654579365079366,0.254579365079365,-0.2545793650793655,0.2545793650793655
2025-05-01 16:00:00,14.4,14.4,14.46566228655418,0.06566228655417866,-0.06566228655417916,0.06566228655417916
2025-05-01 17:00:00,14.4,14.4,14.452967712871398,0.052967712871397475,-0.05296771287139812,0.05296771287139812
2025-05-01 18:00:00,14.4,14.1,14.381973003630186,-0.01802699636981385,-0.2819730036301866,0.2819730036301866
2025-05-01 19:00:00,14.1,13.6,13.75546529059161,-0.344534709408389,-0.15546529059161074,0.15546529059161074
2025-05-01 20:00:00,13.6,13.2,13.230443533079104,-0.36955646692089617,-0.030443533079104412,0.030443533079104412
2025-05-01 21:00:00,13.2,12.8,12.849843282509454,-0.3501567174905448,-0.049843282509453246,0.049843282509453246
2025-05-01 22:00:00,12.8,11.9,12.452693868199475,-0.34730613180052633,-0.5526938681994746,0.5526938681994746
2025-05-01 23:00:00,11.9,11.3,11.291557872812595,-0.6084421271874052,0.008442127187406001,0.008442127187406001
2025-05-02 00:00:00,11.3,10.4,10.871235073137084,-0.4287649268629162,-0.471235073137084,0.471235073137084
2025-05-02 01:00:00,10.4,9.8,9.73279313574465,-0.6672068642553495,0.0672068642553505,0.0672068642553505
2025-05-02 02:00:00,9.8,9.5,9.345889757682604,-0.4541102423173961,0.15411024231739567,0.15411024231739567
2025-05-02 03:00:00,9.5,9.2,9.152880495444236,-0.3471195045557627,0.04711950455576286,0.04711950455576286
2025-05-02 04:00:00,9.2,8.8,8.922029619331578,-0.27797038066842106,-0.12202961933157752,0.12202961933157752
2025-05-02 05:00:00,8.8,8.2,8.51925648204034,-0.2807435179596595,-0.3192564820403412,0.3192564820403412
2025-05-02 06:00:00,8.2,8.5,8.495519399691853,0.2955193996918538,0.004480600308147231,0.004480600308147231
2025-05-02 07:00:00,8.5,9.9,9.756028878390977,1.256028878390976,0.1439711216090238,0.1439711216090238
2025-05-02 08:00:00,9.9,11.6,11.562948032386426,1.6629480323864265,0.03705196761357321,0.03705196761357321
2025-05-02 09:00:00,11.6,13.3,13.282154373462344,1.6821543734623445,0.017845626537656756,0.017845626537656756
2025-05-02 10:00:00,13.3,14.8,14.684009825373506,1.3840098253735056,0.11599017462649464,0.11599017462649464
2025-05-02 11:00:00,14.8,16.5,16.0094883198459,1.2094883198458997,0.49051168015409985,0.49051168015409985
2025-05-02 12:00:00,16.5,17.0,17.438982215092707,0.9389822150927063,-0.4389822150927074,0.4389822150927074
2025-05-02 13:00:00,17.0,17.6,17.482285258480573,0.48228525848057385,0.1177147415194284,0.1177147415194284
2025-05-02 14:00:00,17.6,18.2,17.92775419676281,0.3277541967628089,0.2722458032371904,0.2722458032371904
2025-05-02 15:00:00,18.2,17.2,17.992114813343854,-0.20788518665614422,-0.7921148133438543,0.7921148133438543
2025-05-02 16:00:00,17.2,16.9,16.32486333302717,-0.8751366669728271,0.5751366669728277,0.5751366669728277
2025-05-02 17:00:00,16.9,16.2,15.94998356062439,-0.9500164393756099,0.25001643937561013,0.25001643937561013
2025-05-02 18:00:00,16.2,15.2,15.058327469903784,-1.1416725300962165,0.1416725300962156,0.1416725300962156
2025-05-02 19:00:00,15.2,14.4,14.042472333841511,-1.1575276661584886,0.3575276661584894,0.3575276661584894
2025-05-02 20:00:00,14.4,13.8,13.735220025324235,-0.664779974675765,0.06477997467576557,0.06477997467576557
2025-05-02 21:00:00,13.8,13.7,13.321211122917765,-0.47878887708223533,0.3787888770822345,0.3787888770822345
2025-05-02 22:00:00,13.7,13.5,13.39806705950516,-0.3019329404948403,0.1019329404948408,0.1019329404948408
2025-05-02 23:00:00,13.5,12.9,13.188849923638445,-0.31115007636155473,-0.28884992363844475,0.28884992363844475
2025-05-03 00:00:00,12.9,12.6,12.429639422842838,-0.4703605771571621,0.17036057715716169,0.17036057715716169
2025-05-03 01:00:00,12.6,12.5,12.323060532994282,-0.2769394670057185,0.1769394670057185,0.1769394670057185
2025-05-03 02:00:00,12.5,11.5,12.297907503386012,-0.20209249661398782,-0.7979075033860124,0.7979075033860124
2025-05-03 03:00:00,11.5,10.7,10.824279747558082,-0.675720252441918,-0.12427974755808258,0.12427974755808258
2025-05-03 04:00:00,10.7,10.0,10.33686690172434,-0.3631330982756592,-0.3368669017243402,0.3368669017243402
2025-05-03 05:00:00,10.0,9.8,9.711211757643962,-0.2887882423560381,0.08878824235603844,0.08878824235603844
2025-05-03 06:00:00,9.8,9.6,9.904022078198986,0.10402207819898623,-0.30402207819898663,0.30402207819898663
2025-05-03 07:00:00,9.6,9.9,9.969695100147876,0.36969510014787643,-0.06969510014787517,0.06969510014787517
2025-05-03 08:00:00,9.9,10.3,10.69280010134251,0.792800101342509,-0.39280010134250887,0.39280010134250887
2025-05-03 09:00:00,10.3,10.6,11.301974142484534,1.0019741424845325,-0.7019741424845343,0.7019741424845343
2025-05-03 10:00:00,10.6,10.8,11.055569016908908,0.45556901690890916,-0.25556901690890754,0.25556901690890754
2025-05-03 11:00:00,10.8,11.5,11.154062962005021,0.354062962005021,0.3459370379949789,0.3459370379949789
2025-05-03 12:00:00,11.5,11.8,12.267664942859627,0.767664942859627,-0.467664942859626,0.467664942859626
2025-05-03 13:00:00,11.8,13.6,12.00005680943911,0.20005680943911025,1.5999431905608894,1.5999431905608894
2025-05-03 14:00:00,13.6,12.8,13.96334670218476,0.36334670218476023,-1.163346702184759,1.163346702184759
2025-05-03 15:00:00,12.8,12.8,12.302187636933724,-0.497812363066278,0.4978123630662772,0.4978123630662772
2025-05-03 16:00:00,12.8,12.8,12.599502692809835,-0.20049730719016537,0.20049730719016523,0.20049730719016523
2025-05-03 17:00:00,12.8,13.0,12.30270079291464,-0.49729920708535985,0.6972992070853596,0.6972992070853596
2025-05-03 18:00:00,13.0,12.7,12.760339450528116,-0.23966054947188364,-0.060339450528116956,0.060339450528116956
2025-05-03 19:00:00,12.7,11.6,12.271704785861559,-0.4282952141384405,-0.671704785861559,0.671704785861559
2025-05-03 20:00:00,11.6,10.9,10.815048713112898,-0.7849512868871016,0.08495128688710274,0.08495128688710274
2025-05-03 21:00:00,10.9,10.3,10.379282483067078,-0.5207175169329228,-0.07928248306707708,0.07928248306707708
2025-05-03 22:00:00,10.3,9.9,9.864356137158282,-0.43564386284171824,0.03564386284171839,0.03564386284171839
2025-05-03 23:00:00,9.9,9.6,9.50907272984496,-0.3909272701550419,0.09092727015504032,0.09092727015504032
2025-05-04 00:00:00,9.6,9.2,9.315965877211655,-0.2840341227883448,-0.11596587721165541,0.11596587721165541
2025-05-04 01:00:00,9.2,8.9,8.868133596478705,-0.33186640352129465,0.03186640352129544,0.03186640352129544
2025-05-04 02:00:00,8.9,8.8,8.610724369702947,-0.2892756302970541,0.18927563029705397,0.18927563029705397
2025-05-04 03:00:00,8.8,8.4,8.611673854881149,-0.1883261451188514,-0.21167385488114832,0.21167385488114832
2025-05-04 04:00:00,8.4,8.4,8.11542951840356,-0.28457048159644044,0.2845704815964396,0.2845704815964396
2025-05-04 05:00:00,8.4,8.3,8.355842324079495,-0.0441576759205062,-0.05584232407949408,0.05584232407949408
2025-05-04 06:00:00,8.3,8.7,8.636770591208512,0.33677059120851166,0.06322940879148753,0.06322940879148753
2025-05-04 07:00:00,8.7,10.6,9.688235692126932,0.9882356921269331,0.9117643078730673,0.9117643078730673
2025-05-04 08:00:00,10.6,12.7,12.60708688892991,2.0070868889299103,0.09291311107008937,0.09291311107008937
2025-05-04 09:00:00,12.7,14.4,14.697811966731186,1.9978119667311864,-0.29781196673118515,0.29781196673118515
2025-05-04 10:00:00,14.4,16.4,15.82613651730813,1.4261365173081306,0.573863482691868,0.573863482691868
2025-05-04 11:00:00,16.4,17.9,17.93922376486738,1.5392237648673814,-0.039223764867379884,0.039223764867379884
2025-05-04 12:00:00,17.9,18.9,18.886961765836112,0.9869617658361137,0.013038234163886386,0.013038234163886386
2025-05-04 13:00:00,18.9,19.7,19.56088899506364,0.6608889950636387,0.13911100493636042,0.13911100493636042
2025-05-04 14:00:00,19.7,19.7,19.962607109681368,0.26260710968136947,-0.2626071096813689,0.2626071096813689
2025-05-04 15:00:00,19.7,18.8,19.500612754531563,-0.19938724546843759,-0.7006127545315621,0.7006127545315621
2025-05-04 16:00:00,18.8,18.7,17.927964277258226,-0.8720357227417761,0.7720357227417729,0.7720357227417729
2025-05-04 17:00:00,18.7,18.0,17.616084781074996,-1.0839152189250028,0.38391521892500435,0.38391521892500435
2025-05-04 18:00:00,18.0,16.0,16.460833102452725,-1.5391668975472745,-0.4608331024527246,0.4608331024527246
2025-05-04 19:00:00,16.0,14.4,14.595491237909902,-1.404508762090098,-0.19549123790990208,0.19549123790990208
2025-05-04 20:00:00,14.4,13.2,13.351550834881364,-1.0484491651186372,-0.15155083488136434,0.15155083488136434
2025-05-04 21:00:00,13.2,12.4,12.405766464630792,-0.7942335353692068,-0.005766464630792001,0.005766464630792001
2025-05-04 22:00:00,12.4,12.0,11.794710578512682,-0.605289421487319,0.20528942148731844,0.20528942148731844
2025-05-04 23:00:00,12.0,11.1,11.513985888332426,-0.48601411166757374,-0.41398588833242655,0.41398588833242655
2025-05-05 00:00:00,11.1,10.8,10.524964301072119,-0.5750356989278802,0.2750356989278817,0.2750356989278817
2025-05-05 01:00:00,10.8,10.2,10.406755742051004,-0.3932442579489972,-0.2067557420510049,0.2067557420510049
2025-05-05 02:00:00,10.2,9.7,9.783818409905258,-0.4161815900947409,-0.08381840990525902,0.08381840990525902
2025-05-05 03:00:00,9.7,9.4,9.311772711341733,-0.38822728865826617,0.0882272886582669,0.0882272886582669
2025-05-05 04:00:00,9.4,9.4,9.150409325477158,-0.2495906745228416,0.24959067452284245,0.24959067452284245
2025-05-05 05:00:00,9.4,9.4,9.239491738625537,-0.16050826137446403,0.1605082613744635,0.1605082613744635
2025-05-05 06:00:00,9.4,10.2,10.066723706785478,0.666723706785478,0.1332762932145215,0.1332762932145215
2025-05-05 07:00:00,10.2,11.3,11.512375208401533,1.312375208401533,-0.21237520840153223,0.21237520840153223
2025-05-05 08:00:00,11.3,12.9,13.260563200156488,1.9605632001564877,-0.3605632001564878,0.3605632001564878
2025-05-05 09:00:00,12.9,14.0,14.499153144473594,1.599153144473594,-0.4991531444735937,0.4991531444735937
2025-05-05 10:00:00,14.0,14.3,15.236352791822167,1.2363527918221662,-0.9363527918221664,0.9363527918221664
2025-05-05 11:00:00,14.3,14.3,14.878410535343429,0.5784105353434281,-0.5784105353434281,0.5784105353434281
2025-05-05 12:00:00,14.3,14.3,14.517049358133225,0.21704935813322443,-0.2170493581332238,0.2170493581332238
2025-05-05 13:00:00,14.3,14.8,14.307854850135675,0.007854850135673623,0.4921451498643261,0.4921451498643261
2025-05-05 14:00:00,14.8,13.7,15.106730940760036,0.3067309407600353,-1.4067309407600366,1.4067309407600366
2025-05-05 15:00:00,13.7,13.5,12.954300721976852,-0.7456992780231482,0.5456992780231484,0.5456992780231484
2025-05-05 16:00:00,13.5,13.4,12.975600094662271,-0.5243999053377292,0.4243999053377294,0.4243999053377294
2025-05-05 17:00:00,13.4,13.1,12.55764269125532,-0.842357308744682,0.5423573087446805,0.5423573087446805
2025-05-05 18:00:00,13.1,12.7,12.309957091632784,-0.790042908367216,0.39004290836721545,0.39004290836721545
2025-05-05 19:00:00,12.7,12.6,12.127862285717915,-0.5721377142820838,0.4721377142820842,0.4721377142820842
2025-05-05 20:00:00,12.6,12.5,12.357675084014058,-0.2423249159859411,0.14232491598594166,0.14232491598594166
2025-05-05 21:00:00,12.5,12.3,12.215480354249587,-0.28451964575041333,0.08451964575041337,0.08451964575041337
2025-05-05 22:00:00,12.3,12.1,12.02923694027202,-0.2707630597279819,0.07076305972798025,0.07076305972798025
2025-05-05 23:00:00,12.1,11.3,11.84393699727358,-0.2560630027264189,-0.5439369972735797,0.5439369972735797
2025-05-06 00:00:00,11.3,10.4,10.813716368979328,-0.486283631020673,-0.41371636897932795,0.41371636897932795
2025-05-06 01:00:00,10.4,10.0,9.707776221213518,-0.6922237787864829,0.2922237787864823,0.2922237787864823
2025-05-06 02:00:00,10.0,9.4,9.669762554587184,-0.3302374454128154,-0.26976255458718335,0.26976255458718335
2025-05-06 03:00:00,9.4,9.1,8.995576391206312,-0.40442360879368844,0.10442360879368806,0.10442360879368806
2025-05-06 04:00:00,9.1,8.5,8.789588050826758,-0.31041194917324144,-0.2895880508267581,0.2895880508267581
2025-05-06 05:00:00,8.5,8.6,8.278866640661258,-0.22113335933874176,0.32113335933874154,0.32113335933874154
2025-05-06 06:00:00,8.6,9.4,9.390199443080206,0.7901994430802061,0.00980055691979409,0.00980055691979409
2025-05-06 07:00:00,9.4,11.8,11.342858100083761,1.9428581000837604,0.4571418999162393,0.4571418999162393
2025-05-06 08:00:00,11.8,14.4,14.002264214017533,2.202264214017532,0.3977357859824675,0.3977357859824675
2025-05-06 09:00:00,14.4,16.8,16.496811344898738,2.096811344898736,0.3031886551012626,0.3031886551012626
2025-05-06 10:00:00,16.8,17.7,18.846029580825935,2.0460295808259334,-1.1460295808259353,1.1460295808259353
2025-05-06 11:00:00,17.7,18.5,18.993226925476705,1.2932269254767044,-0.493226925476705,0.493226925476705
2025-05-06 12:00:00,18.5,18.3,19.606695872459337,1.1066958724593359,-1.3066958724593363,1.3066958724593363
2025-05-06 13:00:00,18.3,17.9,18.329540500704912,0.02954050070490976,-0.42954050070491334,0.42954050070491334
2025-05-06 14:00:00,17.9,18.1,17.735464359599344,-0.16453564040065485,0.364535640400657,0.364535640400657
2025-05-06 15:00:00,18.1,18.9,17.98737856318262,-0.11262143681738136,0.9126214368173784,0.9126214368173784
2025-05-06 16:00:00,18.9,19.1,18.27873178210678,-0.6212682178932176,0.8212682178932198,0.8212682178932198
2025-05-06 17:00:00,19.1,18.6,17.986486992978783,-1.1135130070212198,0.6135130070212185,0.6135130070212185
2025-05-06 18:00:00,18.6,16.7,17.469873069782736,-1.1301269302172643,-0.7698730697827365,0.7698730697827365
2025-05-06 19:00:00,16.7,15.5,15.342728205556687,-1.3572717944433115,0.15727179444331263,0.15727179444331263
2025-05-06 20:00:00,15.5,14.9,14.659702200899025,-0.840297799100975,0.2402977991009756,0.2402977991009756
2025-05-06 21:00:00,14.9,14.0,14.308393789635062,-0.591606210364939,-0.3083937896350619,0.3083937896350619
2025-05-06 22:00:00,14.0,13.4,13.288200173415143,-0.7117998265848569,0.11179982658485699,0.11179982658485699
2025-05-06 23:00:00,13.4,12.6,12.865296766837979,-0.5347032331620224,-0.2652967668379791,0.2652967668379791
2025-05-07 00:00:00,12.6,11.9,12.098454611413093,-0.5015453885869062,-0.1984546114130925,0.1984546114130925
2025-05-07 01:00:00,11.9,11.5,11.352535214886505,-0.5474647851134963,0.14746478511349537,0.14746478511349537
2025-05-07 02:00:00,11.5,11.2,11.086493038690769,-0.41350696130923054,0.11350696130923055,0.11350696130923055
2025-05-07 03:00:00,11.2,10.7,10.830490700495208,-0.36950929950479067,-0.1304907004952085,0.1304907004952085
2025-05-07 04:00:00,10.7,10.2,10.3541076943819,-0.3458923056180996,-0.15410769438190108,0.15410769438190108
2025-05-07 05:00:00,10.2,9.9,9.908222044667806,-0.2917779553321936,-0.008222044667805406,0.008222044667805406
2025-05-07 06:00:00,9.9,10.6,10.637436987080626,0.7374369870806264,-0.037436987080626594,0.037436987080626594
2025-05-07 07:00:00,10.6,12.4,12.833966731094568,2.233966731094569,-0.43396673109456785,0.43396673109456785
2025-05-07 08:00:00,12.4,14.7,14.691072200721798,2.291072200721798,0.008927799278200865,0.008927799278200865
2025-05-07 09:00:00,14.7,16.7,16.741110785560792,2.041110785560792,-0.04111078556079306,0.04111078556079306
2025-05-07 10:00:00,16.7,18.1,18.574543979756072,1.874543979756073,-0.47454397975607066,0.47454397975607066
2025-05-07 11:00:00,18.1,18.9,19.354249443671648,1.2542494436716454,-0.45424944367164954,0.45424944367164954
2025-05-07 12:00:00,18.9,20.4,20.036925502088963,1.1369255020889655,0.3630744979110361,0.3630744979110361
2025-05-07 13:00:00,20.4,20.7,20.972597610142977,0.5725976101429774,-0.27259761014297723,0.27259761014297723
2025-05-07 14:00:00,20.7,20.9,20.88906314273411,0.18906314273411104,0.010936857265889444,0.010936857265889444
2025-05-07 15:00:00,20.9,20.2,20.738768832658796,-0.16123116734120135,-0.5387688326587963,0.5387688326587963
2025-05-07 16:00:00,20.2,19.3,19.457965322413337,-0.7420346775866631,-0.15796532241333594,0.15796532241333594
2025-05-07 17:00:00,19.3,18.1,17.986966442657824,-1.3130335573421779,0.11303355734217746,0.11303355734217746
2025-05-07 18:00:00,18.1,16.5,16.661445460494875,-1.4385545395051265,-0.16144546049487474,0.16144546049487474
2025-05-07 19:00:00,16.5,14.9,15.248848397833857,-1.2511516021661433,-0.3488483978338568,0.3488483978338568
2025-05-07 20:00:00,14.9,13.9,13.86701816527269,-1.0329818347273114,0.032981834727310755,0.032981834727310755
2025-05-07 21:00:00,13.9,13.1,13.16327251745941,-0.7367274825405914,-0.06327251745940998,0.06327251745940998
2025-05-07 22:00:00,13.1,12.4,12.491307051189688,-0.6086929488103117,-0.09130705118968763,0.09130705118968763
2025-05-07 23:00:00,12.4,11.9,11.805808904518454,-0.5941910954815472,0.09419109548154658,0.09419109548154658
2025-05-08 00:00:00,11.9,11.6,11.401699429693663,-0.49830057030633784,0.19830057030633697,0.19830057030633697
2025-05-08 01:00:00,11.6,11.2,11.208785449766355,-0.3912145502336445,-0.008785449766355313,0.008785449766355313
2025-05-08 02:00:00,11.2,10.9,10.805425151383158,-0.39457484861684083,0.09457484861684229,0.09457484861684229
2025-05-08 03:00:00,10.9,10.4,10.584234804152338,-0.31576519584766205,-0.18423480415233762,0.18423480415233762
2025-05-08 04:00:00,10.4,10.1,10.06761585439727,-0.3323841456027306,0.032384145602730285,0.032384145602730285
2025-05-08 05:00:00,10.1,9.8,9.811954562035337,-0.2880454379646618,-0.011954562035336735,0.011954562035336735
2025-05-08 06:00:00,9.8,10.5,10.529636121279761,0.7296361212797606,-0.02963612127976134,0.02963612127976134
2025-05-08 07:00:00,10.5,13.2,12.57107990828042,2.0710799082804217,0.6289200917195785,0.6289200917195785
2025-05-08 08:00:00,13.2,15.8,15.574459456451455,2.374459456451456,0.22554054354854536,0.22554054354854536
2025-05-08 09:00:00,15.8,18.2,17.93684965860875,2.136849658608751,0.26315034139124904,0.26315034139124904
2025-05-08 10:00:00,18.2,20.0,20.147856737018756,1.9478567370187576,-0.14785673701875623,0.14785673701875623
2025-05-08 11:00:00,20.0,21.4,21.658032253053676,1.6580322530536757,-0.2580322530536776,0.2580322530536776
2025-05-08 12:00:00,21.4,22.9,22.68177638160328,1.2817763816032821,0.218223618396717,0.218223618396717
2025-05-08 13:00:00,22.9,24.2,23.65572389295712,0.7557238929571221,0.5442761070428794,0.5442761070428794
2025-05-08 14:00:00,24.2,24.6,24.513492859127794,0.313492859127793,0.08650714087220734,0.08650714087220734
2025-05-08 15:00:00,24.6,24.9,24.600275240687402,0.00027524068739981367,0.29972475931259623,0.29972475931259623
2025-05-08 16:00:00,24.9,24.5,24.288748350014316,-0.6112516499856842,0.2112516499856838,0.2112516499856838
2025-05-08 17:00:00,24.5,21.3,23.318405114545527,-1.1815948854544718,-2.0184051145455264,2.0184051145455264
2025-05-08 18:00:00,21.3,19.3,18.984375522181526,-2.3156244778184756,0.31562447781847425,0.31562447781847425
2025-05-08 19:00:00,19.3,18.7,18.006297739449597,-1.2937022605504052,0.6937022605504026,0.6937022605504026
2025-05-08 20:00:00,18.7,18.2,18.141058809160263,-0.5589411908397363,0.058941190839735924,0.058941190839735924
2025-05-08 21:00:00,18.2,18.0,17.630826272271282,-0.5691737277287185,0.36917372772871815,0.36917372772871815
2025-05-08 22:00:00,18.0,17.6,17.604059787120924,-0.3959402128790757,-0.00405978712092292,0.00405978712092292
2025-05-08 23:00:00,17.6,17.3,17.192902278777897,-0.40709772122210464,0.10709772122210381,0.10709772122210381
2025-05-09 00:00:00,17.3,17.1,16.942595555482377,-0.3574044445176244,0.15740444451762414,0.15740444451762414
2025-05-09 01:00:00,17.1,16.8,16.871451785445732,-0.22854821455427005,-0.07145178544573128,0.07145178544573128
2025-05-09 02:00:00,16.8,16.5,16.543662023208014,-0.2563379767919878,-0.04366202320801449,0.04366202320801449
2025-05-09 03:00:00,16.5,16.4,16.25736970215715,-0.24263029784285126,0.14263029784284953,0.14263029784284953
2025-05-09 04:00:00,16.4,16.1,16.227132339487714,-0.17286766051228372,-0.1271323394877122,0.1271323394877122
2025-05-09 05:00:00,16.1,16.1,15.856831543519734,-0.24316845648026705,0.24316845648026764,0.24316845648026764
2025-05-09 06:00:00,16.1,16.1,16.266087817833508,0.16608781783350793,-0.1660878178335068,0.1660878178335068
2025-05-09 07:00:00,16.1,15.2,16.69286869703413,0.5928686970341274,-1.4928686970341296,1.4928686970341296
2025-05-09 08:00:00,15.2,15.0,14.794104025118097,-0.4058959748819021,0.20589597488190314,0.20589597488190314
2025-05-09 09:00:00,15.0,14.9,15.227660739878882,0.22766073987888236,-0.32766073987888156,0.32766073987888156
2025-05-09 10:00:00,14.9,14.6,14.828715371864629,-0.07128462813537133,-0.2287153718646291,0.2287153718646291
2025-05-09 11:00:00,14.6,14.9,14.511355736460983,-0.08864426353901636,0.3886442635390175,0.3886442635390175
2025-05-09 12:00:00,14.9,14.5,15.159858194962476,0.2598581949624755,-0.6598581949624762,0.6598581949624762
2025-05-09 13:00:00,14.5,14.2,14.32443375531838,-0.17556624468162044,-0.12443375531838008,0.12443375531838008
2025-05-09 14:00:00,14.2,14.2,14.01188866761568,-0.18811133238431815,0.18811133238431843,0.18811133238431843
2025-05-09 15:00:00,14.2,14.3,14.212551540450646,0.012551540450646537,0.0874484595493552,0.0874484595493552
2025-05-09 16:00:00,14.3,14.4,14.33929851598944,0.03929851598943967,0.060701484010559525,0.060701484010559525
2025-05-09 17:00:00,14.4,14.6,14.442417238958937,0.04241723895893665,0.15758276104106272,0.15758276104106272
2025-05-09 18:00:00,14.6,14.7,14.67174628170122,0.07174628170121983,0.028253718298779873,0.028253718298779873
2025-05-09 19:00:00,14.7,14.8,14.742527002295228,0.04252700229522934,0.057472997704772766,0.057472997704772766
2025-05-09 20:00:00,14.8,14.8,14.845222700426294,0.045222700426292985,-0.04522270042629373,0.04522270042629373
2025-05-09 21:00:00,14.8,14.8,14.715311316185355,-0.0846886838146462,0.08468868381464567,0.08468868381464567
2025-05-09 22:00:00,14.8,14.8,14.707071929163359,-0.09292807083664195,0.09292807083664201,0.09292807083664201
2025-05-09 23:00:00,14.8,14.9,14.735804205425028,-0.06419579457497217,0.16419579457497235,0.16419579457497235
2025-05-10 00:00:00,14.9,15.1,14.93491916179773,0.03491916179772974,0.16508083820226993,0.16508083820226993
2025-05-10 01:00:00,15.1,15.1,15.149446562357884,0.049446562357884444,-0.04944656235788436,0.04944656235788436
2025-05-10 02:00:00,15.1,14.8,14.986945490892504,-0.1130545091074958,-0.18694549089250323,0.18694549089250323
2025-05-10 03:00:00,14.8,13.8,14.547147441056648,-0.2528525589433531,-0.7471474410566472,0.7471474410566472
2025-05-10 04:00:00,13.8,12.4,13.195407614875977,-0.6045923851240235,-0.7954076148759768,0.7954076148759768
2025-05-10 05:00:00,12.4,12.5,11.765418174564722,-0.6345818254352787,0.7345818254352778,0.7345818254352778
2025-05-10 06:00:00,12.5,12.2,12.743732131631749,0.24373213163174784,-0.5437321316317494,0.5437321316317494
2025-05-10 07:00:00,12.2,11.9,11.9049265369725,-0.29507346302750026,-0.004926536972499562,0.004926536972499562
2025-05-10 08:00:00,11.9,11.6,11.615788369584333,-0.28421163041566777,-0.015788369584333495,0.015788369584333495
2025-05-10 09:00:00,11.6,11.8,11.562759588888369,-0.03724041111163087,0.23724041111163174,0.23724041111163174
2025-05-10 10:00:00,11.8,11.8,12.11405809517872,0.3140580951787193,-0.3140580951787193,0.3140580951787193
2025-05-10 11:00:00,11.8,11.7,11.924624752970423,0.12462475297042325,-0.22462475297042417,0.22462475297042417
2025-05-10 12:00:00,11.7,11.9,11.660255675040622,-0.03974432495937822,0.23974432495937847,0.23974432495937847
2025-05-10 13:00:00,11.9,12.1,12.010003450739687,0.11000345073968615,0.08999654926031297,0.08999654926031297
2025-05-10 14:00:00,12.1,12.2,12.20440461483324,0.10440461483324012,-0.004404614833241283,0.004404614833241283
2025-05-10 15:00:00,12.2,12.4,12.273287766158559,0.07328776615855928,0.1267122338414417,0.1267122338414417
2025-05-10 16:00:00,12.4,11.9,12.42112917230633,0.021129172306328815,-0.5211291723063294,0.5211291723063294
2025-05-10 17:00:00,11.9,11.9,11.370126217158491,-0.5298737828415091,0.5298737828415092,0.5298737828415092
2025-05-10 18:00:00,11.9,12.1,11.915771795164545,0.01577179516454507,0.18422820483545443,0.18422820483545443
2025-05-10 19:00:00,12.1,12.2,12.1366418158418,0.0366418158418015,0.06335818415819894,0.06335818415819894
2025-05-10 20:00:00,12.2,12.0,12.251355947345322,0.05135594734532282,-0.2513559473453224,0.2513559473453224
2025-05-10 21:00:00,12.0,11.9,11.764209999132394,-0.2357900008676053,0.1357900008676065,0.1357900008676065
2025-05-10 22:00:00,11.9,11.8,11.78911446005825,-0.11088553994174921,0.010885539941750011,0.010885539941750011
2025-05-10 23:00:00,11.8,11.7,11.687573306058013,-0.11242669394198697,0.012426693941986144,0.012426693941986144
2025-05-11 00:00:00,11.7,11.6,11.592150711577471,-0.10784928842252867,0.007849288422528744,0.007849288422528744
2025-05-11 01:00:00,11.6,11.5,11.505596666801475,-0.09440333319852434,-0.005596666801475081,0.005596666801475081
2025-05-11 02:00:00,11.5,11.5,11.386516278311065,-0.11348372168893449,0.11348372168893484,0.11348372168893484
2025-05-11 03:00:00,11.5,11.6,11.404174090657765,-0.09582590934223553,0.19582590934223454,0.19582590934223454
2025-05-11 04:00:00,11.6,11.6,11.648173135161946,0.048173135161946726,-0.04817313516194588,0.04817313516194588
2025-05-11 05:00:00,11.6,11.5,11.544736573647848,-0.0552634263521524,-0.04473657364784778,0.04473657364784778
2025-05-11 06:00:00,11.5,11.8,11.8038395710038,0.303839571003801,-0.0038395710037999464,0.0038395710037999464
2025-05-11 07:00:00,11.8,12.5,12.257672067942593,0.4576720679425922,0.24232793205740677,0.24232793205740677
2025-05-11 08:00:00,12.5,13.3,13.601393582829518,1.101393582829518,-0.3013935828295171,0.3013935828295171
2025-05-11 09:00:00,13.3,14.5,14.384058781102667,1.0840587811026658,0.11594121889733344,0.11594121889733344
2025-05-11 10:00:00,14.5,15.1,15.840264017739061,1.3402640177390606,-0.7402640177390616,0.7402640177390616
2025-05-11 11:00:00,15.1,16.2,15.864667347095189,0.7646673470951899,0.3353326529048104,0.3353326529048104
2025-05-11 12:00:00,16.2,17.8,17.114226582285802,0.914226582285803,0.6857734177141985,0.6857734177141985
2025-05-11 13:00:00,17.8,19.0,18.755243279234413,0.9552432792344145,0.24475672076558652,0.24475672076558652
2025-05-11 14:00:00,19.0,19.6,19.544652129105963,0.5446521291059621,0.05534787089403892,0.05534787089403892
2025-05-11 15:00:00,19.6,19.3,19.921735413001468,0.3217354130014661,-0.621735413001467,0.621735413001467
2025-05-11 16:00:00,19.3,20.0,18.77659960955137,-0.5234003904486311,1.2234003904486315,1.2234003904486315
2025-05-11 17:00:00,20.0,18.7,19.781414746555697,-0.21858525344430213,-1.0814147465556978,1.0814147465556978
2025-05-11 18:00:00,18.7,17.1,17.588263072780435,-1.1117369272195645,-0.488263072780434,0.488263072780434
2025-05-11 19:00:00,17.1,15.9,15.958894742990344,-1.1411052570096571,-0.058894742990343474,0.058894742990343474
2025-05-11 20:00:00,15.9,14.4,15.078787261322116,-0.8212127386778837,-0.6787872613221158,0.6787872613221158
2025-05-11 21:00:00,14.4,13.3,13.442907505911798,-0.9570924940882034,-0.14290750591179702,0.14290750591179702
2025-05-11 22:00:00,13.3,12.7,12.589278144254807,-0.7107218557451931,0.11072185574519189,0.11072185574519189
2025-05-11 23:00:00,12.7,12.2,12.256658662288743,-0.4433413377112572,-0.0566586622887435,0.0566586622887435
2025-05-12 00:00:00,12.2,11.7,11.746033566381536,-0.45396643361846406,-0.04603356638153677,0.04603356638153677
2025-05-12 01:00:00,11.7,11.4,11.274724069821072,-0.42527593017892623,0.1252759301789279,0.1252759301789279
2025-05-12 02:00:00,11.4,11.4,11.09749083269557,-0.30250916730443117,0.30250916730443045,0.30250916730443045
2025-05-12 03:00:00,11.4,10.8,11.230771708063301,-0.1692282919366995,-0.43077170806330045,0.43077170806330045
2025-05-12 04:00:00,10.8,10.2,10.429034348423556,-0.3709656515764444,-0.22903434842355708,0.22903434842355708
2025-05-12 05:00:00,10.2,9.9,9.927272528524378,-0.2727274714756204,-0.027272528524378004,0.027272528524378004
2025-05-12 06:00:00,9.9,10.7,10.594479161561548,0.6944791615615481,0.10552083843845139,0.10552083843845139
2025-05-12 07:00:00,10.7,13.0,12.379673946598272,1.6796739465982726,0.6203260534017279,0.6203260534017279
2025-05-12 08:00:00,13.0,15.0,15.077051383128167,2.077051383128166,-0.0770513831281665,0.0770513831281665
2025-05-12 09:00:00,15.0,17.1,17.01273123039138,2.012731230391381,0.08726876960862029,0.08726876960862029
2025-05-12 10:00:00,17.1,19.1,18.94733304874524,1.8473330487452388,0.15266695125476204,0.15266695125476204
2025-05-12 11:00:00,19.1,20.6,20.777978616705372,1.677978616705372,-0.17797861670537074,0.17797861670537074
2025-05-12 12:00:00,20.6,21.8,21.768303399128015,1.168303399128014,0.031696600871985225,0.031696600871985225
2025-05-12 13:00:00,21.8,22.3,22.62192330694417,0.8219233069441673,-0.3219233069441678,0.3219233069441678
2025-05-12 14:00:00,22.3,23.0,22.567268009063394,0.2672680090633934,0.4327319909366061,0.4327319909366061
2025-05-12 15:00:00,23.0,23.2,22.795705790537102,-0.20429420946289908,0.40429420946289696,0.40429420946289696
2025-05-12 16:00:00,23.2,23.2,22.497106957997904,-0.7028930420020958,0.7028930420020956,0.7028930420020956
2025-05-12 17:00:00,23.2,22.4,22.03884931620198,-1.1611506837980194,0.3611506837980194,0.3611506837980194
2025-05-12 18:00:00,22.4,21.2,20.896052062415595,-1.5039479375844036,0.30394793758440386,0.30394793758440386
2025-05-12 19:00:00,21.2,19.7,19.783269039793254,-1.416730960206747,-0.0832690397932545,0.0832690397932545
2025-05-12 20:00:00,19.7,18.3,18.609683666451772,-1.0903163335482282,-0.3096836664517717,0.3096836664517717
2025-05-12 21:00:00,18.3,17.0,17.338344390730818,-0.9616556092691824,-0.3383443907308177,0.3383443907308177
2025-05-12 22:00:00,17.0,16.2,16.220829228049855,-0.7791707719501438,-0.02082922804985543,0.02082922804985543
2025-05-12 23:00:00,16.2,15.5,15.589456517898103,-0.6105434821018962,-0.08945651789810327,0.08945651789810327
2025-05-13 00:00:00,15.5,15.1,14.925375413804296,-0.5746245861957032,0.1746245861957032,0.1746245861957032
2025-05-13 01:00:00,15.1,14.7,14.63860246398807,-0.4613975360119292,0.06139753601192943,0.06139753601192943
2025-05-13 02:00:00,14.7,14.3,14.282957001247041,-0.41704299875295764,0.01704299875295945,0.01704299875295945
2025-05-13 03:00:00,14.3,14.0,13.91938956307459,-0.38061043692540963,0.0806104369254097,0.0806104369254097
2025-05-13 04:00:00,14.0,13.4,13.699293461311093,-0.3007065386889059,-0.2992934613110929,0.2992934613110929
2025-05-13 05:00:00,13.4,13.4,13.111882834605282,-0.2881171653947173,0.2881171653947181,0.2881171653947181
2025-05-13 06:00:00,13.4,14.8,14.225929175707948,0.8259291757079474,0.5740708242920523,0.5740708242920523
2025-05-13 07:00:00,14.8,16.7,17.12022139474314,2.320221394743138,-0.420221394743141,0.420221394743141
2025-05-13 08:00:00,16.7,18.2,18.659891119430714,1.9598911194307145,-0.4598911194307149,0.4598911194307149
2025-05-13 09:00:00,18.2,20.7,19.826169668772163,1.6261696687721632,0.8738303312278362,0.8738303312278362
2025-05-13 10:00:00,20.7,23.1,22.39535756052421,1.695357560524211,0.7046424394757906,0.7046424394757906
2025-05-13 11:00:00,23.1,24.6,24.558217697319503,1.4582176973195025,0.04178230268049887,0.04178230268049887
2025-05-13 12:00:00,24.6,25.6,25.538770325302544,0.9387703253025413,0.06122967469745788,0.06122967469745788
2025-05-13 13:00:00,25.6,25.5,26.373440590652013,0.7734405906520129,-0.8734405906520131,0.8734405906520131
2025-05-13 14:00:00,25.5,25.6,25.576738782934132,0.07673878293413174,0.023261217065869033,0.023261217065869033
2025-05-13 15:00:00,25.6,25.1,25.427872839159498,-0.1721271608405024,-0.3278728391594967,0.3278728391594967
2025-05-13 16:00:00,25.1,24.8,24.4651692083263,-0.6348307916736989,0.3348307916736992,0.3348307916736992
2025-05-13 17:00:00,24.8,24.6,23.647146884917717,-1.1528531150822825,0.9528531150822843,0.9528531150822843
2025-05-13 18:00:00,24.6,23.7,23.448590172010867,-1.1514098279891334,0.25140982798913214,0.25140982798913214
2025-05-13 19:00:00,23.7,22.3,22.138066744876337,-1.5619332551236609,0.16193325512366386,0.16193325512366386
2025-05-13 20:00:00,22.3,21.1,21.24370756918583,-1.056292430814171,-0.14370756918582828,0.14370756918582828
2025-05-13 21:00:00,21.1,20.2,20.254339694303308,-0.8456603056966941,-0.05433969430330876,0.05433969430330876
2025-05-13 22:00:00,20.2,18.9,19.445544775001736,-0.7544552249982629,-0.545544775001737,0.545544775001737
2025-05-13 23:00:00,18.9,17.7,18.21619631617394,-0.6838036838260585,-0.5161963161739394,0.5161963161739394
2025-05-14 00:00:00,17.7,16.8,16.991172488930797,-0.7088275110692018,-0.1911724889307962,0.1911724889307962
2025-05-14 01:00:00,16.8,16.1,16.10516849682608,-0.6948315031739196,-0.005168496826080116,0.005168496826080116
2025-05-14 02:00:00,16.1,15.4,15.529529472684539,-0.5704705273154624,-0.1295294726845384,0.1295294726845384
2025-05-14 03:00:00,15.4,15.0,14.880091515547672,-0.519908484452328,0.11990848445232771,0.11990848445232771
2025-05-14 04:00:00,15.0,14.3,14.561846115778218,-0.4381538842217819,-0.2618461157782175,0.2618461157782175
2025-05-14 05:00:00,14.3,14.1,13.89454831053873,-0.4054516894612707,0.20545168946127035,0.20545168946127035
2025-05-14 06:00:00,14.1,14.6,14.795738095728076,0.6957380957280767,-0.19573809572807654,0.19573809572807654
2025-05-14 07:00:00,14.6,17.7,16.66351820193976,2.0635182019397584,1.0364817980602403,1.0364817980602403
2025-05-14 08:00:00,17.7,20.4,20.014871067985656,2.3148710679856563,0.38512893201434295,0.38512893201434295
2025-05-14 09:00:00,20.4,22.2,22.21510390802378,1.8151039080237843,-0.015103908023782253,0.015103908023782253
2025-05-14 10:00:00,22.2,23.7,23.79970698635961,1.5997069863596116,-0.09970698635961028,0.09970698635961028
2025-05-14 11:00:00,23.7,25.0,24.989055241403396,1.2890552414033976,0.010944758596604487,0.010944758596604487
2025-05-14 12:00:00,25.0,25.6,25.899925241204198,0.899925241204197,-0.29992524120419617,0.29992524120419617
2025-05-14 13:00:00,25.6,26.5,26.040062940968998,0.44006294096899734,0.45993705903100235,0.45993705903100235
2025-05-14 14:00:00,26.5,26.1,26.819812076489086,0.31981207648908594,-0.7198120764890845,0.7198120764890845
2025-05-14 15:00:00,26.1,25.3,25.799772492947312,-0.300227507052688,-0.4997724929473115,0.4997724929473115
2025-05-14 16:00:00,25.3,24.4,24.55534892274588,-0.744651077254122,-0.15534892274587975,0.15534892274587975
2025-05-14 17:00:00,24.4,24.0,23.096243538652566,-1.3037564613474328,0.9037564613474345,0.9037564613474345
2025-05-14 18:00:00,24.0,23.1,22.8178341078313,-1.1821658921687013,0.28216589216870247,0.28216589216870247
2025-05-14 19:00:00,23.1,22.0,21.696084331155358,-1.4039156688446435,0.30391566884464183,0.30391566884464183
2025-05-14 20:00:00,22.0,21.7,21.220646810886834,-0.7793531891131681,0.4793531891131657,0.4793531891131657
2025-05-14 21:00:00,21.7,21.2,21.271303598439033,-0.42869640156096683,-0.07130359843903378,0.07130359843903378
2025-05-14 22:00:00,21.2,21.3,20.75790459317996,-0.4420954068200394,0.5420954068200423,0.5420954068200423
2025-05-14 23:00:00,21.3,21.3,21.132223124743387,-0.16777687525661464,0.16777687525661378,0.16777687525661378
2025-05-15 00:00:00,21.3,21.1,21.07741759796386,-0.22258240203614227,0.022582402036142923,0.022582402036142923
2025-05-15 01:00:00,21.1,21.1,20.898252593545894,-0.20174740645410602,0.20174740645410694,0.20174740645410694
2025-05-15 02:00:00,21.1,20.4,20.91847974924921,-0.1815202507507884,-0.518479749249213,0.518479749249213
2025-05-15 03:00:00,20.4,19.7,19.851696586754816,-0.5483034132451825,-0.15169658675481656,0.15169658675481656
2025-05-15 04:00:00,19.7,19.3,19.314641707961332,-0.3853582920386676,-0.014641707961331463,0.014641707961331463
2025-05-15 05:00:00,19.3,18.9,18.98018294013459,-0.31981705986541115,-0.08018294013459126,0.08018294013459126
2025-05-15 06:00:00,18.9,18.6,19.476991850757013,0.576991850757013,-0.8769918507570118,0.8769918507570118
2025-05-15 07:00:00,18.6,18.2,18.57046092125922,-0.029539078740781648,-0.3704609212592196,0.3704609212592196
2025-05-15 08:00:00,18.2,17.1,18.09900744318041,-0.10099255681958844,-0.9990074431804103,0.9990074431804103
2025-05-15 09:00:00,17.1,16.9,16.65316284551643,-0.44683715448356975,0.24683715448356836,0.24683715448356836
2025-05-15 10:00:00,16.9,17.3,16.91863744714857,0.01863744714857231,0.3813625528514315,0.3813625528514315
2025-05-15 11:00:00,17.3,18.7,17.777549750424047,0.47754975042404496,0.9224502495759523,0.9224502495759523
2025-05-15 12:00:00,18.7,19.7,19.48073371857101,0.7807337185710119,0.21926628142898963,0.21926628142898963
2025-05-15 13:00:00,19.7,20.2,20.285267549765734,0.5852675497657336,-0.08526754976573514,0.08526754976573514
2025-05-15 14:00:00,20.2,21.1,20.65005881946591,0.45005881946591175,0.4499411805340898,0.4499411805340898
2025-05-15 15:00:00,21.1,22.0,21.55436007605778,0.4543600760577798,0.4456399239422204,0.4456399239422204
2025-05-15 16:00:00,22.0,22.1,21.906957177417322,-0.09304282258267763,0.19304282258267946,0.19304282258267946
2025-05-15 17:00:00,22.1,21.7,21.61705701415289,-0.4829429858471096,0.08294298584710802,0.08294298584710802
2025-05-15 18:00:00,21.7,21.0,21.116502200377397,-0.583497799622601,-0.116502200377397,0.116502200377397
2025-05-15 19:00:00,21.0,20.3,20.320313605128977,-0.6796863948710231,-0.020313605128976064,0.020313605128976064
2025-05-15 20:00:00,20.3,19.6,19.77252594097391,-0.5274740590260901,-0.17252594097390883,0.17252594097390883
2025-05-15 21:00:00,19.6,19.0,19.059361936768866,-0.5406380632311362,-0.05936193676886603,0.05936193676886603
2025-05-15 22:00:00,19.0,18.5,18.565106897381423,-0.43489310261857794,-0.06510689738142261,0.06510689738142261
2025-05-15 23:00:00,18.5,18.3,18.079053177778565,-0.4209468222214339,0.22094682222143547,0.22094682222143547
2025-05-16 00:00:00,18.3,18.5,18.050459226946412,-0.24954077305358796,0.4495407730535881,0.4495407730535881
2025-05-16 01:00:00,18.5,18.6,18.417554211432282,-0.08244578856771674,0.1824457885677191,0.1824457885677191
2025-05-16 02:00:00,18.6,18.7,18.536007240895056,-0.0639927591049437,0.16399275910494282,0.16399275910494282
2025-05-16 03:00:00,18.7,18.5,18.67675469838487,-0.023245301615131976,-0.1767546983848689,0.1767546983848689
2025-05-16 04:00:00,18.5,18.3,18.35161351691245,-0.14838648308755056,-0.05161351691245031,0.05161351691245031
2025-05-16 05:00:00,18.3,18.2,18.15398707146241,-0.14601292853759232,0.046012928537589204,0.046012928537589204
2025-05-16 06:00:00,18.2,18.5,18.54609948863397,0.3460994886339711,-0.04609948863397051,0.04609948863397051
2025-05-16 07:00:00,18.5,19.0,19.01394401797204,0.5139440179720388,-0.013944017972040257,0.013944017972040257
2025-05-16 08:00:00,19.0,19.7,19.843547805066336,0.8435478050663359,-0.14354780506633702,0.14354780506633702
2025-05-16 09:00:00,19.7,20.4,20.93769685802998,1.2376968580299799,-0.5376968580299817,0.5376968580299817
2025-05-16 10:00:00,20.4,20.3,21.37067316280515,0.9706731628051514,-1.07067316280515,1.07067316280515
2025-05-16 11:00:00,20.3,20.8,20.19448891898531,-0.10551108101468912,0.60551108101469,0.60551108101469
2025-05-16 12:00:00,20.8,21.3,21.22562853690258,0.4256285369025786,0.07437146309742104,0.07437146309742104
2025-05-16 13:00:00,21.3,21.5,21.517832666022603,0.21783266602260085,-0.017832666022602695,0.017832666022602695
2025-05-16 14:00:00,21.5,21.8,21.27006557604853,-0.2299344239514684,0.5299344239514703,0.5299344239514703
2025-05-16 15:00:00,21.8,21.2,21.94653315725635,0.1465331572563486,-0.7465331572563514,0.7465331572563514
2025-05-16 16:00:00,21.2,20.0,20.775411244476267,-0.4245887555237319,-0.7754112444762669,0.7754112444762669
2025-05-16 17:00:00,20.0,19.5,19.403740995782854,-0.5962590042171438,0.09625900421714562,0.09625900421714562
2025-05-16 18:00:00,19.5,19.3,19.174344252376898,-0.3256557476231027,0.12565574762310305,0.12565574762310305
2025-05-16 19:00:00,19.3,19.0,19.085222853219115,-0.21477714678088766,-0.08522285321911482,0.08522285321911482
2025-05-16 20:00:00,19.0,18.4,18.641388090378623,-0.35861190962137773,-0.2413880903786243,0.2413880903786243
2025-05-16 21:00:00,18.4,18.2,18.064538257455176,-0.33546174254482236,0.13546174254482324,0.13546174254482324
2025-05-16 22:00:00,18.2,17.9,17.9834181837751,-0.21658181622489728,-0.0834181837751018,0.0834181837751018
2025-05-16 23:00:00,17.9,17.9,17.659949484620302,-0.240050515379696,0.24005051537969635,0.24005051537969635
2025-05-17 00:00:00,17.9,17.6,17.813493927583842,-0.08650607241615768,-0.21349392758384056,0.21349392758384056
2025-05-17 01:00:00,17.6,17.2,17.418307316389498,-0.18169268361050314,-0.21830731638949885,0.21830731638949885
2025-05-17 02:00:00,17.2,17.0,17.017588067056547,-0.18241193294345134,-0.01758806705654692,0.01758806705654692
2025-05-17 03:00:00,17.0,16.7,16.819423738280886,-0.18057626171911303,-0.11942373828088648,0.11942373828088648
2025-05-17 04:00:00,16.7,16.2,16.51520009498821,-0.18479990501178817,-0.3152000949882101,0.3152000949882101
2025-05-17 05:00:00,16.2,16.3,15.93494419607959,-0.2650558039204088,0.36505580392041104,0.36505580392041104
2025-05-17 06:00:00,16.3,16.7,16.915192461489614,0.615192461489612,-0.21519246148961457,0.21519246148961457
2025-05-17 07:00:00,16.7,18.4,17.914490730901168,1.214490730901169,0.48550926909883074,0.48550926909883074
2025-05-17 08:00:00,18.4,20.1,19.960706521232275,1.560706521232275,0.13929347876772624,0.13929347876772624
2025-05-17 09:00:00,20.1,21.3,21.628736819654748,1.5287368196547455,-0.3287368196547469,0.3287368196547469
2025-05-17 10:00:00,21.3,22.2,22.625087635636557,1.3250876356365573,-0.42508763563655805,0.42508763563655805
2025-05-17 11:00:00,22.2,23.2,23.235435934155298,1.0354359341553,-0.035435934155298554,0.035435934155298554
2025-05-17 12:00:00,23.2,24.1,24.02348459096506,0.8234845909650613,0.07651540903493981,0.07651540903493981
2025-05-17 13:00:00,24.1,23.9,24.514708997405965,0.41470899740596445,-0.6147089974059661,0.6147089974059661
2025-05-17 14:00:00,23.9,22.2,23.88892136291984,-0.01107863708015628,-1.6889213629198423,1.6889213629198423
2025-05-17 15:00:00,22.2,19.8,21.42964951519024,-0.7703504848097622,-1.6296495151902377,1.6296495151902377
2025-05-17 16:00:00,19.8,18.9,18.719106932646454,-1.0808930673535475,0.18089306735354427,0.18089306735354427
2025-05-17 17:00:00,18.9,17.7,18.53324311850047,-0.3667568814995285,-0.8332431185004694,0.8332431185004694
2025-05-17 18:00:00,17.7,16.6,17.057136751157426,-0.6428632488425748,-0.45713675115742447,0.45713675115742447
2025-05-17 19:00:00,16.6,15.7,15.905450243220919,-0.694549756779083,-0.20545024322091976,0.20545024322091976
2025-05-17 20:00:00,15.7,15.4,15.035234883943932,-0.6647651160560677,0.3647651160560681,0.3647651160560681
2025-05-17 21:00:00,15.4,15.0,15.157492468741594,-0.24250753125840632,-0.1574924687415944,0.1574924687415944
2025-05-17 22:00:00,15.0,14.9,14.572362110239336,-0.427637889760664,0.32763788976066444,0.32763788976066444
2025-05-17 23:00:00,14.9,14.7,14.761756438577743,-0.13824356142225738,-0.06175643857774382,0.06175643857774382
2025-05-18 00:00:00,14.7,14.1,14.464249510490424,-0.2357504895095756,-0.3642495104904242,0.3642495104904242
2025-05-18 01:00:00,14.1,13.7,13.686122726506513,-0.4138772734934869,0.013877273493486442,0.013877273493486442
2025-05-18 02:00:00,13.7,13.2,13.348057353236394,-0.35194264676360554,-0.14805735323639446,0.14805735323639446
2025-05-18 03:00:00,13.2,12.4,12.807708165455248,-0.39229183454475175,-0.40770816545524724,0.40770816545524724
2025-05-18 04:00:00,12.4,11.8,11.804099715862462,-0.5959002841375389,-0.00409971586246094,0.00409971586246094
2025-05-18 05:00:00,11.8,11.4,11.386825625866848,-0.41317437413315267,0.013174374133152256,0.013174374133152256
2025-05-18 06:00:00,11.4,11.7,12.055759581788774,0.6557595817887734,-0.3557595817887744,0.3557595817887744
2025-05-18 07:00:00,11.7,12.6,12.648944982861096,0.9489449828610967,-0.048944982861096165,0.048944982861096165
2025-05-18 08:00:00,12.6,13.7,14.055587366303834,1.4555873663038352,-0.35558736630383514,0.35558736630383514
2025-05-18 09:00:00,13.7,15.5,15.115371438607076,1.4153714386070761,0.38462856139292434,0.38462856139292434
2025-05-18 10:00:00,15.5,16.7,17.486631825955776,1.9866318259557756,-0.7866318259557765,0.7866318259557765
2025-05-18 11:00:00,16.7,18.2,17.905790768473874,1.2057907684738756,0.2942092315261249,0.2942092315261249
2025-05-18 12:00:00,18.2,19.4,19.186709624328863,0.9867096243288639,0.21329037567113573,0.21329037567113573
2025-05-18 13:00:00,19.4,20.1,19.985458049676698,0.5854580496766978,0.11454195032330361,0.11454195032330361
2025-05-18 14:00:00,20.1,21.0,20.38438667803209,0.2843866780320904,0.6156133219679099,0.6156133219679099
2025-05-18 15:00:00,21.0,20.7,20.877842420649404,-0.12215757935059608,-0.17784242064940514,0.17784242064940514
2025-05-18 16:00:00,20.7,19.9,19.92588614827816,-0.7741138517218394,-0.02588614827816116,0.02588614827816116
2025-05-18 17:00:00,19.9,19.3,18.523344052884145,-1.3766559471158535,0.7766559471158558,0.7766559471158558
2025-05-18 18:00:00,19.3,17.7,17.88922709199431,-1.41077290800569,-0.18922709199431154,0.18922709199431154
2025-05-18 19:00:00,17.7,16.1,16.30910531204611,-1.390894687953889,-0.20910531204610905,0.20910531204610905
2025-05-18 20:00:00,16.1,15.0,15.05366263610599,-1.0463373638940106,-0.0536626361059902,0.0536626361059902
2025-05-18 21:00:00,15.0,14.2,14.180586768574942,-0.819413231425058,0.01941323142505702,0.01941323142505702
2025-05-18 22:00:00,14.2,13.6,13.512311744687615,-0.6876882553123839,0.08768825531238456,0.08768825531238456
2025-05-18 23:00:00,13.6,12.8,13.078848752638557,-0.5211512473614431,-0.2788487526385559,0.2788487526385559
2025-05-19 00:00:00,12.8,12.2,12.29432419478408,-0.5056758052159199,-0.09432419478408072,0.09432419478408072
2025-05-19 01:00:00,12.2,11.7,11.730342739814061,-0.4696572601859386,-0.03034273981406166,0.03034273981406166
2025-05-19 02:00:00,11.7,11.3,11.273314556781909,-0.42668544321809065,0.026685443218092075,0.026685443218092075
2025-05-19 03:00:00,11.3,10.5,10.948414989694887,-0.35158501030511347,-0.44841498969488747,0.44841498969488747
2025-05-19 04:00:00,10.5,10.6,10.098605107732357,-0.40139489226764197,0.5013948922676423,0.5013948922676423
2025-05-19 05:00:00,10.6,11.3,10.610686104330195,0.010686104330195428,0.6893138956698053,0.6893138956698053
2025-05-19 06:00:00,11.3,12.2,11.801878306878308,0.501878306878307,0.3981216931216913,0.3981216931216913
2025-05-19 07:00:00,12.2,13.6,13.751227695805417,1.5512276958054172,-0.15122769580541728,0.15122769580541728
2025-05-19 08:00:00,13.6,14.0,15.351545167808641,1.7515451678086413,-1.3515451678086414,1.3515451678086414
2025-05-19 09:00:00,14.0,14.9,14.708853649152696,0.7088536491526958,0.1911463508473048,0.1911463508473048
2025-05-19 10:00:00,14.9,17.2,16.21588397395276,1.3158839739527588,0.9841160260472392,0.9841160260472392
2025-05-19 11:00:00,17.2,18.8,18.640941622459714,1.4409416224597156,0.15905837754028695,0.15905837754028695
2025-05-19 12:00:00,18.8,19.8,19.78021343122153,0.980213431221528,0.019786568778471292,0.019786568778471292
2025-05-19 13:00:00,19.8,19.9,20.551293974017316,0.7512939740173169,-0.6512939740173174,0.6512939740173174
2025-05-19 14:00:00,19.9,20.2,19.931053740529098,0.031053740529100978,0.26894625947090134,0.26894625947090134
2025-05-19 15:00:00,20.2,20.5,19.92145067934456,-0.2785493206554393,0.5785493206554406,0.5785493206554406
2025-05-19 16:00:00,20.5,19.4,20.065025117353546,-0.43497488264645406,-0.6650251173535473,0.6650251173535473
2025-05-19 17:00:00,19.4,18.3,18.33098522425549,-1.0690147757445085,-0.03098522425548822,0.03098522425548822
2025-05-19 18:00:00,18.3,17.8,17.39785422048143,-0.9021457795185708,0.40214577951856967,0.40214577951856967
2025-05-19 19:00:00,17.8,17.5,17.34530186510552,-0.4546981348944806,0.15469813489448114,0.15469813489448114
2025-05-19 20:00:00,17.5,17.6,17.216234964262892,-0.2837650357371072,0.3837650357371096,0.3837650357371096
2025-05-19 21:00:00,17.6,17.5,17.518422526460935,-0.08157747353906851,-0.018422526460934563,0.018422526460934563
2025-05-19 22:00:00,17.5,17.4,17.30931969839239,-0.19068030160760904,0.09068030160760898,0.09068030160760898
2025-05-19 23:00:00,17.4,17.4,17.267550025820217,-0.13244997417978258,0.13244997417978155,0.13244997417978155
2025-05-20 00:00:00,17.4,17.6,17.300175688883662,-0.09982431111633684,0.299824311116339,0.299824311116339
2025-05-20 01:00:00,17.6,17.6,17.630243524673958,0.030243524673957422,-0.0302435246739563,0.0302435246739563
2025-05-20 02:00:00,17.6,17.6,17.488786238163875,-0.11121376183612532,0.11121376183612597,0.11121376183612597
2025-05-20 03:00:00,17.6,17.7,17.475186833241594,-0.12481316675840734,0.22481316675840546,0.22481316675840546
2025-05-20 04:00:00,17.7,17.7,17.711044626757197,0.011044626757196578,-0.011044626757197307,0.011044626757197307
2025-05-20 05:00:00,17.7,17.9,17.653441182603814,-0.04655881739618441,0.2465588173961848,0.2465588173961848
2025-05-20 06:00:00,17.9,18.2,17.992963579825272,0.09296357982527395,0.20703642017472745,0.20703642017472745
2025-05-20 07:00:00,18.2,18.8,18.683259757404166,0.4832597574041671,0.11674024259583504,0.11674024259583504
2025-05-20 08:00:00,18.8,19.4,19.543641043176073,0.7436410431760715,-0.14364104317607485,0.14364104317607485
2025-05-20 09:00:00,19.4,20.1,20.075098334974374,0.6750983349743749,0.024901665025627295,0.024901665025627295
2025-05-20 10:00:00,20.1,20.7,21.06618161684696,0.9661816168469617,-0.36618161684696204,0.36618161684696204
2025-05-20 11:00:00,20.7,21.8,21.33262433211813,0.6326243321181301,0.46737566788187124,0.46737566788187124
2025-05-20 12:00:00,21.8,24.3,22.64584926045818,0.8458492604581809,1.6541507395418193,1.6541507395418193
2025-05-20 13:00:00,24.3,26.1,24.94393828384542,0.6439382838454196,1.156061716154582,1.156061716154582
2025-05-20 14:00:00,26.1,27.0,26.516779299327908,0.4167792993279062,0.4832207006720921,0.4832207006720921
2025-05-20 15:00:00,27.0,26.5,27.426899213371154,0.42689921337115433,-0.9268992133711542,0.9268992133711542
2025-05-20 16:00:00,26.5,26.1,25.901572595255885,-0.5984274047441162,0.19842740474411613,0.19842740474411613
2025-05-20 17:00:00,26.1,25.2,25.474341736664876,-0.6256582633351256,-0.2743417366648764,0.2743417366648764
2025-05-20 18:00:00,25.2,24.6,24.44973480767038,-0.7502651923296165,0.15026519232961988,0.15026519232961988
2025-05-20 19:00:00,24.6,24.5,24.123286185824067,-0.4767138141759356,0.3767138141759325,0.3767138141759325
2025-05-20 20:00:00,24.5,24.5,24.1585033989349,-0.3414966010651003,0.34149660106509927,0.34149660106509927
2025-05-20 21:00:00,24.5,24.5,24.307233511314028,-0.19276648868597132,0.19276648868597235,0.19276648868597235
2025-05-20 22:00:00,24.5,24.5,24.356943025951406,-0.14305697404859488,0.1430569740485943,0.1430569740485943
2025-05-20 23:00:00,24.5,24.3,24.346215223180703,-0.15378477681929584,-0.04621522318070248,0.04621522318070248
2025-05-21 00:00:00,24.3,24.0,24.108932035011687,-0.19106796498831524,-0.10893203501168713,0.10893203501168713
2025-05-21 01:00:00,24.0,23.7,23.769220198313235,-0.23077980168676535,-0.06922019831323567,0.06922019831323567
2025-05-21 02:00:00,23.7,23.6,23.456260923911493,-0.2437390760885058,0.143739076088508,0.143739076088508
2025-05-21 03:00:00,23.6,23.4,23.443734667178422,-0.15626533282157898,-0.043734667178423337,0.043734667178423337
2025-05-21 04:00:00,23.4,23.1,23.219365160464935,-0.18063483953506146,-0.11936516046493395,0.11936516046493395
2025-05-21 05:00:00,23.1,23.0,22.897682726156678,-0.20231727384332243,0.10231727384332245,0.10231727384332245
2025-05-21 06:00:00,23.0,23.3,23.30020802613102,0.3002080261310195,-0.0002080261310197784,0.0002080261310197784
2025-05-21 07:00:00,23.3,24.2,24.06419181603962,0.7641918160396189,0.13580818396037841,0.13580818396037841
2025-05-21 08:00:00,24.2,25.0,25.253662417284612,1.0536624172846134,-0.2536624172846125,0.2536624172846125
2025-05-21 09:00:00,25.0,25.9,25.910777115539478,0.9107771155394792,-0.010777115539479354,0.010777115539479354
2025-05-21 10:00:00,25.9,27.2,27.024607344826148,1.1246073448261487,0.1753926551738516,0.1753926551738516
2025-05-21 11:00:00,27.2,27.6,28.286787239052078,1.0867872390520787,-0.6867872390520766,0.6867872390520766
2025-05-21 12:00:00,27.6,28.9,28.113465319064858,0.5134653190648563,0.7865346809351408,0.7865346809351408
2025-05-21 13:00:00,28.9,30.3,29.505682726276476,0.6056827262764775,0.7943172737235251,0.7943172737235251
2025-05-21 14:00:00,30.3,30.2,30.69395068844868,0.3939506884486795,-0.49395068844868106,0.49395068844868106
2025-05-21 15:00:00,30.2,29.8,30.324726500700933,0.12472650070093283,-0.5247265007009325,0.5247265007009325
2025-05-21 16:00:00,29.8,28.3,29.382432138452945,-0.4175678615470574,-1.082432138452944,1.082432138452944
2025-05-21 17:00:00,28.3,27.8,27.43446047411118,-0.8655395258888207,0.36553952588882055,0.36553952588882055
2025-05-21 18:00:00,27.8,26.6,26.925100431045067,-0.8748995689549355,-0.32510043104506536,0.32510043104506536
2025-05-21 19:00:00,26.6,25.3,25.590376846398357,-1.009623153601645,-0.29037684639835604,0.29037684639835604
2025-05-21 20:00:00,25.3,24.4,24.543450414843875,-0.7565495851561246,-0.14345041484387622,0.14345041484387622
2025-05-21 21:00:00,24.4,23.4,23.765129785801015,-0.6348702141989838,-0.36512978580101674,0.36512978580101674
2025-05-21 22:00:00,23.4,22.7,22.715818098170125,-0.6841819018298744,-0.015818098170125694,0.015818098170125694
2025-05-21 23:00:00,22.7,22.3,22.229660314097444,-0.47033968590255376,0.07033968590255668,0.07033968590255668
2025-05-22 00:00:00,22.3,21.8,21.919131715452796,-0.38086828454720456,-0.1191317154527951,0.1191317154527951
2025-05-22 01:00:00,21.8,21.5,21.400499135624113,-0.3995008643758879,0.09950086437588723,0.09950086437588723
2025-05-22 02:00:00,21.5,21.5,21.20541039739889,-0.2945896026011102,0.29458960260111056,0.29458960260111056
2025-05-22 03:00:00,21.5,21.5,21.292077257004774,-0.20792274299522548,0.20792274299522617,0.20792274299522617
2025-05-22 04:00:00,21.5,21.5,21.400282797403104,-0.09971720259689669,0.09971720259689576,0.09971720259689576
2025-05-22 05:00:00,21.5,21.0,21.39664013566609,-0.10335986433391117,-0.3966401356660896,0.3966401356660896
2025-05-22 06:00:00,21.0,20.4,21.164931465400155,0.16493146540015605,-0.7649314654001564,0.7649314654001564
2025-05-22 07:00:00,20.4,20.4,20.36903694397927,-0.03096305602072768,0.030963056020727464,0.030963056020727464
2025-05-22 08:00:00,20.4,21.7,20.81000311526701,0.41000311526700933,0.8899968847329909,0.8899968847329909
2025-05-22 09:00:00,21.7,23.0,22.960870757652003,1.2608707576520035,0.03912924234799675,0.03912924234799675
2025-05-22 10:00:00,23.0,24.6,24.23855740569747,1.2385574056974689,0.361442594302531,0.361442594302531
2025-05-22 11:00:00,24.6,25.5,25.833793955990075,1.2337939559900748,-0.33379395599007466,0.33379395599007466
2025-05-22 12:00:00,25.5,26.1,26.23963809293358,0.7396380929335782,-0.13963809293357698,0.13963809293357698
2025-05-22 13:00:00,26.1,27.7,26.515295842010218,0.4152958420102154,1.1847041579897812,1.1847041579897812
2025-05-22 14:00:00,27.7,28.1,27.977583817339337,0.2775838173393368,0.12241618266066467,0.12241618266066467
2025-05-22 15:00:00,28.1,28.4,28.22995715169434,0.12995715169433975,0.17004284830565908,0.17004284830565908
2025-05-22 16:00:00,28.4,28.1,27.861550312105337,-0.5384496878946637,0.23844968789466492,0.23844968789466492
2025-05-22 17:00:00,28.1,26.9,27.102373264166413,-0.9976267358335885,-0.20237326416641466,0.20237326416641466
2025-05-22 18:00:00,26.9,26.1,25.171833818449947,-1.72816618155005,0.9281661815500541,0.9281661815500541
2025-05-22 19:00:00,26.1,25.2,24.939475440800177,-1.1605245591998261,0.26052455919982265,0.26052455919982265
2025-05-22 20:00:00,25.2,24.1,24.46143246141638,-0.7385675385836218,-0.36143246141637775,0.36143246141637775
2025-05-22 21:00:00,24.1,24.0,23.3059357795271,-0.7940642204728993,0.6940642204728995,0.6940642204728995
2025-05-22 22:00:00,24.0,23.2,23.60484375620057,-0.39515624379943076,-0.4048437562005702,0.4048437562005702
2025-05-22 23:00:00,23.2,22.3,22.6512082538377,-0.5487917461622962,-0.3512082538377008,0.3512082538377008
2025-05-23 00:00:00,22.3,21.5,21.62039919177388,-0.679600808226121,-0.12039919177388114,0.12039919177388114
2025-05-23 01:00:00,21.5,20.5,20.924136620246653,-0.5758633797533474,-0.424136620246653,0.424136620246653
2025-05-23 02:00:00,20.5,19.9,19.749465619759086,-0.7505343802409146,0.15053438024091292,0.15053438024091292
2025-05-23 03:00:00,19.9,19.4,19.380889086409084,-0.5191109135909131,0.019110913590914436,0.019110913590914436
2025-05-23 04:00:00,19.4,18.9,18.949300629056545,-0.45069937094345386,-0.049300629056546086,0.049300629056546086
2025-05-23 05:00:00,18.9,18.3,18.566552409870795,-0.3334475901292023,-0.2665524098707941,0.2665524098707941
2025-05-23 06:00:00,18.3,18.5,18.756013309828003,0.45601330982800176,-0.25601330982800263,0.25601330982800263
2025-05-23 07:00:00,18.5,18.8,19.724512588366956,1.224512588366955,-0.9245125883669552,0.9245125883669552
2025-05-23 08:00:00,18.8,19.4,19.853535636074803,1.0535356360748034,-0.45353563607480396,0.45353563607480396
2025-05-23 09:00:00,19.4,19.8,20.15199286523206,0.7519928652320614,-0.3519928652320594,0.3519928652320594
2025-05-23 10:00:00,19.8,20.3,20.301705813752324,0.5017058137523239,-0.0017058137523235928,0.0017058137523235928
2025-05-23 11:00:00,20.3,20.7,20.924204503552936,0.6242045035529358,-0.22420450355293653,0.22420450355293653
2025-05-23 12:00:00,20.7,21.3,21.058627594452226,0.35862759445222586,0.24137240554777506,0.24137240554777506
2025-05-23 13:00:00,21.3,21.3,21.612637151390217,0.31263715139021575,-0.3126371513902164,0.3126371513902164
2025-05-23 14:00:00,21.3,21.6,21.487872063330705,0.18787206333070325,0.11212793666929599,0.11212793666929599
2025-05-23 15:00:00,21.6,21.8,21.60223048539439,0.0022304853943871934,0.19776951460561065,0.19776951460561065
2025-05-23 16:00:00,21.8,21.5,21.430768072737017,-0.3692319272629833,0.0692319272629831,0.0692319272629831
2025-05-23 17:00:00,21.5,21.1,20.493618464598146,-1.0063815354018526,0.6063815354018551,0.6063815354018551
2025-05-23 18:00:00,21.1,20.7,20.17674936823238,-0.9232506317676228,0.5232506317676204,0.5232506317676204
2025-05-23 19:00:00,20.7,19.9,19.95909515704713,-0.7409048429528672,-0.05909515704713186,0.05909515704713186
2025-05-23 20:00:00,19.9,19.0,19.21235359754686,-0.6876464024531405,-0.21235359754685845,0.21235359754685845
2025-05-23 21:00:00,19.0,16.7,18.2336507254568,-0.7663492745432002,-1.533650725456802,1.533650725456802
2025-05-23 22:00:00,16.7,15.7,15.659985082025996,-1.040014917974004,0.040014917974003694,0.040014917974003694
2025-05-23 23:00:00,15.7,15.4,14.888449861591221,-0.8115501384087782,0.5115501384087793,0.5115501384087793
2025-05-24 00:00:00,15.4,14.7,15.134007815993101,-0.26599218400689845,-0.4340078159931018,0.4340078159931018
2025-05-24 01:00:00,14.7,14.2,14.271590070103713,-0.42840992989628557,-0.07159007010371354,0.07159007010371354
2025-05-24 02:00:00,14.2,13.7,13.830893108638294,-0.36910689136170505,-0.13089310863829517,0.13089310863829517
2025-05-24 03:00:00,13.7,13.4,13.2860549399309,-0.41394506006910065,0.11394506006910099,0.11394506006910099
2025-05-24 04:00:00,13.4,13.1,13.116833880255495,-0.2831661197445058,-0.01683388025549526,0.01683388025549526
2025-05-24 05:00:00,13.1,13.1,12.830424537646747,-0.26957546235325286,0.26957546235325225,0.26957546235325225
2025-05-24 06:00:00,13.1,13.3,13.531990865214054,0.43199086521405466,-0.231990865214053,0.231990865214053
2025-05-24 07:00:00,13.3,14.0,13.939889422949994,0.6398894229499933,0.06011057705000589,0.06011057705000589
2025-05-24 08:00:00,14.0,14.9,15.187942933783905,1.187942933783905,-0.28794293378390456,0.28794293378390456
2025-05-24 09:00:00,14.9,15.2,16.15287790085046,1.252877900850458,-0.95287790085046,0.95287790085046
2025-05-24 10:00:00,15.2,15.5,15.661363161059606,0.46136316105960695,-0.16136316105960624,0.16136316105960624
2025-05-24 11:00:00,15.5,16.1,15.843592964161575,0.3435929641615741,0.2564070358384267,0.2564070358384267
2025-05-24 12:00:00,16.1,17.5,16.636403391368965,0.5364033913689654,0.8635966086310347,0.8635966086310347
2025-05-24 13:00:00,17.5,18.5,18.099551253721213,0.5995512537212119,0.4004487462787871,0.4004487462787871
2025-05-24 14:00:00,18.5,18.7,18.84428122153696,0.3442812215369582,-0.14428122153696066,0.14428122153696066
2025-05-24 15:00:00,18.7,18.6,18.64465683977307,-0.05534316022692973,-0.04465683977306867,0.04465683977306867
2025-05-24 16:00:00,18.6,18.9,18.282367708019624,-0.31763229198037896,0.6176322919803745,0.6176322919803745
2025-05-24 17:00:00,18.9,18.1,18.22367724161961,-0.6763227583803905,-0.1236772416196068,0.1236772416196068
2025-05-24 18:00:00,18.1,17.0,16.953353566360096,-1.1466464336399036,0.046646433639903506,0.046646433639903506
2025-05-24 19:00:00,17.0,16.1,15.911548559626352,-1.0884514403736472,0.18845144037364925,0.18845144037364925
2025-05-24 20:00:00,16.1,15.7,15.247457443051013,-0.852542556948988,0.4525425569489858,0.4525425569489858
2025-05-24 21:00:00,15.7,15.5,15.232091021747529,-0.46790897825246974,0.2679089782524713,0.2679089782524713
2025-05-24 22:00:00,15.5,15.0,15.133738242876063,-0.3662617571239367,-0.1337382428760634,0.1337382428760634
2025-05-24 23:00:00,15.0,14.2,14.546923948362311,-0.4530760516376882,-0.34692394836231166,0.34692394836231166
2025-05-25 00:00:00,14.2,13.6,13.657751755795656,-0.5422482442043423,-0.057751755795656834,0.057751755795656834
2025-05-25 01:00:00,13.6,12.9,13.154506698517926,-0.4454933014820735,-0.2545066985179254,0.2545066985179254
2025-05-25 02:00:00,12.9,12.5,12.389223474707345,-0.5107765252926562,0.11077652529265514,0.11077652529265514
2025-05-25 03:00:00,12.5,12.1,12.111685320582792,-0.388314679417208,-0.011685320582792258,0.011685320582792258
2025-05-25 04:00:00,12.1,11.8,11.735303794106525,-0.36469620589347546,0.06469620589347613,0.06469620589347613
2025-05-25 05:00:00,11.8,11.8,11.538494348068976,-0.2615056519310247,0.2615056519310244,0.2615056519310244
2025-05-25 06:00:00,11.8,12.5,12.637424125202898,0.8374241252028969,-0.13742412520289804,0.13742412520289804
2025-05-25 07:00:00,12.5,14.6,14.15472489971403,1.6547248997140294,0.4452751002859703,0.4452751002859703
2025-05-25 08:00:00,14.6,16.8,16.764099604421528,2.164099604421529,0.03590039557847291,0.03590039557847291
2025-05-25 09:00:00,16.8,18.3,18.80085998482012,2.000859984820122,-0.5008599848201207,0.5008599848201207
2025-05-25 10:00:00,18.3,19.9,19.75288908040405,1.45288908040405,0.14711091959594924,0.14711091959594924
2025-05-25 11:00:00,19.9,21.0,21.186056804502535,1.286056804502537,-0.1860568045025346,0.1860568045025346
2025-05-25 12:00:00,21.0,21.9,21.973106436949465,0.9731064369494632,-0.07310643694946606,0.07310643694946606
2025-05-25 13:00:00,21.9,22.3,22.393433503832668,0.49343350383267115,-0.09343350383266724,0.09343350383266724
2025-05-25 14:00:00,22.3,22.3,22.624430465537575,0.32443046553757554,-0.32443046553757426,0.32443046553757426
2025-05-25 15:00:00,22.3,22.2,22.129449885679147,-0.1705501143208551,0.07055011432085223,0.07055011432085223
2025-05-25 16:00:00,22.2,22.3,21.635335951550623,-0.5646640484493781,0.664664048449378,0.664664048449378
2025-05-25 17:00:00,22.3,22.0,21.290842515046133,-1.009157484953867,0.7091574849538667,0.7091574849538667
2025-05-25 18:00:00,22.0,20.6,20.88583970144838,-1.11416029855162,-0.2858397014483778,0.2858397014483778
2025-05-25 19:00:00,20.6,18.8,19.22271924186245,-1.3772807581375532,-0.422719241862449,0.422719241862449
2025-05-25 20:00:00,18.8,17.5,17.6458436627314,-1.1541563372686003,-0.14584366273140148,0.14584366273140148
2025-05-25 21:00:00,17.5,16.6,16.655281304168703,-0.8447186958312977,-0.055281304168701695,0.055281304168701695
2025-05-25 22:00:00,16.6,16.0,15.869482742608062,-0.7305172573919388,0.1305172573919382,0.1305172573919382
2025-05-25 23:00:00,16.0,15.4,15.447212656154509,-0.5527873438454903,-0.04721265615450854,0.04721265615450854
2025-05-26 00:00:00,15.4,14.8,14.866318104306796,-0.5336818956932045,-0.06631810430679508,0.06631810430679508
2025-05-26 01:00:00,14.8,14.4,14.335551070819344,-0.4644489291806563,0.06444892918065648,0.06444892918065648
2025-05-26 02:00:00,14.4,14.0,13.995523416489146,-0.4044765835108543,0.004476583510854226,0.004476583510854226
2025-05-26 03:00:00,14.0,13.6,13.633816104505971,-0.36618389549402797,-0.03381610450597172,0.03381610450597172
2025-05-26 04:00:00,13.6,13.5,13.282742903916327,-0.3172570960836728,0.2172570960836726,0.2172570960836726
2025-05-26 05:00:00,13.5,13.1,13.297403306084252,-0.20259669391574717,-0.1974033060842526,0.1974033060842526
2025-05-26 06:00:00,13.1,14.1,13.803141317350745,0.703141317350746,0.29685868264925475,0.29685868264925475
2025-05-26 07:00:00,14.1,16.6,16.261097021786284,2.161097021786284,0.3389029782137172,0.3389029782137172
2025-05-26 08:00:00,16.6,18.8,18.733449644246587,2.133449644246586,0.06655035575341373,0.06655035575341373
2025-05-26 09:00:00,18.8,20.5,20.795221297930897,1.9952212979308976,-0.29522129793089746,0.29522129793089746
2025-05-26 10:00:00,20.5,21.7,22.229321313630287,1.7293213136302876,-0.5293213136302874,0.5293213136302874
2025-05-26 11:00:00,21.7,23.5,23.105437975704927,1.4054379757049285,0.39456202429507314,0.39456202429507314
2025-05-26 12:00:00,23.5,24.6,24.77990998494093,1.27990998494093,-0.17990998494092736,0.17990998494092736
2025-05-26 13:00:00,24.6,25.5,25.24487736937856,0.644877369378559,0.2551226306214396,0.2551226306214396
2025-05-26 14:00:00,25.5,26.0,25.853878426604386,0.35387842660438634,0.1461215733956145,0.1461215733956145
2025-05-26 15:00:00,26.0,25.6,25.962398960113216,-0.0376010398867855,-0.3623989601132145,0.3623989601132145
2025-05-26 16:00:00,25.6,25.4,24.896282975476858,-0.7037170245231451,0.5037170245231408,0.5037170245231408
2025-05-26 17:00:00,25.4,24.5,24.22931364520849,-1.1706863547915085,0.27068635479151126,0.27068635479151126
2025-05-26 18:00:00,24.5,22.8,23.028482017746015,-1.4715179822539837,-0.22848201774601407,0.22848201774601407
2025-05-26 19:00:00,22.8,21.0,21.20862741855414,-1.5913725814458588,-0.20862741855414058,0.20862741855414058
2025-05-26 20:00:00,21.0,20.1,19.89257542198411,-1.1074245780158904,0.20742457801589254,0.20742457801589254
2025-05-26 21:00:00,20.1,19.4,19.322321718821946,-0.7776782811780559,0.07767828117805209,0.07767828117805209
2025-05-26 22:00:00,19.4,18.2,18.787371633025383,-0.6126283669746136,-0.5873716330253842,0.5873716330253842
2025-05-26 23:00:00,18.2,17.7,17.539660344932756,-0.6603396550672428,0.16033965506724357,0.16033965506724357
2025-05-27 00:00:00,17.7,17.3,17.175375544324478,-0.524624455675521,0.12462445567552294,0.12462445567552294
2025-05-27 01:00:00,17.3,16.5,16.831728372457892,-0.46827162754210755,-0.3317283724578921,0.3317283724578921
2025-05-27 02:00:00,16.5,15.8,15.975383241176232,-0.5246167588237691,-0.17538324117623105,0.17538324117623105
2025-05-27 03:00:00,15.8,15.2,15.333947723559069,-0.4660522764409319,-0.1339477235590696,0.1339477235590696
2025-05-27 04:00:00,15.2,14.8,14.826778709090178,-0.37322129090982226,-0.02677870909017699,0.02677870909017699
2025-05-27 05:00:00,14.8,14.8,14.40977899549778,-0.3902210045022212,0.3902210045022212,0.3902210045022212
2025-05-27 06:00:00,14.8,15.7,15.570649368839426,0.7706493688394261,0.12935063116057322,0.12935063116057322
2025-05-27 07:00:00,15.7,18.1,17.78804185656864,2.0880418565686405,0.31195814343136163,0.31195814343136163
2025-05-27 08:00:00,18.1,20.1,20.254127633422954,2.1541276334229535,-0.15412763342295221,0.15412763342295221
2025-05-27 09:00:00,20.1,21.7,21.75581197134129,1.655811971341289,-0.05581197134129212,0.05581197134129212
2025-05-27 10:00:00,21.7,23.2,23.093214844754716,1.3932148447547164,0.10678515524528365,0.10678515524528365
2025-05-27 11:00:00,23.2,24.5,24.566486742853268,1.3664867428532688,-0.06648674285326805,0.06648674285326805
2025-05-27 12:00:00,24.5,25.6,25.553037023905716,1.0530370239057174,0.046962976094285125,0.046962976094285125
2025-05-27 13:00:00,25.6,26.2,26.207298789688807,0.6072987896888067,-0.007298789688807261,0.007298789688807261
2025-05-27 14:00:00,26.2,26.9,26.54219072648007,0.34219072648006915,0.35780927351992986,0.35780927351992986
2025-05-27 15:00:00,26.9,26.5,26.81131122260075,-0.08868877739924723,-0.31131122260075017,0.31131122260075017
2025-05-27 16:00:00,26.5,25.7,25.80448995793398,-0.695510042066019,-0.10448995793398197,0.10448995793398197
2025-05-27 17:00:00,25.7,24.9,24.354619595702022,-1.3453804042979782,0.5453804042979762,0.5453804042979762
2025-05-27 18:00:00,24.9,23.0,23.399787059032803,-1.5002129409671956,-0.3997870590328034,0.3997870590328034
2025-05-27 19:00:00,23.0,21.2,21.474710161599905,-1.5252898384000957,-0.2747101615999057,0.2747101615999057
2025-05-27 20:00:00,21.2,20.7,20.10054859506661,-1.0994514049333899,0.5994514049333901,0.5994514049333901
2025-05-27 21:00:00,20.7,20.1,20.16975486671162,-0.5302451332883793,-0.06975486671161946,0.06975486671161946
2025-05-27 22:00:00,20.1,19.4,19.53912791806666,-0.5608720819333393,-0.13912791806666291,0.13912791806666291
2025-05-27 23:00:00,19.4,18.8,18.835480140476264,-0.5645198595237334,-0.035480140476263244,0.035480140476263244
2025-05-28 00:00:00,18.8,18.0,18.34296534165576,-0.457034658344243,-0.3429653416557592,0.3429653416557592
2025-05-28 01:00:00,18.0,17.6,17.453389522618373,-0.5466104773816282,0.14661047738162836,0.14661047738162836
2025-05-28 02:00:00,17.6,17.1,17.200654125720376,-0.399345874279625,-0.10065412572037502,0.10065412572037502
2025-05-28 03:00:00,17.1,16.7,16.703057365887005,-0.3969426341129978,-0.0030573658870061138,0.0030573658870061138
2025-05-28 04:00:00,16.7,16.5,16.368749886613205,-0.3312501133867947,0.1312501133867947,0.1312501133867947
2025-05-28 05:00:00,16.5,16.3,16.22002078268172,-0.2799792173182806,0.07997921731828228,0.07997921731828228
2025-05-28 06:00:00,16.3,17.3,17.029594984503568,0.7295949845035677,0.2704050154964328,0.2704050154964328
2025-05-28 07:00:00,17.3,18.1,19.19074919779913,1.8907491977991289,-1.090749197799127,1.090749197799127
2025-05-28 08:00:00,18.1,19.6,19.3012165096503,1.2012165096502967,0.2987834903497024,0.2987834903497024
2025-05-28 09:00:00,19.6,20.4,21.270576716921557,1.6705767169215548,-0.8705767169215584,0.8705767169215584
2025-05-28 10:00:00,20.4,22.8,21.597428049745286,1.1974280497452867,1.2025719502547147,1.2025719502547147
2025-05-28 11:00:00,22.8,24.4,24.202834636355302,1.4028346363553028,0.1971653636446966,0.1971653636446966
2025-05-28 12:00:00,24.4,25.3,25.63037098193554,1.23037098193554,-0.3303709819355376,0.3303709819355376
2025-05-28 13:00:00,25.3,26.0,26.070731655644373,0.7707316556443711,-0.07073165564437289,0.07073165564437289
2025-05-28 14:00:00,26.0,26.6,26.37309686371624,0.3730968637162369,0.22690313628376302,0.22690313628376302
2025-05-28 15:00:00,26.6,26.8,26.358598106698373,-0.24140189330162706,0.44140189330162727,0.44140189330162727
2025-05-28 16:00:00,26.8,24.5,26.094121150883982,-0.7058788491160198,-1.594121150883982,1.594121150883982
2025-05-28 17:00:00,24.5,23.5,23.11198765573968,-1.388012344260323,0.3880123442603214,0.3880123442603214
2025-05-28 18:00:00,23.5,22.0,22.19867246107079,-1.3013275389292103,-0.19867246107078884,0.19867246107078884
2025-05-28 19:00:00,22.0,21.1,20.761566554339744,-1.2384334456602555,0.33843344566025735,0.33843344566025735
2025-05-28 20:00:00,21.1,20.4,20.354535719655473,-0.7454642803445295,0.04546428034452532,0.04546428034452532
2025-05-28 21:00:00,20.4,19.7,19.78067486732699,-0.6193251326730093,-0.0806748673269908,0.0806748673269908
2025-05-28 22:00:00,19.7,19.0,19.129215127111202,-0.5707848728887974,-0.12921512711120187,0.12921512711120187
2025-05-28 23:00:00,19.0,18.5,18.42096063596206,-0.5790393640379381,0.07903936403793921,0.07903936403793921
2025-05-29 00:00:00,18.5,17.6,18.060823426474126,-0.43917657352587464,-0.4608234264741249,0.4608234264741249
2025-05-29 01:00:00,17.6,17.0,17.00958108615894,-0.5904189138410645,-0.00958108615893849,0.00958108615893849
2025-05-29 02:00:00,17.0,16.6,16.5576453895314,-0.44235461046859753,0.042354610468599674,0.042354610468599674
2025-05-29 03:00:00,16.6,16.0,16.205400497260403,-0.3945995027395993,-0.20540049726040266,0.20540049726040266
2025-05-29 04:00:00,16.0,15.5,15.664931055399066,-0.3350689446009338,-0.16493105539906594,0.16493105539906594
2025-05-29 05:00:00,15.5,15.4,15.160653821391042,-0.339346178608957,0.23934617860895813,0.23934617860895813
2025-05-29 06:00:00,15.4,16.5,16.15199502978878,0.7519950297887774,0.3480049702112211,0.3480049702112211
2025-05-29 07:00:00,16.5,18.5,18.62221164354535,2.1222116435453504,-0.12221164354534864,0.12221164354534864
2025-05-29 08:00:00,18.5,20.8,20.47512439070312,1.9751243907031177,0.32487560929688186,0.32487560929688186
2025-05-29 09:00:00,20.8,22.0,22.441778009823395,1.641778009823395,-0.44177800982339477,0.44177800982339477
2025-05-29 10:00:00,22.0,24.0,23.509222741568284,1.5092227415682837,0.4907772584317165,0.4907772584317165
2025-05-29 11:00:00,24.0,24.8,25.61298273658333,1.6129827365833311,-0.8129827365833293,0.8129827365833293
2025-05-29 12:00:00,24.8,25.5,25.795592832013334,0.9955928320133345,-0.29559283201333386,0.29559283201333386
2025-05-29 13:00:00,25.5,26.3,26.045445514718708,0.545445514718708,0.2545544852812931,0.2545544852812931
2025-05-29 14:00:00,26.3,25.8,26.57998154340584,0.27998154340583975,-0.7799815434058388,0.7799815434058388
2025-05-29 15:00:00,25.8,27.2,25.68437903798848,-0.11562096201151909,1.5156209620115177,1.5156209620115177
2025-05-29 16:00:00,27.2,26.2,27.10091547917323,-0.09908452082676918,-0.9009154791732321,0.9009154791732321
2025-05-29 17:00:00,26.2,25.2,24.894813158783318,-1.3051868412166798,0.30518684121668116,0.30518684121668116
2025-05-29 18:00:00,25.2,23.8,23.82065209020729,-1.3793479097927108,-0.020652090207288865,0.020652090207288865
2025-05-29 19:00:00,23.8,22.5,22.51441248922065,-1.2855875107793513,-0.01441248922064986,0.01441248922064986
2025-05-29 20:00:00,22.5,21.6,21.697065105095017,-0.8029348949049838,-0.09706510509501598,0.09706510509501598
2025-05-29 21:00:00,21.6,20.9,20.847749752200905,-0.7522502477990952,0.05225024779909404,0.05225024779909404
2025-05-29 22:00:00,20.9,20.1,20.252667344530785,-0.6473326554692118,-0.15266734453078357,0.15266734453078357
2025-05-29 23:00:00,20.1,19.3,19.46194817975288,-0.6380518202471209,-0.1619481797528799,0.1619481797528799
2025-05-30 00:00:00,19.3,18.7,18.781788307171453,-0.5182116928285471,-0.08178830717145402,0.08178830717145402
2025-05-30 01:00:00,18.7,18.0,18.220447759331822,-0.47955224066817786,-0.22044775933182237,0.22044775933182237
2025-05-30 02:00:00,18.0,17.6,17.514497244382362,-0.48550275561763884,0.08550275561763954,0.08550275561763954
2025-05-30 03:00:00,17.6,17.4,17.18846107069287,-0.4115389293071318,0.21153892930712814,0.21153892930712814
2025-05-30 04:00:00,17.4,17.2,17.125747944838736,-0.2742520551612619,0.07425205516126354,0.07425205516126354
2025-05-30 05:00:00,17.2,16.8,16.929729360533322,-0.2702706394666758,-0.12972936053332162,0.12972936053332162
2025-05-30 06:00:00,16.8,17.2,17.526643074048156,0.7266430740481551,-0.32664307404815673,0.32664307404815673
2025-05-30 07:00:00,17.2,19.4,18.876977097087256,1.6769770970872555,0.5230229029127429,0.5230229029127429
2025-05-30 08:00:00,19.4,21.0,21.447468438252493,2.047468438252494,-0.4474684382524927,0.4474684382524927
2025-05-30 09:00:00,21.0,22.4,22.60366519952506,1.6036651995250606,-0.20366519952506223,0.20366519952506223
2025-05-30 10:00:00,22.4,24.0,23.81810198061879,1.4181019806187887,0.18189801938121164,0.18189801938121164
2025-05-30 11:00:00,24.0,25.3,25.18724935552783,1.1872493555278274,0.11275064447217176,0.11275064447217176
2025-05-30 12:00:00,25.3,26.5,26.231294339422618,0.9312943394226164,0.2687056605773819,0.2687056605773819
2025-05-30 13:00:00,26.5,27.0,27.13407537441364,0.6340753744136394,-0.1340753744136407,0.1340753744136407
2025-05-30 14:00:00,27.0,27.4,27.454575487596934,0.45457548759693356,-0.05457548759693509,0.05457548759693509
2025-05-30 15:00:00,27.4,27.7,27.26110154485846,-0.13889845514154048,0.43889845514154047,0.43889845514154047
2025-05-30 16:00:00,27.7,27.9,27.02084740783496,-0.6791525921650375,0.8791525921650383,0.8791525921650383
2025-05-30 17:00:00,27.9,27.4,26.838771040523138,-1.0612289594768591,0.5612289594768605,0.5612289594768605
2025-05-30 18:00:00,27.4,25.2,26.144488159959977,-1.255511840040021,-0.9444881599599775,0.9444881599599775
2025-05-30 19:00:00,25.2,23.6,23.480694961016617,-1.7193050389833828,0.11930503898338429,0.11930503898338429
2025-05-30 20:00:00,23.6,22.4,22.539733318260726,-1.0602666817392739,-0.13973331826072766,0.13973331826072766
2025-05-30 21:00:00,22.4,21.3,21.593806043733295,-0.8061939562667052,-0.29380604373329433,0.29380604373329433
2025-05-30 22:00:00,21.3,20.6,20.53975902455807,-0.7602409754419317,0.060240975441931965,0.060240975441931965
2025-05-30 23:00:00,20.6,19.7,19.984896591956353,-0.6151034080436493,-0.284896591956354,0.284896591956354
2025-05-31 00:00:00,19.7,19.1,19.120863229707048,-0.5791367702929503,-0.02086322970704657,0.02086322970704657
2025-05-31 01:00:00,19.1,18.3,18.597095571500354,-0.502904428499649,-0.2970955715003534,0.2970955715003534
2025-05-31 02:00:00,18.3,17.6,17.752750499514566,-0.5472495004854349,-0.1527504995145641,0.1527504995145641
2025-05-31 03:00:00,17.6,17.1,17.084515488699115,-0.515484511300887,0.015484511300886794,0.015484511300886794
2025-05-31 04:00:00,17.1,16.7,16.716817559563154,-0.3831824404368484,-0.01681755956315456,0.01681755956315456
2025-05-31 05:00:00,16.7,16.6,16.338668379280794,-0.36133162071920505,0.2613316207192078,0.2613316207192078
2025-05-31 06:00:00,16.6,17.5,17.350764377587815,0.750764377587813,0.1492356224121849,0.1492356224121849
2025-05-31 07:00:00,17.5,19.4,19.51150334321826,2.0115033432182603,-0.11150334321825994,0.11150334321825994
2025-05-31 08:00:00,19.4,21.4,21.137113247319128,1.7371132473191297,0.2628867526808705,0.2628867526808705
2025-05-31 09:00:00,21.4,23.4,23.134912585147543,1.734912585147545,0.2650874148524558,0.2650874148524558
2025-05-31 10:00:00,23.4,24.3,24.87384415911443,1.4738441591144325,-0.5738441591144294,0.5738441591144294
2025-05-31 11:00:00,24.3,25.0,25.59305763160987,1.2930576316098705,-0.5930576316098701,0.5930576316098701
2025-05-31 12:00:00,25.0,26.4,25.911500715115547,0.911500715115547,0.48849928488445116,0.48849928488445116
2025-05-31 13:00:00,26.4,26.3,26.98493522131389,0.584935221313891,-0.6849352213138893,0.6849352213138893
2025-05-31 14:00:00,26.3,26.4,26.466644395647084,0.1666443956470841,-0.06664439564708502,0.06664439564708502
2025-05-31 15:00:00,26.4,26.7,26.303689151555037,-0.09631084844496143,0.396310848444962,0.396310848444962
2025-05-31 16:00:00,26.7,25.6,26.240403808819522,-0.4595961911804789,-0.6404038088195207,0.6404038088195207
2025-05-31 17:00:00,25.6,24.2,24.428752672841547,-1.171247327158454,-0.22875267284154788,0.22875267284154788
2025-05-31 18:00:00,24.2,22.7,22.853927687277654,-1.346072312722345,-0.1539276872776547,0.1539276872776547
2025-05-31 19:00:00,22.7,21.4,21.396812268631017,-1.3031877313689837,0.003187731368981872,0.003187731368981872
2025-05-31 20:00:00,21.4,20.7,20.59344489331326,-0.8065551066867378,0.10655510668673784,0.10655510668673784
2025-05-31 21:00:00,20.7,20.6,20.11862446576715,-0.5813755342328484,0.48137553423284984,0.48137553423284984
2025-05-31 22:00:00,20.6,20.3,20.14870842650787,-0.45129157349213106,0.15129157349213074,0.15129157349213074
2025-05-31 23:00:00,20.3,19.8,19.958028034609182,-0.341971965390818,-0.15802803460918113,0.15802803460918113
2025-06-01 00:00:00,19.8,19.2,19.38618912700106,-0.413810872998939,-0.18618912700106094,0.18618912700106094
2025-06-01 01:00:00,19.2,18.8,18.77139491809301,-0.4286050819069903,0.02860508190699207,0.02860508190699207
2025-06-01 02:00:00,18.8,18.1,18.392295936232742,-0.4077040637672603,-0.2922959362327404,0.2922959362327404
2025-06-01 03:00:00,18.1,17.7,17.606423007783203,-0.49357699221679796,0.09357699221679638,0.09357699221679638
2025-06-01 04:00:00,17.7,17.4,17.366906545776484,-0.3330934542235154,0.03309345422351484,0.03309345422351484
2025-06-01 05:00:00,17.4,17.1,17.135492364883547,-0.2645076351164524,-0.035492364883545235,0.035492364883545235
2025-06-01 06:00:00,17.1,18.0,17.873595332352327,0.7735953323523271,0.1264046676476731,0.1264046676476731
2025-06-01 07:00:00,18.0,20.2,20.035730266794875,2.0357302667948742,0.16426973320512417,0.16426973320512417
2025-06-01 08:00:00,20.2,22.1,22.35011988936989,2.1501198893698894,-0.2501198893698877,0.2501198893698877
2025-06-01 09:00:00,22.1,23.5,23.73429519377843,1.6342951937784285,-0.23429519377842922,0.23429519377842922
2025-06-01 10:00:00,23.5,25.3,24.818928571510398,1.3189285715103964,0.48107142848960294,0.48107142848960294
2025-06-01 11:00:00,25.3,26.9,26.490903111754502,1.1909031117545001,0.4090968882454966,0.4090968882454966
2025-06-01 12:00:00,26.9,27.6,27.890695659363935,0.990695659363936,-0.2906956593639336,0.2906956593639336
2025-06-01 13:00:00,27.6,28.6,28.22797206513701,0.6279720651370087,0.37202793486299157,0.37202793486299157
2025-06-01 14:00:00,28.6,29.1,28.975046405916736,0.37504640591673577,0.12495359408326578,0.12495359408326578
2025-06-01 15:00:00,29.1,28.2,28.93981911144588,-0.16018088855412493,-0.739819111445879,0.739819111445879
2025-06-01 16:00:00,28.2,26.6,27.474645306605435,-0.7253546933945655,-0.8746453066054336,0.8746453066054336
2025-06-01 17:00:00,26.6,25.3,25.257352162702993,-1.3426478372970077,0.042647837297007385,0.042647837297007385
2025-06-01 18:00:00,25.3,24.0,23.869823623385685,-1.4301763766143154,0.13017637661431536,0.13017637661431536
2025-06-01 19:00:00,24.0,22.7,22.71295674178112,-1.2870432582188807,-0.01295674178112094,0.01295674178112094
2025-06-01 20:00:00,22.7,22.2,21.865538716116465,-0.8344612838835348,0.3344612838835346,0.3344612838835346
2025-06-01 21:00:00,22.2,21.4,21.718801452766474,-0.48119854723352495,-0.31880145276647553,0.31880145276647553
2025-06-01 22:00:00,21.4,20.9,20.775976116962696,-0.624023883037303,0.12402388303730305,0.12402388303730305
2025-06-01 23:00:00,20.9,20.3,20.41920629192604,-0.4807937080739586,-0.11920629192604082,0.11920629192604082
2025-06-02 00:00:00,20.3,20.0,19.850882391588136,-0.44911760841186266,0.1491176084118635,0.1491176084118635
2025-06-02 01:00:00,20.0,19.6,19.6971604332241,-0.30283956677589974,-0.09716043322409718,0.09716043322409718
2025-06-02 02:00:00,19.6,19.6,19.234531719389466,-0.36546828061053716,0.3654682806105356,0.3654682806105356
2025-06-02 03:00:00,19.6,19.6,19.427779764664173,-0.172220235335829,0.17222023533582842,0.17222023533582842
2025-06-02 04:00:00,19.6,19.3,19.49849180437263,-0.10150819562737085,-0.1984918043726296,0.1984918043726296
2025-06-02 05:00:00,19.3,19.3,19.09200902535762,-0.20799097464238153,0.2079909746423816,0.2079909746423816
2025-06-02 06:00:00,19.3,19.5,19.54240474415656,0.24240474415655866,-0.042404744156559815,0.042404744156559815
2025-06-02 07:00:00,19.5,19.9,20.22315307240021,0.7231530724002077,-0.32315307240020985,0.32315307240020985
2025-06-02 08:00:00,19.9,20.5,20.7925887598928,0.8925887598928024,-0.2925887598928014,0.2925887598928014
2025-06-02 09:00:00,20.5,21.2,21.320781354550412,0.8207813545504126,-0.12078135455041306,0.12078135455041306
2025-06-02 10:00:00,21.2,21.1,22.187974121624052,0.9879741216240528,-1.0879741216240504,1.0879741216240504
2025-06-02 11:00:00,21.1,21.4,21.26885035017266,0.16885035017265662,0.13114964982733923,0.13114964982733923
2025-06-02 12:00:00,21.4,22.1,21.687165234724635,0.287165234724636,0.4128347652753668,0.4128347652753668
2025-06-02 13:00:00,22.1,22.3,22.51025828624069,0.41025828624068567,-0.21025828624068765,0.21025828624068765
2025-06-02 14:00:00,22.3,22.9,22.484014139967037,0.18401413996703742,0.41598586003296134,0.41598586003296134
2025-06-02 15:00:00,22.9,23.0,22.95825908836176,0.05825908836176101,0.04174091163823945,0.04174091163823945
2025-06-02 16:00:00,23.0,23.0,22.59788376217505,-0.4021162378249468,0.40211623782494854,0.40211623782494854
2025-06-02 17:00:00,23.0,22.6,22.337343302338226,-0.662656697661773,0.26265669766177524,0.26265669766177524
2025-06-02 18:00:00,22.6,22.0,21.875841551310394,-0.7241584486896055,0.1241584486896059,0.1241584486896059
2025-06-02 19:00:00,22.0,21.4,21.37665648210166,-0.6233435178983414,0.023343517898339883,0.023343517898339883
2025-06-02 20:00:00,21.4,21.1,20.920539873620932,-0.47946012637906776,0.1794601263790696,0.1794601263790696
2025-06-02 21:00:00,21.1,20.8,20.676079065228706,-0.42392093477129505,0.12392093477129507,0.12392093477129507
2025-06-02 22:00:00,20.8,20.5,20.473711123124573,-0.3262888768754268,0.02628887687542658,0.02628887687542658
2025-06-02 23:00:00,20.5,20.2,20.180641013239484,-0.3193589867605145,0.019358986760515506,0.019358986760515506
2025-06-03 00:00:00,20.2,20.1,19.9119323383797,-0.28806766162029834,0.18806766162030186,0.18806766162030186
2025-06-03 01:00:00,20.1,19.9,19.9232093610555,-0.17679063894450361,-0.023209361055499755,0.023209361055499755
2025-06-03 02:00:00,19.9,19.7,19.656542715631268,-0.24345728436873132,0.04345728436873131,0.04345728436873131
2025-06-03 03:00:00,19.7,19.3,19.46007358686182,-0.23992641313817806,-0.16007358686182016,0.16007358686182016
2025-06-03 04:00:00,19.3,18.6,18.973852461752113,-0.32614753824788745,-0.3738524617521115,0.3738524617521115
2025-06-03 05:00:00,18.6,18.0,18.38842180522689,-0.21157819477310955,-0.3884218052268906,0.3884218052268906
2025-06-03 06:00:00,18.0,18.6,18.257524776393197,0.25752477639319743,0.3424752236068045,0.3424752236068045
2025-06-03 07:00:00,18.6,20.0,20.285869016093265,1.6858690160932637,-0.2858690160932653,0.2858690160932653
2025-06-03 08:00:00,20.0,21.4,21.37765254332367,1.3776525433236713,0.022347456676328648,0.022347456676328648
2025-06-03 09:00:00,21.4,23.0,22.75636310453911,1.3563631045391094,0.24363689546089162,0.24363689546089162
2025-06-03 10:00:00,23.0,24.2,24.201914846816276,1.2019148468162768,-0.0019148468162768495,0.0019148468162768495
2025-06-03 11:00:00,24.2,24.7,25.117453803189616,0.9174538031896156,-0.4174538031896162,0.4174538031896162
2025-06-03 12:00:00,24.7,24.4,25.546276678021314,0.8462766780213152,-1.1462766780213158,1.1462766780213158
2025-06-03 13:00:00,24.4,23.7,24.244307007538232,-0.15569299246176774,-0.544307007538233,0.544307007538233
2025-06-03 14:00:00,23.7,23.7,22.96462420561569,-0.7353757943843113,0.7353757943843107,0.7353757943843107
2025-06-03 15:00:00,23.7,23.3,23.490959784863673,-0.20904021513632762,-0.19095978486367216,0.19095978486367216
2025-06-03 16:00:00,23.3,23.5,22.637995075936683,-0.662004924063318,0.8620049240633172,0.8620049240633172
2025-06-03 17:00:00,23.5,23.3,22.696776359508867,-0.8032236404911334,0.6032236404911338,0.6032236404911338
2025-06-03 18:00:00,23.3,22.1,22.225920095333382,-1.0740799046666183,-0.125920095333381,0.125920095333381
2025-06-03 19:00:00,22.1,20.4,20.774146341783187,-1.3258536582168163,-0.37414634178318806,0.37414634178318806
2025-06-03 20:00:00,20.4,19.2,19.211992330644808,-1.1880076693551906,-0.011992330644808646,0.011992330644808646
2025-06-03 21:00:00,19.2,18.3,18.327025687080678,-0.8729743129193224,-0.027025687080676875,0.027025687080676875
2025-06-03 22:00:00,18.3,17.5,17.462204989750173,-0.8377950102498262,0.03779501024982679,0.03779501024982679
2025-06-03 23:00:00,17.5,17.0,16.86981829907316,-0.6301817009268422,0.13018170092684045,0.13018170092684045
2025-06-04 00:00:00,17.0,16.8,16.51317338901672,-0.4868266109832772,0.28682661098327955,0.28682661098327955
2025-06-04 01:00:00,16.8,16.3,16.34682929258196,-0.45317070741804394,-0.04682929258195756,0.04682929258195756
2025-06-04 02:00:00,16.3,16.0,15.873791270325667,-0.42620872967433365,0.1262087296743335,0.1262087296743335
2025-06-04 03:00:00,16.0,15.7,15.632241960228416,-0.3677580397715836,0.0677580397715829,0.0677580397715829
2025-06-04 04:00:00,15.7,15.3,15.433439888979608,-0.2665601110203916,-0.13343988897960735,0.13343988897960735
2025-06-04 05:00:00,15.3,15.5,15.035884707853082,-0.2641152921469189,0.4641152921469178,0.4641152921469178
2025-06-04 06:00:00,15.5,16.4,16.13143413851006,0.6314341385100584,0.26856586148993955,0.26856586148993955
2025-06-04 07:00:00,16.4,18.6,18.146766292027674,1.7467662920276743,0.453233707972327,0.453233707972327
2025-06-04 08:00:00,18.6,20.3,20.471421155504338,1.8714211555043356,-0.171421155504337,0.171421155504337
2025-06-04 09:00:00,20.3,22.3,21.809327462133314,1.509327462133314,0.4906725378666863,0.4906725378666863
2025-06-04 10:00:00,22.3,23.5,23.524270286953257,1.2242702869532551,-0.02427028695325717,0.02427028695325717
2025-06-04 11:00:00,23.5,24.8,24.48955785922995,0.9895578592299524,0.31044214077004995,0.31044214077004995
2025-06-04 12:00:00,24.8,24.9,25.54424523068751,0.744245230687508,-0.6442452306875097,0.6442452306875097
2025-06-04 13:00:00,24.9,24.8,24.998451056026994,0.09845105602699375,-0.1984510560269932,0.1984510560269932
2025-06-04 14:00:00,24.8,24.9,24.74883482989963,-0.05116517010037091,0.15116517010037,0.15116517010037
2025-06-04 15:00:00,24.9,24.3,24.59424707014011,-0.30575292985988983,-0.2942470701401092,0.2942470701401092
2025-06-04 16:00:00,24.3,23.3,23.555236033993797,-0.744763966006205,-0.25523603399379624,0.25523603399379624
2025-06-04 17:00:00,23.3,23.1,21.962395703736405,-1.3376042962635968,1.1376042962635964,1.1376042962635964
2025-06-04 18:00:00,23.1,22.3,21.940292320552494,-1.1597076794475067,0.3597076794475065,0.3597076794475065
2025-06-04 19:00:00,22.3,21.2,20.922779558388065,-1.3772204416119367,0.2772204416119344,0.2772204416119344
2025-06-04 20:00:00,21.2,20.4,20.341797162877647,-0.858202837122353,0.058202837122351525,0.058202837122351525
2025-06-04 21:00:00,20.4,19.8,19.75937506229258,-0.6406249377074184,0.04062493770742037,0.04062493770742037
2025-06-04 22:00:00,19.8,19.2,19.268475478926526,-0.5315245210734755,-0.06847547892652628,0.06847547892652628
2025-06-04 23:00:00,19.2,18.6,18.686725620430046,-0.5132743795699523,-0.08672562043004461,0.08672562043004461
2025-06-05 00:00:00,18.6,17.9,18.117549615265197,-0.48245038473480506,-0.21754961526519878,0.21754961526519878
2025-06-05 01:00:00,17.9,17.4,17.332027299179376,-0.5679727008206211,0.06797270082062212,0.06797270082062212
2025-06-05 02:00:00,17.4,17.0,16.93200933836838,-0.46799066163161895,0.06799066163161882,0.06799066163161882
2025-06-05 03:00:00,17.0,16.4,16.599425273505233,-0.4005747264947658,-0.1994252735052342,0.1994252735052342
2025-06-05 04:00:00,16.4,16.0,16.05573445701308,-0.3442655429869189,-0.055734457013080885,0.055734457013080885
2025-06-05 05:00:00,16.0,15.7,15.70345261193487,-0.29654738806513037,-0.00345261193487012,0.00345261193487012
2025-06-05 06:00:00,15.7,16.6,16.47427286858421,0.7742728685842112,0.12572713141578973,0.12572713141578973
2025-06-05 07:00:00,16.6,19.0,18.769788045091612,2.169788045091612,0.23021195490838764,0.23021195490838764
2025-06-05 08:00:00,19.0,21.2,21.048711902175658,2.0487119021756572,0.1512880978243416,0.1512880978243416
2025-06-05 09:00:00,21.2,23.5,22.781210071095693,1.581210071095693,0.7187899289043074,0.7187899289043074
2025-06-05 10:00:00,23.5,24.8,24.839833888886293,1.3398338888862928,-0.03983388888629236,0.03983388888629236
2025-06-05 11:00:00,24.8,25.6,25.912260441944188,1.1122604419441884,-0.31226044194418634,0.31226044194418634
2025-06-05 12:00:00,25.6,26.4,26.51888950052205,0.9188895005220471,-0.1188895005220516,0.1188895005220516
2025-06-05 13:00:00,26.4,26.6,26.863859726677493,0.46385972667749403,-0.2638597266774916,0.2638597266774916
2025-06-05 14:00:00,26.6,26.4,26.690789972241383,0.09078997224138081,-0.2907899722413845,0.2907899722413845
2025-06-05 15:00:00,26.4,26.6,26.063310684977303,-0.3366893150226967,0.5366893150226986,0.5366893150226986
2025-06-05 16:00:00,26.6,26.8,26.020632564256665,-0.5793674357433362,0.7793674357433353,0.7793674357433353
2025-06-05 17:00:00,26.8,26.1,25.65854277144318,-1.141457228556821,0.44145722855682124,0.44145722855682124
2025-06-05 18:00:00,26.1,25.0,24.636330981014012,-1.4636690189859887,0.3636690189859877,0.3636690189859877
2025-06-05 19:00:00,25.0,23.0,23.459948602125912,-1.5400513978740875,-0.4599486021259125,0.4599486021259125
2025-06-05 20:00:00,23.0,21.6,21.81019199075043,-1.1898080092495706,-0.2101919907504275,0.2101919907504275
2025-06-05 21:00:00,21.6,20.9,20.613723708360137,-0.9862762916398646,0.28627629163986157,0.28627629163986157
2025-06-05 22:00:00,20.9,20.6,20.20844087223364,-0.6915591277663566,0.39155912776636015,0.39155912776636015
2025-06-05 23:00:00,20.6,20.2,20.22280289700776,-0.37719710299224296,-0.022802897007760947,0.022802897007760947
2025-06-06 00:00:00,20.2,19.5,19.756023330194743,-0.4439766698052542,-0.25602333019474344,0.25602333019474344
2025-06-06 01:00:00,19.5,19.3,18.994962590632678,-0.505037409367323,0.3050374093673227,0.3050374093673227
2025-06-06 02:00:00,19.3,18.7,18.985562044946715,-0.31443795505328503,-0.28556204494671533,0.28556204494671533
2025-06-06 03:00:00,18.7,18.4,18.2758466275845,-0.42415337241550066,0.12415337241549906,0.12415337241549906
2025-06-06 04:00:00,18.4,17.9,18.110403745525876,-0.28959625447412457,-0.21040374552587693,0.21040374552587693
2025-06-06 05:00:00,17.9,17.9,17.633881881897572,-0.26611811810242697,0.26611811810242614,0.26611811810242614
2025-06-06 06:00:00,17.9,19.1,18.710800928442268,0.8108009284422699,0.3891990715577336,0.3891990715577336
2025-06-06 07:00:00,19.1,21.1,20.954214196423088,1.8542141964230876,0.1457858035769135,0.1457858035769135
2025-06-06 08:00:00,21.1,23.8,23.017086349669892,1.9170863496698916,0.7829136503301086,0.7829136503301086
2025-06-06 09:00:00,23.8,25.8,25.447540488899186,1.6475404888991843,0.35245951110081464,0.35245951110081464
2025-06-06 10:00:00,25.8,26.9,27.17511806168576,1.37511806168576,-0.27511806168576314,0.27511806168576314
2025-06-06 11:00:00,26.9,28.5,28.063310830077747,1.163310830077749,0.4366891699222535,0.4366891699222535
2025-06-06 12:00:00,28.5,29.2,29.369822675055747,0.8698226750557457,-0.1698226750557481,0.1698226750557481
2025-06-06 13:00:00,29.2,29.7,29.67294668241038,0.4729466824103798,0.02705331758961904,0.02705331758961904
2025-06-06 14:00:00,29.7,29.4,29.867823588553684,0.16782358855368515,-0.467823588553685,0.467823588553685
2025-06-06 15:00:00,29.4,29.0,28.974930886211887,-0.42506911378811074,0.025069113788113384,0.025069113788113384
2025-06-06 16:00:00,29.0,27.8,28.148597856883555,-0.8514021431164464,-0.34859785688355416,0.34859785688355416
2025-06-06 17:00:00,27.8,27.2,26.555349346199236,-1.2446506538007645,0.6446506538007633,0.6446506538007633
2025-06-06 18:00:00,27.2,25.7,25.676822434291477,-1.5231775657085207,0.023177565708522252,0.023177565708522252
2025-06-06 19:00:00,25.7,24.9,24.178777649932687,-1.5212223500673132,0.7212223500673112,0.7212223500673112
2025-06-06 20:00:00,24.9,24.1,24.199093351169612,-0.7009066488303876,-0.0990933511696106,0.0990933511696106
2025-06-06 21:00:00,24.1,23.5,23.437942085669075,-0.6620579143309259,0.062057914330925,0.062057914330925
2025-06-06 22:00:00,23.5,23.0,22.923145323640743,-0.5768546763592576,0.07685467635925747,0.07685467635925747
2025-06-06 23:00:00,23.0,22.8,22.498227632369236,-0.5017723676307627,0.30177236763076465,0.30177236763076465
2025-06-07 00:00:00,22.8,22.6,22.46386748417192,-0.33613251582808074,0.1361325158280806,0.1361325158280806
2025-06-07 01:00:00,22.6,22.2,22.27635491605159,-0.3236450839484103,-0.07635491605159217,0.07635491605159217
2025-06-07 02:00:00,22.2,21.4,21.773943580394693,-0.42605641960530694,-0.37394358039469466,0.37394358039469466
2025-06-07 03:00:00,21.4,20.6,20.94664498060991,-0.4533550193900867,-0.3466449806099092,0.3466449806099092
2025-06-07 04:00:00,20.6,19.9,20.264163405261,-0.3358365947390011,-0.364163405261003,0.364163405261003
2025-06-07 05:00:00,19.9,19.8,19.600148492458587,-0.2998515075414128,0.199851507541414,0.199851507541414
2025-06-07 06:00:00,19.8,20.6,20.579971909771984,0.7799719097719839,0.020028090228016993,0.020028090228016993
2025-06-07 07:00:00,20.6,22.9,22.422384065129304,1.8223840651293013,0.47761593487069476,0.47761593487069476
2025-06-07 08:00:00,22.9,23.7,24.754278252611584,1.854278252611586,-1.054278252611585,1.054278252611585
2025-06-07 09:00:00,23.7,25.3,24.752124387589912,1.0521243875899147,0.5478756124100883,0.5478756124100883
2025-06-07 10:00:00,25.3,24.9,26.587509441251523,1.2875094412515213,-1.6875094412515246,1.6875094412515246
2025-06-07 11:00:00,24.9,25.2,24.931915487112924,0.031915487112926154,0.268084512887075,0.268084512887075
2025-06-07 12:00:00,25.2,26.1,25.464076004116805,0.26407600411680404,0.6359239958831964,0.6359239958831964
2025-06-07 13:00:00,26.1,27.0,26.413875081857622,0.31387508185762064,0.586124918142378,0.586124918142378
2025-06-07 14:00:00,27.0,27.9,27.260269545686278,0.2602695456862786,0.639730454313721,0.639730454313721
2025-06-07 15:00:00,27.9,28.2,27.77637409279513,-0.12362590720486874,0.4236259072048689,0.4236259072048689
2025-06-07 16:00:00,28.2,27.2,27.52303483693104,-0.6769651630689588,-0.32303483693103985,0.32303483693103985
2025-06-07 17:00:00,27.2,25.7,26.131773644905977,-1.0682263550940214,-0.43177364490597725,0.43177364490597725
2025-06-07 18:00:00,25.7,24.7,24.32119419885108,-1.3788058011489168,0.3788058011489177,0.3788058011489177
2025-06-07 19:00:00,24.7,24.0,23.69160111708778,-1.0083988829122184,0.3083988829122184,0.3083988829122184
2025-06-07 20:00:00,24.0,23.5,23.394267182604082,-0.6057328173959181,0.10573281739591778,0.10573281739591778
2025-06-07 21:00:00,23.5,23.0,23.037465816404346,-0.4625341835956531,-0.037465816404345986,0.037465816404345986
2025-06-07 22:00:00,23.0,22.3,22.560217132535126,-0.4397828674648749,-0.260217132535125,0.260217132535125
2025-06-07 23:00:00,22.3,22.2,21.790743420584207,-0.5092565794157944,0.40925657941579274,0.40925657941579274
2025-06-08 00:00:00,22.2,21.6,22.021054209458757,-0.17894579054124182,-0.42105420945875593,0.42105420945875593
2025-06-08 01:00:00,21.6,21.6,21.178166587438376,-0.4218334125616252,0.4218334125616252,0.4218334125616252
2025-06-08 02:00:00,21.6,21.6,21.461494170164563,-0.1385058298354391,0.13850582983543802,0.13850582983543802
2025-06-08 03:00:00,21.6,21.5,21.480794624296465,-0.11920537570353731,0.01920537570353531,0.01920537570353531
2025-06-08 04:00:00,21.5,21.5,21.386067524525437,-0.11393247547456134,0.11393247547456298,0.11393247547456298
2025-06-08 05:00:00,21.5,21.5,21.408508102122173,-0.09149189787782519,0.09149189787782674,0.09149189787782674
2025-06-08 06:00:00,21.5,21.9,21.823589735836897,0.3235897358368962,0.07641026416310126,0.07641026416310126
2025-06-08 07:00:00,21.9,22.7,22.74868393402442,0.8486839340244228,-0.04868393402442095,0.04868393402442095
2025-06-08 08:00:00,22.7,23.5,23.821857340316562,1.1218573403165615,-0.3218573403165621,0.3218573403165621
2025-06-08 09:00:00,23.5,25.8,24.45936383365253,0.9593638336525301,1.340636166347469,1.340636166347469
2025-06-08 10:00:00,25.8,25.8,27.223336516487183,1.4233365164871834,-1.4233365164871827,1.4233365164871827
2025-06-08 11:00:00,25.8,28.5,26.12556923428242,0.32556923428241774,2.3744307657175803,2.3744307657175803
2025-06-08 12:00:00,28.5,29.2,29.322759600462927,0.8227596004629264,-0.12275960046292766,0.12275960046292766
2025-06-08 13:00:00,29.2,30.1,29.754958920854246,0.5549589208542461,0.345041079145755,0.345041079145755
2025-06-08 14:00:00,30.1,29.8,30.482057713428343,0.38205771342834216,-0.6820577134283425,0.6820577134283425
2025-06-08 15:00:00,29.8,29.1,29.428613344854448,-0.3713866551455514,-0.32861334485444615,0.32861334485444615
2025-06-08 16:00:00,29.1,28.6,28.455189233862082,-0.6448107661379175,0.144810766137919,0.144810766137919
2025-06-08 17:00:00,28.6,27.9,27.71510597326968,-0.8848940267303217,0.18489402673031918,0.18489402673031918
2025-06-08 18:00:00,27.9,26.7,26.579814724887484,-1.3201852751125145,0.1201852751125152,0.1201852751125152
2025-06-08 19:00:00,26.7,25.5,25.526037898493968,-1.1739621015060318,-0.02603789849396776,0.02603789849396776
2025-06-08 20:00:00,25.5,24.6,24.699377356576896,-0.8006226434231054,-0.09937735657689473,0.09937735657689473
2025-06-08 21:00:00,24.6,24.1,23.92269090759924,-0.6773090924007626,0.17730909240076187,0.17730909240076187
2025-06-08 22:00:00,24.1,23.4,23.585651993946907,-0.5143480060530956,-0.1856519939469088,0.1856519939469088
2025-06-08 23:00:00,23.4,23.5,22.895604407276142,-0.5043955927238561,0.6043955927238578,0.6043955927238578
2025-06-09 00:00:00,23.5,23.2,23.373409878516977,-0.1265901214830229,-0.17340987851697776,0.17340987851697776
2025-06-09 01:00:00,23.2,22.9,22.91786028578542,-0.2821397142145802,-0.01786028578542087,0.01786028578542087
2025-06-09 02:00:00,22.9,22.1,22.66440052032907,-0.23559947967092734,-0.5644005203290696,0.5644005203290696
2025-06-09 03:00:00,22.1,21.5,21.58859386115649,-0.5114061388435104,-0.0885938611564896,0.0885938611564896
2025-06-09 04:00:00,21.5,20.9,21.04002567061815,-0.4599743293818513,-0.14002567061815085,0.14002567061815085
2025-06-09 05:00:00,20.9,20.7,20.559964964092302,-0.3400350359076964,0.1400350359076974,0.1400350359076974
2025-06-09 06:00:00,20.7,21.1,21.447304966619047,0.7473049666190462,-0.34730496661904553,0.34730496661904553
2025-06-09 07:00:00,21.1,22.0,22.341429902652628,1.2414299026526274,-0.34142990265262796,0.34142990265262796
2025-06-09 08:00:00,22.0,23.1,23.3245179299409,1.3245179299408982,-0.22451792994089814,0.22451792994089814
2025-06-09 09:00:00,23.1,24.7,24.258663637790804,1.1586636377908037,0.4413363622091957,0.4413363622091957
2025-06-09 10:00:00,24.7,26.1,25.854588959079937,1.154588959079939,0.2454110409200645,0.2454110409200645
2025-06-09 11:00:00,26.1,27.9,27.120774293306813,1.0207742933068127,0.779225706693186,0.779225706693186
2025-06-09 12:00:00,27.9,29.5,28.829747473078076,0.9297474730780781,0.6702525269219244,0.6702525269219244
2025-06-09 13:00:00,29.5,29.6,30.296100543009818,0.7961005430098163,-0.6961005430098162,0.6961005430098162
2025-06-09 14:00:00,29.6,29.7,29.67592636280854,0.07592636280853854,0.02407363719146005,0.02407363719146005
2025-06-09 15:00:00,29.7,29.9,29.508171633102,-0.1918283668980013,0.39182836689800027,0.39182836689800027
2025-06-09 16:00:00,29.9,29.7,29.19326127894377,-0.7067387210562307,0.5067387210562302,0.5067387210562302
2025-06-09 17:00:00,29.7,27.5,28.697409292284643,-1.0025907077153573,-1.197409292284643,1.197409292284643
2025-06-09 18:00:00,27.5,25.2,25.744633493326226,-1.7553665066737747,-0.5446334933262271,0.5446334933262271
2025-06-09 19:00:00,25.2,23.3,23.711199305374556,-1.488800694625444,-0.41119930537455573,0.41119930537455573
2025-06-09 20:00:00,23.3,22.2,22.324994904333362,-0.9750050956666402,-0.12499490433336291,0.12499490433336291
2025-06-09 21:00:00,22.2,21.7,21.473099943784515,-0.7269000562154845,0.22690005621548437,0.22690005621548437
2025-06-09 22:00:00,21.7,21.3,21.210911967964172,-0.4890880320358272,0.08908803203582849,0.08908803203582849
2025-06-09 23:00:00,21.3,20.6,20.901774145212645,-0.39822585478735456,-0.3017741452126437,0.3017741452126437
2025-06-10 00:00:00,20.6,20.5,20.100601771874825,-0.4993982281251774,0.39939822812517534,0.39939822812517534
2025-06-10 01:00:00,20.5,20.7,20.309826475372624,-0.1901735246273751,0.3901735246273752,0.3901735246273752
2025-06-10 02:00:00,20.7,20.2,20.6110161800856,-0.08898381991440153,-0.4110161800855998,0.4110161800855998
2025-06-10 03:00:00,20.2,20.1,19.801892951876802,-0.3981070481231978,0.29810704812319955,0.29810704812319955
2025-06-10 04:00:00,20.1,19.9,19.95118213588345,-0.14881786411655148,-0.051182135883450997,0.051182135883450997
2025-06-10 05:00:00,19.9,19.9,19.794276631005722,-0.10572336899427753,0.10572336899427626,0.10572336899427626
2025-06-10 06:00:00,19.9,21.0,20.267483675726492,0.3674836757264944,0.732516324273508,0.732516324273508
2025-06-10 07:00:00,21.0,22.2,22.560358353676218,1.560358353676218,-0.3603583536762187,0.3603583536762187
2025-06-10 08:00:00,22.2,22.9,23.473870159253078,1.2738701592530786,-0.5738701592530795,0.5738701592530795
2025-06-10 09:00:00,22.9,23.3,23.743834535881216,0.8438345358812173,-0.4438345358812157,0.4438345358812157
2025-06-10 10:00:00,23.3,22.9,23.86240558241389,0.5624055824138882,-0.96240558241389,0.96240558241389
2025-06-10 11:00:00,22.9,22.7,23.00565545878464,0.10565545878464433,-0.30565545878464206,0.30565545878464206
2025-06-10 12:00:00,22.7,22.6,22.70306828429106,0.0030682842910600906,-0.10306828429105863,0.10306828429105863
2025-06-10 13:00:00,22.6,22.9,22.56308859634977,-0.03691140365023446,0.3369114036502303,0.3369114036502303
2025-06-10 14:00:00,22.9,23.7,23.032268204112043,0.13226820411204485,0.6677317958879563,0.6677317958879563
2025-06-10 15:00:00,23.7,24.0,23.974944444444443,0.27494444444444416,0.025055555555557163,0.025055555555557163
2025-06-10 16:00:00,24.0,25.2,23.673765232537818,-0.3262347674621805,1.5262347674621815,1.5262347674621815
2025-06-10 17:00:00,25.2,24.3,25.242678094188772,0.0426780941887734,-0.9426780941887714,0.9426780941887714
2025-06-10 18:00:00,24.3,22.5,23.223047736628953,-1.0769522633710475,-0.7230477366289527,0.7230477366289527
2025-06-10 19:00:00,22.5,21.6,21.028509478766495,-1.4714905212335065,0.5714905212335069,0.5714905212335069
2025-06-10 20:00:00,21.6,20.8,20.855441199071787,-0.7445588009282148,-0.055441199071786684,0.055441199071786684
2025-06-10 21:00:00,20.8,19.9,20.199874330743185,-0.6001256692568167,-0.2998743307431866,0.2998743307431866
2025-06-10 22:00:00,19.9,19.6,19.240794417071488,-0.6592055829285103,0.3592055829285137,0.3592055829285137
2025-06-10 23:00:00,19.6,18.8,19.1909862855475,-0.4090137144525035,-0.39098628554749837,0.39098628554749837
2025-06-11 00:00:00,18.8,18.3,18.269672981281047,-0.5303270187189547,0.03032701871895327,0.03032701871895327
2025-06-11 01:00:00,18.3,17.9,17.864181367678576,-0.43581863232142304,0.03581863232142268,0.03581863232142268
2025-06-11 02:00:00,17.9,17.2,17.506117718711344,-0.39388228128865493,-0.3061177187113451,0.3061177187113451
2025-06-11 03:00:00,17.2,16.6,16.733197040330513,-0.4668029596694858,-0.13319704033051138,0.13319704033051138
2025-06-11 04:00:00,16.6,16.1,16.2423747266459,-0.3576252733541037,-0.14237472664589745,0.14237472664589745
2025-06-11 05:00:00,16.1,16.0,15.863445009902277,-0.2365549900977249,0.1365549900977232,0.1365549900977232
2025-06-11 06:00:00,16.0,17.5,16.779487777325297,0.7794877773252981,0.7205122226747029,0.7205122226747029
2025-06-11 07:00:00,17.5,19.6,19.497326462375753,1.9973264623757525,0.10267353762424847,0.10267353762424847
2025-06-11 08:00:00,19.6,22.2,21.50929956402895,1.9092995640289494,0.6907004359710491,0.6907004359710491
2025-06-11 09:00:00,22.2,23.9,23.721019258369157,1.5210192583691569,0.17898074163084132,0.17898074163084132
2025-06-11 10:00:00,23.9,25.8,25.232179801205714,1.3321798012057156,0.567820198794287,0.567820198794287
2025-06-11 11:00:00,25.8,27.1,26.944046350104358,1.144046350104359,0.1559536498956433,0.1559536498956433
2025-06-11 12:00:00,27.1,28.0,27.983430942511788,0.8834309425117849,0.016569057488212025,0.016569057488212025
2025-06-11 13:00:00,28.0,27.8,28.569679837355515,0.5696798373555143,-0.7696798373555147,0.7696798373555147
2025-06-11 14:00:00,27.8,28.3,27.778765866316835,-0.021234133683165405,0.5212341336831656,0.5212341336831656
2025-06-11 15:00:00,28.3,28.1,28.148340928250914,-0.1516590717490867,-0.048340928250912185,0.048340928250912185
2025-06-11 16:00:00,28.1,27.7,27.457495635284175,-0.6425043647158247,0.24250436471582404,0.24250436471582404
2025-06-11 17:00:00,27.7,27.2,26.63327167838181,-1.0667283216181889,0.5667283216181893,0.5667283216181893
2025-06-11 18:00:00,27.2,25.3,25.945884524346667,-1.254115475653332,-0.6458845243466662,0.6458845243466662
2025-06-11 19:00:00,25.3,24.1,23.776663258510965,-1.5233367414890362,0.3233367414890367,0.3233367414890367
2025-06-11 20:00:00,24.1,22.8,23.26870529143752,-0.8312947085624817,-0.4687052914375194,0.4687052914375194
2025-06-11 21:00:00,22.8,21.7,21.986117243533702,-0.813882756466299,-0.2861172435337025,0.2861172435337025
2025-06-11 22:00:00,21.7,21.1,20.90389696786448,-0.7961030321355181,0.19610303213552172,0.19610303213552172
2025-06-11 23:00:00,21.1,20.5,20.547421730502197,-0.5525782694978044,-0.047421730502197335,0.047421730502197335
2025-06-12 00:00:00,20.5,19.9,19.990569962670293,-0.5094300373297064,-0.09056996267029405,0.09056996267029405
2025-06-12 01:00:00,19.9,19.4,19.406239182603247,-0.49376081739675093,-0.0062391826032488495,0.0062391826032488495
2025-06-12 02:00:00,19.4,19.0,18.94784827371672,-0.4521517262832812,0.05215172628328091,0.05215172628328091
2025-06-12 03:00:00,19.0,18.5,18.604225835097218,-0.39577416490278083,-0.10422583509721761,0.10422583509721761
2025-06-12 04:00:00,18.5,18.1,18.157498384595602,-0.3425016154043983,-0.05749838459560053,0.05749838459560053
2025-06-12 05:00:00,18.1,17.9,17.795837048961356,-0.3041629510386466,0.10416295103864215,0.10416295103864215
2025-06-12 06:00:00,17.9,19.7,18.68441428067398,0.7844142806739829,1.015585719326019,1.015585719326019
2025-06-12 07:00:00,19.7,22.1,21.54718180878212,1.8471818087821206,0.5528181912178809,0.5528181912178809
2025-06-12 08:00:00,22.1,24.3,23.978505652407822,1.8785056524078219,0.32149434759217854,0.32149434759217854
2025-06-12 09:00:00,24.3,26.4,25.750476347990062,1.4504763479900609,0.6495236520099361,0.6495236520099361
2025-06-12 10:00:00,26.4,28.1,27.782997197305864,1.3829971973058657,0.3170028026941374,0.3170028026941374
2025-06-12 11:00:00,28.1,29.7,29.201401440146086,1.1014014401460845,0.49859855985391377,0.49859855985391377
2025-06-12 12:00:00,29.7,31.1,30.755098143610713,1.0550981436107127,0.3449018563892885,0.3449018563892885
2025-06-12 13:00:00,31.1,31.9,31.839806830591773,0.73980683059177,0.060193169408226055,0.060193169408226055
2025-06-12 14:00:00,31.9,32.5,31.949423147451906,0.049423147451907054,0.5505768525480939,0.5505768525480939
2025-06-12 15:00:00,32.5,32.7,32.46420775281236,-0.03579224718764259,0.23579224718764635,0.23579224718764635
2025-06-12 16:00:00,32.7,32.3,31.9437502156497,-0.7562497843503008,0.35624978435029675,0.35624978435029675
2025-06-12 17:00:00,32.3,30.3,31.37131941739615,-0.928680582603847,-1.0713194173961504,1.0713194173961504
2025-06-12 18:00:00,30.3,28.6,28.56211869511461,-1.7378813048853912,0.0378813048853921,0.0378813048853921
2025-06-12 19:00:00,28.6,27.2,27.03856663997892,-1.5614333600210806,0.16143336002107844,0.16143336002107844
2025-06-12 20:00:00,27.2,26.1,26.14980691855702,-1.0501930814429807,-0.049806918557017354,0.049806918557017354
2025-06-12 21:00:00,26.1,25.6,25.29082567348968,-0.8091743265103205,0.30917432651031973,0.30917432651031973
2025-06-12 22:00:00,25.6,24.9,25.064976865105358,-0.535023134894645,-0.16497686510535914,0.16497686510535914
2025-06-12 23:00:00,24.9,24.1,24.352220992176346,-0.547779007823653,-0.2522209921763441,0.2522209921763441
2025-06-13 00:00:00,24.1,23.8,23.526155249524617,-0.5738447504753829,0.2738447504753836,0.2738447504753836
2025-06-13 01:00:00,23.8,23.0,23.394885083001718,-0.40511491699828334,-0.3948850830017179,0.3948850830017179
2025-06-13 02:00:00,23.0,22.3,22.431551447999382,-0.568448552000618,-0.13155144799938157,0.13155144799938157
2025-06-13 03:00:00,22.3,21.6,21.797225476849334,-0.5027745231506656,-0.1972254768493329,0.1972254768493329
2025-06-13 04:00:00,21.6,21.2,21.18311890089618,-0.416881099103822,0.016881099103819963,0.016881099103819963
2025-06-13 05:00:00,21.2,21.1,20.82534273360285,-0.3746572663971514,0.2746572663971527,0.2746572663971527
2025-06-13 06:00:00,21.1,21.8,21.880799965148686,0.7807999651486833,-0.08079996514868526,0.08079996514868526
2025-06-13 07:00:00,21.8,23.6,23.601338360840018,1.8013383608400175,-0.0013383608400161506,0.0013383608400161506
2025-06-13 08:00:00,23.6,25.4,25.414474340535946,1.8144743405359436,-0.01447434053594776,0.01447434053594776
2025-06-13 09:00:00,25.4,27.0,27.11914978064937,1.7191497806493723,-0.11914978064936932,0.11914978064936932
2025-06-13 10:00:00,27.0,28.5,28.35242553786196,1.3524255378619614,0.1475744621380386,0.1475744621380386
2025-06-13 11:00:00,28.5,28.7,29.542676258474334,1.0426762584743332,-0.8426762584743344,0.8426762584743344
2025-06-13 12:00:00,28.7,29.0,29.26197484856605,0.5619748485660536,-0.2619748485660516,0.2619748485660516
2025-06-13 13:00:00,29.0,28.6,29.258995723341474,0.25899572334147325,-0.6589957233414729,0.6589957233414729
2025-06-13 14:00:00,28.6,27.8,28.372247125470114,-0.2277528745298864,-0.5722471254701134,0.5722471254701134
2025-06-13 15:00:00,27.8,27.5,26.947257785334735,-0.8527422146652673,0.5527422146652654,0.5527422146652654
2025-06-13 16:00:00,27.5,26.4,27.00216876908244,-0.49783123091755693,-0.6021687690824429,0.6021687690824429
2025-06-13 17:00:00,26.4,24.5,25.253382718984067,-1.1466172810159307,-0.7533827189840672,0.7533827189840672
2025-06-13 18:00:00,24.5,23.0,23.196449631300737,-1.303550368699263,-0.19644963130073734,0.19644963130073734
2025-06-13 19:00:00,23.0,22.1,21.977672926734808,-1.0223270732651908,0.12232707326519332,0.12232707326519332
2025-06-13 20:00:00,22.1,21.9,21.444231885611007,-0.6557681143889943,0.45576811438899156,0.45576811438899156
2025-06-13 21:00:00,21.9,20.4,21.505182952332326,-0.3948170476676714,-1.1051829523323278,1.1051829523323278
2025-06-13 22:00:00,20.4,20.2,19.801734295150972,-0.5982657048490273,0.39826570484902746,0.39826570484902746
2025-06-13 23:00:00,20.2,20.4,19.921553727529343,-0.2784462724706561,0.47844627247065574,0.47844627247065574
2025-06-14 00:00:00,20.4,20.3,20.345437467632724,-0.05456253236727535,-0.04543746763272338,0.04543746763272338
2025-06-14 01:00:00,20.3,20.4,20.139303363398085,-0.16069663660191644,0.26069663660191367,0.26069663660191367
2025-06-14 02:00:00,20.4,20.5,20.40278017932974,0.0027801793297382873,0.09721982067026147,0.09721982067026147
2025-06-14 03:00:00,20.5,20.5,20.48918626277173,-0.010813737228268614,0.010813737228268394,0.010813737228268394
2025-06-14 04:00:00,20.5,20.7,20.527971946749208,0.02797194674920894,0.1720280532507914,0.1720280532507914
2025-06-14 05:00:00,20.7,20.8,20.78460643847536,0.08460643847536033,0.015393561524639665,0.015393561524639665
2025-06-14 06:00:00,20.8,21.1,21.14265024559324,0.3426502455932425,-0.042650245593240044,0.042650245593240044
2025-06-14 07:00:00,21.1,21.8,21.66991630212042,0.5699163021204187,0.13008369787958074,0.13008369787958074
2025-06-14 08:00:00,21.8,22.9,22.722698979623324,0.9226989796233229,0.1773010203766745,0.1773010203766745
2025-06-14 09:00:00,22.9,24.6,23.97480225003295,1.0748022500329528,0.6251977499670502,0.6251977499670502
2025-06-14 10:00:00,24.6,26.7,25.70693848544478,1.1069384854447775,0.9930615145552188,0.9930615145552188
2025-06-14 11:00:00,26.7,28.2,27.770884141082416,1.070884141082417,0.42911585891758364,0.42911585891758364
2025-06-14 12:00:00,28.2,30.1,29.189076571004268,0.9890765710042687,0.9109234289957335,0.9109234289957335
2025-06-14 13:00:00,30.1,30.8,31.00677847619054,0.906778476190539,-0.20677847619053935,0.20677847619053935
2025-06-14 14:00:00,30.8,31.6,31.086041872815702,0.2860418728157016,0.5139581271842992,0.5139581271842992
2025-06-14 15:00:00,31.6,31.2,31.80000902928882,0.2000090292888185,-0.6000090292888203,0.6000090292888203
2025-06-14 16:00:00,31.2,32.1,30.480466697749296,-0.7195333022507018,1.619533302250705,1.619533302250705
2025-06-14 17:00:00,32.1,31.6,31.710685582935586,-0.3893144170644169,-0.11068558293558439,0.11068558293558439
2025-06-14 18:00:00,31.6,29.6,30.67193439299338,-0.928065607006624,-1.0719343929933771,1.0719343929933771
2025-06-14 19:00:00,29.6,27.6,28.271601594935056,-1.328398405064946,-0.6716015949350549,0.6716015949350549
2025-06-14 20:00:00,27.6,25.8,26.38858207109608,-1.2114179289039213,-0.5885820710960807,0.5885820710960807
2025-06-14 21:00:00,25.8,24.5,24.808548045619787,-0.9914519543802124,-0.3085480456197871,0.3085480456197871
2025-06-14 22:00:00,24.5,24.1,23.73123546212799,-0.7687645378720102,0.3687645378720106,0.3687645378720106
2025-06-14 23:00:00,24.1,23.7,23.59154029437812,-0.508459705621881,0.10845970562187901,0.10845970562187901
2025-06-15 00:00:00,23.7,23.2,23.22180114155432,-0.4781988584456791,-0.021801141554320225,0.021801141554320225
2025-06-15 01:00:00,23.2,22.8,22.751037671879605,-0.44896232812039444,0.04896232812039614,0.04896232812039614
2025-06-15 02:00:00,22.8,22.7,22.4096065604974,-0.39039343950260097,0.29039343950259777,0.29039343950259777
2025-06-15 03:00:00,22.7,22.3,22.499095496864733,-0.20090450313526548,-0.19909549686473227,0.19909549686473227
2025-06-15 04:00:00,22.3,22.0,21.992641563142325,-0.30735843685767616,0.007358436857675343,0.007358436857675343
2025-06-15 05:00:00,22.0,21.8,21.735578558066685,-0.2644214419333136,0.064421441933316,0.064421441933316
2025-06-15 06:00:00,21.8,22.9,22.484377730968856,0.6843777309688538,0.4156222690311431,0.4156222690311431
2025-06-15 07:00:00,22.9,24.3,24.388128485189863,1.4881284851898637,-0.08812848518986272,0.08812848518986272
2025-06-15 08:00:00,24.3,25.8,25.81319063413584,1.5131906341358403,-0.013190634135838764,0.013190634135838764
2025-06-15 09:00:00,25.8,27.6,27.097279464382517,1.2972794643825147,0.5027205356174846,0.5027205356174846
2025-06-15 10:00:00,27.6,28.9,28.930198868134408,1.330198868134408,-0.030198868134409196,0.030198868134409196
2025-06-15 11:00:00,28.9,30.2,29.95437817735265,1.054378177352651,0.245621822647351,0.245621822647351
2025-06-15 12:00:00,30.2,31.5,30.840315412811282,0.6403154128112833,0.6596845871887176,0.6596845871887176
2025-06-15 13:00:00,31.5,32.7,31.897073633049366,0.3970736330493653,0.8029263669506363,0.8029263669506363
2025-06-15 14:00:00,32.7,33.0,32.6150949257263,-0.0849050742737096,0.38490507427370346,0.38490507427370346
2025-06-15 15:00:00,33.0,31.2,32.37958441150103,-0.620415588498971,-1.179584411501029,1.179584411501029
2025-06-15 16:00:00,31.2,30.2,30.228415803142653,-0.9715841968573469,-0.028415803142653573,0.028415803142653573
2025-06-15 17:00:00,30.2,28.4,28.78596537103958,-1.4140346289604173,-0.38596537103958184,0.38596537103958184
2025-06-15 18:00:00,28.4,26.4,26.907841143289243,-1.4921588567107542,-0.5078411432892445,0.5078411432892445
2025-06-15 19:00:00,26.4,26.4,25.623957739603178,-0.7760422603968199,0.7760422603968209,0.7760422603968209
2025-06-15 20:00:00,26.4,25.5,26.10673786994758,-0.2932621300524206,-0.6067378699475796,0.6067378699475796
2025-06-15 21:00:00,25.5,24.7,24.924212298474526,-0.5757877015254731,-0.2242122984745265,0.2242122984745265
2025-06-15 22:00:00,24.7,23.6,24.22257480037547,-0.47742519962452956,-0.6225748003754674,0.6225748003754674
2025-06-15 23:00:00,23.6,22.7,23.15971519327702,-0.44028480672298104,-0.45971519327702026,0.45971519327702026
2025-06-16 00:00:00,22.7,22.3,22.219885342159397,-0.48011465784060137,0.08011465784060334,0.08011465784060334
2025-06-16 01:00:00,22.3,22.3,21.890244225024148,-0.409755774975853,0.4097557749758529,0.4097557749758529
2025-06-16 02:00:00,22.3,22.5,22.204096701633365,-0.09590329836663504,0.2959032983666354,0.2959032983666354
2025-06-16 03:00:00,22.5,22.6,22.427332520861164,-0.07266747913883492,0.17266747913883762,0.17266747913883762
2025-06-16 04:00:00,22.6,22.6,22.568375735824183,-0.03162426417581839,0.031624264175817984,0.031624264175817984
2025-06-16 05:00:00,22.6,22.3,22.543965670497403,-0.05603432950259662,-0.2439656704974027,0.2439656704974027
2025-06-16 06:00:00,22.3,22.2,22.243140660170965,-0.056859339829034454,-0.04314066017096607,0.04314066017096607
2025-06-16 07:00:00,22.2,22.3,22.347014841040355,0.14701484104035478,-0.04701484104035458,0.04701484104035458
2025-06-16 08:00:00,22.3,22.6,22.602767462959886,0.3027674629598864,-0.0027674629598841705,0.0027674629598841705
2025-06-16 09:00:00,22.6,23.2,23.030951572028993,0.4309515720289922,0.16904842797100628,0.16904842797100628
2025-06-16 10:00:00,23.2,24.0,23.817166728341324,0.6171667283413228,0.18283327165867647,0.18283327165867647
2025-06-16 11:00:00,24.0,24.6,24.63604239372334,0.6360423937233395,-0.036042393723338506,0.036042393723338506
2025-06-16 12:00:00,24.6,25.1,25.15463174674101,0.5546317467410076,-0.054631746741009124,0.054631746741009124
2025-06-16 13:00:00,25.1,23.3,25.600505415028117,0.5005054150281156,-2.300505415028116,2.300505415028116
2025-06-16 14:00:00,23.3,24.1,23.14675711992925,-0.15324288007074885,0.95324288007075,0.95324288007075
2025-06-16 15:00:00,24.1,23.5,24.521001322751324,0.42100132275132246,-1.0210013227513244,1.0210013227513244
2025-06-16 16:00:00,23.5,23.7,23.090475997954393,-0.4095240020456084,0.6095240020456067,0.6095240020456067
2025-06-16 17:00:00,23.7,23.6,23.69907183325835,-0.0009281667416494758,-0.09907183325834978,0.09907183325834978
2025-06-16 18:00:00,23.6,23.4,23.341838098751094,-0.2581619012489094,0.05816190124890497,0.05816190124890497
2025-06-16 19:00:00,23.4,23.1,23.06335960324606,-0.3366403967539391,0.03664039675394193,0.03664039675394193
2025-06-16 20:00:00,23.1,22.6,22.67830076433038,-0.42169923566962,-0.07830076433037902,0.07830076433037902
2025-06-16 21:00:00,22.6,22.2,22.065437781195776,-0.5345622188042253,0.13456221880422348,0.13456221880422348
2025-06-16 22:00:00,22.2,22.0,21.77448861192162,-0.42551138807838,0.225511388078381,0.225511388078381
2025-06-16 23:00:00,22.0,21.8,21.76426546249157,-0.23573453750843,0.03573453750843214,0.03573453750843214
2025-06-17 00:00:00,21.8,21.8,21.572914918723537,-0.22708508127646226,0.22708508127646354,0.22708508127646354
2025-06-17 01:00:00,21.8,21.7,21.672192004463824,-0.12780799553617847,0.02780799553617541,0.02780799553617541
2025-06-17 02:00:00,21.7,21.2,21.52566059445481,-0.17433940554519003,-0.3256605944548099,0.3256605944548099
2025-06-17 03:00:00,21.2,21.3,20.810740693870518,-0.3892593061294813,0.4892593061294832,0.4892593061294832
2025-06-17 04:00:00,21.3,21.2,21.263130887848607,-0.036869112151391624,-0.0631308878486081,0.0631308878486081
2025-06-17 05:00:00,21.2,21.4,21.07107048198025,-0.12892951801974947,0.32892951801974846,0.32892951801974846
2025-06-17 06:00:00,21.4,21.9,21.7420853875725,0.3420853875725023,0.15791461242749705,0.15791461242749705
2025-06-17 07:00:00,21.9,22.6,22.724923126841233,0.8249231268412345,-0.12492312684123164,0.12492312684123164
2025-06-17 08:00:00,22.6,23.4,23.497511147947726,0.8975111479477261,-0.09751114794772775,0.09751114794772775
2025-06-17 09:00:00,23.4,24.7,24.324128567809563,0.9241285678095649,0.3758714321904364,0.3758714321904364
2025-06-17 10:00:00,24.7,26.3,25.740055383464732,1.040055383464731,0.5599446165352688,0.5599446165352688
2025-06-17 11:00:00,26.3,27.4,27.328112506819746,1.028112506819745,0.07188749318025245,0.07188749318025245
2025-06-17 12:00:00,27.4,27.6,28.175409670974553,0.7754096709745523,-0.5754096709745511,0.5754096709745511
2025-06-17 13:00:00,27.6,28.4,27.876319278468955,0.2763192784689554,0.5236807215310435,0.5236807215310435
2025-06-17 14:00:00,28.4,28.8,28.677559654599726,0.27755965459972665,0.12244034540027471,0.12244034540027471
2025-06-17 15:00:00,28.8,29.4,28.583207957361545,-0.21679204263845647,0.8167920426384541,0.8167920426384541
2025-06-17 16:00:00,29.4,28.9,29.006043204131757,-0.3939567958682405,-0.10604320413175827,0.10604320413175827
2025-06-17 17:00:00,28.9,28.2,28.09802372480919,-0.8019762751908057,0.10197627519080754,0.10197627519080754
2025-06-17 18:00:00,28.2,27.2,27.27969784235531,-0.9203021576446865,-0.07969784235531208,0.07969784235531208
2025-06-17 19:00:00,27.2,25.9,26.139741438517188,-1.06025856148281,-0.2397414385171892,0.2397414385171892
2025-06-17 20:00:00,25.9,24.9,25.09455300587527,-0.8054469941247293,-0.1945530058752709,0.1945530058752709
2025-06-17 21:00:00,24.9,24.3,24.210224691440118,-0.6897753085598815,0.08977530855988292,0.08977530855988292
2025-06-17 22:00:00,24.3,23.8,23.83278316146773,-0.46721683853226936,-0.03278316146773008,0.03278316146773008
2025-06-17 23:00:00,23.8,23.2,23.352939765788992,-0.44706023421100877,-0.15293976578899304,0.15293976578899304
2025-06-18 00:00:00,23.2,22.7,22.770973495612353,-0.42902650438764656,-0.07097349561235333,0.07097349561235333
2025-06-18 01:00:00,22.7,22.3,22.28409077009859,-0.4159092299014101,0.015909229901410527,0.015909229901410527
2025-06-18 02:00:00,22.3,22.0,21.92650131056855,-0.3734986894314502,0.07349868943144955,0.07349868943144955
2025-06-18 03:00:00,22.0,21.8,21.731619663810697,-0.2683803361893044,0.06838033618930339,0.06838033618930339
2025-06-18 04:00:00,21.8,21.6,21.57124905872461,-0.22875094127539064,0.028750941275390574,0.028750941275390574
2025-06-18 05:00:00,21.6,21.3,21.422081407157197,-0.17791859284280506,-0.12208140715719651,0.12208140715719651
2025-06-18 06:00:00,21.3,21.8,21.99514290882299,0.69514290882299,-0.1951429088229908,0.1951429088229908
2025-06-18 07:00:00,21.8,22.8,22.831191691172307,1.0311916911723085,-0.03119169117230669,0.03119169117230669
2025-06-18 08:00:00,22.8,23.7,24.226148642162173,1.426148642162173,-0.5261486421621733,0.5261486421621733
2025-06-18 09:00:00,23.7,25.6,24.926801535978182,1.226801535978182,0.6731984640218194,0.6731984640218194
2025-06-18 10:00:00,25.6,26.7,27.073732959974915,1.4737329599749145,-0.37373295997491596,0.37373295997491596
2025-06-18 11:00:00,26.7,27.9,27.681880681164465,0.9818806811644649,0.2181193188355337,0.2181193188355337
2025-06-18 12:00:00,27.9,29.2,28.573435700333018,0.67343570033302,0.6265642996669811,0.6265642996669811
2025-06-18 13:00:00,29.2,30.1,29.66625850698201,0.466258506982012,0.43374149301799036,0.43374149301799036
2025-06-18 14:00:00,30.1,30.5,30.4025931466087,0.3025931466086996,0.0974068533912984,0.0974068533912984
2025-06-18 15:00:00,30.5,30.5,30.303656582915632,-0.19634341708436798,0.19634341708436764,0.19634341708436764
2025-06-18 16:00:00,30.5,30.1,29.82727714530533,-0.6727228546946686,0.2727228546946705,0.2727228546946705
2025-06-18 17:00:00,30.1,29.2,29.09977008392141,-1.0002299160785908,0.10022991607858955,0.10022991607858955
2025-06-18 18:00:00,29.2,27.9,27.71154580569607,-1.4884541943039313,0.1884541943039295,0.1884541943039295
2025-06-18 19:00:00,27.9,26.7,26.540769560668004,-1.3592304393319934,0.15923043933199565,0.15923043933199565
2025-06-18 20:00:00,26.7,25.8,25.901111307226977,-0.7988886927730231,-0.10111130722697581,0.10111130722697581
2025-06-18 21:00:00,25.8,25.0,25.069738578288213,-0.7302614217117883,-0.06973857828821295,0.06973857828821295
2025-06-18 22:00:00,25.0,24.3,24.38317684314294,-0.6168231568570605,-0.08317684314294027,0.08317684314294027
2025-06-18 23:00:00,24.3,23.9,23.708237937269487,-0.5917620627305147,0.19176206273051122,0.19176206273051122
2025-06-19 00:00:00,23.9,23.4,23.425204392819456,-0.47479560718054364,-0.02520439281945741,0.02520439281945741
2025-06-19 01:00:00,23.4,22.9,22.963763858320775,-0.4362361416792251,-0.06376385832077602,0.06376385832077602
2025-06-19 02:00:00,22.9,22.3,22.485790062359246,-0.4142099376407537,-0.18579006235924567,0.18579006235924567
2025-06-19 03:00:00,22.3,21.8,21.87884098730572,-0.42115901269428146,-0.07884098730571765,0.07884098730571765
2025-06-19 04:00:00,21.8,21.4,21.459570554995587,-0.34042944500441524,-0.059570554995588054,0.059570554995588054
2025-06-19 05:00:00,21.4,21.1,21.07647515810898,-0.32352484189101927,0.023524841891020998,0.023524841891020998
2025-06-19 06:00:00,21.1,22.8,21.918605945068904,0.8186059450689026,0.8813940549310963,0.8813940549310963
2025-06-19 07:00:00,22.8,24.6,24.50967119371089,1.7096711937108886,0.09032880628911144,0.09032880628911144
2025-06-19 08:00:00,24.6,26.8,26.52312499916906,1.9231249991690582,0.2768750008309411,0.2768750008309411
2025-06-19 09:00:00,26.8,28.0,28.313791427478947,1.513791427478947,-0.3137914274789466,0.3137914274789466
2025-06-19 10:00:00,28.0,29.9,29.28346801692726,1.2834680169272594,0.6165319830727398,0.6165319830727398
2025-06-19 11:00:00,29.9,31.2,30.963043952642316,1.0630439526423177,0.23695604735768327,0.23695604735768327
2025-06-19 12:00:00,31.2,32.3,31.93363448891487,0.7336344889148696,0.36636551108512805,0.36636551108512805
2025-06-19 13:00:00,32.3,33.5,32.9257672370469,0.625767237046904,0.5742327629531019,0.5742327629531019
2025-06-19 14:00:00,33.5,33.6,33.718183596325,0.21818359632499512,-0.11818359632499664,0.11818359632499664
2025-06-19 15:00:00,33.6,32.9,33.25515447611541,-0.34484552388459583,-0.35515447611540907,0.35515447611540907
2025-06-19 16:00:00,32.9,32.3,32.316013410576815,-0.5839865894231803,-0.016013410576817932,0.016013410576817932
2025-06-19 17:00:00,32.3,31.4,31.24733832877773,-1.0526616712222683,0.15266167122226904,0.15266167122226904
2025-06-19 18:00:00,31.4,30.9,30.088138364827017,-1.3118616351729802,0.8118616351729813,0.8118616351729813
2025-06-19 19:00:00,30.9,30.4,30.078533521498866,-0.8214664785011332,0.32146647850113297,0.32146647850113297
2025-06-19 20:00:00,30.4,30.1,29.854824591099113,-0.545175408900884,0.24517540890088796,0.24517540890088796
2025-06-19 21:00:00,30.1,28.3,29.462978873469698,-0.6370211265303027,-1.1629788734696973,1.1629788734696973
2025-06-19 22:00:00,28.3,28.2,27.63365858487268,-0.6663414151273206,0.5663414151273187,0.5663414151273187
2025-06-19 23:00:00,28.2,28.3,27.917629058350595,-0.2823709416494037,0.38237094164940544,0.38237094164940544
2025-06-20 00:00:00,28.3,27.8,28.06356462240819,-0.23643537759181169,-0.26356462240818956,0.26356462240818956
2025-06-20 01:00:00,27.8,25.8,27.310468333982836,-0.48953166601716536,-1.5104683339828355,1.5104683339828355
2025-06-20 02:00:00,25.8,25.5,25.27834910309574,-0.5216508969042636,0.22165089690426143,0.22165089690426143
2025-06-20 03:00:00,25.5,25.1,25.274061220348734,-0.22593877965126444,-0.17406122034873306,0.17406122034873306
2025-06-20 04:00:00,25.1,24.8,24.79904247122841,-0.3009575287715904,0.0009575287715897218,0.0009575287715897218
2025-06-20 05:00:00,24.8,24.5,24.655085376579233,-0.14491462342076616,-0.15508537657923327,0.15508537657923327
2025-06-20 06:00:00,24.5,24.4,24.532950460936647,0.032950460936648336,-0.13295046093664808,0.13295046093664808
2025-06-20 07:00:00,24.4,24.6,24.507898147341866,0.107898147341866,0.09210185265813564,0.09210185265813564
2025-06-20 08:00:00,24.6,24.7,25.000639984113143,0.4006399841131411,-0.3006399841131433,0.3006399841131433
2025-06-20 09:00:00,24.7,24.9,24.888435101319452,0.18843510131945115,0.011564898680546776,0.011564898680546776
2025-06-20 10:00:00,24.9,24.8,25.2114313356071,0.3114313356071016,-0.411431335607098,0.411431335607098
2025-06-20 11:00:00,24.8,25.0,24.782045300741142,-0.017954699258859185,0.2179546992588577,0.2179546992588577
2025-06-20 12:00:00,25.0,25.5,25.144052312220815,0.14405231222081405,0.3559476877791852,0.3559476877791852
2025-06-20 13:00:00,25.5,25.2,25.61516478501328,0.11516478501328059,-0.4151647850132818,0.4151647850132818
2025-06-20 14:00:00,25.2,24.7,25.06508896086762,-0.13491103913238056,-0.3650889608676202,0.3650889608676202
2025-06-20 15:00:00,24.7,24.3,24.295447940896956,-0.4045520591030434,0.00455205910304457,0.00455205910304457
2025-06-20 16:00:00,24.3,23.6,24.165376070718867,-0.1346239292811317,-0.565376070718866,0.565376070718866
2025-06-20 17:00:00,23.6,23.4,23.321237455950552,-0.27876254404944767,0.0787625440494466,0.0787625440494466
2025-06-20 18:00:00,23.4,23.4,23.23645437909512,-0.16354562090487823,0.1635456209048769,0.1635456209048769
2025-06-20 19:00:00,23.4,22.9,23.332400459428882,-0.0675995405711145,-0.4324004594288837,0.4324004594288837
2025-06-20 20:00:00,22.9,22.7,22.46865492610882,-0.4313450738911796,0.23134507389118042,0.23134507389118042
2025-06-20 21:00:00,22.7,22.5,22.367455493429496,-0.3325445065705038,0.13254450657050398,0.13254450657050398
2025-06-20 22:00:00,22.5,22.3,22.307281312631854,-0.19271868736814732,-0.007281312631853609,0.007281312631853609
2025-06-20 23:00:00,22.3,22.2,22.127390414636853,-0.1726095853631471,0.07260958536314632,0.07260958536314632
2025-06-21 00:00:00,22.2,21.6,22.091188761276218,-0.10881123872378114,-0.49118876127621647,0.49118876127621647
2025-06-21 01:00:00,21.6,21.2,21.167385779969585,-0.43261422003041533,0.03261422003041403,0.03261422003041403
2025-06-21 02:00:00,21.2,21.2,20.9106337053344,-0.28936629466559693,0.28936629466559793,0.28936629466559793
2025-06-21 03:00:00,21.2,21.0,21.133468148308957,-0.06653185169104325,-0.1334681483089568,0.1334681483089568
2025-06-21 04:00:00,21.0,20.9,20.91920772994027,-0.08079227005973258,-0.019207729940269758,0.019207729940269758
2025-06-21 05:00:00,20.9,20.8,20.82540039018411,-0.07459960981588828,-0.025400390184110222,0.025400390184110222
2025-06-21 06:00:00,20.8,21.0,21.12020556602043,0.32020556602043143,-0.12020556602043087,0.12020556602043087
2025-06-21 07:00:00,21.0,21.3,21.450891196751254,0.4508911967512544,-0.15089119675125318,0.15089119675125318
2025-06-21 08:00:00,21.3,21.5,21.816288685047976,0.516288685047976,-0.3162886850479758,0.3162886850479758
2025-06-21 09:00:00,21.5,21.6,21.93003413753577,0.43003413753576897,-0.33003413753576893,0.33003413753576893
2025-06-21 10:00:00,21.6,22.2,21.78733234999193,0.18733234999192844,0.4126676500080677,0.4126676500080677
2025-06-21 11:00:00,22.2,22.7,22.742065044525923,0.5420650445259252,-0.04206504452592341,0.04206504452592341
2025-06-21 12:00:00,22.7,23.0,23.102402004610827,0.4024020046108269,-0.10240200461082694,0.10240200461082694
2025-06-21 13:00:00,23.0,23.0,23.289527667464565,0.28952766746456554,-0.28952766746456504,0.28952766746456504
2025-06-21 14:00:00,23.0,23.5,23.31520418833329,0.31520418833328995,0.1847958116667101,0.1847958116667101
2025-06-21 15:00:00,23.5,24.0,23.84942857142857,0.3494285714285714,0.15057142857142836,0.15057142857142836
2025-06-21 16:00:00,24.0,24.0,24.15504550336881,0.15504550336881176,-0.15504550336881096,0.15504550336881096
2025-06-21 17:00:00,24.0,23.8,23.720245659329894,-0.2797543406701066,0.07975434067010667,0.07975434067010667
2025-06-21 18:00:00,23.8,22.9,23.28161822669869,-0.518381773301312,-0.3816182266986914,0.3816182266986914
2025-06-21 19:00:00,22.9,22.3,22.247265394316724,-0.6527346056832738,0.052734605683276925,0.052734605683276925
2025-06-21 20:00:00,22.3,21.9,21.852213304304932,-0.4477866956950688,0.04778669569506633,0.04778669569506633
2025-06-21 21:00:00,21.9,21.4,21.52753566154847,-0.3724643384515292,-0.12753566154847107,0.12753566154847107
2025-06-21 22:00:00,21.4,20.9,20.97302276484644,-0.4269772351535593,-0.0730227648464421,0.0730227648464421
2025-06-21 23:00:00,20.9,20.5,20.477562881813625,-0.42243711818637436,0.022437118186374505,0.022437118186374505
2025-06-22 00:00:00,20.5,20.1,20.130501726770117,-0.36949827322988277,-0.03050172677011531,0.03050172677011531
2025-06-22 01:00:00,20.1,19.6,19.752380454462994,-0.34761954553700913,-0.15238045446299253,0.15238045446299253
2025-06-22 02:00:00,19.6,19.1,19.215274055989127,-0.384725944010876,-0.11527405598912566,0.11527405598912566
2025-06-22 03:00:00,19.1,18.6,18.710483154328536,-0.38951684567146483,-0.11048315432853428,0.11048315432853428
2025-06-22 04:00:00,18.6,18.4,18.2844842536223,-0.31551574637770297,0.11551574637769946,0.11551574637769946
2025-06-22 05:00:00,18.4,18.1,18.17688045107434,-0.2231195489256604,-0.07688045107433794,0.07688045107433794
2025-06-22 06:00:00,18.1,18.7,18.772987551832593,0.6729875518325898,-0.07298755183259331,0.07298755183259331
2025-06-22 07:00:00,18.7,20.5,20.050609031408083,1.350609031408085,0.4493909685919171,0.4493909685919171
2025-06-22 08:00:00,20.5,22.2,22.51873107756441,2.018731077564411,-0.31873107756441144,0.31873107756441144
2025-06-22 09:00:00,22.2,23.9,23.63230543895653,1.4323054389565277,0.26769456104347,0.26769456104347
2025-06-22 10:00:00,23.9,25.0,25.1121959823154,1.212195982315401,-0.11219598231539862,0.11219598231539862
2025-06-22 11:00:00,25.0,26.4,26.00885864807118,1.0088586480711788,0.3911413519288196,0.3911413519288196
2025-06-22 12:00:00,26.4,27.5,27.274499910046817,0.874499910046818,0.22550008995318294,0.22550008995318294
2025-06-22 13:00:00,27.5,28.1,27.998900076943855,0.49890007694385363,0.10109992305614668,0.10109992305614668
2025-06-22 14:00:00,28.1,28.3,28.469691742672627,0.36969174267262567,-0.16969174267262588,0.16969174267262588
2025-06-22 15:00:00,28.3,28.4,28.15276180752359,-0.1472381924764123,0.24723819247640932,0.24723819247640932
2025-06-22 16:00:00,28.4,28.2,27.811468214762602,-0.5885317852373968,0.3885317852373973,0.3885317852373973
2025-06-22 17:00:00,28.2,27.7,27.27580142331414,-0.9241985766858607,0.4241985766858605,0.4241985766858605
2025-06-22 18:00:00,27.7,26.0,26.718315806465355,-0.9816841935346422,-0.7183158064653554,0.7183158064653554
2025-06-22 19:00:00,26.0,24.4,24.500243694734493,-1.499756305265506,-0.10024369473449468,0.10024369473449468
2025-06-22 20:00:00,24.4,23.5,23.354004651000814,-1.045995348999183,0.1459953489991861,0.1459953489991861
2025-06-22 21:00:00,23.5,22.8,22.78675035550597,-0.7132496444940303,0.013249644494031543,0.013249644494031543
2025-06-22 22:00:00,22.8,21.9,22.228995077965266,-0.5710049220347357,-0.32899507796526706,0.32899507796526706
2025-06-22 23:00:00,21.9,21.4,21.282227298879683,-0.6177727011203167,0.11777270112031601,0.11777270112031601
2025-06-23 00:00:00,21.4,21.0,20.947255753353595,-0.4527442466464055,0.0527442466464052,0.0527442466464052
2025-06-23 01:00:00,21.0,20.6,20.613338804611068,-0.3866611953889321,-0.013338804611066735,0.013338804611066735
2025-06-23 02:00:00,20.6,20.2,20.245828808909526,-0.3541711910904768,-0.04582880890952623,0.04582880890952623
2025-06-23 03:00:00,20.2,19.9,19.858349335456076,-0.3416506645439247,0.041650664543922744,0.041650664543922744
2025-06-23 04:00:00,19.9,19.6,19.651420246835624,-0.24857975316437492,-0.05142024683562241,0.05142024683562241
2025-06-23 05:00:00,19.6,19.5,19.384417009198657,-0.21558299080134288,0.11558299080134304,0.11558299080134304
2025-06-23 06:00:00,19.5,20.4,20.231857078897203,0.7318570788972045,0.16814292110279538,0.16814292110279538
2025-06-23 07:00:00,20.4,22.5,22.04337358390841,1.6433735839084096,0.4566264160915914,0.4566264160915914
2025-06-23 08:00:00,22.5,24.3,24.39215211625243,1.8921521162524282,-0.09215211625242858,0.09215211625242858
2025-06-23 09:00:00,24.3,26.1,25.747496804809135,1.4474968048091343,0.3525031951908666,0.3525031951908666
2025-06-23 10:00:00,26.1,27.4,27.588457769193944,1.4884577691939422,-0.18845776919394552,0.18845776919394552
2025-06-23 11:00:00,27.4,28.7,28.57770103451001,1.177701034510011,0.12229896548998909,0.12229896548998909
2025-06-23 12:00:00,28.7,29.8,29.706326915688994,1.0063269156889934,0.09367308431100696,0.09367308431100696
2025-06-23 13:00:00,29.8,30.9,30.28173586025208,0.48173586025208043,0.618264139747918,0.618264139747918
2025-06-23 14:00:00,30.9,31.3,31.31629044735438,0.41629044735438253,-0.016290447354379012,0.016290447354379012
2025-06-23 15:00:00,31.3,31.4,31.38422516994771,0.08422516994771172,0.01577483005228686,0.01577483005228686
2025-06-23 16:00:00,31.4,31.4,30.74385315357249,-0.6561468464275086,0.6561468464275073,0.6561468464275073
2025-06-23 17:00:00,31.4,30.7,30.567766764547656,-0.8322332354523441,0.13223323545234322,0.13223323545234322
2025-06-23 18:00:00,30.7,29.9,29.365138802540837,-1.3348611974591613,0.5348611974591613,0.5348611974591613
2025-06-23 19:00:00,29.9,28.9,28.529142798683576,-1.3708572013164229,0.3708572013164222,0.3708572013164222
2025-06-23 20:00:00,28.9,27.9,28.079822455480397,-0.8201775445196018,-0.179822455480398,0.179822455480398
2025-06-23 21:00:00,27.9,27.0,27.166826159068574,-0.7331738409314232,-0.1668261590685738,0.1668261590685738
2025-06-23 22:00:00,27.0,26.5,26.385075838225617,-0.6149241617743841,0.11492416177438258,0.11492416177438258
2025-06-23 23:00:00,26.5,25.9,25.995576072385955,-0.5044239276140458,-0.09557607238595622,0.09557607238595622
2025-06-24 00:00:00,25.9,25.2,25.433969845355694,-0.4660301546443029,-0.23396984535569487,0.23396984535569487
2025-06-24 01:00:00,25.2,24.7,24.68994522299284,-0.5100547770071581,0.010054777007159288,0.010054777007159288
2025-06-24 02:00:00,24.7,24.4,24.273975573103833,-0.42602442689616543,0.12602442689616566,0.12602442689616566
2025-06-24 03:00:00,24.4,24.3,24.038212858903016,-0.3617871410969833,0.26178714109698475,0.26178714109698475
2025-06-24 04:00:00,24.3,23.8,24.07359509689562,-0.22640490310438027,-0.2735950968956189,0.2735950968956189
2025-06-24 05:00:00,23.8,23.9,23.594334370298643,-0.20566562970135777,0.30566562970135536,0.30566562970135536
2025-06-24 06:00:00,23.9,24.2,24.41574435536077,0.5157443553607711,-0.2157443553607692,0.2157443553607692
2025-06-24 07:00:00,24.2,24.6,25.189140299762688,0.989140299762687,-0.5891402997626862,0.5891402997626862
2025-06-24 08:00:00,24.6,24.9,25.354957522598976,0.7549575225989744,-0.4549575225989777,0.4549575225989777
2025-06-24 09:00:00,24.9,25.4,25.397677340871446,0.4976773408714493,0.002322659128552118,0.002322659128552118
2025-06-24 10:00:00,25.4,26.9,26.059070398753295,0.6590703987532959,0.8409296012467031,0.8409296012467031
2025-06-24 11:00:00,26.9,27.2,27.84712197028742,0.9471219702874234,-0.6471219702874222,0.6471219702874222
2025-06-24 12:00:00,27.2,27.7,27.72202802978177,0.5220280297817732,-0.022028029781772318,0.022028029781772318
2025-06-24 13:00:00,27.7,27.8,28.2309033526245,0.530903352624501,-0.43090335262450097,0.43090335262450097
2025-06-24 14:00:00,27.8,27.3,27.830291633931957,0.030291633931957062,-0.5302916339319559,0.5302916339319559
2025-06-24 15:00:00,27.3,27.0,27.034462166600946,-0.2655378333990542,-0.03446216660094592,0.03446216660094592
2025-06-24 16:00:00,27.0,26.9,26.58592904440845,-0.41407095559155116,0.31407095559154996,0.31407095559154996
2025-06-24 17:00:00,26.9,26.9,26.113915388737183,-0.7860846112628136,0.7860846112628153,0.7860846112628153
2025-06-24 18:00:00,26.9,26.5,25.890108304880666,-1.0098916951193322,0.6098916951193338,0.6098916951193338
2025-06-24 19:00:00,26.5,26.1,25.741053819466494,-0.7589461805335068,0.3589461805335077,0.3589461805335077
2025-06-24 20:00:00,26.1,24.5,25.53036076017874,-0.5696392398212592,-1.0303607601787412,1.0303607601787412
2025-06-24 21:00:00,24.5,22.1,23.52101670116481,-0.9789832988351898,-1.4210167011648096,1.4210167011648096
2025-06-24 22:00:00,22.1,20.7,21.332561258272296,-0.767438741727705,-0.6325612582722968,0.6325612582722968
2025-06-24 23:00:00,20.7,20.6,20.111423717891622,-0.5885762821083758,0.48857628210837944,0.48857628210837944
2025-06-25 00:00:00,20.6,20.9,20.451416075064547,-0.14858392493545436,0.44858392493545196,0.44858392493545196
2025-06-25 01:00:00,20.9,21.2,20.86127282023421,-0.038727179765788176,0.33872717976579025,0.33872717976579025
2025-06-25 02:00:00,21.2,20.1,21.161224247130882,-0.03877575286911737,-1.0612242471308804,1.0612242471308804
2025-06-25 03:00:00,20.1,19.5,19.58983029791664,-0.5101697020833597,-0.08983029791664165,0.08983029791664165
2025-06-25 04:00:00,19.5,20.0,19.114714383454306,-0.3852856165456931,0.8852856165456942,0.8852856165456942
2025-06-25 05:00:00,20.0,20.1,20.006165140415142,0.006165140415140374,0.09383485958485949,0.09383485958485949
2025-06-25 06:00:00,20.1,20.5,20.472808748101777,0.37280874810177517,0.027191251898223356,0.027191251898223356
2025-06-25 07:00:00,20.5,20.2,21.459701070386952,0.9597010703869524,-1.259701070386953,1.259701070386953
2025-06-25 08:00:00,20.2,20.1,20.198567910116342,-0.001432089883656562,-0.09856791011634058,0.09856791011634058
2025-06-25 09:00:00,20.1,20.3,20.143355912491046,0.043355912491045305,0.15664408750895475,0.15664408750895475
2025-06-25 10:00:00,20.3,20.7,20.661449336568005,0.3614493365680042,0.038550663431994536,0.038550663431994536
2025-06-25 11:00:00,20.7,20.8,21.21144773008942,0.5114477300894212,-0.4114477300894208,0.4114477300894208
2025-06-25 12:00:00,20.8,21.6,20.96221749296434,0.16221749296433627,0.6377825070356629,0.6377825070356629
2025-06-25 13:00:00,21.6,22.0,22.052548374736308,0.45254837473630516,-0.05254837473630758,0.05254837473630758
2025-06-25 14:00:00,22.0,21.9,22.50437709908997,0.5043770990899729,-0.6043770990899731,0.6043770990899731
2025-06-25 15:00:00,21.9,22.0,21.900212941941646,0.0002129419416466554,0.09978705805835375,0.09978705805835375
2025-06-25 16:00:00,22.0,21.9,22.05134655194969,0.05134655194968983,-0.1513465519496897,0.1513465519496897
2025-06-25 17:00:00,21.9,21.8,21.705457837379612,-0.19454216262038623,0.09454216262038884,0.09454216262038884
2025-06-25 18:00:00,21.8,21.5,21.596362918412567,-0.20363708158743246,-0.0963629184125665,0.0963629184125665
2025-06-25 19:00:00,21.5,21.3,21.165895587588736,-0.3341044124112636,0.13410441241126492,0.13410441241126492
2025-06-25 20:00:00,21.3,21.2,20.999083303802724,-0.30091669619727635,0.20091669619727526,0.20091669619727526
2025-06-25 21:00:00,21.2,21.0,21.04920844350265,-0.15079155649734993,-0.04920844350264986,0.04920844350264986
2025-06-25 22:00:00,21.0,20.9,20.81996004940955,-0.18003995059045236,0.0800399505904501,0.0800399505904501
2025-06-25 23:00:00,20.9,20.8,20.756149871143254,-0.14385012885674325,0.04385012885674655,0.04385012885674655
2025-06-26 00:00:00,20.8,20.7,20.674032505248782,-0.1259674947512176,0.0259674947512174,0.0259674947512174
2025-06-26 01:00:00,20.7,20.6,20.597834698968256,-0.10216530103174454,0.0021653010317450594,0.0021653010317450594
2025-06-26 02:00:00,20.6,20.7,20.50098392630415,-0.09901607369585139,0.19901607369584795,0.19901607369584795
2025-06-26 03:00:00,20.7,20.3,20.657937849074834,-0.042062150925165076,-0.3579378490748333,0.3579378490748333
2025-06-26 04:00:00,20.3,19.9,20.142890251522623,-0.15710974847737946,-0.2428902515226241,0.2428902515226241
2025-06-26 05:00:00,19.9,20.0,19.693579346628308,-0.2064206533716911,0.306420653371692,0.306420653371692
2025-06-26 06:00:00,20.0,20.1,20.428831539672927,0.4288315396729275,-0.328831539672926,0.328831539672926
2025-06-26 07:00:00,20.1,20.4,20.625234960878853,0.5252349608788507,-0.2252349608788542,0.2252349608788542
2025-06-26 08:00:00,20.4,21.8,20.969423939086536,0.5694239390865354,0.8305760609134651,0.8305760609134651
2025-06-26 09:00:00,21.8,22.1,23.069666184610078,1.2696661846100779,-0.9696661846100767,0.9696661846100767
2025-06-26 10:00:00,22.1,23.1,22.75146739328367,0.6514673932836673,0.3485326067163328,0.3485326067163328
2025-06-26 11:00:00,23.1,23.1,24.129610144618553,1.0296101446185508,-1.0296101446185517,1.0296101446185517
2025-06-26 12:00:00,23.1,23.3,23.31720446685991,0.21720446685990674,-0.017204466859908507,0.017204466859908507
2025-06-26 13:00:00,23.3,23.7,23.542353684372763,0.24235368437276247,0.15764631562723608,0.15764631562723608
2025-06-26 14:00:00,23.7,23.5,24.252697015897034,0.5526970158970352,-0.7526970158970343,0.7526970158970343
2025-06-26 15:00:00,23.5,22.9,23.564047158340934,0.0640471583409323,-0.6640471583409351,0.6640471583409351
2025-06-26 16:00:00,22.9,23.8,22.558045447619378,-0.3419545523806198,1.2419545523806228,1.2419545523806228
2025-06-26 17:00:00,23.8,24.2,23.943790868082537,0.14379086808253486,0.256209131917462,0.256209131917462
2025-06-26 18:00:00,24.2,23.9,24.32286445271752,0.12286445271752258,-0.4228644527175227,0.4228644527175227
2025-06-26 19:00:00,23.9,23.4,23.42482727661495,-0.4751727233850506,-0.024827276614949767,0.024827276614949767
2025-06-26 20:00:00,23.4,22.6,23.020267208052566,-0.3797327919474317,-0.42026720805256446,0.42026720805256446
2025-06-26 21:00:00,22.6,22.1,22.037050005985854,-0.5629499940141469,0.06294999401414714,0.06294999401414714
2025-06-26 22:00:00,22.1,21.8,21.688869454821017,-0.4111305451789841,0.11113054517898391,0.11113054517898391
2025-06-26 23:00:00,21.8,21.7,21.51721629294956,-0.28278370705044087,0.18278370705044011,0.18278370705044011
2025-06-27 00:00:00,21.7,21.4,21.504366050504427,-0.1956339494955735,-0.10436605050442793,0.10436605050442793
2025-06-27 01:00:00,21.4,21.4,21.136408805458984,-0.2635911945410148,0.2635911945410143,0.2635911945410143
2025-06-27 02:00:00,21.4,21.2,21.291041342916866,-0.10895865708313153,-0.09104134291686705,0.09104134291686705
2025-06-27 03:00:00,21.2,21.2,21.01903888676177,-0.1809611132382302,0.1809611132382294,0.1809611132382294
2025-06-27 04:00:00,21.2,21.2,21.1079220933866,-0.09207790661339961,0.09207790661340098,0.09207790661340098
2025-06-27 05:00:00,21.2,21.4,21.11450599160843,-0.08549400839157036,0.28549400839157,0.28549400839157
2025-06-27 06:00:00,21.4,21.8,21.755496977994962,0.3554969779949621,0.04450302200503842,0.04450302200503842
2025-06-27 07:00:00,21.8,22.3,22.619533962395167,0.8195339623951666,-0.31953396239516607,0.31953396239516607
2025-06-27 08:00:00,22.3,22.7,23.14668025402951,0.8466802540295087,-0.44668025402950917,0.44668025402950917
2025-06-27 09:00:00,22.7,23.1,23.52049882401651,0.8204988240165095,-0.4204988240165086,0.4204988240165086
2025-06-27 10:00:00,23.1,23.4,23.571069779845782,0.47106977984578163,-0.17106977984578364,0.17106977984578364
2025-06-27 11:00:00,23.4,24.4,23.792356207873063,0.39235620787306547,0.607643792126936,0.607643792126936
2025-06-27 12:00:00,24.4,25.4,25.199023621800098,0.7990236218000988,0.20097637819990055,0.20097637819990055
2025-06-27 13:00:00,25.4,26.5,26.376043345096914,0.976043345096916,0.12395665490308616,0.12395665490308616
2025-06-27 14:00:00,26.5,28.0,27.005276656489535,0.5052766564895346,0.994723343510465,0.994723343510465
2025-06-27 15:00:00,28.0,29.1,28.72956284837167,0.7295628483716711,0.37043715162833024,0.37043715162833024
2025-06-27 16:00:00,29.1,29.0,29.094642135642136,-0.005357864357864509,-0.09464213564213608,0.09464213564213608
2025-06-27 17:00:00,29.0,29.1,28.486366800223006,-0.513633199776993,0.613633199776995,0.613633199776995
2025-06-27 18:00:00,29.1,28.5,28.48163651965015,-0.6183634803498539,0.018363480349851358,0.018363480349851358
2025-06-27 19:00:00,28.5,27.8,27.673101540400985,-0.8268984595990162,0.12689845959901547,0.12689845959901547
2025-06-27 20:00:00,27.8,27.3,27.222000444180953,-0.5779995558190474,0.07799955581904783,0.07799955581904783
2025-06-27 21:00:00,27.3,26.5,26.855610351817486,-0.44438964818251436,-0.3556103518174858,0.3556103518174858
2025-06-27 22:00:00,26.5,26.1,25.978178089227992,-0.5218219107720088,0.12182191077200955,0.12182191077200955
2025-06-27 23:00:00,26.1,25.7,25.713030288483893,-0.38696971151610843,-0.013030288483893315,0.013030288483893315
2025-06-28 00:00:00,25.7,25.5,25.319225405150526,-0.3807745948494717,0.1807745948494741,0.1807745948494741
2025-06-28 01:00:00,25.5,25.3,25.238781477127066,-0.261218522872933,0.0612185228729345,0.0612185228729345
2025-06-28 02:00:00,25.3,25.1,25.058643059712434,-0.24135694028756685,0.04135694028756731,0.04135694028756731
2025-06-28 03:00:00,25.1,24.8,24.87614540739835,-0.22385459260165164,-0.07614540739835007,0.07614540739835007
2025-06-28 04:00:00,24.8,24.6,24.604671964587183,-0.1953280354128171,-0.004671964587181776,0.004671964587181776
2025-06-28 05:00:00,24.6,24.6,24.435568769433495,-0.16443123056650746,0.16443123056650677,0.16443123056650677
2025-06-28 06:00:00,24.6,24.5,24.655476510528096,0.055476510528094755,-0.1554765105280964,0.1554765105280964
2025-06-28 07:00:00,24.5,24.7,24.794958876600894,0.2949588766008936,-0.09495887660089508,0.09495887660089508
2025-06-28 08:00:00,24.7,25.0,25.037738653295026,0.33773865329502617,-0.037738653295026126,0.037738653295026126
2025-06-28 09:00:00,25.0,25.9,25.43474847382505,0.43474847382504944,0.46525152617494925,0.46525152617494925
2025-06-28 10:00:00,25.9,26.4,27.039107333045795,1.1391073330457948,-0.6391073330457964,0.6391073330457964
2025-06-28 11:00:00,26.4,26.7,27.07998421190018,0.6799842119001792,-0.3799842119001795,0.3799842119001795
2025-06-28 12:00:00,26.7,26.9,27.154803522085654,0.45480352208565505,-0.2548035220856555,0.2548035220856555
2025-06-28 13:00:00,26.9,27.5,27.14766951158564,0.24766951158564277,0.3523304884143599,0.3523304884143599
2025-06-28 14:00:00,27.5,27.8,27.91668416217725,0.4166841621772515,-0.11668416217725053,0.11668416217725053
2025-06-28 15:00:00,27.8,27.9,28.118170100078185,0.3181701000781857,-0.21817010007818638,0.21817010007818638
2025-06-28 16:00:00,27.9,27.8,27.929102079247095,0.029102079247095805,-0.12910207924709383,0.12910207924709383
2025-06-28 17:00:00,27.8,27.5,27.567653735314263,-0.2323462646857366,-0.06765373531426278,0.06765373531426278
2025-06-28 18:00:00,27.5,27.1,27.242401607440076,-0.2575983925599237,-0.14240160744007468,0.14240160744007468
2025-06-28 19:00:00,27.1,26.7,26.79412211343266,-0.30587788656734133,-0.09412211343266108,0.09412211343266108
2025-06-28 20:00:00,26.7,26.4,26.382462220584117,-0.31753777941588146,0.01753777941588197,0.01753777941588197
2025-06-28 21:00:00,26.4,26.2,26.13457025526246,-0.2654297447375373,0.06542974473753915,0.06542974473753915
2025-06-28 22:00:00,26.2,26.2,25.971725533959567,-0.22827446604043267,0.2282744660404319,0.2282744660404319
2025-06-28 23:00:00,26.2,26.3,26.079493689438543,-0.12050631056145789,0.22050631056145775,0.22050631056145775
2025-06-29 00:00:00,26.3,26.2,26.19378798139659,-0.10621201860341199,0.00621201860341003,0.00621201860341003
2025-06-29 01:00:00,26.2,25.9,26.044495374694147,-0.1555046253058538,-0.14449537469414864,0.14449537469414864
2025-06-29 02:00:00,25.9,25.6,25.68209847291262,-0.2179015270873786,-0.08209847291261951,0.08209847291261951
2025-06-29 03:00:00,25.6,25.1,25.379242439029444,-0.22075756097055696,-0.2792424390294421,0.2792424390294421
2025-06-29 04:00:00,25.1,25.0,24.728611953095093,-0.37138804690490973,0.2713880469049066,0.2713880469049066
2025-06-29 05:00:00,25.0,25.0,24.865175575435277,-0.13482442456472374,0.134824424564723,0.134824424564723
2025-06-29 06:00:00,25.0,25.0,25.385013017686237,0.3850130176862366,-0.3850130176862372,0.3850130176862372
2025-06-29 07:00:00,25.0,25.5,25.59001359326535,0.590013593265349,-0.09001359326535052,0.09001359326535052
2025-06-29 08:00:00,25.5,26.0,26.267017737255458,0.7670177372554564,-0.26701773725545763,0.26701773725545763
2025-06-29 09:00:00,26.0,26.3,26.717157392627147,0.7171573926271481,-0.41715739262714635,0.41715739262714635
2025-06-29 10:00:00,26.3,27.3,26.698378206728524,0.39837820672852187,0.6016217932714767,0.6016217932714767
2025-06-29 11:00:00,27.3,27.7,28.15161305687091,0.8516130568709095,-0.4516130568709116,0.4516130568709116
2025-06-29 12:00:00,27.7,28.2,28.172656976517946,0.4726569765179475,0.027343023482053752,0.027343023482053752
2025-06-29 13:00:00,28.2,28.7,28.810674746845436,0.6106747468454359,-0.11067474684543654,0.11067474684543654
2025-06-29 14:00:00,28.7,29.5,29.050257217742743,0.35025721774274277,0.44974278225725683,0.44974278225725683
2025-06-29 15:00:00,29.5,30.0,29.803918865526008,0.303918865526008,0.19608113447399234,0.19608113447399234
2025-06-29 16:00:00,30.0,30.1,29.958054126932424,-0.04194587306757745,0.1419458730675771,0.1419458730675771
2025-06-29 17:00:00,30.1,29.6,29.52330485900674,-0.5766951409932609,0.07669514099326236,0.07669514099326236
2025-06-29 18:00:00,29.6,29.4,28.90049553651855,-0.6995044634814496,0.49950446348144695,0.49950446348144695
2025-06-29 19:00:00,29.4,28.4,28.816658253658684,-0.5833417463413156,-0.41665825365868514,0.41665825365868514
2025-06-29 20:00:00,28.4,27.5,27.689739682254118,-0.7102603177458809,-0.18973968225411753,0.18973968225411753
2025-06-29 21:00:00,27.5,26.6,26.948863839300138,-0.5511361606998629,-0.34886383930013665,0.34886383930013665
2025-06-29 22:00:00,26.6,26.4,25.958828682379984,-0.6411713176200162,0.4411713176200145,0.4411713176200145
2025-06-29 23:00:00,26.4,26.1,26.095801209729846,-0.30419879027015184,0.004198790270155683,0.004198790270155683
2025-06-30 00:00:00,26.1,26.1,25.821878173057392,-0.2781218269426088,0.2781218269426091,0.2781218269426091
2025-06-30 01:00:00,26.1,26.1,25.939500378368315,-0.160499621631687,0.1604996216316863,0.1604996216316863
2025-06-30 02:00:00,26.1,25.9,25.958194420872807,-0.14180557912719347,-0.058194420872808905,0.058194420872808905
2025-06-30 03:00:00,25.9,25.8,25.722589641664452,-0.17741035833554614,0.07741035833554832,0.07741035833554832
2025-06-30 04:00:00,25.8,25.7,25.66504498890283,-0.13495501109716768,0.0349550110971677,0.0349550110971677
2025-06-30 05:00:00,25.7,25.6,25.573632278459254,-0.1263677215407442,0.026367721540747624,0.026367721540747624
2025-06-30 06:00:00,25.6,26.0,25.849415238964326,0.24941523896432535,0.15058476103567386,0.15058476103567386
2025-06-30 07:00:00,26.0,26.5,27.14514701941087,1.1451470194108708,-0.6451470194108708,0.6451470194108708
2025-06-30 08:00:00,26.5,27.2,27.282365791252428,0.7823657912524282,-0.08236579125242827,0.08236579125242827
2025-06-30 09:00:00,27.2,27.9,28.09741499393018,0.8974149939301809,-0.19741499393018103,0.19741499393018103
2025-06-30 10:00:00,27.9,29.0,28.830183970463352,0.9301839704633524,0.16981602953664776,0.16981602953664776
2025-06-30 11:00:00,29.0,29.9,29.870922655868704,0.8709226558687052,0.029077344131295035,0.029077344131295035
2025-06-30 12:00:00,29.9,30.4,30.498587723576822,0.5985877235768221,-0.09858772357682355,0.09858772357682355
2025-06-30 13:00:00,30.4,31.2,30.906880958768934,0.5068809587689346,0.2931190412310656,0.2931190412310656
2025-06-30 14:00:00,31.2,30.9,31.394556294225577,0.19455629422557666,-0.49455629422557834,0.49455629422557834
2025-06-30 15:00:00,30.9,31.0,30.803344582284833,-0.0966554177151647,0.19665541771516715,0.19665541771516715
2025-06-30 16:00:00,31.0,30.2,30.701437644375325,-0.29856235562467454,-0.5014376443753257,0.5014376443753257
2025-06-30 17:00:00,30.2,29.8,29.602366923595415,-0.5976330764045849,0.1976330764045855,0.1976330764045855
2025-06-30 18:00:00,29.8,29.9,29.082744325466724,-0.7172556745332781,0.8172556745332749,0.8172556745332749
2025-06-30 19:00:00,29.9,28.9,29.365077341383415,-0.5349226586165844,-0.4650773413834166,0.4650773413834166
2025-06-30 20:00:00,28.9,28.5,28.19885466416183,-0.7011453358381696,0.3011453358381715,0.3011453358381715
2025-06-30 21:00:00,28.5,28.4,28.099303516724238,-0.40069648327576124,0.30069648327576104,0.30069648327576104
2025-06-30 22:00:00,28.4,28.1,28.072273426544594,-0.32772657345540296,0.027726573455407078,0.027726573455407078
2025-06-30 23:00:00,28.1,27.7,27.79898784647806,-0.3010121535219433,-0.09898784647806025,0.09898784647806025
2025-07-01 00:00:00,27.7,27.4,27.3458064127864,-0.3541935872136005,0.054193587213600125,0.054193587213600125
2025-07-01 01:00:00,27.4,27.1,27.15326408776044,-0.2467359122395593,-0.05326408776043934,0.05326408776043934
2025-07-01 02:00:00,27.1,26.9,26.853264087760444,-0.2467359122395593,0.04673591223955498,0.04673591223955498
2025-07-01 03:00:00,26.9,26.7,26.67738017727609,-0.22261982272391115,0.022619822723910943,0.022619822723910943
2025-07-01 04:00:00,26.7,26.7,26.486234198254873,-0.21376580174512524,0.21376580174512583,0.21376580174512583
2025-07-01 05:00:00,26.7,26.5,26.583608193881194,-0.11639180611880535,-0.08360819388119367,0.08360819388119367
2025-07-01 06:00:00,26.5,26.4,26.77340158322063,0.2734015832206278,-0.37340158322063033,0.37340158322063033
2025-07-01 07:00:00,26.4,26.4,26.680519733186248,0.2805197331862497,-0.28051973318624945,0.28051973318624945
2025-07-01 08:00:00,26.4,27.0,26.57201777571395,0.17201777571395097,0.42798222428605115,0.42798222428605115
2025-07-01 09:00:00,27.0,28.1,27.831120390343518,0.8311203903435176,0.2688796096564836,0.2688796096564836
2025-07-01 10:00:00,28.1,29.1,29.104073320805696,1.004073320805696,-0.004073320805694891,0.004073320805694891
2025-07-01 11:00:00,29.1,29.8,29.893089251484284,0.7930892514842807,-0.09308925148428315,0.09308925148428315
2025-07-01 12:00:00,29.8,31.3,30.272871340828164,0.4728713408281625,1.0271286591718365,1.0271286591718365
2025-07-01 13:00:00,31.3,31.6,31.867814660057842,0.5678146600578409,-0.2678146600578408,0.2678146600578408
2025-07-01 14:00:00,31.6,31.2,31.798031664682906,0.1980316646829032,-0.5980316646829067,0.5980316646829067
2025-07-01 15:00:00,31.2,31.6,31.109143385324614,-0.09085661467538463,0.490856614675387,0.490856614675387
2025-07-01 16:00:00,31.6,31.2,31.244887116781854,-0.35511288321814644,-0.04488711678185453,0.04488711678185453
2025-07-01 17:00:00,31.2,31.1,30.653199597572645,-0.546800402427353,0.44680040242735686,0.44680040242735686
2025-07-01 18:00:00,31.1,30.1,30.431578507531974,-0.6684214924680268,-0.3315785075319724,0.3315785075319724
2025-07-01 19:00:00,30.1,29.4,29.21525363177128,-0.884746368228723,0.18474636822871915,0.18474636822871915
2025-07-01 20:00:00,29.4,28.6,28.829541066733128,-0.5704589332668717,-0.2295410667331268,0.2295410667331268
2025-07-01 21:00:00,28.6,28.3,28.03217737342535,-0.5678226265746537,0.2678226265746524,0.2678226265746524
2025-07-01 22:00:00,28.3,28.0,28.027243580496457,-0.2727564195035429,-0.027243580496456588,0.027243580496456588
2025-07-01 23:00:00,28.0,27.8,27.728129544546587,-0.2718704554534118,0.0718704554534142,0.0718704554534142
2025-07-02 00:00:00,27.8,27.4,27.53259243642547,-0.2674075635745286,-0.13259243642547247,0.13259243642547247
2025-07-02 01:00:00,27.4,27.2,27.039737312768892,-0.3602626872311073,0.16026268723110704,0.16026268723110704
2025-07-02 02:00:00,27.2,27.0,26.980663895008306,-0.21933610499169526,0.01933610499169447,0.01933610499169447
2025-07-02 03:00:00,27.0,27.0,26.788708839633923,-0.21129116036607706,0.21129116036607698,0.21129116036607698
2025-07-02 04:00:00,27.0,26.9,26.887132021772047,-0.11286797822795268,0.012867978227951937,0.012867978227951937
2025-07-02 05:00:00,26.9,26.8,26.75518003309088,-0.14481996690911672,0.04481996690912027,0.04481996690912027
2025-07-02 06:00:00,26.8,27.0,26.976330120873993,0.17633012087399022,0.023669879126007487,0.023669879126007487
2025-07-02 07:00:00,27.0,27.4,27.576985556671545,0.5769855566715466,-0.17698555667154636,0.17698555667154636
2025-07-02 08:00:00,27.4,28.2,28.25848826454686,0.8584882645468593,-0.058488264546859625,0.058488264546859625
2025-07-02 09:00:00,28.2,28.8,29.156466091675096,0.9564660916750979,-0.35646609167509524,0.35646609167509524
2025-07-02 10:00:00,28.8,29.1,29.513663331515026,0.7136633315150263,-0.4136633315150249,0.4136633315150249
2025-07-02 11:00:00,29.1,30.2,29.355708529816255,0.2557085298162542,0.8442914701837445,0.8442914701837445
2025-07-02 12:00:00,30.2,30.6,30.68787287924573,0.4878728792457327,-0.08787287924572951,0.08787287924572951
2025-07-02 13:00:00,30.6,30.2,30.834178962664435,0.23417896266443275,-0.6341789626644356,0.6341789626644356
2025-07-02 14:00:00,30.2,30.2,30.3243271876447,0.12432718764470024,-0.12432718764469897,0.12432718764469897
2025-07-02 15:00:00,30.2,30.4,29.897325447061604,-0.3026745529383938,0.5026745529383945,0.5026745529383945
2025-07-02 16:00:00,30.4,30.6,30.124405810797565,-0.27559418920243434,0.475594189202436,0.475594189202436
2025-07-02 17:00:00,30.6,30.3,29.96217360343472,-0.6378263965652793,0.3378263965652799,0.3378263965652799
2025-07-02 18:00:00,30.3,29.5,29.552776936739093,-0.7472230632609081,-0.05277693673909312,0.05277693673909312
2025-07-02 19:00:00,29.5,28.8,28.74147449342735,-0.7585255065726506,0.05852550657264999,0.05852550657264999
2025-07-02 20:00:00,28.8,28.3,28.218605238003548,-0.5813947619964548,0.08139476199645301,0.08139476199645301
2025-07-02 21:00:00,28.3,28.0,27.85384384382768,-0.4461561561723216,0.1461561561723208,0.1461561561723208
2025-07-02 22:00:00,28.0,27.8,27.673904536933478,-0.3260954630665212,0.1260954630665232,0.1260954630665232
2025-07-02 23:00:00,27.8,27.6,27.45744047646046,-0.34255952353954344,0.1425595235395427,0.1425595235395427
2025-07-03 00:00:00,27.6,27.4,27.360761881391152,-0.23923811860884864,0.039238118608846406,0.039238118608846406
2025-07-03 01:00:00,27.4,27.2,27.19628205266675,-0.20371794733325063,0.003717947333250038,0.003717947333250038
2025-07-03 02:00:00,27.2,27.1,27.01726997778594,-0.18273002221405757,0.08273002221406145,0.08273002221406145
2025-07-03 03:00:00,27.1,27.0,26.942880237695224,-0.1571197623047782,0.05711976230477589,0.05711976230477589
2025-07-03 04:00:00,27.0,26.9,26.874765055280864,-0.12523494471913535,0.025234944719134234,0.025234944719134234
2025-07-03 05:00:00,26.9,26.8,26.77966421510844,-0.12033578489155776,0.02033578489156085,0.02033578489156085
2025-07-03 06:00:00,26.8,26.8,26.887243254309183,0.0872432543091828,-0.08724325430918256,0.08724325430918256
2025-07-03 07:00:00,26.8,27.0,27.177548220083754,0.37754822008375205,-0.1775482200837537,0.1775482200837537
2025-07-03 08:00:00,27.0,27.1,27.570003810169684,0.5700038101696854,-0.4700038101696826,0.4700038101696826
2025-07-03 09:00:00,27.1,27.5,27.21936775924163,0.11936775924163044,0.28063224075836857,0.28063224075836857
2025-07-03 10:00:00,27.5,28.2,28.090056076061916,0.5900560760619171,0.10994392393808283,0.10994392393808283
2025-07-03 11:00:00,28.2,28.5,28.8426218054028,0.6426218054028017,-0.34262180540279985,0.34262180540279985
2025-07-03 12:00:00,28.5,28.6,28.82266181489937,0.32266181489936946,-0.22266181489936798,0.22266181489936798
2025-07-03 13:00:00,28.6,30.0,28.69308851264111,0.09308851264111102,1.3069114873588887,1.3069114873588887
2025-07-03 14:00:00,30.0,31.5,30.248633459774673,0.24863345977467227,1.2513665402253267,1.2513665402253267
2025-07-03 15:00:00,31.5,31.1,31.49284346295977,-0.00715653704022996,-0.39284346295976746,0.39284346295976746
2025-07-03 16:00:00,31.1,31.5,30.6036537721923,-0.49634622780770177,0.896346227807701,0.896346227807701
2025-07-03 17:00:00,31.5,30.5,31.13005321278465,-0.36994678721535107,-0.6300532127846488,0.6300532127846488
2025-07-03 18:00:00,30.5,29.6,29.443639012550477,-1.056360987449522,0.1563609874495242,0.1563609874495242
2025-07-03 19:00:00,29.6,28.7,28.762060369786084,-0.8379396302139168,-0.06206036978608509,0.06206036978608509
2025-07-03 20:00:00,28.7,28.0,28.050225408345188,-0.6497745916548114,-0.05022540834518807,0.05022540834518807
2025-07-03 21:00:00,28.0,27.5,27.45472943101629,-0.5452705689837085,0.04527056898371029,0.04527056898371029
2025-07-03 22:00:00,27.5,27.0,27.053649978894796,-0.44635002110520533,-0.05364997889479639,0.05364997889479639
2025-07-03 23:00:00,27.0,26.5,26.58612240160453,-0.41387759839547095,-0.08612240160453055,0.08612240160453055
2025-07-04 00:00:00,26.5,26.3,26.06190238961745,-0.4380976103825484,0.23809761038254962,0.23809761038254962
2025-07-04 01:00:00,26.3,26.1,26.062663515912455,-0.23733648408754612,0.03733648408754675,0.03733648408754675
2025-07-04 02:00:00,26.1,26.0,25.81164681100369,-0.2883531889963092,0.18835318899630948,0.18835318899630948
2025-07-04 03:00:00,26.0,25.8,25.791821339766855,-0.20817866023314488,0.008178660233145507,0.008178660233145507
2025-07-04 04:00:00,25.8,25.8,25.609825209248346,-0.19017479075165472,0.1901747907516551,0.1901747907516551
2025-07-04 05:00:00,25.8,25.7,25.70017787113602,-0.09982212886397997,-0.00017787113602096838,0.00017787113602096838
2025-07-04 06:00:00,25.7,26.0,25.81266854078741,0.11266854078741027,0.1873314592125901,0.1873314592125901
2025-07-04 07:00:00,26.0,26.6,26.614419354528913,0.6144193545289112,-0.014419354528911299,0.014419354528911299
2025-07-04 08:00:00,26.6,26.8,27.42346377947834,0.8234637794783377,-0.6234637794783389,0.6234637794783389
2025-07-04 09:00:00,26.8,27.1,27.123828739345793,0.3238287393457912,-0.02382873934579166,0.02382873934579166
2025-07-04 10:00:00,27.1,27.3,27.374204397630262,0.2742043976302598,-0.0742043976302611,0.0742043976302611
2025-07-04 11:00:00,27.3,27.0,27.47488011082465,0.17488011082464774,-0.47488011082464965,0.47488011082464965
2025-07-04 12:00:00,27.0,27.4,27.06242030377402,0.062420303774018616,0.33757969622597983,0.33757969622597983
2025-07-04 13:00:00,27.4,29.1,27.561982407923768,0.16198240792377064,1.5380175920762333,1.5380175920762333
2025-07-04 14:00:00,29.1,29.5,29.540306934165205,0.4403069341652024,-0.04030693416520492,0.04030693416520492
2025-07-04 15:00:00,29.5,28.9,29.407077368745384,-0.09292263125461749,-0.5070773687453851,0.5070773687453851
2025-07-04 16:00:00,28.9,28.6,28.507492038806795,-0.39250796119320447,0.09250796119320626,0.09250796119320626
2025-07-04 17:00:00,28.6,28.4,28.156097790782972,-0.44390220921702916,0.2439022092170262,0.2439022092170262
2025-07-04 18:00:00,28.4,28.1,27.826230245390963,-0.5737697546090367,0.2737697546090381,0.2737697546090381
2025-07-04 19:00:00,28.1,27.7,27.613724898425406,-0.48627510157459597,0.08627510157459284,0.08627510157459284
2025-07-04 20:00:00,27.7,27.4,27.192647389293672,-0.5073526107063261,0.2073526107063266,0.2073526107063266
2025-07-04 21:00:00,27.4,27.1,27.100597858220716,-0.2994021417792813,-0.0005978582207148975,0.0005978582207148975
2025-07-04 22:00:00,27.1,26.9,26.836977087599585,-0.26302291240041564,0.06302291240041313,0.06302291240041313
2025-07-04 23:00:00,26.9,26.7,26.689638957083854,-0.21036104291614283,0.010361042916144925,0.010361042916144925
2025-07-05 00:00:00,26.7,26.6,26.41537286668416,-0.2846271333158398,0.18462713331584268,0.18462713331584268
2025-07-05 01:00:00,26.6,26.5,26.432206655278772,-0.16779334472123064,0.06779334472122756,0.06779334472122756
2025-07-05 02:00:00,26.5,26.3,26.33515993224411,-0.1648400677558888,-0.035159932244109626,0.035159932244109626
2025-07-05 03:00:00,26.3,26.2,26.10966755578578,-0.19033244421422107,0.09033244421421927,0.09033244421421927
2025-07-05 04:00:00,26.2,26.1,26.065755059638743,-0.1342449403612545,0.03424494036125836,0.03424494036125836
2025-07-05 05:00:00,26.1,26.0,25.97407044389742,-0.12592955610257875,0.025929556102578744,0.025929556102578744
2025-07-05 06:00:00,26.0,26.2,26.08099315875909,0.08099315875908726,0.11900684124091043,0.11900684124091043
2025-07-05 07:00:00,26.2,26.4,26.927999992056012,0.7279999920560145,-0.5279999920560137,0.5279999920560137
2025-07-05 08:00:00,26.4,27.2,26.954217141990313,0.5542171419903134,0.24578285800968658,0.24578285800968658
2025-07-05 09:00:00,27.2,27.7,28.068420648125816,0.8684206481258148,-0.36842064812581654,0.36842064812581654
2025-07-05 10:00:00,27.7,28.2,28.460808613629336,0.7608086136293359,-0.2608086136293366,0.2608086136293366
2025-07-05 11:00:00,28.2,29.2,28.849562347582726,0.6495623475827254,0.3504376524172734,0.3504376524172734
2025-07-05 12:00:00,29.2,30.3,29.906222478863327,0.7062224788633278,0.3937775211366734,0.3937775211366734
2025-07-05 13:00:00,30.3,31.1,30.730135512897608,0.43013551289760577,0.3698644871023937,0.3698644871023937
2025-07-05 14:00:00,31.1,32.2,31.114172678111924,0.014172678111923036,1.085827321888079,1.085827321888079
2025-07-05 15:00:00,32.2,32.0,32.10742176796838,-0.09257823203161915,-0.10742176796838265,0.10742176796838265
2025-07-05 16:00:00,32.0,31.2,31.52859421603739,-0.47140578396260935,-0.32859421603739136,0.32859421603739136
2025-07-05 17:00:00,31.2,30.7,30.699875007934654,-0.5001249920653441,0.00012499206534499763,0.00012499206534499763
2025-07-05 18:00:00,30.7,30.1,30.025462452051393,-0.6745375479486063,0.07453754794860856,0.07453754794860856
2025-07-05 19:00:00,30.1,29.2,29.307010908609897,-0.7929890913901064,-0.10701090860989737,0.10701090860989737
2025-07-05 20:00:00,29.2,28.7,28.533102878675184,-0.6668971213248146,0.1668971213248156,0.1668971213248156
2025-07-05 21:00:00,28.7,28.0,28.212323321127997,-0.4876766788720018,-0.21232332112799668,0.21232332112799668
2025-07-05 22:00:00,28.0,27.4,27.42843648547439,-0.5715635145256103,-0.028436485474390594,0.028436485474390594
2025-07-05 23:00:00,27.4,27.1,26.925685019653372,-0.4743149803466267,0.1743149803466295,0.1743149803466295
2025-07-06 00:00:00,27.1,26.8,26.767439251394983,-0.3325607486050196,0.03256074860501812,0.03256074860501812
2025-07-06 01:00:00,26.8,26.6,26.4976395467288,-0.30236045327120264,0.1023604532712028,0.1023604532712028
2025-07-06 02:00:00,26.6,26.6,26.34117781370096,-0.2588221862990438,0.2588221862990423,0.2588221862990423
2025-07-06 03:00:00,26.6,26.5,26.466086308534102,-0.13391369146589943,0.033913691465897955,0.033913691465897955
2025-07-06 04:00:00,26.5,26.5,26.353530018216933,-0.1464699817830657,0.14646998178306703,0.14646998178306703
2025-07-06 05:00:00,26.5,26.4,26.399733963795935,-0.10026603620406531,0.0002660362040636244,0.0002660362040636244
2025-07-06 06:00:00,26.4,26.4,26.464356902914293,0.06435690291429332,-0.06435690291429452,0.06435690291429452
2025-07-06 07:00:00,26.4,26.4,26.841499172702044,0.44149917270204325,-0.441499172702045,0.441499172702045
2025-07-06 08:00:00,26.4,26.6,26.84163417025742,0.4416341702574217,-0.24163417025742007,0.24163417025742007
2025-07-06 09:00:00,26.6,27.4,26.95524114970332,0.35524114970331666,0.4447588502966795,0.4447588502966795
2025-07-06 10:00:00,27.4,28.6,28.398071601832974,0.998071601832975,0.201928398167027,0.201928398167027
2025-07-06 11:00:00,28.6,30.6,29.526344683475838,0.9263446834758365,1.0736553165241638,1.0736553165241638
2025-07-06 12:00:00,30.6,31.5,31.473867966169824,0.8738679661698233,0.026132033830176482,0.026132033830176482
2025-07-06 13:00:00,31.5,32.6,31.94474921650852,0.4447492165085208,0.655250783491482,0.655250783491482
2025-07-06 14:00:00,32.6,32.7,32.607306135771445,0.0073061357714450095,0.09269386422855774,0.09269386422855774
2025-07-06 15:00:00,32.7,32.3,32.54743773097547,-0.152562269024539,-0.24743773097547006,0.24743773097547006
2025-07-06 16:00:00,32.3,31.9,31.712424485452406,-0.5875755145475928,0.1875755145475928,0.1875755145475928
2025-07-06 17:00:00,31.9,32.0,31.204684061956193,-0.6953159380438059,0.7953159380438066,0.7953159380438066
2025-07-06 18:00:00,32.0,31.4,31.203054605945802,-0.7969453940541965,0.19694539405419675,0.19694539405419675
2025-07-06 19:00:00,31.4,30.2,30.48132445076049,-0.9186755492395104,-0.28132445076048995,0.28132445076048995
2025-07-06 20:00:00,30.2,29.5,29.47413127383857,-0.7258687261614283,0.025868726161430544,0.025868726161430544
2025-07-06 21:00:00,29.5,28.8,28.9836603905506,-0.5163396094494,-0.18366039055059957,0.18366039055059957
2025-07-06 22:00:00,28.8,28.4,28.258533584575265,-0.5414664154247351,0.14146641542473404,0.14146641542473404
2025-07-06 23:00:00,28.4,28.2,28.011495355857136,-0.3885046441428611,0.1885046441428635,0.1885046441428635
2025-07-07 00:00:00,28.2,27.7,27.87803281087208,-0.32196718912791833,-0.17803281087208234,0.17803281087208234
2025-07-07 01:00:00,27.7,27.3,27.295244076240827,-0.4047559237591718,0.004755923759173442,0.004755923759173442
2025-07-07 02:00:00,27.3,27.2,26.955193191173397,-0.34480680882660253,0.24480680882660266,0.24480680882660266
2025-07-07 03:00:00,27.2,27.0,27.02652967004917,-0.17347032995082876,-0.026529670049171727,0.026529670049171727
2025-07-07 04:00:00,27.0,27.0,26.806987652025217,-0.19301234797478406,0.19301234797478273,0.19301234797478273
2025-07-07 05:00:00,27.0,26.7,26.898620631294637,-0.1013793687053612,-0.19862063129463792,0.19862063129463792
2025-07-07 06:00:00,26.7,26.8,26.81267006912283,0.11267006912283173,-0.012670069122830085,0.012670069122830085
2025-07-07 07:00:00,26.8,27.2,27.427455478311643,0.6274554783116411,-0.2274554783116436,0.2274554783116436
2025-07-07 08:00:00,27.2,27.5,27.997255049628464,0.7972550496284657,-0.497255049628464,0.497255049628464
2025-07-07 09:00:00,27.5,28.0,27.93196791771159,0.431967917711588,0.06803208228841129,0.06803208228841129
2025-07-07 10:00:00,28.0,28.3,28.630901362272784,0.6309013622727825,-0.3309013622727832,0.3309013622727832
2025-07-07 11:00:00,28.3,28.8,28.620402868495894,0.3204028684958928,0.1795971315041065,0.1795971315041065
2025-07-07 12:00:00,28.8,30.7,29.335182386733287,0.5351823867332848,1.3648176132667125,1.3648176132667125
2025-07-07 13:00:00,30.7,32.3,31.382283801891504,0.6822838018915045,0.9177161981084936,0.9177161981084936
2025-07-07 14:00:00,32.3,32.8,32.70815579342036,0.4081557934203596,0.09184420657963699,0.09184420657963699
2025-07-07 15:00:00,32.8,33.0,32.952662363115856,0.15266236311585887,0.047337636884144274,0.047337636884144274
2025-07-07 16:00:00,33.0,32.8,32.45964963499496,-0.5403503650050411,0.3403503650050368,0.3403503650050368
2025-07-07 17:00:00,32.8,32.2,32.184741650566416,-0.6152583494335795,0.01525834943358717,0.01525834943358717
2025-07-07 18:00:00,32.2,30.9,31.654345074628143,-0.5456549253718607,-0.7543450746281444,0.7543450746281444
2025-07-07 19:00:00,30.9,29.7,30.16632054871825,-0.7336794512817496,-0.4663205487182509,0.4663205487182509
2025-07-07 20:00:00,29.7,29.1,28.96510108116978,-0.73489891883022,0.13489891883022054,0.13489891883022054
2025-07-07 21:00:00,29.1,28.8,28.67820116858397,-0.42179883141602975,0.12179883141602943,0.12179883141602943
2025-07-07 22:00:00,28.8,28.6,28.535888723350524,-0.2641112766494748,0.06411127664947713,0.06411127664947713
2025-07-07 23:00:00,28.6,28.4,28.331823728685908,-0.2681762713140941,0.06817627131409054,0.06817627131409054
2025-07-08 00:00:00,28.4,28.2,28.10883633066372,-0.29116366933627663,0.09116366933627873,0.09116366933627873
2025-07-08 01:00:00,28.2,27.9,27.99470090247931,-0.20529909752069045,-0.0947009024793104,0.0947009024793104
2025-07-08 02:00:00,27.9,27.7,27.669937471786213,-0.23006252821378637,0.03006252821378652,0.03006252821378652
2025-07-08 03:00:00,27.7,27.4,27.506144390899763,-0.19385560910023789,-0.10614439089976457,0.10614439089976457
2025-07-08 04:00:00,27.4,27.0,27.20564617895947,-0.19435382104052776,-0.20564617895946924,0.20564617895946924
2025-07-08 05:00:00,27.0,27.0,26.769503617646055,-0.23049638235394423,0.23049638235394454,0.23049638235394454
2025-07-08 06:00:00,27.0,27.7,27.39039200123996,0.3903920012399584,0.30960799876003975,0.30960799876003975
2025-07-08 07:00:00,27.7,29.5,28.911417619967498,1.2114176199674993,0.5885823800325021,0.5885823800325021
2025-07-08 08:00:00,29.5,31.1,31.07971564244391,1.5797156424439123,0.020284357556089816,0.020284357556089816
2025-07-08 09:00:00,31.1,32.7,32.407348407780624,1.3073484077806208,0.29265159221937864,0.29265159221937864
2025-07-08 10:00:00,32.7,34.4,33.5601488070047,0.8601488070047014,0.8398511929952974,0.8398511929952974
2025-07-08 11:00:00,34.4,35.3,35.14784471560421,0.7478447156042081,0.15215528439578918,0.15215528439578918
2025-07-08 12:00:00,35.3,35.2,35.96438850085717,0.6643885008571718,-0.7643885008571658,0.7643885008571658
2025-07-08 13:00:00,35.2,36.7,35.198290501460384,-0.0017094985396219008,1.5017094985396184,1.5017094985396184
2025-07-08 14:00:00,36.7,37.4,37.074268235015026,0.374268235015021,0.32573176498497247,0.32573176498497247
2025-07-08 15:00:00,37.4,36.6,37.44678637112345,0.04678637112344977,-0.84678637112345,0.84678637112345
2025-07-08 16:00:00,36.6,37.2,36.149835139166846,-0.45016486083315754,1.0501648608331564,1.0501648608331564
2025-07-08 17:00:00,37.2,36.0,36.25034609761584,-0.9496539023841652,-0.25034609761583937,0.25034609761583937
2025-07-08 18:00:00,36.0,27.9,34.49366700460088,-1.5063329953991194,-6.593667004600881,6.593667004600881
2025-07-08 19:00:00,27.9,27.2,27.162230991230988,-0.7377690087690091,0.037769008769011236,0.037769008769011236
2025-07-08 20:00:00,27.2,27.4,26.733175931184828,-0.46682406881517,0.6668240688151705,0.6668240688151705
2025-07-08 21:00:00,27.4,27.8,27.285846318598058,-0.11415368140194147,0.5141536814019432,0.5141536814019432
2025-07-08 22:00:00,27.8,28.1,28.080620642337934,0.280620642337932,0.019379357662067775,0.019379357662067775
2025-07-08 23:00:00,28.1,28.2,28.08722880531714,-0.012771194682862348,0.11277119468286045,0.11277119468286045
2025-07-09 00:00:00,28.2,28.3,28.079926269529462,-0.12007373047053672,0.22007373047053846,0.22007373047053846
2025-07-09 01:00:00,28.3,28.3,28.18559219191289,-0.11440780808711287,0.11440780808711182,0.11440780808711182
2025-07-09 02:00:00,28.3,28.0,28.149391824125328,-0.15060817587467237,-0.1493918241253276,0.1493918241253276
2025-07-09 03:00:00,28.0,27.8,27.789085538760826,-0.21091446123917376,0.0109144612391745,0.0109144612391745
2025-07-09 04:00:00,27.8,27.6,27.61798350662578,-0.1820164933742197,-0.017983506625778745,0.017983506625778745
2025-07-09 05:00:00,27.6,27.5,27.40937001505837,-0.1906299849416283,0.09062998494162855,0.09062998494162855
2025-07-09 06:00:00,27.5,27.9,27.734673886107863,0.23467388610786458,0.16532611389213514,0.16532611389213514
2025-07-09 07:00:00,27.9,29.7,29.264539252417666,1.3645392524176667,0.4354607475823329,0.4354607475823329
2025-07-09 08:00:00,29.7,31.3,31.18770253688648,1.4877025368864807,0.11229746311352073,0.11229746311352073
2025-07-09 09:00:00,31.3,32.3,32.601829691540296,1.3018296915402983,-0.3018296915402985,0.3018296915402985
2025-07-09 10:00:00,32.3,33.6,33.254860370236955,0.9548603702369576,0.3451396297630467,0.3451396297630467
2025-07-09 11:00:00,33.6,33.8,34.36647222556209,0.7664722255620912,-0.5664722255620944,0.5664722255620944
2025-07-09 12:00:00,33.8,34.0,34.282551353535524,0.4825513535355289,-0.2825513535355242,0.2825513535355242
2025-07-09 13:00:00,34.0,35.4,34.205399466455106,0.2053994664551046,1.194600533544893,1.194600533544893
2025-07-09 14:00:00,35.4,35.4,35.71680769206126,0.3168076920612603,-0.3168076920612606,0.3168076920612606
2025-07-09 15:00:00,35.4,35.5,34.82345612635052,-0.576543873649477,0.6765438736494787,0.6765438736494787
2025-07-09 16:00:00,35.5,35.4,35.07110423708804,-0.42889576291195375,0.3288957629119551,0.3288957629119551
2025-07-09 17:00:00,35.4,35.3,34.67348863473085,-0.7265113652691435,0.6265113652691454,0.6265113652691454
2025-07-09 18:00:00,35.3,34.4,34.44172511302489,-0.8582748869751107,-0.04172511302488857,0.04172511302488857
2025-07-09 19:00:00,34.4,33.5,32.903325945445225,-1.4966740545547725,0.5966740545547751,0.5966740545547751
2025-07-09 20:00:00,33.5,32.9,32.63868976346455,-0.8613102365354496,0.2613102365354507,0.2613102365354507
2025-07-09 21:00:00,32.9,32.1,32.32080180922166,-0.5791981907783351,-0.22080180922166193,0.22080180922166193
2025-07-09 22:00:00,32.1,31.3,31.279813007942238,-0.820186992057764,0.020186992057762865,0.020186992057762865
2025-07-09 23:00:00,31.3,30.9,30.543690967976016,-0.7563090320239856,0.356309032023983,0.356309032023983
2025-07-10 00:00:00,30.9,30.1,30.395096717719955,-0.5049032822800437,-0.2950967177199537,0.2950967177199537
2025-07-10 01:00:00,30.1,29.3,29.504072041807106,-0.5959279581928969,-0.20407204180710536,0.20407204180710536
2025-07-10 02:00:00,29.3,28.7,28.77182643394044,-0.5281735660595602,-0.07182643394044064,0.07182643394044064
2025-07-10 03:00:00,28.7,28.2,28.18602366385611,-0.5139763361438926,0.013976336143890933,0.013976336143890933
2025-07-10 04:00:00,28.2,27.8,27.76440095186154,-0.4355990481384604,0.0355990481384616,0.0355990481384616
2025-07-10 05:00:00,27.8,27.3,27.43888799400522,-0.3611120059947814,-0.1388879940052199,0.1388879940052199
2025-07-10 06:00:00,27.3,27.6,27.429479515461644,0.12947951546164319,0.17052048453835766,0.17052048453835766
2025-07-10 07:00:00,27.6,29.4,28.814428270184646,1.2144282701846434,0.5855717298153529,0.5855717298153529
2025-07-10 08:00:00,29.4,31.0,30.790820105820103,1.390820105820106,0.20917989417989702,0.20917989417989702
2025-07-10 09:00:00,31.0,32.1,32.28011435222655,1.2801143522265492,-0.18011435222654626,0.18011435222654626
2025-07-10 10:00:00,32.1,33.4,33.01320615315397,0.9132061531539718,0.38679384684602525,0.38679384684602525
2025-07-10 11:00:00,33.4,34.1,34.22965275101026,0.8296527510102669,-0.12965275101026208,0.12965275101026208
2025-07-10 12:00:00,34.1,34.5,34.81415819911928,0.7141581991192779,-0.31415819911927656,0.31415819911927656
2025-07-10 13:00:00,34.5,35.4,34.95400287188894,0.45400287188893923,0.44599712811105974,0.44599712811105974
2025-07-10 14:00:00,35.4,35.7,35.58916777578851,0.18916777578851424,0.1108322242114923,0.1108322242114923
2025-07-10 15:00:00,35.7,36.1,35.150777528279974,-0.5492224717200272,0.9492224717200273,0.9492224717200273
2025-07-10 16:00:00,36.1,36.0,35.560828673373415,-0.5391713266265898,0.4391713266265853,0.4391713266265853
2025-07-10 17:00:00,36.0,35.5,34.774729972071654,-1.225270027928347,0.7252700279283459,0.7252700279283459
2025-07-10 18:00:00,35.5,33.9,34.134501720826066,-1.3654982791739358,-0.23450172082606713,0.23450172082606713
2025-07-10 19:00:00,33.9,32.2,32.42745857769763,-1.4725414223023705,-0.22745857769762523,0.22745857769762523
2025-07-10 20:00:00,32.2,31.0,31.150864419684723,-1.0491355803152806,-0.15086441968472286,0.15086441968472286
2025-07-10 21:00:00,31.0,29.9,29.831067367850927,-1.168932632149073,0.06893263214907108,0.06893263214907108
2025-07-10 22:00:00,29.9,28.9,28.85421997576169,-1.0457800242383086,0.04578002423830796,0.04578002423830796
2025-07-10 23:00:00,28.9,28.0,27.882396278290333,-1.0176037217096658,0.11760372170966704,0.11760372170966704
2025-07-11 00:00:00,28.0,27.1,27.13534127745584,-0.8646587225441588,-0.03534127745583859,0.03534127745583859
2025-07-11 01:00:00,27.1,26.4,26.237761597253595,-0.8622384027464053,0.16223840274640366,0.16223840274640366
2025-07-11 02:00:00,26.4,25.8,25.804824903250537,-0.5951750967494616,-0.0048249032505367495,0.0048249032505367495
2025-07-11 03:00:00,25.8,25.3,25.2529973311323,-0.5470026688677,0.04700266886770166,0.04700266886770166
2025-07-11 04:00:00,25.3,24.8,24.755812964177725,-0.5441870358222766,0.04418703582227579,0.04418703582227579
2025-07-11 05:00:00,24.8,24.6,24.307504218539787,-0.4924957814602147,0.2924957814602145,0.2924957814602145
2025-07-11 06:00:00,24.6,25.3,24.988461499523343,0.3884614995233417,0.311538500476658,0.311538500476658
2025-07-11 07:00:00,25.3,27.1,26.834652873947775,1.5346528739477738,0.26534712605222666,0.26534712605222666
2025-07-11 08:00:00,27.1,28.8,28.50557142857143,1.4055714285714287,0.29442857142857193,0.29442857142857193
2025-07-11 09:00:00,28.8,30.2,30.10629049904369,1.3062904990436892,0.09370950095630803,0.09370950095630803
2025-07-11 10:00:00,30.2,31.4,31.25882713274735,1.058827132747351,0.14117286725264933,0.14117286725264933
2025-07-11 11:00:00,31.4,32.5,32.17631978880856,0.7763197888085661,0.3236802111914372,0.3236802111914372
2025-07-11 12:00:00,32.5,33.5,33.13711522617144,0.6371152261714352,0.36288477382856144,0.36288477382856144
2025-07-11 13:00:00,33.5,34.3,33.90131239803283,0.40131239803282875,0.39868760196716835,0.39868760196716835
2025-07-11 14:00:00,34.3,35.0,34.53896016934949,0.23896016934948971,0.46103983065051324,0.46103983065051324
2025-07-11 15:00:00,35.0,35.7,34.859005871944746,-0.14099412805525763,0.8409941280552573,0.8409941280552573
2025-07-11 16:00:00,35.7,36.0,35.20791341173447,-0.49208658826553525,0.7920865882655335,0.7920865882655335
2025-07-11 17:00:00,36.0,35.6,35.00470408145481,-0.995295918545189,0.5952959185451903,0.5952959185451903
2025-07-11 18:00:00,35.6,34.2,34.65650911956494,-0.9434908804350637,-0.45650911956493445,0.45650911956493445
2025-07-11 19:00:00,34.2,32.5,32.67003648848387,-1.5299635115161323,-0.17003648848387343,0.17003648848387343
2025-07-11 20:00:00,32.5,30.9,31.419667805788617,-1.080332194211382,-0.5196678057886182,0.5196678057886182
2025-07-11 21:00:00,30.9,29.8,29.94559375587972,-0.9544062441202787,-0.14559375587971957,0.14559375587971957
2025-07-11 22:00:00,29.8,28.8,28.816725802954245,-0.9832741970457554,-0.01672580295424453,0.01672580295424453
2025-07-11 23:00:00,28.8,28.0,28.044402990705066,-0.7555970092949333,-0.04440299070506626,0.04440299070506626
2025-07-12 00:00:00,28.0,27.2,27.38311608430136,-0.6168839156986391,-0.18311608430136062,0.18311608430136062
2025-07-12 01:00:00,27.2,26.6,26.57205972186595,-0.6279402781340475,0.02794027813405009,0.02794027813405009
2025-07-12 02:00:00,26.6,26.0,26.060438169063993,-0.5395618309360106,-0.060438169063992575,0.060438169063992575
2025-07-12 03:00:00,26.0,25.4,25.493323318776156,-0.5066766812238427,-0.0933233187761573,0.0933233187761573
2025-07-12 04:00:00,25.4,24.8,24.87528644434952,-0.5247135556504797,-0.07528644434951914,0.07528644434951914
2025-07-12 05:00:00,24.8,24.4,24.41610249017801,-0.38389750982199344,-0.016102490178010243,0.016102490178010243
2025-07-12 06:00:00,24.4,25.1,24.779631275924938,0.3796312759249395,0.3203687240750632,0.3203687240750632
2025-07-12 07:00:00,25.1,27.3,26.635451485058887,1.535451485058885,0.6645485149411137,0.6645485149411137
2025-07-12 08:00:00,27.3,29.1,28.866083333333336,1.566083333333334,0.23391666666666566,0.23391666666666566
2025-07-12 09:00:00,29.1,30.6,30.470614987661513,1.370614987661512,0.12938501233848854,0.12938501233848854
2025-07-12 10:00:00,30.6,32.2,31.597140376157878,0.9971403761578749,0.6028596238421251,0.6028596238421251
2025-07-12 11:00:00,32.2,33.3,33.00946511961108,0.8094651196110733,0.2905348803889183,0.2905348803889183
2025-07-12 12:00:00,33.3,34.3,34.03353103096558,0.7335310309655817,0.2664689690344204,0.2664689690344204
2025-07-12 13:00:00,34.3,35.2,34.68887335564159,0.3888733556415941,0.5111266443584128,0.5111266443584128
2025-07-12 14:00:00,35.2,35.9,35.37116117838781,0.17116117838780548,0.5288388216121902,0.5288388216121902
2025-07-12 15:00:00,35.9,36.2,36.04331944992102,0.1433194499210258,0.15668055007898118,0.15668055007898118
2025-07-12 16:00:00,36.2,36.0,35.1910023005228,-1.008997699477208,0.808997699477203,0.808997699477203
2025-07-12 17:00:00,36.0,34.9,34.75244805362246,-1.2475519463775446,0.14755194637753988,0.14755194637753988
2025-07-12 18:00:00,34.9,32.8,33.37033761686451,-1.5296623831354903,-0.5703376168645136,0.5703376168645136
2025-07-12 19:00:00,32.8,31.4,31.23591043800839,-1.5640895619916093,0.1640895619916094,0.1640895619916094
2025-07-12 20:00:00,31.4,30.6,30.43253605280141,-0.967463947198587,0.16746394719859126,0.16746394719859126
2025-07-12 21:00:00,30.6,29.7,29.90452059832774,-0.6954794016722635,-0.20452059832773983,0.20452059832773983
2025-07-12 22:00:00,29.7,28.8,29.014502697522087,-0.6854973024779117,-0.21450269752208584,0.21450269752208584
2025-07-12 23:00:00,28.8,28.2,28.113049819925312,-0.686950180074689,0.08695018007468747,0.08695018007468747
2025-07-13 00:00:00,28.2,27.7,27.695774585510275,-0.5042254144897228,0.004225414489724244,0.004225414489724244
2025-07-13 01:00:00,27.7,27.3,27.24667342389063,-0.4533265761093704,0.053326576109370194,0.053326576109370194
2025-07-13 02:00:00,27.3,27.0,26.88607485755257,-0.4139251424474314,0.11392514244743168,0.11392514244743168
2025-07-13 03:00:00,27.0,26.7,26.681519162672487,-0.31848083732751253,0.01848083732751249,0.01848083732751249
2025-07-13 04:00:00,26.7,26.0,26.37568026330942,-0.3243197366905799,-0.3756802633094196,0.3756802633094196
2025-07-13 05:00:00,26.0,25.7,25.807061692271446,-0.19293830772855283,-0.10706169227144713,0.10706169227144713
2025-07-13 06:00:00,25.7,26.4,25.971621714974802,0.27162171497480286,0.4283782850251967,0.4283782850251967
2025-07-13 07:00:00,26.4,27.8,27.95253820675607,1.5525382067560725,-0.15253820675606988,0.15253820675606988
2025-07-13 08:00:00,27.8,29.3,29.194954289014785,1.3949542890147848,0.10504571098521609,0.10504571098521609
2025-07-13 09:00:00,29.3,30.1,30.509445326865013,1.2094453268650127,-0.40944532686501134,0.40944532686501134
2025-07-13 10:00:00,30.1,30.8,30.998567875230354,0.8985678752303532,-0.1985678752303528,0.1985678752303528
2025-07-13 11:00:00,30.8,30.6,31.608132405580317,0.8081324055803154,-1.0081324055803158,1.0081324055803158
2025-07-13 12:00:00,30.6,30.7,30.66944529557577,0.06944529557576788,0.030554704424229584,0.030554704424229584
2025-07-13 13:00:00,30.7,28.2,30.61656646648522,-0.08343353351477938,-2.4165664664852216,2.4165664664852216
2025-07-13 14:00:00,28.2,28.1,27.755825976661594,-0.4441740233384067,0.3441740233384074,0.3441740233384074
2025-07-13 15:00:00,28.1,28.3,27.47738678212925,-0.6226132178707491,0.8226132178707495,0.8226132178707495
2025-07-13 16:00:00,28.3,28.3,27.889904983130407,-0.4100950168695951,0.4100950168695938,0.4100950168695938
2025-07-13 17:00:00,28.3,28.2,27.89711996816483,-0.40288003183517,0.3028800318351692,0.3028800318351692
2025-07-13 18:00:00,28.2,28.1,27.787515564021806,-0.4124844359781926,0.3124844359781953,0.3124844359781953
2025-07-13 19:00:00,28.1,27.8,27.35044000120446,-0.74955999879554,0.44955999879553943,0.44955999879553943
2025-07-13 20:00:00,27.8,27.0,27.18920843896175,-0.6107915610382523,-0.18920843896174944,0.18920843896174944
2025-07-13 21:00:00,27.0,26.5,26.486138239145905,-0.5138617608540943,0.01386176085409474,0.01386176085409474
2025-07-13 22:00:00,26.5,25.9,26.05169657913924,-0.4483034208607592,-0.15169657913924084,0.15169657913924084
2025-07-13 23:00:00,25.9,25.6,25.49338873826987,-0.4066112617301258,0.10661126173013002,0.10661126173013002
2025-07-14 00:00:00,25.6,25.3,25.19118376468757,-0.40881623531243233,0.10881623531243179,0.10881623531243179
2025-07-14 01:00:00,25.3,25.1,25.01322011403165,-0.2867798859683502,0.08677988596835107,0.08677988596835107
2025-07-14 02:00:00,25.1,24.7,24.84354462229331,-0.2564553777066904,-0.14354462229331233,0.14354462229331233
2025-07-14 03:00:00,24.7,24.3,24.36470112862708,-0.3352988713729198,-0.06470112862707822,0.06470112862707822
2025-07-14 04:00:00,24.3,23.9,24.09655055685447,-0.20344944314553165,-0.1965505568544721,0.1965505568544721
2025-07-14 05:00:00,23.9,23.6,23.618403385286634,-0.2815966147133661,-0.0184033852866321,0.0184033852866321
2025-07-14 06:00:00,23.6,24.0,23.931185394200142,0.33118539420014026,0.06881460579985799,0.06881460579985799
2025-07-14 07:00:00,24.0,25.1,25.200191672371762,1.2001916723717623,-0.10019167237176063,0.10019167237176063
2025-07-14 08:00:00,25.1,25.6,26.195784635511146,1.0957846355111456,-0.5957846355111442,0.5957846355111442
2025-07-14 09:00:00,25.6,26.1,26.251270138607268,0.6512701386072653,-0.15127013860726635,0.15127013860726635
2025-07-14 10:00:00,26.1,27.7,26.92347685910276,0.8234768591027567,0.7765231408972397,0.7765231408972397
2025-07-14 11:00:00,27.7,27.9,28.578323276317626,0.8783232763176249,-0.6783232763176272,0.6783232763176272
2025-07-14 12:00:00,27.9,25.8,28.37109476196268,0.4710947619626819,-2.57109476196268,2.57109476196268
2025-07-14 13:00:00,25.8,25.6,25.38601811386046,-0.41398188613954223,0.2139818861395426,0.2139818861395426
2025-07-14 14:00:00,25.6,24.8,25.485272333415935,-0.11472766658406702,-0.6852723334159343,0.6852723334159343
2025-07-14 15:00:00,24.8,23.2,24.321014660838614,-0.47898533916138747,-1.1210146608386147,1.1210146608386147
2025-07-14 16:00:00,23.2,23.2,22.987186958061958,-0.21281304193804174,0.21281304193804118,0.21281304193804118
2025-07-14 17:00:00,23.2,23.1,23.145417293686634,-0.054582706313363545,-0.04541729368663283,0.04541729368663283
2025-07-14 18:00:00,23.1,23.0,22.996378474981938,-0.1036215250180615,0.0036215250180617886,0.0036215250180617886
2025-07-14 19:00:00,23.0,22.7,22.626783622211526,-0.37321637778847344,0.0732163777884729,0.0732163777884729
2025-07-14 20:00:00,22.7,22.5,22.319891218408742,-0.3801087815912586,0.1801087815912581,0.1801087815912581
2025-07-14 21:00:00,22.5,22.1,22.29967768398824,-0.20032231601176184,-0.19967768398823793,0.19967768398823793
2025-07-14 22:00:00,22.1,21.9,21.77082114802693,-0.3291788519730719,0.12917885197306944,0.12917885197306944
2025-07-14 23:00:00,21.9,21.7,21.73367758359491,-0.16632241640508813,-0.03367758359491191,0.03367758359491191
2025-07-15 00:00:00,21.7,21.6,21.539089897003333,-0.1609101029966658,0.06091010299666877,0.06091010299666877
2025-07-15 01:00:00,21.6,21.5,21.50414623464715,-0.09585376535285434,-0.004146234647148361,0.004146234647148361
2025-07-15 02:00:00,21.5,21.6,21.39445681511949,-0.10554318488050882,0.20554318488051138,0.20554318488051138
2025-07-15 03:00:00,21.6,21.6,21.595742277848387,-0.004257722151615365,0.0042577221516140185,0.0042577221516140185
2025-07-15 04:00:00,21.6,21.6,21.56057203340001,-0.039427966599992155,0.03942796659999104,0.03942796659999104
2025-07-15 05:00:00,21.6,21.5,21.547471571908776,-0.05252842809122451,-0.047471571908776156,0.047471571908776156
2025-07-15 06:00:00,21.5,21.6,21.640247085288753,0.1402470852887518,-0.040247085288751094,0.040247085288751094
2025-07-15 07:00:00,21.6,22.0,21.838712479690003,0.23871247969000128,0.1612875203099975,0.1612875203099975
2025-07-15 08:00:00,22.0,22.5,22.691314501781665,0.6913145017816655,-0.1913145017816653,0.1913145017816653
2025-07-15 09:00:00,22.5,22.8,23.241921033617217,0.7419210336172154,-0.44192103361721635,0.44192103361721635
2025-07-15 10:00:00,22.8,23.0,23.334440612793696,0.5344406127936946,-0.33444061279369564,0.33444061279369564
2025-07-15 11:00:00,23.0,23.8,23.41459559810671,0.4145955981067109,0.3854044018932896,0.3854044018932896
2025-07-15 12:00:00,23.8,24.2,24.456975341836774,0.6569753418367725,-0.2569753418367746,0.2569753418367746
2025-07-15 13:00:00,24.2,24.4,24.57136324214915,0.3713632421491501,-0.17136324214915177,0.17136324214915177
2025-07-15 14:00:00,24.4,25.7,24.616413151070596,0.2164131510705985,1.0835868489294036,1.0835868489294036
2025-07-15 15:00:00,25.7,25.5,26.090434095860566,0.39043409586056654,-0.5904340958605658,0.5904340958605658
2025-07-15 16:00:00,25.5,25.4,25.086799987126835,-0.4132000128731648,0.313200012873164,0.313200012873164
2025-07-15 17:00:00,25.4,25.0,24.930889039003315,-0.4691109609966847,0.06911096099668512,0.06911096099668512
2025-07-15 18:00:00,25.0,25.0,24.58100040884672,-0.4189995911532816,0.41899959115328045,0.41899959115328045
2025-07-15 19:00:00,25.0,24.4,24.54686420696352,-0.4531357930364793,-0.14686420696352087,0.14686420696352087
2025-07-15 20:00:00,24.4,24.2,23.897716217066417,-0.5022837829335799,0.30228378293358205,0.30228378293358205
2025-07-15 21:00:00,24.2,24.2,23.910771623205108,-0.2892283767948915,0.2892283767948918,0.2892283767948918
2025-07-15 22:00:00,24.2,24.1,24.012367688751404,-0.1876323112485971,0.08763231124859772,0.08763231124859772
2025-07-15 23:00:00,24.1,24.1,23.904682873183077,-0.1953171268169234,0.19531712681692426,0.19531712681692426
2025-07-16 00:00:00,24.1,24.1,23.98247651629841,-0.11752348370159171,0.11752348370159282,0.11752348370159282
2025-07-16 01:00:00,24.1,24.1,23.97107151698089,-0.12892848301911233,0.12892848301911286,0.12892848301911286
2025-07-16 02:00:00,24.1,24.2,23.962863950541582,-0.13713604945841854,0.23713604945841738,0.23713604945841738
2025-07-16 03:00:00,24.2,24.3,24.12256330189817,-0.07743669810182888,0.17743669810182894,0.17743669810182894
2025-07-16 04:00:00,24.3,24.2,24.286012120386193,-0.013987879613808938,-0.08601212038619366,0.08601212038619366
2025-07-16 05:00:00,24.2,24.1,24.066693205105828,-0.13330679489417183,0.03330679489417321,0.03330679489417321
2025-07-16 06:00:00,24.1,24.3,24.293695304002785,0.19369530400278262,0.006304695997215504,0.006304695997215504
2025-07-16 07:00:00,24.3,24.4,24.92720591586123,0.6272059158612283,-0.5272059158612308,0.5272059158612308
2025-07-16 08:00:00,24.4,24.6,24.71038264918347,0.31038264918347075,-0.11038264918346741,0.11038264918346741
2025-07-16 09:00:00,24.6,24.6,25.023559048106293,0.42355904810629263,-0.4235590481062914,0.4235590481062914
2025-07-16 10:00:00,24.6,23.2,24.78085619384841,0.18085619384840948,-1.5808561938484118,1.5808561938484118
2025-07-16 11:00:00,23.2,23.3,23.14394331444762,-0.056056685552381885,0.1560566855523824,0.1560566855523824
2025-07-16 12:00:00,23.3,23.5,23.323804777139728,0.023804777139728468,0.17619522286027234,0.17619522286027234
2025-07-16 13:00:00,23.5,23.6,23.56243785349197,0.062437853491970625,0.037562146508030025,0.037562146508030025
2025-07-16 14:00:00,23.6,23.0,23.640769987172185,0.04076998717218402,-0.6407699871721846,0.6407699871721846
2025-07-16 15:00:00,23.0,22.7,22.78185375759475,-0.21814624240525218,-0.08185375759475022,0.08185375759475022
2025-07-16 16:00:00,22.7,22.7,22.491107582092017,-0.20889241790798393,0.20889241790798252,0.20889241790798252
2025-07-16 17:00:00,22.7,22.6,22.735217796926992,0.03521779692699436,-0.13521779692699099,0.13521779692699099
2025-07-16 18:00:00,22.6,22.5,22.491225023400826,-0.10877497659917662,0.008774976599173812,0.008774976599173812
2025-07-16 19:00:00,22.5,22.4,22.295941793139924,-0.2040582068600752,0.10405820686007416,0.10405820686007416
2025-07-16 20:00:00,22.4,22.3,22.216614493497936,-0.18338550650206434,0.083385506502065,0.083385506502065
2025-07-16 21:00:00,22.3,22.3,22.182848019033806,-0.1171519809661942,0.11715198096619517,0.11715198096619517
2025-07-16 22:00:00,22.3,22.4,22.263815474510203,-0.03618452548979658,0.13618452548979576,0.13618452548979576
2025-07-16 23:00:00,22.4,22.5,22.392698643258623,-0.007301356741377024,0.10730135674137742,0.10730135674137742
2025-07-17 00:00:00,22.5,22.6,22.520030817397156,0.02003081739715478,0.07996918260284502,0.07996918260284502
2025-07-17 01:00:00,22.6,22.8,22.64225973499152,0.04225973499151929,0.15774026500848137,0.15774026500848137
2025-07-17 02:00:00,22.8,22.9,22.85557695189827,0.05557695189826983,0.04442304810172715,0.04442304810172715
2025-07-17 03:00:00,22.9,22.8,22.90512054474417,0.0051205447441722025,-0.10512054474417099,0.10512054474417099
2025-07-17 04:00:00,22.8,22.6,22.740842265158268,-0.059157734841734186,-0.14084226515826614,0.14084226515826614
2025-07-17 05:00:00,22.6,22.7,22.50501394171182,-0.09498605828818095,0.19498605828817972,0.19498605828817972
2025-07-17 06:00:00,22.7,22.6,22.742926329105675,0.042926329105676474,-0.1429263291056735,0.1429263291056735
2025-07-17 07:00:00,22.6,22.6,22.673644455051274,0.07364445505127169,-0.07364445505127293,0.07364445505127293
2025-07-17 08:00:00,22.6,22.3,22.77015575234023,0.17015575234022892,-0.4701557523402293,0.4701557523402293
2025-07-17 09:00:00,22.3,22.0,22.250751463678643,-0.049248536321359136,-0.2507514636786432,0.2507514636786432
2025-07-17 10:00:00,22.0,22.7,21.954984870928147,-0.04501512907185149,0.7450151290718523,0.7450151290718523
2025-07-17 11:00:00,22.7,23.9,23.455183825498374,0.7551838254983739,0.44481617450162503,0.44481617450162503
2025-07-17 12:00:00,23.9,24.3,24.663209392374497,0.7632093923744984,-0.3632093923744968,0.3632093923744968
2025-07-17 13:00:00,24.3,23.8,25.076950785667233,0.7769507856672335,-1.276950785667232,1.276950785667232
2025-07-17 14:00:00,23.8,24.0,23.915807338131216,0.11580733813121404,0.0841926618687836,0.0841926618687836
2025-07-17 15:00:00,24.0,24.2,24.110264135379154,0.11026413537915442,0.08973586462084526,0.08973586462084526
2025-07-17 16:00:00,24.2,24.1,24.137466610401933,-0.06253338959806427,-0.03746661040193189,0.03746661040193189
2025-07-17 17:00:00,24.1,23.8,23.9137020936107,-0.1862979063893037,-0.11370209361069783,0.11370209361069783
2025-07-17 18:00:00,23.8,23.7,23.481658236430032,-0.31834176356997007,0.21834176356996693,0.21834176356996693
2025-07-17 19:00:00,23.7,23.5,23.54862372421592,-0.15137627578408114,-0.04862372421591843,0.04862372421591843
2025-07-17 20:00:00,23.5,23.3,23.26439828465332,-0.2356017153466786,0.03560171534667944,0.03560171534667944
2025-07-17 21:00:00,23.3,23.2,23.149055745153913,-0.15094425484608995,0.05094425484608678,0.05094425484608678
2025-07-17 22:00:00,23.2,23.3,23.109056021202075,-0.09094397879792299,0.19094397879792524,0.19094397879792524
2025-07-17 23:00:00,23.3,23.4,23.308222874761608,0.008222874761608741,0.09177712523839077,0.09177712523839077
2025-07-18 00:00:00,23.4,23.5,23.398922349537692,-0.0010776504623069775,0.1010776504623081,0.1010776504623081
2025-07-18 01:00:00,23.5,23.5,23.445504480084896,-0.05449551991510469,0.05449551991510404,0.05449551991510404
2025-07-18 02:00:00,23.5,23.4,23.461726826157747,-0.03827317384225183,-0.061726826157748604,0.061726826157748604
2025-07-18 03:00:00,23.4,23.4,23.266656528549635,-0.13334347145036196,0.13334347145036318,0.13334347145036318
2025-07-18 04:00:00,23.4,23.2,23.33446120669738,-0.06553879330261918,-0.13446120669738093,0.13446120669738093
2025-07-18 05:00:00,23.2,23.1,23.111916643224074,-0.08808335677592644,-0.011916643224072487,0.011916643224072487
2025-07-18 06:00:00,23.1,23.1,23.217875071872786,0.11787507187278336,-0.11787507187278479,0.11787507187278479
2025-07-18 07:00:00,23.1,23.4,23.60875614863905,0.5087561486390474,-0.20875614863905056,0.20875614863905056
2025-07-18 08:00:00,23.4,23.0,23.887669598548065,0.4876695985480672,-0.8876695985480652,0.8876695985480652
2025-07-18 09:00:00,23.0,23.2,22.804247784279255,-0.19575221572074486,0.39575221572074426,0.39575221572074426
2025-07-18 10:00:00,23.2,23.9,23.44840422199205,0.24840422199205062,0.4515957780079489,0.4515957780079489
2025-07-18 11:00:00,23.9,24.2,24.689439347298485,0.7894393472984852,-0.4894393472984859,0.4894393472984859
2025-07-18 12:00:00,24.2,24.7,24.433903911792914,0.23390391179291645,0.2660960882070853,0.2660960882070853
2025-07-18 13:00:00,24.7,25.4,25.07347545837422,0.3734754583742179,0.3265245416257798,0.3265245416257798
2025-07-18 14:00:00,25.4,25.9,26.131061232466827,0.7310612324668294,-0.23106123246682841,0.23106123246682841
2025-07-18 15:00:00,25.9,26.9,26.178997534056357,0.27899753405635763,0.7210024659436414,0.7210024659436414
2025-07-18 16:00:00,26.9,27.0,26.982377678254956,0.08237767825495831,0.01762232174504419,0.01762232174504419
2025-07-18 17:00:00,27.0,27.0,27.102682878789782,0.10268287878978156,-0.102682878789782,0.102682878789782
2025-07-18 18:00:00,27.0,26.9,26.86606226517577,-0.1339377348242304,0.033937734824228016,0.033937734824228016
2025-07-18 19:00:00,26.9,26.3,26.692559569983022,-0.20744043001697818,-0.3925595699830211,0.3925595699830211
2025-07-18 20:00:00,26.3,25.8,25.882442473244968,-0.41755752675503205,-0.08244247324496712,0.08244247324496712
2025-07-18 21:00:00,25.8,25.5,25.41706826467813,-0.38293173532187336,0.08293173532187126,0.08293173532187126
2025-07-18 22:00:00,25.5,25.4,25.23486740905492,-0.2651325909450775,0.1651325909450776,0.1651325909450776
2025-07-18 23:00:00,25.4,25.3,25.222102379031732,-0.1778976209682685,0.07789762096826891,0.07789762096826891
2025-07-19 00:00:00,25.3,25.1,25.149075333314503,-0.15092466668549606,-0.049075333314501535,0.049075333314501535
2025-07-19 01:00:00,25.1,24.8,24.909797046711965,-0.19020295328803677,-0.10979704671196444,0.10979704671196444
2025-07-19 02:00:00,24.8,22.6,24.651332213709523,-0.14866778629047758,-2.0513322137095216,2.0513322137095216
2025-07-19 03:00:00,22.6,22.0,22.31174296997593,-0.2882570300240713,-0.3117429699759313,0.3117429699759313
2025-07-19 04:00:00,22.0,21.9,21.67898816434154,-0.32101183565846036,0.22101183565845872,0.22101183565845872
2025-07-19 05:00:00,21.9,22.0,21.849029034095725,-0.05097096590427351,0.15097096590427483,0.15097096590427483
2025-07-19 06:00:00,22.0,22.1,22.15140195038879,0.1514019503887922,-0.05140195038879014,0.05140195038879014
2025-07-19 07:00:00,22.1,22.0,22.46909234286205,0.36909234286205156,-0.4690923428620515,0.4690923428620515
2025-07-19 08:00:00,22.0,22.2,22.09313036046682,0.09313036046682074,0.10686963953317985,0.10686963953317985
2025-07-19 09:00:00,22.2,22.5,22.44355295782184,0.2435529578218399,0.05644704217815999,0.05644704217815999
2025-07-19 10:00:00,22.5,22.9,22.86788741972079,0.36788741972079025,0.03211258027920749,0.03211258027920749
2025-07-19 11:00:00,22.9,23.2,23.35096323613075,0.4509632361307493,-0.15096323613074958,0.15096323613074958
2025-07-19 12:00:00,23.2,23.7,23.446712846389847,0.24671284638984814,0.2532871536101524,0.2532871536101524
2025-07-19 13:00:00,23.7,24.1,23.988622191542706,0.28862219154270863,0.11137780845729495,0.11137780845729495
2025-07-19 14:00:00,24.1,24.8,24.738235192082573,0.6382351920825705,0.06176480791742733,0.06176480791742733
2025-07-19 15:00:00,24.8,25.4,24.83587153750389,0.03587153750389048,0.5641284624961074,0.5641284624961074
2025-07-19 16:00:00,25.4,25.6,25.42560748329921,0.025607483299212534,0.1743925167007916,0.1743925167007916
2025-07-19 17:00:00,25.6,25.6,25.663797986731968,0.06379798673196571,-0.06379798673196646,0.06379798673196646
2025-07-19 18:00:00,25.6,25.5,25.629087032856734,0.029087032856732097,-0.1290870328567344,0.1290870328567344
2025-07-19 19:00:00,25.5,25.4,25.34912090946696,-0.1508790905330382,0.050879090533037186,0.050879090533037186
2025-07-19 20:00:00,25.4,25.2,25.268883598640734,-0.131116401359263,-0.06888359864073479,0.06888359864073479
2025-07-19 21:00:00,25.2,25.1,25.05172072675238,-0.1482792732476215,0.04827927324762271,0.04827927324762271
2025-07-19 22:00:00,25.1,25.2,25.01090327175652,-0.08909672824348357,0.18909672824348078,0.18909672824348078
2025-07-19 23:00:00,25.2,25.3,25.165286729019613,-0.03471327098038526,0.134713270980388,0.134713270980388
2025-07-20 00:00:00,25.3,25.5,25.27636501160932,-0.023634988390678034,0.2236349883906783,0.2236349883906783
2025-07-20 01:00:00,25.5,25.6,25.428699837721254,-0.07130016227874565,0.17130016227874734,0.17130016227874734
2025-07-20 02:00:00,25.6,25.5,25.548945255992532,-0.051054744007471155,-0.048945255992531855,0.048945255992531855
2025-07-20 03:00:00,25.5,25.4,25.36667051141442,-0.13332948858557972,0.03332948858557927,0.03332948858557927
2025-07-20 04:00:00,25.4,25.2,25.28777055766895,-0.11222944233104835,-0.08777055766895003,0.08777055766895003
2025-07-20 05:00:00,25.2,25.0,25.070677753342565,-0.12932224665743333,-0.0706777533425651,0.0706777533425651
2025-07-20 06:00:00,25.0,25.0,24.961973248334434,-0.03802675166556399,0.03802675166556568,0.03802675166556568
2025-07-20 07:00:00,25.0,25.3,25.25524866019917,0.25524866019917014,0.044751339800829015,0.044751339800829015
2025-07-20 08:00:00,25.3,26.1,25.844498944813076,0.5444989448130753,0.2555010551869259,0.2555010551869259
2025-07-20 09:00:00,26.1,26.2,27.010828292659827,0.9108282926598247,-0.8108282926598278,0.8108282926598278
2025-07-20 10:00:00,26.2,28.0,26.42101486281481,0.22101486281481275,1.5789851371851888,1.5789851371851888
2025-07-20 11:00:00,28.0,28.6,29.146593915343914,1.146593915343915,-0.5465939153439123,0.5465939153439123
2025-07-20 12:00:00,28.6,28.7,29.128803792310322,0.5288037923103222,-0.4288037923103225,0.4288037923103225
2025-07-20 13:00:00,28.7,29.3,28.87520261030928,0.17520261030928264,0.42479738969072045,0.42479738969072045
2025-07-20 14:00:00,29.3,30.0,29.643269837168884,0.3432698371688822,0.35673016283111636,0.35673016283111636
2025-07-20 15:00:00,30.0,30.6,29.84229592842036,-0.15770407157964136,0.7577040715796421,0.7577040715796421
2025-07-20 16:00:00,30.6,31.3,30.324513456975126,-0.2754865430248774,0.9754865430248749,0.9754865430248749
2025-07-20 17:00:00,31.3,31.1,30.94778707082212,-0.3522129291778807,0.15221292917788176,0.15221292917788176
2025-07-20 18:00:00,31.1,30.4,30.30033779746787,-0.799662202532133,0.0996622025321301,0.0996622025321301
2025-07-20 19:00:00,30.4,29.1,29.543212911239493,-0.8567870887605039,-0.4432129112394918,0.4432129112394918
2025-07-20 20:00:00,29.1,28.2,28.39317631901212,-0.7068236809878827,-0.19317631901212096,0.19317631901212096
2025-07-20 21:00:00,28.2,27.6,27.5376089410346,-0.6623910589654014,0.06239105896540309,0.06239105896540309
2025-07-20 22:00:00,27.6,27.5,27.150719696517385,-0.4492803034826156,0.3492803034826153,0.3492803034826153
2025-07-20 23:00:00,27.5,27.3,27.306495483734853,-0.19350451626514714,-0.006495483734852314,0.006495483734852314
2025-07-21 00:00:00,27.3,26.9,27.03046427477574,-0.26953572522426333,-0.13046427477573985,0.13046427477573985
2025-07-21 01:00:00,26.9,26.5,26.55542369197948,-0.34457630802051675,-0.05542369197948105,0.05542369197948105
2025-07-21 02:00:00,26.5,26.1,26.190130139940788,-0.3098698600592128,-0.09013013994078634,0.09013013994078634
2025-07-21 03:00:00,26.1,25.8,25.800369727527464,-0.29963027247253726,-0.0003697275274632261,0.0003697275274632261
2025-07-21 04:00:00,25.8,25.7,25.54872116261765,-0.2512788373823527,0.1512788373823497,0.1512788373823497
2025-07-21 05:00:00,25.7,25.9,25.56544624575769,-0.13455375424230817,0.3345537542423074,0.3345537542423074
2025-07-21 06:00:00,25.9,26.1,26.43208696559864,0.5320869655986394,-0.3320869655986378,0.3320869655986378
2025-07-21 07:00:00,26.1,26.6,26.681508137373115,0.5815081373731129,-0.08150813737311324,0.08150813737311324
2025-07-21 08:00:00,26.6,27.1,27.439742116110835,0.8397421161108326,-0.33974211611083405,0.33974211611083405
2025-07-21 09:00:00,27.1,28.0,27.966192640430226,0.866192640430224,0.03380735956977432,0.03380735956977432
2025-07-21 10:00:00,28.0,29.2,29.140838636091573,1.1408386360915728,0.05916136390842652,0.05916136390842652
2025-07-21 11:00:00,29.2,30.5,29.986340249274345,0.7863402492743478,0.5136597507256546,0.5136597507256546
2025-07-21 12:00:00,30.5,30.8,31.185928627990812,0.6859286279908129,-0.3859286279908112,0.3859286279908112
2025-07-21 13:00:00,30.8,30.8,31.09946841366458,0.29946841366458166,-0.2994684136645809,0.2994684136645809
2025-07-21 14:00:00,30.8,31.6,30.961336221791253,0.1613362217912541,0.6386637782087483,0.6386637782087483
2025-07-21 15:00:00,31.6,31.3,31.44774483152368,-0.15225516847632167,-0.1477448315236778,0.1477448315236778
2025-07-21 16:00:00,31.3,31.1,30.922427325246357,-0.3775726747536439,0.17757267475364458,0.17757267475364458
2025-07-21 17:00:00,31.1,31.0,30.390235415930018,-0.7097645840699826,0.6097645840699819,0.6097645840699819
2025-07-21 18:00:00,31.0,29.8,30.27415154256729,-0.725848457432712,-0.474151542567288,0.474151542567288
2025-07-21 19:00:00,29.8,28.8,28.682671575876505,-1.1173284241234966,0.11732842412349598,0.11732842412349598
2025-07-21 20:00:00,28.8,28.2,28.057767550635784,-0.7422324493642161,0.14223244936421509,0.14223244936421509
2025-07-21 21:00:00,28.2,27.9,27.76283303483021,-0.4371669651697917,0.13716696516979,0.13716696516979
2025-07-21 22:00:00,27.9,27.7,27.625515556159637,-0.27448444384036225,0.07448444384036179,0.07448444384036179
2025-07-21 23:00:00,27.7,27.4,27.337944931556752,-0.3620550684432479,0.0620550684432466,0.0620550684432466
2025-07-22 00:00:00,27.4,27.2,27.111985646761454,-0.2880143532385444,0.08801435323854534,0.08801435323854534
2025-07-22 01:00:00,27.2,27.0,26.986033030159074,-0.21396696984092348,0.013966969840925714,0.013966969840925714
2025-07-22 02:00:00,27.0,26.9,26.791726602373128,-0.20827339762687275,0.1082733976268706,0.1082733976268706
2025-07-22 03:00:00,26.9,26.8,26.740248876088373,-0.15975112391162757,0.05975112391162796,0.05975112391162796
2025-07-22 04:00:00,26.8,26.7,26.66579949946322,-0.1342005005367804,0.034200500536780254,0.034200500536780254
2025-07-22 05:00:00,26.7,26.7,26.543415010201954,-0.15658498979804564,0.15658498979804492,0.15658498979804492
2025-07-22 06:00:00,26.7,26.8,26.943020938448612,0.24302093844861122,-0.1430209384486112,0.1430209384486112
2025-07-22 07:00:00,26.8,27.4,27.191116902970126,0.391116902970125,0.2088830970298723,0.2088830970298723
2025-07-22 08:00:00,27.4,28.3,28.34239626524539,0.942396265245393,-0.0423962652453902,0.0423962652453902
2025-07-22 09:00:00,28.3,29.2,29.387740277955373,1.0877402779553726,-0.18774027795537407,0.18774027795537407
2025-07-22 10:00:00,29.2,29.6,30.21431385434464,1.0143138543446404,-0.6143138543446369,0.6143138543446369
2025-07-22 11:00:00,29.6,30.4,30.154321525395776,0.554321525395776,0.24567847460422243,0.24567847460422243
2025-07-22 12:00:00,30.4,31.3,30.857689415931613,0.4576894159316133,0.4423105840683874,0.4423105840683874
2025-07-22 13:00:00,31.3,31.9,31.677806274766798,0.3778062747667974,0.22219372523320047,0.22219372523320047
2025-07-22 14:00:00,31.9,32.0,32.1238900111825,0.2238900111825069,-0.1238900111825032,0.1238900111825032
2025-07-22 15:00:00,32.0,31.7,31.795422936268437,-0.2045770637315634,-0.09542293626843801,0.09542293626843801
2025-07-22 16:00:00,31.7,30.2,31.30306028026284,-0.3969397197371596,-1.1030602802628415,1.1030602802628415
2025-07-22 17:00:00,30.2,30.6,29.271283722654648,-0.9287162773453533,1.3287162773453538,1.3287162773453538
2025-07-22 18:00:00,30.6,30.0,30.062798896186827,-0.5372011038131729,-0.06279889618682688,0.06279889618682688
2025-07-22 19:00:00,30.0,28.9,29.357324525807975,-0.6426754741920245,-0.45732452580797656,0.45732452580797656
2025-07-22 20:00:00,28.9,28.2,28.186865874999437,-0.7131341250005607,0.01313412500056188,0.01313412500056188
2025-07-22 21:00:00,28.2,27.6,27.65888138627298,-0.541118613727018,-0.05888138627297934,0.05888138627297934
2025-07-22 22:00:00,27.6,27.3,27.169174123902152,-0.43082587609784945,0.13082587609784824,0.13082587609784824
2025-07-22 23:00:00,27.3,27.3,27.01545577090835,-0.28454422909164995,0.2845442290916509,0.2845442290916509
2025-07-23 00:00:00,27.3,27.1,27.154999594200866,-0.14500040579913523,-0.054999594200864976,0.054999594200864976
2025-07-23 01:00:00,27.1,26.5,26.86121647838601,-0.2387835216139935,-0.3612164783860088,0.3612164783860088
2025-07-23 02:00:00,26.5,26.3,26.105303727326884,-0.3946962726731142,0.1946962726731165,0.1946962726731165
2025-07-23 03:00:00,26.3,26.0,26.085232829552474,-0.21476717044752594,-0.08523282955247424,0.08523282955247424
2025-07-23 04:00:00,26.0,25.7,25.76059012113664,-0.2394098788633582,-0.06059012113664153,0.06059012113664153
2025-07-23 05:00:00,25.7,25.5,25.46387726027041,-0.23612273972958714,0.03612273972958846,0.03612273972958846
2025-07-23 06:00:00,25.5,25.9,26.06737216541728,0.5673721654172798,-0.16737216541728017,0.16737216541728017
2025-07-23 07:00:00,25.9,26.8,27.228797721004852,1.3287977210048525,-0.4287977210048517,0.4287977210048517
2025-07-23 08:00:00,26.8,28.2,27.98620424896007,1.1862042489600708,0.2137957510399282,0.2137957510399282
2025-07-23 09:00:00,28.2,29.5,29.421216848761237,1.2212168487612367,0.07878315123876334,0.07878315123876334
2025-07-23 10:00:00,29.5,30.7,30.62715161889346,1.1271516188934618,0.0728483811065388,0.0728483811065388
2025-07-23 11:00:00,30.7,31.6,31.534635093053584,0.8346350930535863,0.06536490694641728,0.06536490694641728
2025-07-23 12:00:00,31.6,32.1,32.2319169111407,0.6319169111406964,-0.13191691114069926,0.13191691114069926
2025-07-23 13:00:00,32.1,33.1,32.53229751567935,0.43229751567935437,0.5677024843206482,0.5677024843206482
2025-07-23 14:00:00,33.1,32.5,33.39627211183286,0.29627211183285745,-0.8962721118328574,0.8962721118328574
2025-07-23 15:00:00,32.5,32.0,31.582013608052954,-0.9179863919470481,0.41798639194704634,0.41798639194704634
2025-07-23 16:00:00,32.0,31.7,31.62859152459449,-0.3714084754055091,0.07140847540550865,0.07140847540550865
2025-07-23 17:00:00,31.7,31.3,31.001483018957252,-0.6985169810427488,0.2985169810427486,0.2985169810427486
2025-07-23 18:00:00,31.3,30.9,30.55509438327788,-0.7449056167221226,0.3449056167221194,0.3449056167221194
2025-07-23 19:00:00,30.9,29.8,30.140805435370083,-0.7591945646299169,-0.3408054353700827,0.3408054353700827
2025-07-23 20:00:00,29.8,29.0,29.073816977207215,-0.7261830227927849,-0.07381697720721547,0.07381697720721547
2025-07-23 21:00:00,29.0,28.2,28.368419910411177,-0.6315800895888227,-0.16841991041117765,0.16841991041117765
2025-07-23 22:00:00,28.2,27.6,27.62366445379152,-0.5763355462084794,-0.02366445379151827,0.02366445379151827
2025-07-23 23:00:00,27.6,27.1,27.112167504654046,-0.4878324953459572,-0.012167504654044592,0.012167504654044592
2025-07-24 00:00:00,27.1,26.8,26.63484045343528,-0.4651595465647194,0.16515954656471976,0.16515954656471976
2025-07-24 01:00:00,26.8,26.3,26.433395994810564,-0.36660400518943687,-0.13339599481056297,0.13339599481056297
2025-07-24 02:00:00,26.3,26.3,25.89609404918778,-0.40390595081221925,0.40390595081222,0.40390595081222
2025-07-24 03:00:00,26.3,26.1,26.151789055404738,-0.14821094459526335,-0.05178905540473622,0.05178905540473622
2025-07-24 04:00:00,26.1,26.0,25.89676997231936,-0.20323002768064463,0.10323002768064171,0.10323002768064171
2025-07-24 05:00:00,26.0,25.8,25.858385203489277,-0.14161479651072353,-0.05838520348927645,0.05838520348927645
2025-07-24 06:00:00,25.8,26.0,26.091067905138974,0.291067905138972,-0.09106790513897423,0.09106790513897423
2025-07-24 07:00:00,26.0,27.3,26.81982503797459,0.8198250379745878,0.4801749620254121,0.4801749620254121
2025-07-24 08:00:00,27.3,29.6,28.628363908728748,1.3283639087287467,0.9716360912712538,0.9716360912712538
2025-07-24 09:00:00,29.6,30.2,30.96688447019016,1.3668844701901581,-0.7668844701901598,0.7668844701901598
2025-07-24 10:00:00,30.2,31.5,31.214456653935322,1.0144566539353232,0.2855433460646779,0.2855433460646779
2025-07-24 11:00:00,31.5,32.4,32.3300771017113,0.8300771017112957,0.06992289828870213,0.06992289828870213
2025-07-24 12:00:00,32.4,33.4,32.9680940205242,0.5680940205241981,0.43190597947580045,0.43190597947580045
2025-07-24 13:00:00,33.4,33.9,33.85222602459737,0.45222602459737316,0.0477739754026274,0.0477739754026274
2025-07-24 14:00:00,33.9,32.8,34.12123223206969,0.22123223206968748,-1.3212322320696899,1.3212322320696899
2025-07-24 15:00:00,32.8,33.7,32.17993101333532,-0.6200689866646759,1.5200689866646826,1.5200689866646826
2025-07-24 16:00:00,33.7,33.9,32.856621185450706,-0.8433788145492952,1.0433788145492926,1.0433788145492926
2025-07-24 17:00:00,33.9,33.2,33.03729942983815,-0.8627005701618493,0.1627005701618529,0.1627005701618529
2025-07-24 18:00:00,33.2,32.0,32.00539681295933,-1.194603187040669,-0.0053968129593329195,0.0053968129593329195
2025-07-24 19:00:00,32.0,30.7,30.9636714249817,-1.0363285750183004,-0.2636714249817018,0.2636714249817018
2025-07-24 20:00:00,30.7,30.0,29.912085409440987,-0.7879145905590129,0.08791459055901285,0.08791459055901285
2025-07-24 21:00:00,30.0,29.5,29.408572412513784,-0.5914275874862164,0.0914275874862156,0.0914275874862156
2025-07-24 22:00:00,29.5,28.9,28.991611701480767,-0.5083882985192327,-0.09161170148076891,0.09161170148076891
2025-07-24 23:00:00,28.9,28.4,28.432556984828267,-0.4674430151717329,-0.0325569848282683,0.0325569848282683
2025-07-25 00:00:00,28.4,27.8,27.98059929877166,-0.4194007012283359,-0.1805992987716607,0.1805992987716607
2025-07-25 01:00:00,27.8,27.3,27.382848020416798,-0.4171519795832024,-0.0828480204167974,0.0828480204167974
2025-07-25 02:00:00,27.3,26.9,26.901019569933847,-0.39898043006615275,-0.001019569933848885,0.001019569933848885
2025-07-25 03:00:00,26.9,26.4,26.533342180780757,-0.36665781921924245,-0.1333421807807582,0.1333421807807582
2025-07-25 04:00:00,26.4,25.9,26.036902920044085,-0.3630970799559134,-0.13690292004408633,0.13690292004408633
2025-07-25 05:00:00,25.9,25.7,25.639391944658026,-0.26060805534197173,0.060608055341973,0.060608055341973
2025-07-25 06:00:00,25.7,26.2,26.091920450903345,0.39192045090334565,0.1080795490966544,0.1080795490966544
2025-07-25 07:00:00,26.2,28.4,27.564363487772177,1.3643634877721758,0.835636512227822,0.835636512227822
2025-07-25 08:00:00,28.4,30.2,30.051123931685535,1.651123931685535,0.14887606831446476,0.14887606831446476
2025-07-25 09:00:00,30.2,31.9,31.51031748299731,1.3103174829973105,0.3896825170026901,0.3896825170026901
2025-07-25 10:00:00,31.9,32.7,32.96263672504834,1.0626367250483417,-0.26263672504833835,0.26263672504833835
2025-07-25 11:00:00,32.7,33.9,33.586430475652435,0.8864304756524347,0.3135695243475638,0.3135695243475638
2025-07-25 12:00:00,33.9,35.0,34.573631470377876,0.6736314703778772,0.426368529622124,0.426368529622124
2025-07-25 13:00:00,35.0,35.2,35.35753395129841,0.35753395129841004,-0.15753395129840442,0.15753395129840442
2025-07-25 14:00:00,35.2,36.0,35.39343215495883,0.1934321549588286,0.6065678450411696,0.6065678450411696
2025-07-25 15:00:00,36.0,35.7,35.96020436536346,-0.03979563463653838,-0.2602043653634567,0.2602043653634567
2025-07-25 16:00:00,35.7,35.6,35.078726763187824,-0.6212732368121802,0.5212732368121777,0.5212732368121777
2025-07-25 17:00:00,35.6,34.8,34.70517645058307,-0.894823549416931,0.09482354941692961,0.09482354941692961
2025-07-25 18:00:00,34.8,33.6,33.24361917218276,-1.556380827817235,0.35638082781724023,0.35638082781724023
2025-07-25 19:00:00,33.6,32.4,32.07633181207331,-1.5236681879266902,0.3236681879266854,0.3236681879266854
2025-07-25 20:00:00,32.4,31.7,31.50820416198455,-0.8917958380154476,0.19179583801544808,0.19179583801544808
2025-07-25 21:00:00,31.7,30.8,31.001033616378365,-0.6989663836216334,-0.20103361637836414,0.20103361637836414
2025-07-25 22:00:00,30.8,30.2,30.150100219308033,-0.6498997806919672,0.0498997806919661,0.0498997806919661
2025-07-25 23:00:00,30.2,29.8,29.687479153424736,-0.5125208465752641,0.11252084657526495,0.11252084657526495
2025-07-26 00:00:00,29.8,29.1,29.353565122574647,-0.44643487742535337,-0.2535651225746456,0.2535651225746456
2025-07-26 01:00:00,29.1,28.7,28.630604878111875,-0.46939512188812776,0.06939512188812458,0.06939512188812458
2025-07-26 02:00:00,28.7,28.3,28.293701448697917,-0.40629855130208264,0.006298551302084121,0.006298551302084121
2025-07-26 03:00:00,28.3,28.1,27.902714052910497,-0.39728594708950254,0.19728594708950453,0.19728594708950453
2025-07-26 04:00:00,28.1,27.9,27.763089926418242,-0.3369100735817583,0.1369100735817561,0.1369100735817561
2025-07-26 05:00:00,27.9,27.6,27.62354219992355,-0.27645780007645,-0.023542199923547003,0.023542199923547003
2025-07-26 06:00:00,27.6,28.2,27.88410600689908,0.2841060068990806,0.3158939931009179,0.3158939931009179
2025-07-26 07:00:00,28.2,29.5,29.455276326173628,1.2552763261736282,0.04472367382637188,0.04472367382637188
2025-07-26 08:00:00,29.5,31.3,30.58500030520819,1.0850003052081918,0.7149996947918105,0.7149996947918105
2025-07-26 09:00:00,31.3,32.7,32.46045061840504,1.1604506184050378,0.23954938159496209,0.23954938159496209
2025-07-26 10:00:00,32.7,33.8,33.536009448256124,0.8360094482561231,0.2639905517438734,0.2639905517438734
2025-07-26 11:00:00,33.8,34.9,34.6084382345785,0.8084382345785032,0.29156176542149836,0.29156176542149836
2025-07-26 12:00:00,34.9,35.0,35.54528574884771,0.6452857488477117,-0.5452857488477107,0.5452857488477107
2025-07-26 13:00:00,35.0,35.5,35.090799727184226,0.09079972718422467,0.40920027281577376,0.40920027281577376
2025-07-26 14:00:00,35.5,35.8,35.72004147385782,0.22004147385781883,0.07995852614217824,0.07995852614217824
2025-07-26 15:00:00,35.8,36.2,35.39069940188223,-0.40930059811777036,0.8093005981177726,0.8093005981177726
2025-07-26 16:00:00,36.2,37.0,35.79263078977553,-0.4073692102244733,1.2073692102244706,1.2073692102244706
2025-07-26 17:00:00,37.0,36.7,36.16658353147827,-0.833416468521731,0.533416468521736,0.533416468521736
2025-07-26 18:00:00,36.7,35.1,35.86648412975118,-0.8335158702488246,-0.7664841297511771,0.7664841297511771
2025-07-26 19:00:00,35.1,34.0,33.37304262816876,-1.7269573718312423,0.6269573718312387,0.6269573718312387
2025-07-26 20:00:00,34.0,32.9,32.978438504732424,-1.0215614952675771,-0.07843850473242497,0.07843850473242497
2025-07-26 21:00:00,32.9,32.2,32.14202896906769,-0.7579710309323086,0.057971030932314704,0.057971030932314704
2025-07-26 22:00:00,32.2,31.5,31.557559998040343,-0.6424400019596594,-0.057559998040343174,0.057559998040343174
2025-07-26 23:00:00,31.5,31.1,30.861599908739233,-0.6384000912607651,0.23840009126076822,0.23840009126076822
2025-07-27 00:00:00,31.1,30.5,30.478173597709358,-0.6218264022906452,0.021826402290642477,0.021826402290642477
2025-07-27 01:00:00,30.5,29.7,30.05427312559774,-0.44572687440226294,-0.3542731255977394,0.3542731255977394
2025-07-27 02:00:00,29.7,29.3,29.192730438168976,-0.5072695618310218,0.10726956183102487,0.10726956183102487
2025-07-27 03:00:00,29.3,28.9,28.88365458472972,-0.4163454152702837,0.016345415270279773,0.016345415270279773
2025-07-27 04:00:00,28.9,28.6,28.47948719766438,-0.4205128023356192,0.12051280233562167,0.12051280233562167
2025-07-27 05:00:00,28.6,28.3,28.232618874131003,-0.3673811258689972,0.06738112586899803,0.06738112586899803
2025-07-27 06:00:00,28.3,28.6,28.532320066247582,0.2323200662475803,0.06767993375241943,0.06767993375241943
2025-07-27 07:00:00,28.6,30.3,29.83257308988371,1.232573089883708,0.46742691011629134,0.46742691011629134
2025-07-27 08:00:00,30.3,31.8,31.53638880425708,1.2363888042570792,0.26361119574292147,0.26361119574292147
2025-07-27 09:00:00,31.8,32.8,32.89460296238093,1.094602962380929,-0.09460296238093235,0.09460296238093235
2025-07-27 10:00:00,32.8,34.0,33.59894735226436,0.798947352264362,0.4010526477356393,0.4010526477356393
2025-07-27 11:00:00,34.0,35.0,34.603544556102804,0.603544556102804,0.3964554438971959,0.3964554438971959
2025-07-27 12:00:00,35.0,35.9,35.5973762715562,0.5973762715561978,0.30262372844379826,0.30262372844379826
2025-07-27 13:00:00,35.9,36.7,36.219515208237965,0.31951520823796353,0.48048479176203784,0.48048479176203784
2025-07-27 14:00:00,36.7,37.3,36.90796789542083,0.2079678954208274,0.39203210457916526,0.39203210457916526
2025-07-27 15:00:00,37.3,37.6,37.178411843115704,-0.12158815688429499,0.4215881568842974,0.4215881568842974
2025-07-27 16:00:00,37.6,36.8,36.62526105130773,-0.9747389486922687,0.1747389486922657,0.1747389486922657
2025-07-27 17:00:00,36.8,36.5,35.54791263517544,-1.2520873648245543,0.9520873648245569,0.9520873648245569
2025-07-27 18:00:00,36.5,35.3,35.59675149651252,-0.9032485034874832,-0.2967514965125204,0.2967514965125204
2025-07-27 19:00:00,35.3,33.8,34.03177740693699,-1.2682225930630062,-0.23177740693699178,0.23177740693699178
2025-07-27 20:00:00,33.8,32.7,32.840153364855254,-0.9598466351447408,-0.14015336485525154,0.14015336485525154
2025-07-27 21:00:00,32.7,32.2,31.946287792847667,-0.7537122071523366,0.25371220715233633,0.25371220715233633
2025-07-27 22:00:00,32.2,31.7,31.49717523615303,-0.7028247638469745,0.20282476384696935,0.20282476384696935
2025-07-27 23:00:00,31.7,31.2,31.17220615815502,-0.527793841844978,0.027793841844978573,0.027793841844978573
2025-07-28 00:00:00,31.2,30.7,30.71686257142685,-0.48313742857314956,-0.016862571426852213,0.016862571426852213
2025-07-28 01:00:00,30.7,30.2,30.29483395862148,-0.4051660413785181,-0.09483395862148214,0.09483395862148214
2025-07-28 02:00:00,30.2,29.8,29.786650557202666,-0.4133494427973348,0.013349442797334632,0.013349442797334632
2025-07-28 03:00:00,29.8,29.4,29.429367526023704,-0.3706324739762958,-0.02936752602370518,0.02936752602370518
2025-07-28 04:00:00,29.4,29.1,29.069723234987027,-0.33027676501297304,0.030276765012974494,0.030276765012974494
2025-07-28 05:00:00,29.1,28.9,28.75183150704801,-0.3481684929519905,0.14816849295198864,0.14816849295198864
2025-07-28 06:00:00,28.9,29.2,29.210424864847806,0.3104248648478059,-0.010424864847806248,0.010424864847806248
2025-07-28 07:00:00,29.2,30.5,30.428900145908607,1.2289001459086086,0.07109985409139341,0.07109985409139341
2025-07-28 08:00:00,30.5,31.7,31.68009109719372,1.1800910971937209,0.01990890280627866,0.01990890280627866
2025-07-28 09:00:00,31.7,33.1,32.78596617710582,1.0859661771058235,0.31403382289418147,0.31403382289418147
2025-07-28 10:00:00,33.1,34.0,33.906671639773194,0.8066716397731957,0.09332836022680624,0.09332836022680624
2025-07-28 11:00:00,34.0,34.7,34.60817344841171,0.60817344841171,0.09182655158829078,0.09182655158829078
2025-07-28 12:00:00,34.7,35.2,35.35233315901452,0.6523331590145193,-0.1523331590145176,0.1523331590145176
2025-07-28 13:00:00,35.2,35.9,35.54319837651093,0.34319837651092605,0.3568016234890692,0.3568016234890692
2025-07-28 14:00:00,35.9,36.0,36.042907369526965,0.14290736952696806,-0.042907369526965056,0.042907369526965056
2025-07-28 15:00:00,36.0,36.3,35.34539396474939,-0.6546060352506063,0.954606035250606,0.954606035250606
2025-07-28 16:00:00,36.3,36.3,35.31468416043475,-0.9853158395652469,0.9853158395652457,0.9853158395652457
2025-07-28 17:00:00,36.3,35.2,35.18871977070206,-1.111280229297943,0.011280229297945255,0.011280229297945255
2025-07-28 18:00:00,35.2,34.0,33.94522850425176,-1.2547714957482472,0.05477149574824125,0.05477149574824125
2025-07-28 19:00:00,34.0,32.3,32.6996181101559,-1.3003818898440977,-0.399618110155906,0.399618110155906
2025-07-28 20:00:00,32.3,31.3,31.53716796783833,-0.7628320321616701,-0.23716796783832805,0.23716796783832805
2025-07-28 21:00:00,31.3,30.8,30.50516735759347,-0.7948326424065287,0.2948326424065293,0.2948326424065293
2025-07-28 22:00:00,30.8,30.3,30.21937637407839,-0.580623625921609,0.08062362592161065,0.08062362592161065
2025-07-28 23:00:00,30.3,30.0,29.896111721649167,-0.40388827835083324,0.10388827835083347,0.10388827835083347
2025-07-29 00:00:00,30.0,29.5,29.513075844150613,-0.4869241558493874,-0.013075844150613136,0.013075844150613136
2025-07-29 01:00:00,29.5,29.0,29.067799196669636,-0.4322008033303643,-0.06779919666963607,0.06779919666963607
2025-07-29 02:00:00,29.0,28.7,28.602884628381496,-0.39711537161850546,0.09711537161850359,0.09711537161850359
2025-07-29 03:00:00,28.7,28.2,28.383680653784126,-0.3163193462158736,-0.18368065378412624,0.18368065378412624
2025-07-29 04:00:00,28.2,27.9,27.80950047615234,-0.39049952384765935,0.09049952384765803,0.09049952384765803
2025-07-29 05:00:00,27.9,27.6,27.569433680501856,-0.33056631949814325,0.03056631949814559,0.03056631949814559
2025-07-29 06:00:00,27.6,27.9,27.870567108690707,0.27056710869070744,0.029432891309291165,0.029432891309291165
2025-07-29 07:00:00,27.9,29.7,29.113928171368798,1.2139281713687982,0.5860718286312014,0.5860718286312014
2025-07-29 08:00:00,29.7,31.5,31.065801587301586,1.3658015873015876,0.4341984126984144,0.4341984126984144
2025-07-29 09:00:00,31.5,32.9,32.585166974512696,1.0851669745126982,0.3148330254873031,0.3148330254873031
2025-07-29 10:00:00,32.9,33.0,33.751220058985325,0.8512200589853242,-0.7512200589853251,0.7512200589853251
2025-07-29 11:00:00,33.0,34.2,33.37359166808889,0.37359166808889355,0.8264083319111108,0.8264083319111108
2025-07-29 12:00:00,34.2,35.6,34.74460083761316,0.5446008376131604,0.8553991623868384,0.8553991623868384
2025-07-29 13:00:00,35.6,36.3,35.901138918626984,0.30113891862698094,0.39886108137301335,0.39886108137301335
2025-07-29 14:00:00,36.3,36.1,36.452313628224026,0.15231362822403102,-0.35231362822402446,0.35231362822402446
2025-07-29 15:00:00,36.1,35.5,35.76747640130898,-0.33252359869101594,-0.26747640130898276,0.26747640130898276
2025-07-29 16:00:00,35.5,35.9,34.546296562188815,-0.9537034378111878,1.353703437811184,1.353703437811184
2025-07-29 17:00:00,35.9,34.9,34.650071835571836,-1.2499281644281637,0.24992816442816235,0.24992816442816235
2025-07-29 18:00:00,34.9,34.0,33.60152804501851,-1.2984719549814834,0.39847195498148835,0.39847195498148835
2025-07-29 19:00:00,34.0,32.9,32.733842208096796,-1.2661577919032043,0.16615779190320268,0.16615779190320268
2025-07-29 20:00:00,32.9,32.3,32.059997029848304,-0.840002970151691,0.2400029701516928,0.2400029701516928
2025-07-29 21:00:00,32.3,31.7,31.67091158388846,-0.6290884161115365,0.029088416111537896,0.029088416111537896
2025-07-29 22:00:00,31.7,31.0,31.06869094065012,-0.6313090593498762,-0.06869094065012149,0.06869094065012149
2025-07-29 23:00:00,31.0,30.4,30.29325460748549,-0.7067453925145096,0.1067453925145081,0.1067453925145081
2025-07-30 00:00:00,30.4,30.0,29.882272623490273,-0.5177273765097238,0.11772737650972687,0.11772737650972687
2025-07-30 01:00:00,30.0,29.7,29.45313482205655,-0.546865177943449,0.2468651779434481,0.2468651779434481
2025-07-30 02:00:00,29.7,29.3,29.25240004541053,-0.44759995458947077,0.047599954589472304,0.047599954589472304
2025-07-30 03:00:00,29.3,29.0,28.904837858129106,-0.39516214187089604,0.09516214187089389,0.09516214187089389
2025-07-30 04:00:00,29.0,28.4,28.655151545232673,-0.34484845476732573,-0.2551515452326747,0.2551515452326747
2025-07-30 05:00:00,28.4,28.3,28.170349182659905,-0.22965081734009465,0.12965081734009587,0.12965081734009587
2025-07-30 06:00:00,28.3,28.9,28.568441447315045,0.26844144731504593,0.33155855268495316,0.33155855268495316
2025-07-30 07:00:00,28.9,30.3,30.03516304996458,1.135163049964582,0.26483695003541996,0.26483695003541996
2025-07-30 08:00:00,30.3,31.8,31.545047156840965,1.245047156840965,0.2549528431590353,0.2549528431590353
2025-07-30 09:00:00,31.8,32.9,32.97914384181021,1.179143841810212,-0.07914384181021461,0.07914384181021461
2025-07-30 10:00:00,32.9,33.4,33.633097535950775,0.7330975359507775,-0.2330975359507761,0.2330975359507761
2025-07-30 11:00:00,33.4,34.3,34.190886200920424,0.7908862009204225,0.10911379907957297,0.10911379907957297
2025-07-30 12:00:00,34.3,34.8,34.76863482408851,0.46863482408851215,0.03136517591148902,0.03136517591148902
2025-07-30 13:00:00,34.8,35.5,35.062606165383215,0.2626061653832207,0.4373938346167847,0.4373938346167847
2025-07-30 14:00:00,35.5,35.8,35.592511319421725,0.09251131942172192,0.20748868057827252,0.20748868057827252
2025-07-30 15:00:00,35.8,35.3,35.522199063858196,-0.27780093614179996,-0.22219906385819854,0.22219906385819854
2025-07-30 16:00:00,35.3,35.3,34.236735784565525,-1.0632642154344731,1.0632642154344722,1.0632642154344722
2025-07-30 17:00:00,35.3,34.1,34.30121519336661,-0.9987848066333908,-0.20121519336660754,0.20121519336660754
2025-07-30 18:00:00,34.1,33.5,32.320910622711885,-1.7790893772881171,1.1790893772881148,1.1790893772881148
2025-07-30 19:00:00,33.5,32.7,32.61127799339741,-0.8887220066025939,0.08872200660259466,0.08872200660259466
2025-07-30 20:00:00,32.7,32.2,31.68612590953496,-1.0138740904650423,0.5138740904650412,0.5138740904650412
2025-07-30 21:00:00,32.2,31.7,31.503754266893477,-0.696245733106526,0.19624573310652238,0.19624573310652238
2025-07-30 22:00:00,31.7,31.1,31.134731135274446,-0.5652688647255538,-0.034731135274444824,0.034731135274444824
2025-07-30 23:00:00,31.1,30.7,30.623007790630925,-0.4769922093690754,0.0769922093690738,0.0769922093690738
2025-07-31 00:00:00,30.7,30.5,30.140245488285153,-0.5597545117148456,0.35975451171484707,0.35975451171484707
2025-07-31 01:00:00,30.5,30.1,29.85508988140397,-0.6449101185960286,0.24491011859603162,0.24491011859603162
2025-07-31 02:00:00,30.1,29.9,29.65185979838147,-0.44814020161853246,0.24814020161852923,0.24814020161852923
2025-07-31 03:00:00,29.9,29.9,29.621862833180476,-0.27813716681952394,0.2781371668195227,0.2781371668195227
2025-07-31 04:00:00,29.9,29.6,29.61651385512395,-0.28348614487604634,-0.016513855123950094,0.016513855123950094
2025-07-31 05:00:00,29.6,29.4,29.303015408410243,-0.2969845915897596,0.09698459158975581,0.09698459158975581
2025-07-31 06:00:00,29.4,29.4,29.5056805943073,0.10568059430730223,-0.10568059430730159,0.10568059430730159
2025-07-31 07:00:00,29.4,29.6,30.144809413336983,0.7448094133369848,-0.5448094133369814,0.5448094133369814
2025-07-31 08:00:00,29.6,30.0,30.396200054095793,0.7962000540957915,-0.39620005409579306,0.39620005409579306
2025-07-31 09:00:00,30.0,31.3,30.52216383302363,0.5221638330236308,0.7778361669763711,0.7778361669763711
2025-07-31 10:00:00,31.3,32.3,32.17207672100331,0.8720767210033059,0.12792327899668976,0.12792327899668976
2025-07-31 11:00:00,32.3,32.6,32.989481772430786,0.6894817724307886,-0.3894817724307842,0.3894817724307842
2025-07-31 12:00:00,32.6,33.4,33.15175659838347,0.551756598383473,0.24824340161652714,0.24824340161652714
2025-07-31 13:00:00,33.4,34.0,33.76090991236768,0.3609099123676812,0.2390900876323201,0.2390900876323201
2025-07-31 14:00:00,34.0,33.8,34.07265931774178,0.07265931774177932,-0.272659317741784,0.272659317741784
2025-07-31 15:00:00,33.8,32.5,33.48781835001798,-0.3121816499820152,-0.9878183500179816,0.9878183500179816
2025-07-31 16:00:00,32.5,32.7,31.391656612701233,-1.108343387298767,1.3083433872987698,1.3083433872987698
2025-07-31 17:00:00,32.7,32.1,31.749611171700227,-0.9503888282997764,0.35038882829977425,0.35038882829977425
2025-07-31 18:00:00,32.1,31.1,31.153984864384224,-0.946015135615779,-0.053984864384222675,0.053984864384222675
2025-07-31 19:00:00,31.1,30.6,29.909313011798474,-1.190686988201528,0.6906869882015272,0.6906869882015272
2025-07-31 20:00:00,30.6,30.2,30.320480678834343,-0.27951932116565764,-0.12048067883434399,0.12048067883434399
2025-07-31 21:00:00,30.2,29.9,29.692499334312284,-0.5075006656877146,0.2075006656877143,0.2075006656877143
2025-07-31 22:00:00,29.9,29.8,29.536710858816168,-0.36328914118383,0.26328914118383295,0.26328914118383295
2025-07-31 23:00:00,29.8,29.3,29.275453718554658,-0.5245462814453429,0.024546281445342544,0.024546281445342544
2025-08-01 00:00:00,29.3,29.0,28.84410015262087,-0.45589984737913053,0.15589984737912843,0.15589984737912843
2025-08-01 01:00:00,29.0,28.8,28.71135396751916,-0.2886460324808418,0.0886460324808418,0.0886460324808418
2025-08-01 02:00:00,28.8,28.6,28.500191341895846,-0.2998086581041547,0.09980865810415551,0.09980865810415551
2025-08-01 03:00:00,28.6,28.2,28.36801670503644,-0.23198329496356188,-0.16801670503643962,0.16801670503643962
2025-08-01 04:00:00,28.2,28.0,27.92020600140772,-0.2797939985922772,0.07979399859227954,0.07979399859227954
2025-08-01 05:00:00,28.0,27.8,27.76893860744106,-0.23106139255893982,0.03106139255893936,0.03106139255893936
2025-08-01 06:00:00,27.8,28.0,27.97731799707252,0.17731799707251994,0.02268200292747835,0.02268200292747835
2025-08-01 07:00:00,28.0,29.4,29.090890457419594,1.0908904574195926,0.3091095425804049,0.3091095425804049
2025-08-01 08:00:00,29.4,30.9,30.566478364374987,1.166478364374988,0.33352163562501147,0.33352163562501147
2025-08-01 09:00:00,30.9,32.7,32.083049759765245,1.1830497597652494,0.6169502402347575,0.6169502402347575
2025-08-01 10:00:00,32.7,34.2,33.72305073834114,1.0230507383411382,0.4769492616588593,0.4769492616588593
2025-08-01 11:00:00,34.2,34.6,34.99837795091755,0.7983779509175456,-0.39837795091754913,0.39837795091754913
2025-08-01 12:00:00,34.6,34.5,35.30403833439325,0.7040383343932471,-0.8040383343932476,0.8040383343932476
2025-08-01 13:00:00,34.5,34.6,34.685943859801995,0.18594385980199765,-0.08594385980199348,0.08594385980199348
2025-08-01 14:00:00,34.6,33.9,34.551412347480735,-0.0485876525192653,-0.6514123474807363,0.6514123474807363
2025-08-01 15:00:00,33.9,33.7,32.67991184693517,-1.2200881530648295,1.0200881530648331,1.0200881530648331
2025-08-01 16:00:00,33.7,33.0,33.186309075848236,-0.513690924151766,-0.18630907584823575,0.18630907584823575
2025-08-01 17:00:00,33.0,32.1,31.95394223357047,-1.0460577664295292,0.14605776642953217,0.14605776642953217
2025-08-01 18:00:00,32.1,31.4,31.03789816403145,-1.06210183596855,0.3621018359685486,0.3621018359685486
2025-08-01 19:00:00,31.4,30.8,30.373605203642583,-1.0263947963574165,0.4263947963574175,0.4263947963574175
2025-08-01 20:00:00,30.8,30.4,30.31771825842124,-0.48228174157875947,0.08228174157875756,0.08228174157875756
2025-08-01 21:00:00,30.4,30.0,29.930886494196336,-0.46911350580366123,0.0691135058036636,0.0691135058036636
2025-08-01 22:00:00,30.0,29.7,29.585364112530232,-0.414635887469769,0.11463588746976683,0.11463588746976683
2025-08-01 23:00:00,29.7,29.5,29.344831767907753,-0.3551682320922457,0.1551682320922474,0.1551682320922474
2025-08-02 00:00:00,29.5,29.2,29.17065347849882,-0.3293465215011789,0.029346521501178557,0.029346521501178557
2025-08-02 01:00:00,29.2,28.7,28.88435518193305,-0.31564481806695166,-0.18435518193305,0.18435518193305
2025-08-02 02:00:00,28.7,28.4,28.30398545099672,-0.3960145490032809,0.09601454900327866,0.09601454900327866
2025-08-02 03:00:00,28.4,28.0,28.024908783258716,-0.3750912167412829,-0.024908783258716483,0.024908783258716483
2025-08-02 04:00:00,28.0,27.6,27.709891144037737,-0.29010885596226177,-0.1098911440377357,0.1098911440377357
2025-08-02 05:00:00,27.6,27.4,27.310936475070434,-0.2890635249295656,0.08906352492956415,0.08906352492956415
2025-08-02 06:00:00,27.4,27.5,27.58115004290432,0.18115004290432093,-0.08115004290431926,0.08115004290431926
2025-08-02 07:00:00,27.5,28.5,28.60015602994943,1.1001560299494328,-0.10015602994943151,0.10015602994943151
2025-08-02 08:00:00,28.5,30.1,29.574853679207965,1.0748536792079644,0.5251463207920359,0.5251463207920359
2025-08-02 09:00:00,30.1,31.2,31.267656623072227,1.1676566230722265,-0.06765662307222797,0.06765662307222797
2025-08-02 10:00:00,31.2,32.5,32.294792460861586,1.0947924608615875,0.2052075391384136,0.2052075391384136
2025-08-02 11:00:00,32.5,33.9,33.172342508529695,0.6723425085296932,0.7276574914703033,0.7276574914703033
2025-08-02 12:00:00,33.9,33.5,34.58202355697144,0.6820235569714427,-1.0820235569714427,1.0820235569714427
2025-08-02 13:00:00,33.5,34.5,33.68589784946651,0.18589784946650395,0.8141021505334933,0.8141021505334933
2025-08-02 14:00:00,34.5,35.0,34.58649683561644,0.08649683561643413,0.41350316438356316,0.41350316438356316
2025-08-02 15:00:00,35.0,36.2,35.09648614665656,0.09648614665655848,1.1035138533434434,1.1035138533434434
2025-08-02 16:00:00,36.2,35.2,35.820386503466025,-0.37961349653397647,-0.6203865034660225,0.6203865034660225
2025-08-02 17:00:00,35.2,34.8,33.89859428197926,-1.3014057180207446,0.9014057180207402,0.9014057180207402
2025-08-02 18:00:00,34.8,33.3,33.78975807501073,-1.0102419249892685,-0.48975807501073376,0.48975807501073376
2025-08-02 19:00:00,33.3,31.6,31.724194559511478,-1.5758054404885202,-0.1241945595114764,0.1241945595114764
2025-08-02 20:00:00,31.6,30.6,30.614398998390417,-0.9856010016095857,-0.014398998390415585,0.014398998390415585
2025-08-02 21:00:00,30.6,30.0,29.88427479386436,-0.7157252061356417,0.11572520613563952,0.11572520613563952
2025-08-02 22:00:00,30.0,29.7,29.483647788777535,-0.5163522112224662,0.21635221122246406,0.21635221122246406
2025-08-02 23:00:00,29.7,29.2,29.1885147792103,-0.5114852207896973,0.011485220789698047,0.011485220789698047
2025-08-03 00:00:00,29.2,28.9,28.73004309491856,-0.4699569050814374,0.16995690508143824,0.16995690508143824
2025-08-03 01:00:00,28.9,28.5,28.55463882902842,-0.3453611709715772,-0.05463882902841988,0.05463882902841988
2025-08-03 02:00:00,28.5,28.2,28.111634020970257,-0.3883659790297429,0.08836597902974219,0.08836597902974219
2025-08-03 03:00:00,28.2,27.9,27.89336799126003,-0.3066320087399707,0.006632008739970274,0.006632008739970274
2025-08-03 04:00:00,27.9,27.7,27.623117310354708,-0.27688268964529134,0.07688268964529144,0.07688268964529144
2025-08-03 05:00:00,27.7,27.5,27.461578618319873,-0.2384213816801262,0.0384213816801271,0.0384213816801271
2025-08-03 06:00:00,27.5,27.8,27.676457232446804,0.17645723244680453,0.1235427675531966,0.1235427675531966
2025-08-03 07:00:00,27.8,28.3,28.935677068967614,1.1356770689676117,-0.6356770689676132,0.6356770689676132
2025-08-03 08:00:00,28.3,29.0,28.816486604844915,0.5164866048449139,0.18351339515508514,0.18351339515508514
2025-08-03 09:00:00,29.0,29.8,29.87308232026066,0.8730823202606619,-0.07308232026066008,0.07308232026066008
2025-08-03 10:00:00,29.8,31.1,30.635511547638203,0.8355115476382011,0.4644884523617989,0.4644884523617989
2025-08-03 11:00:00,31.1,31.3,31.83063796021341,0.7306379602134059,-0.5306379602134079,0.5306379602134079
2025-08-03 12:00:00,31.3,32.0,31.804322952968995,0.504322952968996,0.19567704703100475,0.19567704703100475
2025-08-03 13:00:00,32.0,32.4,32.140712821174866,0.14071282117486839,0.25928717882513297,0.25928717882513297
2025-08-03 14:00:00,32.4,32.1,32.56924805740029,0.16924805740029095,-0.46924805740028575,0.46924805740028575
2025-08-03 15:00:00,32.1,31.5,31.559379884280084,-0.5406201157199175,-0.05937988428008367,0.05937988428008367
2025-08-03 16:00:00,31.5,30.9,31.164809831365453,-0.33519016863454637,-0.26480983136545433,0.26480983136545433
2025-08-03 17:00:00,30.9,30.1,30.210157373655036,-0.6898426263449614,-0.11015737365503497,0.11015737365503497
2025-08-03 18:00:00,30.1,28.7,29.140849505693023,-0.9591504943069774,-0.4408495056930235,0.4408495056930235
2025-08-03 19:00:00,28.7,28.2,27.50004345091498,-1.1999565490850204,0.6999565490850195,0.6999565490850195
2025-08-03 20:00:00,28.2,28.0,27.714700748947333,-0.4852992510526674,0.28529925105266685,0.28529925105266685
2025-08-03 21:00:00,28.0,27.0,27.45338777248626,-0.546612227513742,-0.45338777248625917,0.45338777248625917
2025-08-03 22:00:00,27.0,25.4,26.09070926324104,-0.9092907367589618,-0.6907092632410397,0.6907092632410397
2025-08-03 23:00:00,25.4,24.0,24.583343209593387,-0.8166567904066125,-0.5833432095933873,0.5833432095933873
2025-08-04 00:00:00,24.0,23.8,23.326576910408512,-0.6734230895914867,0.4734230895914884,0.4734230895914884
2025-08-04 01:00:00,23.8,23.9,23.611706693414757,-0.1882933065852437,0.288293306585242,0.288293306585242
2025-08-04 02:00:00,23.9,24.0,23.92100455475573,0.021004554755729966,0.07899544524427071,0.07899544524427071
2025-08-04 03:00:00,24.0,24.0,23.86893937534772,-0.1310606246522805,0.13106062465228163,0.13106062465228163
2025-08-04 04:00:00,24.0,23.8,23.889771957018564,-0.11022804298143744,-0.08977195701856289,0.08977195701856289
2025-08-04 05:00:00,23.8,23.8,23.665790834374114,-0.1342091656258876,0.13420916562588658,0.13420916562588658
2025-08-04 06:00:00,23.8,24.0,23.93171968494062,0.13171968494062175,0.06828031505937915,0.06828031505937915
2025-08-04 07:00:00,24.0,24.5,24.45692525620249,0.456925256202488,0.04307474379751142,0.04307474379751142
2025-08-04 08:00:00,24.5,26.0,25.221727267168415,0.7217272671684164,0.778272732831585,0.778272732831585
2025-08-04 09:00:00,26.0,27.6,27.250463388669097,1.2504633886690955,0.34953661133090463,0.34953661133090463
2025-08-04 10:00:00,27.6,28.8,28.727586709896126,1.1275867098961254,0.07241329010387432,0.07241329010387432
2025-08-04 11:00:00,28.8,29.7,29.8055192084561,1.0055192084561,-0.10551920845610141,0.10551920845610141
2025-08-04 12:00:00,29.7,30.8,30.40457086183773,0.7045708618377307,0.395429138162271,0.395429138162271
2025-08-04 13:00:00,30.8,31.5,31.190914675422118,0.3909146754221171,0.3090853245778824,0.3090853245778824
2025-08-04 14:00:00,31.5,32.5,31.610106753449042,0.11010675344904261,0.8898932465509581,0.8898932465509581
2025-08-04 15:00:00,32.5,33.2,32.77411983311671,0.2741198331167054,0.4258801668832959,0.4258801668832959
2025-08-04 16:00:00,33.2,33.6,32.81997994258824,-0.3800200574117652,0.7800200574117611,0.7800200574117611
2025-08-04 17:00:00,33.6,32.3,32.95323874397204,-0.646761256027964,-0.6532387439720395,0.6532387439720395
2025-08-04 18:00:00,32.3,30.4,31.278414512168787,-1.0215854878312114,-0.8784145121687885,0.8784145121687885
2025-08-04 19:00:00,30.4,29.6,29.01255118019294,-1.387448819807058,0.5874488198070615,0.5874488198070615
2025-08-04 20:00:00,29.6,28.9,28.84603761261212,-0.7539623873878825,0.053962387387880284,0.053962387387880284
2025-08-04 21:00:00,28.9,28.5,28.29132007164761,-0.6086799283523879,0.2086799283523888,0.2086799283523888
2025-08-04 22:00:00,28.5,28.2,28.050948269015976,-0.4490517309840243,0.14905173098402358,0.14905173098402358
2025-08-04 23:00:00,28.2,27.8,27.791073425394362,-0.4089265746056366,0.008926574605638393,0.008926574605638393
2025-08-05 00:00:00,27.8,27.4,27.334560418412583,-0.4654395815874187,0.06543958158741603,0.06543958158741603
2025-08-05 01:00:00,27.4,27.0,27.01604932483975,-0.3839506751602514,-0.016049324839748635,0.016049324839748635
2025-08-05 02:00:00,27.0,26.6,26.64772735719854,-0.3522726428014597,-0.047727357198539266,0.047727357198539266
2025-08-05 03:00:00,26.6,26.3,26.256959950949245,-0.34304004905075824,0.04304004905075587,0.04304004905075587
2025-08-05 04:00:00,26.3,25.7,26.048037146745223,-0.25196285325477896,-0.3480371467452237,0.3480371467452237
2025-08-05 05:00:00,25.7,25.4,25.498643038635723,-0.20135696136427536,-0.09864303863572488,0.09864303863572488
2025-08-05 06:00:00,25.4,25.5,25.552270610954714,0.15227061095471447,-0.052270610954714414,0.052270610954714414
2025-08-05 07:00:00,25.5,26.3,26.60176304770103,1.1017630477010323,-0.30176304770103,0.30176304770103
2025-08-05 08:00:00,26.3,28.1,27.341698683781797,1.041698683781795,0.7583013162182048,0.7583013162182048
2025-08-05 09:00:00,28.1,29.3,29.407917265903745,1.3079172659037421,-0.10791726590374395,0.10791726590374395
2025-08-05 10:00:00,29.3,30.5,30.365759089654464,1.0657590896544638,0.13424091034553598,0.13424091034553598
2025-08-05 11:00:00,30.5,31.7,31.298378806868776,0.7983788068687774,0.40162119313122346,0.40162119313122346
2025-08-05 12:00:00,31.7,32.3,32.37242791153216,0.6724279115321592,-0.07242791153215933,0.07242791153215933
2025-08-05 13:00:00,32.3,32.5,32.790360993473534,0.4903609934735369,-0.2903609934735343,0.2903609934735343
2025-08-05 14:00:00,32.5,33.4,32.648602903682004,0.14860290368200404,0.7513970963179943,0.7513970963179943
2025-08-05 15:00:00,33.4,33.2,33.54141277602412,0.14141277602412214,-0.34141277602411435,0.34141277602411435
2025-08-05 16:00:00,33.2,31.7,32.76861899280984,-0.43138100719016254,-1.0686189928098422,1.0686189928098422
2025-08-05 17:00:00,31.7,30.9,30.558387717030275,-1.1416122829697248,0.3416122829697237,0.3416122829697237
2025-08-05 18:00:00,30.9,29.8,29.73819982260022,-1.1618001773997804,0.06180017739978183,0.06180017739978183
2025-08-05 19:00:00,29.8,29.0,28.87204164781246,-0.927958352187543,0.12795835218754092,0.12795835218754092
2025-08-05 20:00:00,29.0,28.6,28.385234504133766,-0.6147654958662337,0.21476549586623506,0.21476549586623506
2025-08-05 21:00:00,28.6,28.2,28.129148822884055,-0.4708511771159471,0.07085117711594435,0.07085117711594435
2025-08-05 22:00:00,28.2,28.1,27.739949984279196,-0.4600500157208017,0.3600500157208053,0.3600500157208053
2025-08-05 23:00:00,28.1,28.1,27.876135305620622,-0.22386469437937892,0.22386469437937961,0.22386469437937961
2025-08-06 00:00:00,28.1,27.9,27.92861139513203,-0.1713886048679716,-0.028611395132031703,0.028611395132031703
2025-08-06 01:00:00,27.9,27.8,27.700482876871668,-0.19951712312833086,0.09951712312833294,0.09951712312833294
2025-08-06 02:00:00,27.8,27.6,27.6216935534431,-0.17830644655690034,-0.0216935534431002,0.0216935534431002
2025-08-06 03:00:00,27.6,27.0,27.385723832031765,-0.21427616796823482,-0.38572383203176486,0.38572383203176486
2025-08-06 04:00:00,27.0,27.1,26.4819492233105,-0.5180507766894988,0.6180507766895005,0.6180507766895005
2025-08-06 05:00:00,27.1,27.3,26.939008511802946,-0.1609914881970559,0.3609914881970546,0.3609914881970546
2025-08-06 06:00:00,27.3,27.5,27.43871313609058,0.13871313609057898,0.06128686390941951,0.06128686390941951
2025-08-06 07:00:00,27.5,27.9,27.827014559948243,0.3270145599482419,0.072985440051756,0.072985440051756
2025-08-06 08:00:00,27.9,27.9,28.59359047789602,0.6935904778960188,-0.69359047789602,0.69359047789602
2025-08-06 09:00:00,27.9,28.6,27.99908207948491,0.09908207948491385,0.6009179205150907,0.6009179205150907
2025-08-06 10:00:00,28.6,29.3,29.511736027715493,0.9117360277154911,-0.21173602771549227,0.21173602771549227
2025-08-06 11:00:00,29.3,28.8,29.859275427096517,0.559275427096516,-1.059275427096516,1.059275427096516
2025-08-06 12:00:00,28.8,28.8,28.804745504171215,0.0047455041712145575,-0.004745504171214776,0.004745504171214776
2025-08-06 13:00:00,28.8,27.6,28.863442718089566,0.06344271808956517,-1.2634427180895642,1.2634427180895642
2025-08-06 14:00:00,27.6,27.0,27.31143490768491,-0.28856509231509236,-0.3114349076849088,0.3114349076849088
2025-08-06 15:00:00,27.0,26.6,26.589297508757586,-0.41070249124241426,0.010702491242415846,0.010702491242415846
2025-08-06 16:00:00,26.6,26.1,26.626141293891294,0.026141293891293885,-0.5261412938912926,0.5261412938912926
2025-08-06 17:00:00,26.1,26.5,25.92667490802491,-0.17332509197509188,0.5733250919750894,0.5733250919750894
2025-08-06 18:00:00,26.5,26.7,26.59818838514427,0.09818838514426723,0.10181161485573043,0.10181161485573043
2025-08-06 19:00:00,26.7,26.1,26.644075880429114,-0.05592411957088708,-0.5440758804291121,0.5440758804291121
2025-08-06 20:00:00,26.1,25.8,25.725125488490367,-0.37487451150963363,0.07487451150963409,0.07487451150963409
2025-08-06 21:00:00,25.8,25.8,25.541210107867492,-0.25878989213250686,0.25878989213250847,0.25878989213250847
2025-08-06 22:00:00,25.8,25.9,25.669762859001345,-0.1302371409986545,0.23023714099865344,0.23023714099865344
2025-08-06 23:00:00,25.9,26.0,25.796475294352597,-0.10352470564740254,0.20352470564740344,0.20352470564740344
2025-08-07 00:00:00,26.0,26.0,25.890444299595902,-0.10955570040409776,0.10955570040409768,0.10955570040409768
2025-08-07 01:00:00,26.0,26.0,25.86513479180739,-0.13486520819261047,0.13486520819261116,0.13486520819261116
2025-08-07 02:00:00,26.0,25.9,25.86801207220581,-0.13198792779418883,0.03198792779418724,0.03198792779418724
2025-08-07 03:00:00,25.9,25.8,25.735962785385034,-0.16403721461496587,0.06403721461496659,0.06403721461496659
2025-08-07 04:00:00,25.8,25.6,25.670945191065417,-0.12905480893458202,-0.07094519106541597,0.07094519106541597
2025-08-07 05:00:00,25.6,25.5,25.475470929087617,-0.12452907091238605,0.024529070912382878,0.024529070912382878
2025-08-07 06:00:00,25.5,25.6,25.651734815715116,0.15173481571511765,-0.051734815715114735,0.051734815715114735
2025-08-07 07:00:00,25.6,26.4,26.230764584149487,0.6307645841494866,0.16923541585051183,0.16923541585051183
2025-08-07 08:00:00,26.4,27.4,27.378869549718956,0.9788695497189581,0.0211304502810421,0.0211304502810421
2025-08-07 09:00:00,27.4,28.6,28.3062111121585,0.9062111121585034,0.2937888878415009,0.2937888878415009
2025-08-07 10:00:00,28.6,29.5,29.636601446507484,1.036601446507482,-0.13660144650748407,0.13660144650748407
2025-08-07 11:00:00,29.5,30.3,30.33037600632338,0.8303760063233803,-0.030376006323379556,0.030376006323379556
2025-08-07 12:00:00,30.3,30.9,30.91784213778863,0.6178421377886278,-0.017842137788630197,0.017842137788630197
2025-08-07 13:00:00,30.9,31.3,31.336882358475684,0.43688235847568446,-0.03688235847568322,0.03688235847568322
2025-08-07 14:00:00,31.3,31.8,31.25936651019864,-0.04063348980136182,0.5406334898013618,0.5406334898013618
2025-08-07 15:00:00,31.8,32.0,31.673364703473535,-0.1266352965264653,0.32663529652646517,0.32663529652646517
2025-08-07 16:00:00,32.0,31.8,31.62957325728544,-0.37042674271456116,0.17042674271456093,0.17042674271456093
2025-08-07 17:00:00,31.8,31.2,30.82942597345618,-0.9705740265438212,0.3705740265438209,0.3705740265438209
2025-08-07 18:00:00,31.2,29.8,30.162944152049594,-1.0370558479504064,-0.36294415204959307,0.36294415204959307
2025-08-07 19:00:00,29.8,28.0,28.44064959746188,-1.3593504025381202,-0.44064959746188137,0.44064959746188137
2025-08-07 20:00:00,28.0,27.3,27.010387429726872,-0.9896125702731268,0.28961257027312826,0.28961257027312826
2025-08-07 21:00:00,27.3,26.9,26.728273636389805,-0.5717263636101954,0.171726363610194,0.171726363610194
2025-08-07 22:00:00,26.9,26.6,26.443322129726837,-0.4566778702731593,0.15667787027316393,0.15667787027316393
2025-08-07 23:00:00,26.6,26.2,26.160029969910532,-0.4399700300894691,0.0399700300894672,0.0399700300894672
2025-08-08 00:00:00,26.2,25.9,25.816492083345057,-0.38350791665494344,0.08350791665494128,0.08350791665494128
2025-08-08 01:00:00,25.9,25.6,25.593622204979237,-0.30637779502076173,0.00637779502076441,0.00637779502076441
2025-08-08 02:00:00,25.6,25.2,25.340590446364875,-0.25940955363512574,-0.14059044636487528,0.14059044636487528
2025-08-08 03:00:00,25.2,24.7,24.874941665683092,-0.3250583343169057,-0.1749416656830931,0.1749416656830931
2025-08-08 04:00:00,24.7,24.2,24.407081683312857,-0.29291831668714424,-0.20708168331285748,0.20708168331285748
2025-08-08 05:00:00,24.2,24.0,23.983656120977347,-0.2163438790226538,0.016343879022652885,0.016343879022652885
2025-08-08 06:00:00,24.0,24.2,24.163652164586267,0.16365216458626816,0.0363478354137321,0.0363478354137321
2025-08-08 07:00:00,24.2,25.4,25.26089344674435,1.0608934467443527,0.13910655325564747,0.13910655325564747
2025-08-08 08:00:00,25.4,26.3,26.578762317278166,1.178762317278168,-0.27876231727816503,0.27876231727816503
2025-08-08 09:00:00,26.3,27.0,27.40630077024392,1.1063007702439207,-0.4063007702439201,0.4063007702439201
2025-08-08 10:00:00,27.0,27.6,28.04521496181012,1.0452149618101212,-0.44521496181011955,0.44521496181011955
2025-08-08 11:00:00,27.6,28.7,28.17121448492058,0.5712144849205792,0.5287855150794201,0.5287855150794201
2025-08-08 12:00:00,28.7,29.5,29.2837656358009,0.5837656358009025,0.21623436419909936,0.21623436419909936
2025-08-08 13:00:00,29.5,30.1,29.985717920677953,0.4857179206779524,0.1142820793220487,0.1142820793220487
2025-08-08 14:00:00,30.1,29.2,30.17432047816667,0.07432047816667015,-0.9743204781666712,0.9743204781666712
2025-08-08 15:00:00,29.2,27.0,28.701734831105732,-0.498265168894269,-1.7017348311057319,1.7017348311057319
2025-08-08 16:00:00,27.0,28.0,26.637252144900643,-0.3627478550993588,1.3627478550993573,1.3627478550993573
2025-08-08 17:00:00,28.0,28.2,28.18066821093137,0.18066821093136856,0.0193317890686302,0.0193317890686302
2025-08-08 18:00:00,28.2,27.5,27.45518774590304,-0.7448122540969583,0.04481225409696066,0.04481225409696066
2025-08-08 19:00:00,27.5,26.7,26.686458320067533,-0.813541679932466,0.013541679932465911,0.013541679932465911
2025-08-08 20:00:00,26.7,26.1,26.048909818860217,-0.6510901811397809,0.05109018113978436,0.05109018113978436
2025-08-08 21:00:00,26.1,25.7,25.627516964233564,-0.4724830357664365,0.07248303576643522,0.07248303576643522
2025-08-08 22:00:00,25.7,25.4,25.283614477522246,-0.4163855224777525,0.1163855224777528,0.1163855224777528
2025-08-08 23:00:00,25.4,25.2,25.067890559709948,-0.3321094402900513,0.13210944029005134,0.13210944029005134
2025-08-09 00:00:00,25.2,25.0,24.93572593726598,-0.2642740627340194,0.0642740627340217,0.0642740627340217
2025-08-09 01:00:00,25.0,25.1,24.78841755562658,-0.2115824443734185,0.3115824443734212,0.3115824443734212
2025-08-09 02:00:00,25.1,25.1,25.00426197031613,-0.09573802968387299,0.09573802968387213,0.09573802968387213
2025-08-09 03:00:00,25.1,25.0,24.995860008932496,-0.10413999106750509,0.004139991067503956,0.004139991067503956
2025-08-09 04:00:00,25.0,25.1,24.877497965393903,-0.12250203460609678,0.22250203460609796,0.22250203460609796
2025-08-09 05:00:00,25.1,25.0,25.041771949725543,-0.05822805027445856,-0.04177194972554332,0.04177194972554332
2025-08-09 06:00:00,25.0,24.6,25.141774833007027,0.141774833007026,-0.5417748330070253,0.5417748330070253
2025-08-09 07:00:00,24.6,24.7,24.487814128545725,-0.11218587145427777,0.21218587145427392,0.21218587145427392
2025-08-09 08:00:00,24.7,25.0,25.058115153632777,0.3581151536327783,-0.05811515363277664,0.05811515363277664
2025-08-09 09:00:00,25.0,25.4,25.40818273703678,0.40818273703677815,-0.008182737036779741,0.008182737036779741
2025-08-09 10:00:00,25.4,25.7,25.952015955709964,0.5520159557099668,-0.2520159557099646,0.2520159557099646
2025-08-09 11:00:00,25.7,25.0,25.98038447071205,0.2803844707120509,-0.9803844707120497,0.9803844707120497
2025-08-09 12:00:00,25.0,24.5,24.714646819798137,-0.28535318020186423,-0.21464681979813705,0.21464681979813705
2025-08-09 13:00:00,24.5,24.8,24.22347335679958,-0.27652664320041903,0.5765266432004204,0.5765266432004204
2025-08-09 14:00:00,24.8,25.4,25.08106060785127,0.28106060785126996,0.318939392148728,0.318939392148728
2025-08-09 15:00:00,25.4,25.6,25.507591269841267,0.10759126984126977,0.09240873015873419,0.09240873015873419
2025-08-09 16:00:00,25.6,25.9,25.52343940440139,-0.07656059559861125,0.3765605955986082,0.3765605955986082
2025-08-09 17:00:00,25.9,26.4,25.559554570462332,-0.340445429537666,0.8404454295376667,0.8404454295376667
2025-08-09 18:00:00,26.4,26.1,26.302949719813494,-0.09705028018650307,-0.20294971981349264,0.20294971981349264
2025-08-09 19:00:00,26.1,25.2,25.662980381094414,-0.43701961890558605,-0.46298038109441464,0.46298038109441464
2025-08-09 20:00:00,25.2,24.5,24.605875166826447,-0.5941248331735525,-0.10587516682644704,0.10587516682644704
2025-08-09 21:00:00,24.5,24.1,24.00209594966837,-0.49790405033162977,0.09790405033163196,0.09790405033163196
2025-08-09 22:00:00,24.1,23.5,23.698156616671916,-0.40184338332808434,-0.1981566166719162,0.1981566166719162
2025-08-09 23:00:00,23.5,23.1,23.08761603874835,-0.41238396125164944,0.012383961251650533,0.012383961251650533
2025-08-10 00:00:00,23.1,22.7,22.696754646449406,-0.4032453535505962,0.0032453535505929665,0.0032453535505929665
2025-08-10 01:00:00,22.7,22.3,22.302733403160765,-0.3972665968392329,-0.002733403160764425,0.002733403160764425
2025-08-10 02:00:00,22.3,22.0,21.953166050657522,-0.34683394934247985,0.046833949342477865,0.046833949342477865
2025-08-10 03:00:00,22.0,21.6,21.733971054385066,-0.2660289456149337,-0.1339710543850643,0.1339710543850643
2025-08-10 04:00:00,21.6,21.2,21.310765324154158,-0.28923467584584456,-0.1107653241541584,0.1107653241541584
2025-08-10 05:00:00,21.2,21.0,20.929391046785977,-0.2706089532140233,0.07060895321402327,0.07060895321402327
2025-08-10 06:00:00,21.0,21.4,21.13704445070477,0.13704445070477067,0.2629555492952278,0.2629555492952278
2025-08-10 07:00:00,21.4,23.3,22.44899074843781,1.0489907484378134,0.8510092515621892,0.8510092515621892
2025-08-10 08:00:00,23.3,25.2,25.133679790888124,1.8336797908881242,0.06632020911187553,0.06632020911187553
2025-08-10 09:00:00,25.2,27.1,26.38644116921788,1.1864411692178796,0.713558830782123,0.713558830782123
2025-08-10 10:00:00,27.1,28.2,28.39640935147956,1.2964093514795587,-0.1964093514795593,0.1964093514795593
2025-08-10 11:00:00,28.2,29.7,29.28189519129127,1.0818951912912698,0.4181048087087298,0.4181048087087298
2025-08-10 12:00:00,29.7,30.5,30.60048945878844,0.9004894587884426,-0.10048945878844151,0.10048945878844151
2025-08-10 13:00:00,30.5,31.8,31.04734036760871,0.5473403676087121,0.7526596323912891,0.7526596323912891
2025-08-10 14:00:00,31.8,32.7,31.94988210091669,0.14988210091668772,0.7501178990833139,0.7501178990833139
2025-08-10 15:00:00,32.7,33.1,32.7082211061002,0.0082211061001908,0.39177889389980436,0.39177889389980436
2025-08-10 16:00:00,33.1,32.8,32.492552371762514,-0.6074476282374879,0.3074476282374832,0.3074476282374832
2025-08-10 17:00:00,32.8,32.3,31.752615211014323,-1.0473847889856744,0.5473847889856742,0.5473847889856742
2025-08-10 18:00:00,32.3,31.1,31.221855615432737,-1.0781443845672605,-0.12185561543273593,0.12185561543273593
2025-08-10 19:00:00,31.1,29.7,29.830685444053792,-1.2693145559462082,-0.13068544405379257,0.13068544405379257
2025-08-10 20:00:00,29.7,28.6,28.69761107846913,-1.0023889215308701,-0.09761107846912864,0.09761107846912864
2025-08-10 21:00:00,28.6,28.0,27.871261774181992,-0.7287382258180094,0.1287382258180081,0.1287382258180081
2025-08-10 22:00:00,28.0,27.5,27.486024870793166,-0.5139751292068335,0.01397512920683397,0.01397512920683397
2025-08-10 23:00:00,27.5,27.0,27.034000326752373,-0.4659996732476278,-0.03400032675237341,0.03400032675237341
2025-08-11 00:00:00,27.0,26.5,26.560561770143607,-0.4394382298563942,-0.06056177014360742,0.06056177014360742
2025-08-11 01:00:00,26.5,26.1,26.077126310164363,-0.4228736898356363,0.02287368983563809,0.02287368983563809
2025-08-11 02:00:00,26.1,25.7,25.711249177079697,-0.38875082292030255,-0.011249177079697859,0.011249177079697859
2025-08-11 03:00:00,25.7,25.5,25.349118934411226,-0.3508810655887725,0.15088106558877357,0.15088106558877357
2025-08-11 04:00:00,25.5,25.2,25.265498494524444,-0.23450150547555496,-0.06549849452444434,0.06549849452444434
2025-08-11 05:00:00,25.2,25.0,24.985726977388275,-0.21427302261172443,0.014273022611725139,0.014273022611725139
2025-08-11 06:00:00,25.0,25.1,25.178010184917174,0.17801018491717227,-0.07801018491717215,0.07801018491717215
2025-08-11 07:00:00,25.1,25.4,26.076414217945405,0.9764142179454045,-0.6764142179454069,0.6764142179454069
2025-08-11 08:00:00,25.4,26.2,26.126570340791066,0.7265703407910677,0.07342965920893363,0.07342965920893363
2025-08-11 09:00:00,26.2,26.7,27.127194850613968,0.9271948506139669,-0.42719485061396867,0.42719485061396867
2025-08-11 10:00:00,26.7,27.6,27.409211998535277,0.7092119985352769,0.19078800146472474,0.19078800146472474
2025-08-11 11:00:00,27.6,28.2,28.510728070562067,0.9107280705620637,-0.3107280705620674,0.3107280705620674
2025-08-11 12:00:00,28.2,28.7,28.772866430801162,0.5728664308011614,-0.07286643080116306,0.07286643080116306
2025-08-11 13:00:00,28.7,29.2,29.223419828717986,0.5234198287179859,-0.0234198287179872,0.0234198287179872
2025-08-11 14:00:00,29.2,29.2,29.424043617393576,0.22404361739357723,-0.22404361739357626,0.22404361739357626
2025-08-11 15:00:00,29.2,29.2,29.16221744550748,-0.03778255449252101,0.03778255449251944,0.03778255449251944
2025-08-11 16:00:00,29.2,29.2,28.812199643239406,-0.3878003567605941,0.387800356760593,0.387800356760593
2025-08-11 17:00:00,29.2,28.7,28.6348332023932,-0.5651667976068006,0.06516679760679978,0.06516679760679978
2025-08-11 18:00:00,28.7,27.7,27.987843405499273,-0.712156594500725,-0.2878434054992738,0.2878434054992738
2025-08-11 19:00:00,27.7,27.3,26.827738736552575,-0.8722612634474234,0.47226126344742525,0.47226126344742525
2025-08-11 20:00:00,27.3,26.9,26.824843578038298,-0.4751564219617042,0.07515642196170091,0.07515642196170091
2025-08-11 21:00:00,26.9,26.6,26.444293026435076,-0.45570697356492296,0.15570697356492502,0.15570697356492502
2025-08-11 22:00:00,26.6,26.2,26.170526232706898,-0.4294737672931052,0.02947376729310136,0.02947376729310136
2025-08-11 23:00:00,26.2,25.9,25.796164191550602,-0.403835808449397,0.10383580844939644,0.10383580844939644
2025-08-12 00:00:00,25.9,25.5,25.5879929058869,-0.31200709411309974,-0.08799290588689956,0.08799290588689956
2025-08-12 01:00:00,25.5,25.1,25.14741770712818,-0.3525822928718208,-0.04741770712817939,0.04741770712817939
2025-08-12 02:00:00,25.1,25.0,24.779499531667835,-0.32050046833216517,0.2205004683321654,0.2205004683321654
2025-08-12 03:00:00,25.0,24.6,24.824253610614477,-0.17574638938552273,-0.22425361061447546,0.22425361061447546
2025-08-12 04:00:00,24.6,23.8,24.348717557720292,-0.2512824422797107,-0.5487175577202912,0.5487175577202912
2025-08-12 05:00:00,23.8,23.3,23.463794673681317,-0.3362053263186847,-0.16379467368131628,0.16379467368131628
2025-08-12 06:00:00,23.3,23.5,23.247324877047774,-0.05267512295222549,0.25267512295222616,0.25267512295222616
2025-08-12 07:00:00,23.5,25.4,24.604271607623144,1.1042716076231447,0.795728392376855,0.795728392376855
2025-08-12 08:00:00,25.4,27.3,27.083707956109738,1.6837079561097386,0.21629204389026313,0.21629204389026313
2025-08-12 09:00:00,27.3,28.7,28.791102903496647,1.4911029034966468,-0.09110290349664751,0.09110290349664751
2025-08-12 10:00:00,28.7,30.2,29.899694426530264,1.199694426530265,0.3003055734697355,0.3003055734697355
2025-08-12 11:00:00,30.2,31.4,31.19798667696759,0.9979866769675909,0.20201332303240704,0.20201332303240704
2025-08-12 12:00:00,31.4,32.4,32.12458918110141,0.7245891811014136,0.2754108188985853,0.2754108188985853
2025-08-12 13:00:00,32.4,33.2,32.93241678318726,0.532416783187261,0.26758321681274566,0.26758321681274566
2025-08-12 14:00:00,33.2,33.2,33.38915646710501,0.18915646710500963,-0.18915646710500766,0.18915646710500766
2025-08-12 15:00:00,33.2,34.0,33.03437629012577,-0.1656237098742345,0.9656237098742295,0.9656237098742295
2025-08-12 16:00:00,34.0,33.6,33.382100019619756,-0.6178999803802433,0.2178999803802455,0.2178999803802455
2025-08-12 17:00:00,33.6,32.9,32.574282667595774,-1.0257173324042281,0.3257173324042242,0.3257173324042242
2025-08-12 18:00:00,32.9,31.4,31.436133311366145,-1.4638666886338547,-0.036133311366146614,0.036133311366146614
2025-08-12 19:00:00,31.4,29.7,29.964622542540663,-1.4353774574593339,-0.2646225425406641,0.2646225425406641
2025-08-12 20:00:00,29.7,28.6,28.63981370770466,-1.0601862922953373,-0.03981370770465986,0.03981370770465986
2025-08-12 21:00:00,28.6,27.8,27.821601654655755,-0.7783983453442475,-0.021601654655754032,0.021601654655754032
2025-08-12 22:00:00,27.8,27.3,27.205629049166326,-0.5943709508336755,0.09437095083367453,0.09437095083367453
2025-08-12 23:00:00,27.3,26.9,26.793886315896273,-0.5061136841037271,0.10611368410372535,0.10611368410372535
2025-08-13 00:00:00,26.9,26.8,26.442475001128848,-0.457524998871149,0.35752499887115263,0.35752499887115263
2025-08-13 01:00:00,26.8,26.7,26.57866791846646,-0.22133208153354028,0.12133208153353792,0.12133208153353792
2025-08-13 02:00:00,26.7,26.4,26.503526108876894,-0.1964738911231053,-0.1035261088768955,0.1035261088768955
2025-08-13 03:00:00,26.4,26.4,26.116185651992758,-0.28381434800724065,0.28381434800724037,0.28381434800724037
2025-08-13 04:00:00,26.4,26.1,26.28576243860191,-0.11423756139808673,-0.185762438601909,0.185762438601909
2025-08-13 05:00:00,26.1,24.6,25.87974499365388,-0.220255006346121,-1.2797449936538783,1.2797449936538783
2025-08-13 06:00:00,24.6,24.3,24.51841345654863,-0.08158654345137249,-0.2184134565486282,0.2184134565486282
2025-08-13 07:00:00,24.3,24.0,24.34174939934672,0.04174939934672194,-0.3417493993467211,0.3417493993467211
2025-08-13 08:00:00,24.0,23.4,23.960052652675273,-0.0399473473247265,-0.5600526526752745,0.5600526526752745
2025-08-13 09:00:00,23.4,22.7,23.12874276203445,-0.27125723796555085,-0.4287427620344495,0.4287427620344495
2025-08-13 10:00:00,22.7,22.0,22.39430249169108,-0.3056975083089214,-0.39430249169107867,0.39430249169107867
2025-08-13 11:00:00,22.0,23.3,21.732182452008537,-0.2678175479914611,1.5678175479914636,1.5678175479914636
2025-08-13 12:00:00,23.3,23.7,23.9381900314854,0.6381900314853998,-0.2381900314854022,0.2381900314854022
2025-08-13 13:00:00,23.7,26.6,24.117728368086787,0.417728368086789,2.482271631913214,2.482271631913214
2025-08-13 14:00:00,26.6,26.7,26.942233196450488,0.34223319645048617,-0.24223319645048846,0.24223319645048846
2025-08-13 15:00:00,26.7,26.7,26.54352841954536,-0.1564715804546404,0.15647158045463883,0.15647158045463883
2025-08-13 16:00:00,26.7,26.8,26.758942591135483,0.05894259113548301,0.0410574088645177,0.0410574088645177
2025-08-13 17:00:00,26.8,26.8,26.749710567874835,-0.05028943212516454,0.050289432125165234,0.050289432125165234
2025-08-13 18:00:00,26.8,26.2,26.73774084126752,-0.06225915873248124,-0.5377408412675209,0.5377408412675209
2025-08-13 19:00:00,26.2,24.7,25.731771862172348,-0.4682281378276524,-1.0317718621723486,1.0317718621723486
2025-08-13 20:00:00,24.7,24.5,24.11848978324656,-0.581510216753441,0.38151021675344055,0.38151021675344055
2025-08-13 21:00:00,24.5,24.5,24.272902510433042,-0.22709748956695747,0.2270974895669582,0.2270974895669582
2025-08-13 22:00:00,24.5,24.6,24.364668826944268,-0.1353311730557306,0.2353311730557337,0.2353311730557337
2025-08-13 23:00:00,24.6,24.8,24.512808489873226,-0.08719151012677522,0.2871915101267746,0.2871915101267746
2025-08-14 00:00:00,24.8,24.9,24.819352472286536,0.01935247228653598,0.08064752771346306,0.08064752771346306
2025-08-14 01:00:00,24.9,25.0,24.884576387677726,-0.015423612322274816,0.1154236123222745,0.1154236123222745
2025-08-14 02:00:00,25.0,24.7,24.9760417861375,-0.023958213862498544,-0.2760417861375011,0.2760417861375011
2025-08-14 03:00:00,24.7,24.4,24.389203179022605,-0.31079682097739453,0.01079682097739365,0.01079682097739365
2025-08-14 04:00:00,24.4,24.3,24.256166656094727,-0.14383334390527194,0.04383334390527338,0.04383334390527338
2025-08-14 05:00:00,24.3,24.4,24.23549372192798,-0.06450627807202099,0.16450627807201812,0.16450627807201812
2025-08-14 06:00:00,24.4,24.5,24.480507405657434,0.08050740565743687,0.019492594342565894,0.019492594342565894
2025-08-14 07:00:00,24.5,24.3,24.735083589134835,0.23508358913483512,-0.4350835891348339,0.4350835891348339
2025-08-14 08:00:00,24.3,24.8,24.38587397315686,0.08587397315685699,0.41412602684314237,0.41412602684314237
2025-08-14 09:00:00,24.8,25.0,25.58956126722841,0.7895612672284102,-0.5895612672284116,0.5895612672284116
2025-08-14 10:00:00,25.0,25.0,25.348645764764584,0.3486457647645853,-0.34864576476458353,0.34864576476458353
2025-08-14 11:00:00,25.0,25.3,25.209517783893375,0.2095177838933751,0.09048221610662566,0.09048221610662566
2025-08-14 12:00:00,25.3,26.0,25.53176750453371,0.23176750453370917,0.46823249546628887,0.46823249546628887
2025-08-14 13:00:00,26.0,26.6,26.33863282118834,0.3386328211883418,0.2613671788116605,0.2613671788116605
2025-08-14 14:00:00,26.6,26.4,27.33828102213082,0.7382810221308186,-0.9382810221308198,0.9382810221308198
2025-08-14 15:00:00,26.4,26.5,26.355222800872266,-0.04477719912773419,0.14477719912773424,0.14477719912773424
2025-08-14 16:00:00,26.5,26.9,26.57074179782886,0.07074179782885757,0.32925820217113966,0.32925820217113966
2025-08-14 17:00:00,26.9,26.8,26.941477485534758,0.04147748553476111,-0.14147748553475736,0.14147748553475736
2025-08-14 18:00:00,26.8,26.4,26.577229386865486,-0.2227706131345151,-0.17722938686548773,0.17722938686548773
2025-08-14 19:00:00,26.4,26.0,26.06375560854585,-0.33624439145414653,-0.0637556085458506,0.0637556085458506
2025-08-14 20:00:00,26.0,25.8,25.710333980049704,-0.2896660199502958,0.08966601995029677,0.08966601995029677
2025-08-14 21:00:00,25.8,25.6,25.57520852607965,-0.2247914739203514,0.024791473920352303,0.024791473920352303
2025-08-14 22:00:00,25.6,25.5,25.38718680698042,-0.2128131930195828,0.11281319301957993,0.11281319301957993
2025-08-14 23:00:00,25.5,25.5,25.33615567499781,-0.16384432500219237,0.16384432500219148,0.16384432500219148
2025-08-15 00:00:00,25.5,25.6,25.394294754429236,-0.1057052455707641,0.20570524557076553,0.20570524557076553
2025-08-15 01:00:00,25.6,25.2,25.526169839240357,-0.07383016075964538,-0.32616983924035736,0.32616983924035736
2025-08-15 02:00:00,25.2,25.0,24.943444505413517,-0.2565554945864822,0.056555494586483235,0.056555494586483235
2025-08-15 03:00:00,25.0,24.7,24.810937495497694,-0.18906250450230605,-0.11093749549769427,0.11093749549769427
2025-08-15 04:00:00,24.7,24.5,24.501577857445493,-0.19842214255450746,-0.0015778574454934358,0.0015778574454934358
2025-08-15 05:00:00,24.5,24.4,24.30183496431196,-0.1981650356880403,0.09816503568803725,0.09816503568803725
2025-08-15 06:00:00,24.4,24.7,24.476144942024288,0.07614494202428773,0.2238550579757117,0.2238550579757117
2025-08-15 07:00:00,24.7,25.4,25.794457602446542,1.0944576024465413,-0.3944576024465434,0.3944576024465434
2025-08-15 08:00:00,25.4,27.0,26.42150288321681,1.021502883216811,0.5784971167831898,0.5784971167831898
2025-08-15 09:00:00,27.0,28.8,28.413256096528944,1.4132560965289434,0.38674390347105714,0.38674390347105714
2025-08-15 10:00:00,28.8,28.3,30.165923227379487,1.3659232273794863,-1.8659232273794863,1.8659232273794863
2025-08-15 11:00:00,28.3,27.2,28.7435267847047,0.44352678470469825,-1.5435267847046994,1.5435267847046994
2025-08-15 12:00:00,27.2,27.4,27.07361072371655,-0.126389276283451,0.32638927628345016,0.32638927628345016
2025-08-15 13:00:00,27.4,27.8,27.599483692550884,0.19948369255088527,0.2005163074491172,0.2005163074491172
2025-08-15 14:00:00,27.8,29.4,28.180053736524936,0.3800537365249348,1.2199462634750624,1.2199462634750624
2025-08-15 15:00:00,29.4,30.9,29.82955482968366,0.4295548296836605,1.07044517031634,1.07044517031634
2025-08-15 16:00:00,30.9,30.5,30.80944265633013,-0.09055734366986698,-0.30944265633013046,0.30944265633013046
2025-08-15 17:00:00,30.5,29.7,29.906338691907102,-0.593661308092899,-0.20633869190710286,0.20633869190710286
2025-08-15 18:00:00,29.7,29.2,29.10918046983267,-0.59081953016733,0.09081953016733024,0.09081953016733024
2025-08-15 19:00:00,29.2,28.1,28.694271288261454,-0.5057287117385451,-0.5942712882614529,0.5942712882614529
2025-08-15 20:00:00,28.1,27.5,27.40576843086539,-0.6942315691346124,0.09423156913461028,0.09423156913461028
2025-08-15 21:00:00,27.5,26.9,27.01272596673464,-0.4872740332653597,-0.11272596673464008,0.11272596673464008
2025-08-15 22:00:00,26.9,26.5,26.495452926255684,-0.40454707374431476,0.004547073744316066,0.004547073744316066
2025-08-15 23:00:00,26.5,26.4,26.130554255152294,-0.36944574484770687,0.26944574484770456,0.26944574484770456
2025-08-16 00:00:00,26.4,26.1,26.22729514229073,-0.17270485770927088,-0.12729514229072691,0.12729514229072691
2025-08-16 01:00:00,26.1,26.0,25.834948552164246,-0.26505144783575674,0.16505144783575432,0.16505144783575432
2025-08-16 02:00:00,26.0,25.8,25.84712109511245,-0.15287890488754932,-0.04712109511244833,0.04712109511244833
2025-08-16 03:00:00,25.8,25.6,25.608866735568682,-0.19113326443131706,-0.008866735568680895,0.008866735568680895
2025-08-16 04:00:00,25.6,25.6,25.41114993843391,-0.18885006156609443,0.18885006156609307,0.18885006156609307
2025-08-16 05:00:00,25.6,25.8,25.501497377205524,-0.09850262279447833,0.2985026227944765,0.2985026227944765
2025-08-16 06:00:00,25.8,26.0,25.878787455527757,0.07878745552775511,0.12121254447224317,0.12121254447224317
2025-08-16 07:00:00,26.0,26.5,26.52982453632349,0.5298245363234891,-0.02982453632348836,0.02982453632348836
2025-08-16 08:00:00,26.5,27.4,27.327594456448168,0.8275944564481666,0.07240554355183093,0.07240554355183093
2025-08-16 09:00:00,27.4,28.3,28.478589011028284,1.0785890110282854,-0.17858901102828284,0.17858901102828284
2025-08-16 10:00:00,28.3,30.0,29.411121175039806,1.1111211750398045,0.5888788249601937,0.5888788249601937
2025-08-16 11:00:00,30.0,30.7,30.85710141985392,0.8571014198539183,-0.15710141985391957,0.15710141985391957
2025-08-16 12:00:00,30.7,30.1,31.31156166394986,0.6115616639498617,-1.2115616639498583,1.2115616639498583
2025-08-16 13:00:00,30.1,31.7,30.444651908022426,0.3446519080224257,1.2553480919775737,1.2553480919775737
2025-08-16 14:00:00,31.7,31.4,31.6863283658545,-0.013671634145498003,-0.2863283658545015,0.2863283658545015
2025-08-16 15:00:00,31.4,31.2,31.153315684098384,-0.2466843159016154,0.04668431590161504,0.04668431590161504
2025-08-16 16:00:00,31.2,30.5,30.813267173168512,-0.38673282683148674,-0.31326717316851216,0.31326717316851216
2025-08-16 17:00:00,30.5,30.2,29.890680534759024,-0.6093194652409758,0.309319465240975,0.309319465240975
2025-08-16 18:00:00,30.2,29.4,29.49648585129753,-0.7035141487024704,-0.09648585129752973,0.09648585129752973
2025-08-16 19:00:00,29.4,28.3,28.580215517239235,-0.8197844827607634,-0.28021551723923466,0.28021551723923466
2025-08-16 20:00:00,28.3,27.8,27.554856956891854,-0.7451430431081483,0.24514304310814694,0.24514304310814694
2025-08-16 21:00:00,27.8,27.2,27.340238209862676,-0.45976179013732393,-0.14023820986267665,0.14023820986267665
2025-08-16 22:00:00,27.2,26.9,26.76917412390215,-0.43082587609784945,0.13082587609784824,0.13082587609784824
2025-08-16 23:00:00,26.9,26.5,26.61770312031567,-0.2822968796843262,-0.11770312031567087,0.11770312031567087
2025-08-17 00:00:00,26.5,26.4,26.134371354515974,-0.36562864548402546,0.2656286454840249,0.2656286454840249
2025-08-17 01:00:00,26.4,26.3,26.218251129037625,-0.1817488709623743,0.08174887096237526,0.08174887096237526
2025-08-17 02:00:00,26.3,26.2,26.131159667836695,-0.168840332163307,0.06884033216330465,0.06884033216330465
2025-08-17 03:00:00,26.2,26.1,25.98581235362901,-0.21418764637098733,0.11418764637098988,0.11418764637098988
2025-08-17 04:00:00,26.1,26.2,25.941224746404032,-0.1587752535959711,0.2587752535959673,0.2587752535959673
2025-08-17 05:00:00,26.2,26.2,26.16094200499002,-0.039057995009980626,0.03905799500997986,0.03905799500997986
2025-08-17 06:00:00,26.2,26.4,26.326523487259028,0.12652348725902993,0.07347651274097089,0.07347651274097089
2025-08-17 07:00:00,26.4,26.6,26.938123104978548,0.5381231049785505,-0.33812310497854625,0.33812310497854625
2025-08-17 08:00:00,26.6,27.3,27.12160900073899,0.5216090007389884,0.17839099926101198,0.17839099926101198
2025-08-17 09:00:00,27.3,28.4,28.29771957260496,0.9977195726049594,0.10228042739503707,0.10228042739503707
2025-08-17 10:00:00,28.4,29.2,29.476192444262136,1.0761924442621384,-0.2761924442621364,0.2761924442621364
2025-08-17 11:00:00,29.2,30.7,29.96631433401809,0.7663143340180892,0.7336856659819091,0.7336856659819091
2025-08-17 12:00:00,30.7,31.3,31.43014353578028,0.730143535780284,-0.13014353578028093,0.13014353578028093
2025-08-17 13:00:00,31.3,31.9,31.765865574800575,0.46586557480057333,0.13413442519942365,0.13413442519942365
2025-08-17 14:00:00,31.9,31.1,32.1426863773426,0.2426863773426028,-1.0426863773425978,1.0426863773425978
2025-08-17 15:00:00,31.1,31.0,30.586487415257672,-0.5135125847423283,0.4135125847423282,0.4135125847423282
2025-08-17 16:00:00,31.0,30.9,30.807541005631904,-0.1924589943680945,0.09245899436809424,0.09245899436809424
2025-08-17 17:00:00,30.9,30.1,30.243041890049003,-0.6569581099509944,-0.1430418900490018,0.1430418900490018
2025-08-17 18:00:00,30.1,29.5,29.340147277649642,-0.7598527223503595,0.15985272235035808,0.15985272235035808
2025-08-17 19:00:00,29.5,28.6,28.83180452256162,-0.6681954774383826,-0.23180452256161743,0.23180452256161743
2025-08-17 20:00:00,28.6,28.1,27.948062990543598,-0.6519370094564051,0.15193700945640387,0.15193700945640387
2025-08-17 21:00:00,28.1,28.0,27.667305257258793,-0.43269474274120695,0.33269474274120725,0.33269474274120725
2025-08-17 22:00:00,28.0,27.9,27.778611443045968,-0.22138855695403353,0.12138855695403095,0.12138855695403095
2025-08-17 23:00:00,27.9,27.7,27.681598988000058,-0.21840101199993978,0.018401011999941375,0.018401011999941375
2025-08-18 00:00:00,27.7,27.6,27.471411515441137,-0.2285884845588626,0.12858848455886474,0.12858848455886474
2025-08-18 01:00:00,27.6,27.6,27.438109840204916,-0.16189015979508656,0.16189015979508525,0.16189015979508525
2025-08-18 02:00:00,27.6,27.4,27.460797012266873,-0.1392029877331279,-0.06079701226687462,0.06079701226687462
2025-08-18 03:00:00,27.4,27.3,27.21105776343309,-0.18894223656690984,0.08894223656691125,0.08894223656691125
2025-08-18 04:00:00,27.3,27.2,27.173959168797655,-0.12604083120234652,0.02604083120234435,0.02604083120234435
2025-08-18 05:00:00,27.2,27.0,27.059145194017265,-0.14085480598273248,-0.05914519401726537,0.05914519401726537
2025-08-18 06:00:00,27.0,27.1,27.1241787438382,0.12417874383819948,-0.024178743838199068,0.024178743838199068
2025-08-18 07:00:00,27.1,27.4,27.65108554410455,0.55108554410455,-0.2510855441045514,0.2510855441045514
2025-08-18 08:00:00,27.4,27.9,28.007239080540668,0.6072390805406701,-0.10723908054066911,0.10723908054066911
2025-08-18 09:00:00,27.9,29.3,28.730004707751032,0.8300047077510331,0.5699952922489686,0.5699952922489686
2025-08-18 10:00:00,29.3,30.3,30.313303376641667,1.0133033766416655,-0.01330337664166592,0.01330337664166592
2025-08-18 11:00:00,30.3,31.1,31.093620734102807,0.7936207341028046,0.006379265897194841,0.006379265897194841
2025-08-18 12:00:00,31.1,32.3,31.746298525414197,0.646298525414194,0.5537014745858002,0.5537014745858002
2025-08-18 13:00:00,32.3,32.3,32.722303953190604,0.42230395319060593,-0.42230395319060676,0.42230395319060676
2025-08-18 14:00:00,32.3,32.6,32.24522636927321,-0.05477363072678369,0.3547736307267897,0.3547736307267897
2025-08-18 15:00:00,32.6,32.1,32.44845033370815,-0.15154966629184635,-0.3484503337081506,0.3484503337081506
2025-08-18 16:00:00,32.1,31.3,31.602364851150693,-0.4976351488493076,-0.302364851150692,0.302364851150692
2025-08-18 17:00:00,31.3,30.1,30.360620925342996,-0.9393790746570061,-0.2606209253429945,0.2606209253429945
2025-08-18 18:00:00,30.1,29.3,28.93459223291161,-1.1654077670883929,0.3654077670883922,0.3654077670883922
2025-08-18 19:00:00,29.3,28.2,28.585799478733357,-0.7142005212666422,-0.3857994787333574,0.3857994787333574
2025-08-18 20:00:00,28.2,27.8,27.554505793085582,-0.6454942069144161,0.2454942069144188,0.2454942069144188
2025-08-18 21:00:00,27.8,27.5,27.392246915804073,-0.4077530841959287,0.10775308419592733,0.10775308419592733
2025-08-18 22:00:00,27.5,27.3,27.2638508289054,-0.23614917109459935,0.03614917109459981,0.03614917109459981
2025-08-18 23:00:00,27.3,27.2,27.049533395324218,-0.2504666046757839,0.1504666046757812,0.1504666046757812
2025-08-19 00:00:00,27.2,27.2,27.005850713326137,-0.1941492866738643,0.19414928667386278,0.19414928667386278
2025-08-19 01:00:00,27.2,27.3,27.088050506594463,-0.1119494934055378,0.21194949340553748,0.21194949340553748
2025-08-19 02:00:00,27.3,27.2,27.221672942358683,-0.07832705764131838,-0.02167294235868411,0.02167294235868411
2025-08-19 03:00:00,27.2,27.1,27.044918373791475,-0.15508162620852436,0.0550816262085263,0.0550816262085263
2025-08-19 04:00:00,27.1,27.0,26.971299004136245,-0.12870099586375625,0.02870099586375474,0.02870099586375474
2025-08-19 05:00:00,27.0,26.9,26.895596882085837,-0.10440311791416199,0.004403117914161925,0.004403117914161925
2025-08-19 06:00:00,26.9,27.0,27.01379790727081,0.11379790727081253,-0.013797907270809873,0.013797907270809873
2025-08-19 07:00:00,27.0,27.6,27.509348123780956,0.5093481237809566,0.09065187621904514,0.09065187621904514
2025-08-19 08:00:00,27.6,28.6,28.428608240607037,0.828608240607035,0.17139175939296436,0.17139175939296436
2025-08-19 09:00:00,28.6,29.7,29.716447055344567,1.1164470553445645,-0.016447055344567474,0.016447055344567474
2025-08-19 10:00:00,29.7,30.5,30.620686114521977,0.9206861145219782,-0.12068611452197686,0.12068611452197686
2025-08-19 11:00:00,30.5,30.9,31.21897135286643,0.7189713528664307,-0.31897135286643064,0.31897135286643064
2025-08-19 12:00:00,30.9,31.2,31.382605904977414,0.48260590497741573,-0.18260590497741447,0.18260590497741447
2025-08-19 13:00:00,31.2,31.5,31.391991687915095,0.19199168791509635,0.10800831208490536,0.10800831208490536
2025-08-19 14:00:00,31.5,32.1,31.53979195465003,0.03979195465003033,0.5602080453499703,0.5602080453499703
2025-08-19 15:00:00,32.1,31.3,31.926097750177192,-0.17390224982281127,-0.6260977501771912,0.6260977501771912
2025-08-19 16:00:00,31.3,31.2,30.561529586556397,-0.7384704134436044,0.6384704134436028,0.6384704134436028
2025-08-19 17:00:00,31.2,30.8,30.58410442528607,-0.6158955747139291,0.2158955747139295,0.2158955747139295
2025-08-19 18:00:00,30.8,29.7,30.068542692163483,-0.7314573078365196,-0.36854269216348357,0.36854269216348357
2025-08-19 19:00:00,29.7,29.0,28.663707263095485,-1.036292736904515,0.33629273690451456,0.33629273690451456
2025-08-19 20:00:00,29.0,28.6,28.429958955054374,-0.5700410449456252,0.1700410449456271,0.1700410449456271
2025-08-19 21:00:00,28.6,28.4,28.177684542115816,-0.4223154578841855,0.22231545788418217,0.22231545788418217
2025-08-19 22:00:00,28.4,28.3,28.03809683960386,-0.36190316039613907,0.26190316039614103,0.26190316039614103
2025-08-19 23:00:00,28.3,28.0,28.075778913519024,-0.2242210864809783,-0.07577891351902366,0.07577891351902366
2025-08-20 00:00:00,28.0,27.9,27.7512366242217,-0.24876337577829843,0.148763375778298,0.148763375778298
2025-08-20 01:00:00,27.9,27.7,27.72223671590641,-0.17776328409359088,-0.022236715906409188,0.022236715906409188
2025-08-20 02:00:00,27.7,27.6,27.50160888313417,-0.19839111686582914,0.09839111686583024,0.09839111686583024
2025-08-20 03:00:00,27.6,27.4,27.445264621265444,-0.15473537873455886,-0.045264621265445726,0.045264621265445726
2025-08-20 04:00:00,27.4,27.2,27.24227423086298,-0.1577257691370206,-0.04227423086297932,0.04227423086297932
2025-08-20 05:00:00,27.2,27.0,27.043802776917904,-0.15619722308209721,-0.043802776917903685,0.043802776917903685
2025-08-20 06:00:00,27.0,27.0,27.157028258783857,0.15702825878385646,-0.15702825878385696,0.15702825878385696
2025-08-20 07:00:00,27.0,27.7,27.627246649391292,0.6272466493912909,0.07275335060870702,0.07275335060870702
2025-08-20 08:00:00,27.7,28.7,28.720743518946158,1.0207435189461598,-0.020743518946158446,0.020743518946158446
2025-08-20 09:00:00,28.7,29.7,29.820643590770622,1.1206435907706214,-0.12064359077062292,0.12064359077062292
2025-08-20 10:00:00,29.7,30.5,30.683248517880614,0.9832485178806144,-0.1832485178806138,0.1832485178806138
2025-08-20 11:00:00,30.5,31.4,31.226397483597523,0.7263974835975215,0.17360251640247526,0.17360251640247526
2025-08-20 12:00:00,31.4,31.6,31.867587054623417,0.46758705462342004,-0.2675870546234158,0.2675870546234158
2025-08-20 13:00:00,31.6,32.2,31.826345746095743,0.2263457460957424,0.37365425390425955,0.37365425390425955
2025-08-20 14:00:00,32.2,32.7,32.24349266587152,0.04349266587151634,0.45650733412848155,0.45650733412848155
2025-08-20 15:00:00,32.7,32.1,32.68220717751706,-0.017792822482947415,-0.5822071775170556,0.5822071775170556
2025-08-20 16:00:00,32.1,31.6,31.4444342780887,-0.655565721911302,0.15556572191130158,0.15556572191130158
2025-08-20 17:00:00,31.6,30.5,30.957954671981426,-0.6420453280185743,-0.45795467198142603,0.45795467198142603
2025-08-20 18:00:00,30.5,29.7,29.45830983065577,-1.0416901693442273,0.2416901693442277,0.2416901693442277
2025-08-20 19:00:00,29.7,29.2,29.012554443822268,-0.6874455561777334,0.18744555617773173,0.18744555617773173
2025-08-20 20:00:00,29.2,28.8,28.740677635882683,-0.45932236411731736,0.059322364117317505,0.059322364117317505
2025-08-20 21:00:00,28.8,28.4,28.41436371047639,-0.38563628952360873,-0.014363710476391844,0.014363710476391844
2025-08-20 22:00:00,28.4,28.4,28.016939219955077,-0.3830607800449197,0.3830607800449215,0.3830607800449215
2025-08-20 23:00:00,28.4,28.2,28.191409469027036,-0.208590530972961,0.00859053097296325,0.00859053097296325
2025-08-21 00:00:00,28.2,28.2,27.98600368873167,-0.21399631126832877,0.2139963112683283,0.2139963112683283
2025-08-21 01:00:00,28.2,28.1,27.965800429402695,-0.23419957059730548,0.13419957059730692,0.13419957059730692
2025-08-21 02:00:00,28.1,27.9,27.92651105771247,-0.17348894228752937,-0.026511057712472308,0.026511057712472308
2025-08-21 03:00:00,27.9,27.7,27.713921862815532,-0.18607813718446678,-0.013921862815532648,0.013921862815532648
2025-08-21 04:00:00,27.7,27.5,27.540858348272934,-0.1591416517270653,-0.04085834827293411,0.04085834827293411
2025-08-21 05:00:00,27.5,27.4,27.343802776917904,-0.15619722308209721,0.05619722308209418,0.05619722308209418
2025-08-21 06:00:00,27.4,27.6,27.525482562383317,0.12548256238331787,0.07451743761668439,0.07451743761668439
2025-08-21 07:00:00,27.6,28.0,28.340053754796223,0.7400537547962213,-0.340053754796223,0.340053754796223
2025-08-21 08:00:00,28.0,29.0,28.780245107218875,0.7802451072188729,0.21975489278112548,0.21975489278112548
2025-08-21 09:00:00,29.0,30.0,30.133536172135273,1.133536172135274,-0.13353617213527258,0.13353617213527258
2025-08-21 10:00:00,30.0,31.2,30.984733775162464,0.984733775162464,0.215266224837535,0.215266224837535
2025-08-21 11:00:00,31.2,32.2,31.913168716091814,0.7131687160918134,0.2868312839081888,0.2868312839081888
2025-08-21 12:00:00,32.2,33.4,32.8743075074955,0.6743075074954982,0.525692492504497,0.525692492504497
2025-08-21 13:00:00,33.4,34.2,33.835990987342036,0.4359909873420346,0.3640090126579665,0.3640090126579665
2025-08-21 14:00:00,34.2,33.3,34.415428102435946,0.21542810243594304,-1.1154281024359491,1.1154281024359491
2025-08-21 15:00:00,33.3,33.8,33.03879086318924,-0.2612091368107554,0.7612091368107556,0.7612091368107556
2025-08-21 16:00:00,33.8,33.0,33.03480147557121,-0.765198524428787,-0.03480147557120716,0.03480147557120716
2025-08-21 17:00:00,33.0,31.8,31.669614894122628,-1.330385105877372,0.13038510587737306,0.13038510587737306
2025-08-21 18:00:00,31.8,30.4,30.73410043816543,-1.0658995618345692,-0.3341004381654322,0.3341004381654322
2025-08-21 19:00:00,30.4,29.4,29.480820582995136,-0.9191794170048612,-0.08082058299513761,0.08082058299513761
2025-08-21 20:00:00,29.4,29.0,28.667363368020055,-0.7326366319799443,0.33263663197994475,0.33263663197994475
2025-08-21 21:00:00,29.0,28.6,28.530917552835717,-0.46908244716428166,0.06908244716428413,0.06908244716428413
2025-08-21 22:00:00,28.6,28.2,28.126052538256346,-0.4739474617436564,0.07394746174365352,0.07394746174365352
2025-08-21 23:00:00,28.2,27.7,27.78846420970596,-0.41153579029403836,-0.08846420970596114,0.08846420970596114
2025-08-22 00:00:00,27.7,27.3,27.277471064499434,-0.42252893550056714,0.022528935500567115,0.022528935500567115
2025-08-22 01:00:00,27.3,27.0,26.92835868663988,-0.3716413133601211,0.07164131336012147,0.07164131336012147
2025-08-22 02:00:00,27.0,26.7,26.666535783275133,-0.3334642167248679,0.03346421672486599,0.03346421672486599
2025-08-22 03:00:00,26.7,26.5,26.43628379221927,-0.26371620778072846,0.06371620778072895,0.06371620778072895
2025-08-22 04:00:00,26.5,26.3,26.29132464557862,-0.20867535442138196,0.008675354421381343,0.008675354421381343
2025-08-22 05:00:00,26.3,26.3,26.108357975762974,-0.19164202423702484,0.19164202423702648,0.19164202423702648
2025-08-22 06:00:00,26.3,26.4,26.505761492229478,0.2057614922294778,-0.10576149222947961,0.10576149222947961
2025-08-22 07:00:00,26.4,27.7,27.053813600802098,0.6538136008021005,0.6461863991979016,0.6461863991979016
2025-08-22 08:00:00,27.7,28.4,28.96043425316019,1.2604342531601909,-0.5604342531601922,0.5604342531601922
2025-08-22 09:00:00,28.4,29.7,29.31775221170733,0.9177522117073302,0.3822477882926698,0.3822477882926698
2025-08-22 10:00:00,29.7,31.5,30.716359538340843,1.016359538340843,0.7836404616591572,0.7836404616591572
2025-08-22 11:00:00,31.5,32.2,32.04110303095597,0.5411030309559712,0.1588969690440294,0.1588969690440294
2025-08-22 12:00:00,32.2,32.5,32.89729884403188,0.6972988440318804,-0.3972988440318801,0.3972988440318801
2025-08-22 13:00:00,32.5,33.0,32.71268162337557,0.21268162337557636,0.2873183766244267,0.2873183766244267
2025-08-22 14:00:00,33.0,33.4,33.16801229235905,0.16801229235905277,0.2319877076409469,0.2319877076409469
2025-08-22 15:00:00,33.4,33.4,33.269108931281615,-0.13089106871838274,0.13089106871838396,0.13089106871838396
2025-08-22 16:00:00,33.4,33.1,33.04703430774738,-0.35296569225261376,0.052965692252620045,0.052965692252620045
2025-08-22 17:00:00,33.1,31.8,32.18996973874411,-0.9100302612558878,-0.3899697387441101,0.3899697387441101
2025-08-22 18:00:00,31.8,30.2,30.482003395196017,-1.3179966048039826,-0.2820033951960177,0.2820033951960177
2025-08-22 19:00:00,30.2,29.1,29.12303720996013,-1.0769627900398686,-0.0230372099601297,0.0230372099601297
2025-08-22 20:00:00,29.1,28.6,28.325037431464526,-0.7749625685354765,0.27496256853547507,0.27496256853547507
2025-08-22 21:00:00,28.6,28.3,28.156393811397432,-0.4436061886025681,0.14360618860256835,0.14360618860256835
2025-08-22 22:00:00,28.3,28.1,27.955059312235267,-0.34494068776473424,0.14494068776473412,0.14494068776473412
2025-08-22 23:00:00,28.1,28.0,27.821243555054114,-0.2787564449458877,0.17875644494588627,0.17875644494588627
2025-08-23 00:00:00,28.0,27.9,27.80601272063367,-0.19398727936632804,0.09398727936632767,0.09398727936632767
2025-08-23 01:00:00,27.9,27.9,27.724538529986003,-0.17546147001399734,0.17546147001399603,0.17546147001399603
2025-08-23 02:00:00,27.9,27.7,27.75764945272567,-0.14235054727432936,-0.0576494527256699,0.0576494527256699
2025-08-23 03:00:00,27.7,27.6,27.514926693733408,-0.1850733062665924,0.08507330626659382,0.08507330626659382
2025-08-23 04:00:00,27.6,27.4,27.46982323447025,-0.13017676552975022,-0.06982323447025252,0.06982323447025252
2025-08-23 05:00:00,27.4,27.4,27.24420541421429,-0.1557945857857108,0.15579458578570993,0.15579458578570993
2025-08-23 06:00:00,27.4,27.5,27.594828239044652,0.19482823904465488,-0.09482823904465221,0.09482823904465221
2025-08-23 07:00:00,27.5,27.9,28.1257618771125,0.6257618771125005,-0.2257618771125003,0.2257618771125003
2025-08-23 08:00:00,27.9,28.9,28.82536002080013,0.9253600208001319,0.07463997919986909,0.07463997919986909
2025-08-23 09:00:00,28.9,30.0,30.034673872670034,1.1346738726700336,-0.034673872670033745,0.034673872670033745
2025-08-23 10:00:00,30.0,30.7,31.034940072769157,1.0349400727691551,-0.3349400727691574,0.3349400727691574
2025-08-23 11:00:00,30.7,31.0,31.507249335058926,0.8072493350589282,-0.5072493350589262,0.5072493350589262
2025-08-23 12:00:00,31.0,30.5,31.470444222214013,0.4704442222140138,-0.970444222214013,0.970444222214013
2025-08-23 13:00:00,30.5,30.3,30.534621785119086,0.03462178511908454,-0.23462178511908505,0.23462178511908505
2025-08-23 14:00:00,30.3,30.4,30.56349469556763,0.26349469556762856,-0.16349469556763196,0.16349469556763196
2025-08-23 15:00:00,30.4,31.6,30.486569790038878,0.0865697900388779,1.1134302099611233,1.1134302099611233
2025-08-23 16:00:00,31.6,31.8,31.542562760048607,-0.05743723995139325,0.25743723995139334,0.25743723995139334
2025-08-23 17:00:00,31.8,31.7,31.395620728747012,-0.40437927125298734,0.30437927125298714,0.30437927125298714
2025-08-23 18:00:00,31.7,30.7,31.108261175204085,-0.5917388247959134,-0.40826117520408545,0.40826117520408545
2025-08-23 19:00:00,30.7,29.7,29.925671977201137,-0.7743280227988625,-0.22567197720113796,0.22567197720113796
2025-08-23 20:00:00,29.7,29.0,29.02733927126997,-0.6726607287300294,-0.0273392712699696,0.0273392712699696
2025-08-23 21:00:00,29.0,28.7,28.45721641261974,-0.5427835873802606,0.2427835873802593,0.2427835873802593
2025-08-23 22:00:00,28.7,28.5,28.326976567231394,-0.3730234327686064,0.17302343276860555,0.17302343276860555
2025-08-23 23:00:00,28.5,28.2,28.223200089584214,-0.27679991041578517,-0.023200089584214822,0.023200089584214822
2025-08-24 00:00:00,28.2,27.7,27.918726770661348,-0.28127322933865223,-0.21872677066134827,0.21872677066134827
2025-08-24 01:00:00,27.7,27.4,27.31347690541238,-0.38652309458762085,0.0865230945876192,0.0865230945876192
2025-08-24 02:00:00,27.4,27.3,27.14866413562941,-0.2513358643705903,0.15133586437059066,0.15133586437059066
2025-08-24 03:00:00,27.3,27.1,27.129482851555995,-0.17051714844400662,-0.029482851555993506,0.029482851555993506
2025-08-24 04:00:00,27.1,26.9,26.893269753008564,-0.20673024699143666,0.006730246991434541,0.006730246991434541
2025-08-24 05:00:00,26.9,27.1,26.69971194013349,-0.20028805986650808,0.4002880598665115,0.4002880598665115
2025-08-24 06:00:00,27.1,27.2,27.228006476258315,0.12800647625831532,-0.02800647625831587,0.02800647625831587
2025-08-24 07:00:00,27.2,28.0,27.828463416776852,0.6284634167768544,0.1715365832231477,0.1715365832231477
2025-08-24 08:00:00,28.0,28.6,29.09807325643869,1.098073256438689,-0.49807325643868694,0.49807325643868694
2025-08-24 09:00:00,28.6,29.3,29.38885941196448,0.7888594119644784,-0.08885941196447789,0.08885941196447789
2025-08-24 10:00:00,29.3,30.7,30.29752083194295,0.9975208319429508,0.40247916805704875,0.40247916805704875
2025-08-24 11:00:00,30.7,32.6,31.373202721428186,0.6732027214281863,1.2267972785718158,1.2267972785718158
2025-08-24 12:00:00,32.6,32.9,33.52359608989795,0.9235960898979473,-0.6235960898979513,0.6235960898979513
2025-08-24 13:00:00,32.9,33.7,33.125516241666695,0.22551624166669768,0.574483758333308,0.574483758333308
2025-08-24 14:00:00,33.7,34.5,33.948463686474085,0.24846368647408443,0.551536313525915,0.551536313525915
2025-08-24 15:00:00,34.5,34.0,34.4891948201463,-0.010805179853695526,-0.48919482014630233,0.48919482014630233
2025-08-24 16:00:00,34.0,34.0,33.44035772738613,-0.5596422726138701,0.5596422726138712,0.5596422726138712
2025-08-24 17:00:00,34.0,33.1,33.10488111487055,-0.8951188851294491,-0.004881114870549652,0.004881114870549652
2025-08-24 18:00:00,33.1,31.5,31.646742381031494,-1.453257618968508,-0.14674238103149406,0.14674238103149406
2025-08-24 19:00:00,31.5,30.5,30.212046717544357,-1.287953282455642,0.2879532824556428,0.2879532824556428
2025-08-24 20:00:00,30.5,30.0,29.719862193972464,-0.7801378060275354,0.28013780602753613,0.28013780602753613
2025-08-24 21:00:00,30.0,29.6,29.48099003376635,-0.5190099662336488,0.11900996623365145,0.11900996623365145
2025-08-24 22:00:00,29.6,29.0,29.14083876282925,-0.45916123717075,-0.1408387628292509,0.1408387628292509
2025-08-24 23:00:00,29.0,28.7,28.54761178895581,-0.4523882110441899,0.1523882110441903,0.1523882110441903
2025-08-25 00:00:00,28.7,28.6,28.349817625600927,-0.35018237439907024,0.2501823743990741,0.2501823743990741
2025-08-25 01:00:00,28.6,28.5,28.38734349780758,-0.21265650219241855,0.11265650219241863,0.11265650219241863
2025-08-25 02:00:00,28.5,28.3,28.299651257893103,-0.2003487421068981,0.00034874210689750385,0.00034874210689750385
2025-08-25 03:00:00,28.3,28.0,28.075971653357932,-0.22402834664206725,-0.07597165335793221,0.07597165335793221
2025-08-25 04:00:00,28.0,27.5,27.7876757296151,-0.21232427038489912,-0.28767572961509913,0.28767572961509913
2025-08-25 05:00:00,27.5,27.5,27.207498250955307,-0.292501749044694,0.2925017490446926,0.2925017490446926
2025-08-25 06:00:00,27.5,27.8,27.708786146090684,0.20878614609068602,0.09121385390931636,0.09121385390931636
2025-08-25 07:00:00,27.8,28.6,29.034430232584672,1.2344302325846699,-0.4344302325846705,0.4344302325846705
2025-08-25 08:00:00,28.6,26.7,29.643708263330886,1.0437082633308834,-2.943708263330887,2.943708263330887
2025-08-25 09:00:00,26.7,26.7,26.42114138299775,-0.27885861700225073,0.2788586170022498,0.2788586170022498
2025-08-25 10:00:00,26.7,27.9,26.805640634571187,0.10564063457118845,1.0943593654288115,1.0943593654288115
2025-08-25 11:00:00,27.9,28.8,28.644696733924537,0.7446967339245393,0.15530326607546385,0.15530326607546385
2025-08-25 12:00:00,28.8,30.2,29.39997333813033,0.5999733381303293,0.8000266618696692,0.8000266618696692
2025-08-25 13:00:00,30.2,32.0,30.8597447967176,0.6597447967175999,1.1402552032824005,1.1402552032824005
2025-08-25 14:00:00,32.0,31.4,32.260009441026845,0.26000944102684226,-0.8600094410268468,0.8600094410268468
2025-08-25 15:00:00,31.4,31.7,31.191387606697774,-0.20861239330222597,0.5086123933022257,0.5086123933022257
2025-08-25 16:00:00,31.7,31.8,31.38967341982734,-0.31032658017265824,0.41032658017266144,0.41032658017266144
2025-08-25 17:00:00,31.8,30.0,31.208685014857547,-0.591314985142452,-1.2086850148575472,1.2086850148575472
2025-08-25 18:00:00,30.0,29.6,29.423241006120318,-0.5767589938796839,0.17675899387968386,0.17675899387968386
2025-08-25 19:00:00,29.6,28.8,29.10899429306149,-0.49100570693851087,-0.3089942930614882,0.3089942930614882
2025-08-25 20:00:00,28.8,29.1,28.379178433653326,-0.4208215663466751,0.7208215663466753,0.7208215663466753
2025-08-25 21:00:00,29.1,28.9,29.039893373934852,-0.06010662606515096,-0.13989337393485357,0.13989337393485357
2025-08-25 22:00:00,28.9,28.6,28.593700335962946,-0.3062996640370509,0.006299664037054953,0.006299664037054953
2025-08-25 23:00:00,28.6,28.0,28.295105601790425,-0.3048943982095765,-0.295105601790425,0.295105601790425
2025-08-26 00:00:00,28.0,27.6,27.586693583854913,-0.4133064161450883,0.013306416145088207,0.013306416145088207
2025-08-26 01:00:00,27.6,27.3,27.269251437164986,-0.33074856283501736,0.030748562835015036,0.030748562835015036
2025-08-26 02:00:00,27.3,26.8,27.033849076549465,-0.26615092345053576,-0.23384907654946474,0.23384907654946474
2025-08-26 03:00:00,26.8,26.4,26.451714438864283,-0.3482855611357197,-0.05171443886428406,0.05171443886428406
2025-08-26 04:00:00,26.4,25.7,26.067504471012807,-0.33249552898719004,-0.3675044710128077,0.3675044710128077
2025-08-26 05:00:00,25.7,25.6,25.364775063810857,-0.3352249361891411,0.23522493618914453,0.23522493618914453
2025-08-26 06:00:00,25.6,25.5,25.68699867325073,0.08699867325072856,-0.18699867325073072,0.18699867325073072
2025-08-26 07:00:00,25.5,25.6,25.67136816135374,0.17136816135373997,-0.07136816135373891,0.07136816135373891
2025-08-26 08:00:00,25.6,25.9,25.817438226146027,0.21743822614602565,0.08256177385397123,0.08256177385397123
2025-08-26 09:00:00,25.9,26.4,26.261345482927993,0.36134548292799484,0.1386545170720055,0.1386545170720055
2025-08-26 10:00:00,26.4,27.5,27.006382525625344,0.6063825256253459,0.49361747437465553,0.49361747437465553
2025-08-26 11:00:00,27.5,28.3,28.349783584281706,0.849783584281706,-0.04978358428170537,0.04978358428170537
2025-08-26 12:00:00,28.3,29.3,28.95140406124776,0.6514040612477605,0.34859593875223993,0.34859593875223993
2025-08-26 13:00:00,29.3,30.3,29.847182489396214,0.5471824893962126,0.4528175106037864,0.4528175106037864
2025-08-26 14:00:00,30.3,31.2,30.457459717551266,0.15745971755126534,0.7425402824487328,0.7425402824487328
2025-08-26 15:00:00,31.2,31.3,30.85845952839747,-0.34154047160252926,0.4415404716025293,0.4415404716025293
2025-08-26 16:00:00,31.3,30.9,30.801356323483972,-0.49864367651602726,0.09864367651602635,0.09864367651602635
2025-08-26 17:00:00,30.9,29.8,30.33962489096697,-0.5603751090330297,-0.5396248909669694,0.5396248909669694
2025-08-26 18:00:00,29.8,28.5,28.837044798049742,-0.9629552019502595,-0.3370447980497424,0.3370447980497424
2025-08-26 19:00:00,28.5,27.7,27.816628679886577,-0.6833713201134223,-0.11662867988657766,0.11662867988657766
2025-08-26 20:00:00,27.7,27.0,27.12624615742761,-0.5737538425723889,-0.1262461574276088,0.1262461574276088
2025-08-26 21:00:00,27.0,26.8,26.448903453860687,-0.5510965461393137,0.3510965461393134,0.3510965461393134
2025-08-26 22:00:00,26.8,26.4,26.49345078377453,-0.30654921622547043,-0.0934507837745322,0.0934507837745322
2025-08-26 23:00:00,26.4,25.9,26.043457421483758,-0.356542578516241,-0.14345742148375962,0.14345742148375962
2025-08-27 00:00:00,25.9,25.5,25.508330506810978,-0.39166949318901945,-0.008330506810978022,0.008330506810978022
2025-08-27 01:00:00,25.5,25.1,25.149630156637063,-0.3503698433629359,-0.04963015663706116,0.04963015663706116
2025-08-27 02:00:00,25.1,24.8,24.767872158481936,-0.3321278415180669,0.032127841518065026,0.032127841518065026
2025-08-27 03:00:00,24.8,24.7,24.531309018814458,-0.2686909811855417,0.1686909811855415,0.1686909811855415
2025-08-27 04:00:00,24.7,24.3,24.56849791326475,-0.1315020867352503,-0.26849791326474914,0.26849791326474914
2025-08-27 05:00:00,24.3,23.9,24.035615568974865,-0.2643844310251341,-0.13561556897486682,0.13561556897486682
2025-08-27 06:00:00,23.9,23.6,23.974175892019066,0.074175892019067,-0.3741758920190641,0.3741758920190641
2025-08-27 07:00:00,23.6,25.0,24.182327723002512,0.5823277230025119,0.817672276997488,0.817672276997488
2025-08-27 08:00:00,25.0,25.8,26.361364716430728,1.3613647164307279,-0.5613647164307274,0.5613647164307274
2025-08-27 09:00:00,25.8,26.1,26.772745940012783,0.9727459400127821,-0.6727459400127813,0.6727459400127813
2025-08-27 10:00:00,26.1,26.8,26.817793964167876,0.7177939641678753,-0.017793964167875487,0.017793964167875487
2025-08-27 11:00:00,26.8,27.7,27.669493667777743,0.8694936677777426,0.03050633222225585,0.03050633222225585
2025-08-27 12:00:00,27.7,28.7,28.28833015130323,0.5883301513032315,0.4116698486967678,0.4116698486967678
2025-08-27 13:00:00,28.7,29.8,29.24266460884647,0.5426646088464725,0.5573353911535293,0.5573353911535293
2025-08-27 14:00:00,29.8,29.9,30.286562197901883,0.48656219790188177,-0.38656219790188473,0.38656219790188473
2025-08-27 15:00:00,29.9,30.6,29.934160136865096,0.03416013686509759,0.6658398631349058,0.6658398631349058
2025-08-27 16:00:00,30.6,30.0,30.192641792233523,-0.4073582077664772,-0.1926417922335233,0.1926417922335233
2025-08-27 17:00:00,30.0,28.6,29.160669708680892,-0.8393302913191062,-0.5606697086808907,0.5606697086808907
2025-08-27 18:00:00,28.6,27.8,27.5397051676804,-1.0602948323196029,0.2602948323196017,0.2602948323196017
2025-08-27 19:00:00,27.8,27.4,26.982485592767304,-0.8175144072326955,0.4175144072326944,0.4175144072326944
2025-08-27 20:00:00,27.4,26.9,26.93038518538163,-0.4696148146183676,-0.030385185381632596,0.030385185381632596
2025-08-27 21:00:00,26.9,26.4,26.41723380790002,-0.48276619209998173,-0.017233807900019826,0.017233807900019826
2025-08-27 22:00:00,26.4,26.1,25.974905374125374,-0.4250946258746243,0.1250946258746275,0.1250946258746275
2025-08-27 23:00:00,26.1,26.0,25.72380332941037,-0.37619667058963047,0.2761966705896306,0.2761966705896306
2025-08-28 00:00:00,26.0,25.7,25.798104833727304,-0.20189516627269438,-0.09810483372730516,0.09810483372730516
2025-08-28 01:00:00,25.7,25.5,25.46266657199083,-0.2373334280091707,0.03733342800916972,0.03733342800916972
2025-08-28 02:00:00,25.5,25.1,25.28245018713604,-0.21754981286396133,-0.18245018713603756,0.18245018713603756
2025-08-28 03:00:00,25.1,24.9,24.789501270583237,-0.31049872941676504,0.11049872941676142,0.11049872941676142
2025-08-28 04:00:00,24.9,24.9,24.670579668776835,-0.22942033122316455,0.22942033122316374,0.22942033122316374
2025-08-28 05:00:00,24.9,24.8,24.784297440307114,-0.11570255969288558,0.01570255969288681,0.01570255969288681
2025-08-28 06:00:00,24.8,24.9,24.943377139031863,0.1433771390318624,-0.04337713903186469,0.04337713903186469
2025-08-28 07:00:00,24.9,25.9,25.536212548458664,0.6362125484586642,0.3637874515413344,0.3637874515413344
2025-08-28 08:00:00,25.9,27.5,27.08461131611559,1.184611316115592,0.41538868388440875,0.41538868388440875
2025-08-28 09:00:00,27.5,28.8,28.913014059612387,1.4130140596123857,-0.11301405961238586,0.11301405961238586
2025-08-28 10:00:00,28.8,29.8,29.91968953330554,1.1196895333055379,-0.11968953330553944,0.11968953330553944
2025-08-28 11:00:00,29.8,30.4,30.689595098044368,0.8895950980443676,-0.28959509804436934,0.28959509804436934
2025-08-28 12:00:00,30.4,30.1,30.83559568873892,0.43559568873892207,-0.7355956887389183,0.7355956887389183
2025-08-28 13:00:00,30.1,30.8,30.247337787347657,0.14733778734765704,0.5526622126523435,0.5526622126523435
2025-08-28 14:00:00,30.8,30.9,30.796829862503667,-0.0031701374963327756,0.1031701374963312,0.1031701374963312
2025-08-28 15:00:00,30.9,30.6,30.776918213547635,-0.12308178645236474,-0.17691821354763348,0.17691821354763348
2025-08-28 16:00:00,30.6,30.6,30.271394897000686,-0.32860510299931517,0.32860510299931533,0.32860510299931533
2025-08-28 17:00:00,30.6,30.7,29.94170896401777,-0.6582910359822306,0.7582910359822286,0.7582910359822286
2025-08-28 18:00:00,30.7,29.7,29.994688436493743,-0.7053115635062582,-0.2946884364937432,0.2946884364937432
2025-08-28 19:00:00,29.7,29.2,28.913715083115516,-0.7862849168844842,0.2862849168844832,0.2862849168844832
2025-08-28 20:00:00,29.2,28.7,28.71245032496244,-0.4875496750375585,-0.012450324962440362,0.012450324962440362
2025-08-28 21:00:00,28.7,28.4,28.219852548793803,-0.480147451206196,0.1801474512061958,0.1801474512061958
2025-08-28 22:00:00,28.4,28.2,28.05376698993014,-0.346233010069861,0.14623301006986011,0.14623301006986011
2025-08-28 23:00:00,28.2,28.1,27.87997023334211,-0.32002976665788785,0.2200297666578912,0.2200297666578912
2025-08-29 00:00:00,28.1,28.0,27.90869997479797,-0.19130002520203424,0.09130002520203107,0.09130002520203107
2025-08-29 01:00:00,28.0,27.9,27.822881447720754,-0.17711855227924508,0.07711855227924502,0.07711855227924502
2025-08-29 02:00:00,27.9,27.9,27.734421830839025,-0.16557816916097307,0.16557816916097323,0.16557816916097323
2025-08-29 03:00:00,27.9,27.7,27.766275161698665,-0.13372483830133408,-0.0662751616986661,0.0662751616986661
2025-08-29 04:00:00,27.7,27.7,27.541650321013904,-0.15834967898609484,0.1583496789860952,0.1583496789860952
2025-08-29 05:00:00,27.7,27.3,27.59096952237715,-0.10903047762284723,-0.29096952237715,0.29096952237715
2025-08-29 06:00:00,27.3,27.5,27.30752064059602,0.0075206405960218225,0.1924793594039791,0.1924793594039791
2025-08-29 07:00:00,27.5,27.8,28.073481202723475,0.5734812027234732,-0.27348120272347387,0.27348120272347387
2025-08-29 08:00:00,27.8,28.6,28.38200890591645,0.5820089059164503,0.21799109408355122,0.21799109408355122
2025-08-29 09:00:00,28.6,29.9,29.562120238448916,0.9621202384489134,0.3378797615510827,0.3378797615510827
2025-08-29 10:00:00,29.9,31.1,30.71375143786454,0.8137514378645438,0.3862485621354601,0.3862485621354601
2025-08-29 11:00:00,31.1,31.8,31.747719187191013,0.6477191871910127,0.052280812808987775,0.052280812808987775
2025-08-29 12:00:00,31.8,32.4,32.31342456197105,0.5134245619710427,0.08657543802895162,0.08657543802895162
2025-08-29 13:00:00,32.4,32.7,32.75637265470232,0.35637265470232055,-0.05637265470231512,0.05637265470231512
2025-08-29 14:00:00,32.7,32.6,32.62321000255581,-0.07678999744419436,-0.023210002555806852,0.023210002555806852
2025-08-29 15:00:00,32.6,31.1,32.251859328811676,-0.3481406711883224,-1.1518593288116747,1.1518593288116747
2025-08-29 16:00:00,31.1,27.9,30.4853186138973,-0.6146813861027032,-2.5853186138973,2.5853186138973
2025-08-29 17:00:00,27.9,28.6,27.711505807431337,-0.18849419256866076,0.8884941925686647,0.8884941925686647
2025-08-29 18:00:00,28.6,28.5,28.595904636557115,-0.0040953634428868325,-0.09590463655711545,0.09590463655711545
2025-08-29 19:00:00,28.5,28.6,28.319142611264304,-0.18085738873569523,0.2808573887356971,0.2808573887356971
2025-08-29 20:00:00,28.6,28.0,28.34843776736384,-0.2515622326361615,-0.3484377673638406,0.3484377673638406
2025-08-29 21:00:00,28.0,27.7,27.53624552109097,-0.4637544789090327,0.1637544789090306,0.1637544789090306
2025-08-29 22:00:00,27.7,27.6,27.497712838027944,-0.20228716197205487,0.10228716197205756,0.10228716197205756
2025-08-29 23:00:00,27.6,27.4,27.406612703016656,-0.1933872969833466,-0.006612703016656951,0.006612703016656951
2025-08-30 00:00:00,27.4,27.3,27.242547870385067,-0.15745212961493077,0.05745212961493351,0.05745212961493351
2025-08-30 01:00:00,27.3,27.0,27.216406144339878,-0.08359385566012137,-0.21640614433987793,0.21640614433987793
2025-08-30 02:00:00,27.0,27.2,26.814633377682316,-0.1853666223176845,0.38536662231768304,0.38536662231768304
2025-08-30 03:00:00,27.2,27.0,27.206122143363114,0.006122143363115743,-0.20612214336311396,0.20612214336311396
2025-08-30 04:00:00,27.0,26.9,26.86328991086698,-0.13671008913302155,0.03671008913302032,0.03671008913302032
2025-08-30 05:00:00,26.9,26.2,26.8714740438063,-0.028525956193698854,-0.6714740438062989,0.6714740438062989
2025-08-30 06:00:00,26.2,26.5,26.050646499678788,-0.14935350032120992,0.44935350032121235,0.44935350032121235
2025-08-30 07:00:00,26.5,26.1,27.60781903833339,1.10781903833339,-1.5078190383333876,1.5078190383333876
2025-08-30 08:00:00,26.1,25.9,26.270203866188275,0.1702038661882738,-0.3702038661882767,0.3702038661882767
2025-08-30 09:00:00,25.9,27.2,26.117718992242636,0.2177189922426381,1.0822810077573628,1.0822810077573628
2025-08-30 10:00:00,27.2,28.3,28.30499992834078,1.1049999283407825,-0.004999928340780002,0.004999928340780002
2025-08-30 11:00:00,28.3,30.0,29.196329416953056,0.8963294169530533,0.8036705830469444,0.8036705830469444
2025-08-30 12:00:00,30.0,31.0,30.741150459929923,0.7411504599299243,0.2588495400700772,0.2588495400700772
2025-08-30 13:00:00,31.0,31.1,31.47800477693691,0.4780047769369088,-0.37800477693690837,0.37800477693690837
2025-08-30 14:00:00,31.1,31.0,31.126666091254027,0.026666091254025127,-0.12666609125402672,0.12666609125402672
2025-08-30 15:00:00,31.0,31.6,30.652263157391623,-0.3477368426083774,0.9477368426083785,0.9477368426083785
2025-08-30 16:00:00,31.6,31.7,31.324272136446286,-0.2757278635537152,0.37572786355371335,0.37572786355371335
2025-08-30 17:00:00,31.7,31.3,31.059071392696662,-0.6409286073033372,0.24092860730333854,0.24092860730333854
2025-08-30 18:00:00,31.3,30.1,30.566768213962,-0.7332317860380022,-0.4667682139619984,0.4667682139619984
2025-08-30 19:00:00,30.1,29.0,29.089439326658255,-1.0105606733417472,-0.08943932665825471,0.08943932665825471
2025-08-30 20:00:00,29.0,28.4,28.312902565467635,-0.6870974345323636,0.08709743453236385,0.08709743453236385
2025-08-30 21:00:00,28.4,27.8,27.94757008159681,-0.45242991840318586,-0.14757008159681106,0.14757008159681106
2025-08-30 22:00:00,27.8,27.4,27.34561959173894,-0.4543804082610578,0.054380408261057056,0.054380408261057056
2025-08-30 23:00:00,27.4,27.0,27.022203860626135,-0.377796139373865,-0.022203860626134997,0.022203860626134997
2025-08-31 00:00:00,27.0,26.6,26.623016005335945,-0.376983994664054,-0.02301600533594339,0.02301600533594339
2025-08-31 01:00:00,26.6,26.2,26.24707447477715,-0.3529255252228516,-0.04707447477715121,0.04707447477715121
2025-08-31 02:00:00,26.2,25.9,25.8572703635531,-0.3427296364468996,0.04272963644690009,0.04272963644690009
2025-08-31 03:00:00,25.9,25.5,25.637638924135842,-0.2623610758641562,-0.13763892413584244,0.13763892413584244
2025-08-31 04:00:00,25.5,25.3,25.215444532266748,-0.28455546773325324,0.08455546773325295,0.08455546773325295
2025-08-31 05:00:00,25.3,25.1,25.083662399103705,-0.21633760089629564,0.016337600896296323,0.016337600896296323
2025-08-31 06:00:00,25.1,25.3,25.275427234343,0.17542723434299567,0.024572765657001838,0.024572765657001838
2025-08-31 07:00:00,25.3,26.5,26.170384291868498,0.8703842918684973,0.3296157081315023,0.3296157081315023
2025-08-31 08:00:00,26.5,27.7,27.913481201827416,1.4134812018274177,-0.2134812018274168,0.2134812018274168
2025-08-31 09:00:00,27.7,29.6,28.867993353410984,1.167993353410986,0.7320066465890172,0.7320066465890172
2025-08-31 10:00:00,29.6,30.3,30.627062815443036,1.0270628154430346,-0.3270628154430355,0.3270628154430355
2025-08-31 11:00:00,30.3,30.7,31.104019740985272,0.8040197409852727,-0.40401974098527305,0.40401974098527305
2025-08-31 12:00:00,30.7,30.5,31.151553240193195,0.4515532401931954,-0.6515532401931949,0.6515532401931949
2025-08-31 13:00:00,30.5,30.9,30.693215356433964,0.1932153564339636,0.206784643566035,0.206784643566035
2025-08-31 14:00:00,30.9,31.5,31.173178444958616,0.27317844495861715,0.3268215550413842,0.3268215550413842
2025-08-31 15:00:00,31.5,31.1,31.590952230437967,0.09095223043796859,-0.49095223043796565,0.49095223043796565
2025-08-31 16:00:00,31.1,30.9,30.724803521989624,-0.37519647801037637,0.17519647801037408,0.17519647801037408
2025-08-31 17:00:00,30.9,30.4,30.327074755416728,-0.5729252445832704,0.07292524458327065,0.07292524458327065
2025-08-31 18:00:00,30.4,29.4,29.573387795900825,-0.8266122040991725,-0.1733877959008261,0.1733877959008261
2025-08-31 19:00:00,29.4,29.0,28.47189038778544,-0.9281096122145601,0.5281096122145605,0.5281096122145605
2025-08-31 20:00:00,29.0,28.7,28.516243709987226,-0.48375629001277587,0.1837562900127736,0.1837562900127736
2025-08-31 21:00:00,28.7,28.3,28.291173100944132,-0.4088268990558665,0.008826899055868864,0.008826899055868864
2025-08-31 22:00:00,28.3,28.0,27.875685862249245,-0.4243141377507549,0.12431413775075484,0.12431413775075484
2025-08-31 23:00:00,28.0,27.7,27.68116710646652,-0.31883289353347993,0.018832893533478057,0.018832893533478057
2025-09-01 00:00:00,27.7,27.5,27.435475329197555,-0.2645246708024439,0.06452467080244517,0.06452467080244517
2025-09-01 01:00:00,27.5,27.2,27.287139986364387,-0.212860013635611,-0.08713998636438802,0.08713998636438802
2025-09-01 02:00:00,27.2,27.1,26.97874392701987,-0.22125607298012948,0.12125607298013108,0.12125607298013108
2025-09-01 03:00:00,27.1,27.0,26.925699303033184,-0.17430069696681597,0.07430069696681585,0.07430069696681585
2025-09-01 04:00:00,27.0,25.9,26.83788380893324,-0.1621161910667624,-0.9378838089332397,0.9378838089332397
2025-09-01 05:00:00,25.9,25.1,25.535027249561537,-0.3649727504384617,-0.4350272495615357,0.4350272495615357
2025-09-01 06:00:00,25.1,25.2,25.001391905688283,-0.09860809431171687,0.1986080943117159,0.1986080943117159
2025-09-01 07:00:00,25.2,25.4,25.573141271616873,0.3731412716168741,-0.1731412716168741,0.1731412716168741
2025-09-01 08:00:00,25.4,26.0,25.992069824931978,0.5920698249319799,0.007930175068022294,0.007930175068022294
2025-09-01 09:00:00,26.0,26.5,26.735114579870586,0.7351145798705865,-0.23511457987058648,0.23511457987058648
2025-09-01 10:00:00,26.5,26.8,27.131603258776085,0.6316032587760861,-0.33160325877608443,0.33160325877608443
2025-09-01 11:00:00,26.8,27.3,27.16734005249595,0.3673400524959476,0.1326599475040524,0.1326599475040524
2025-09-01 12:00:00,27.3,28.1,27.630728319588375,0.3307283195883742,0.4692716804116266,0.4692716804116266
2025-09-01 13:00:00,28.1,27.5,28.303298648383535,0.20329864838353323,-0.8032986483835352,0.8032986483835352
2025-09-01 14:00:00,27.5,27.6,27.369753606301046,-0.13024639369895358,0.2302463936989554,0.2302463936989554
2025-09-01 15:00:00,27.6,27.6,27.52108288066906,-0.07891711933094199,0.07891711933094214,0.07891711933094214
2025-09-01 16:00:00,27.6,27.9,27.42114411435687,-0.1788558856431294,0.478855885643128,0.478855885643128
2025-09-01 17:00:00,27.9,26.1,27.85078137832266,-0.04921862167733729,-1.7507813783226602,1.7507813783226602
2025-09-01 18:00:00,26.1,25.7,25.592250420875423,-0.507749579124579,0.10774957912457594,0.10774957912457594
2025-09-01 19:00:00,25.7,25.5,25.454476210689315,-0.24552378931068414,0.04552378931068546,0.04552378931068546
2025-09-01 20:00:00,25.5,25.3,25.295864290281628,-0.20413570971837344,0.004135709718372738,0.004135709718372738
2025-09-01 21:00:00,25.3,25.1,25.073640144434595,-0.22635985556540508,0.02635985556540632,0.02635985556540632
2025-09-01 22:00:00,25.1,24.7,24.872220600569158,-0.22777939943084408,-0.17222060056915822,0.17222060056915822
2025-09-01 23:00:00,24.7,24.4,24.401029723979164,-0.2989702760208355,-0.0010297239791654533,0.0010297239791654533
2025-09-02 00:00:00,24.4,24.1,24.167265751541176,-0.2327342484588229,-0.06726575154117498,0.06726575154117498
2025-09-02 01:00:00,24.1,23.8,23.864380534299666,-0.23561946570033504,-0.06438053429966573,0.06438053429966573
2025-09-02 02:00:00,23.8,23.4,23.56552858093793,-0.23447141906207103,-0.16552858093793077,0.16552858093793077
2025-09-02 03:00:00,23.4,23.1,23.116886581334718,-0.2831134186652808,-0.016886581334716766,0.016886581334716766
2025-09-02 04:00:00,23.1,22.7,22.917280515969995,-0.18271948403000499,-0.2172805159699962,0.2172805159699962
2025-09-02 05:00:00,22.7,22.2,22.454935409541847,-0.2450645904581538,-0.25493540954184724,0.25493540954184724
2025-09-02 06:00:00,22.2,22.0,22.094076507554036,-0.10592349244596369,-0.09407650755403552,0.09407650755403552
2025-09-02 07:00:00,22.0,23.1,22.646480208383696,0.6464802083836977,0.45351979161630496,0.45351979161630496
2025-09-02 08:00:00,23.1,24.2,24.43936187426245,1.3393618742624471,-0.2393618742624497,0.2393618742624497
2025-09-02 09:00:00,24.2,24.8,25.347612467453374,1.1476124674533756,-0.5476124674533729,0.5476124674533729
2025-09-02 10:00:00,24.8,26.4,25.676290173430115,0.8762901734301141,0.723709826569884,0.723709826569884
2025-09-02 11:00:00,26.4,27.6,27.478056193396124,1.0780561933961244,0.12194380660387694,0.12194380660387694
2025-09-02 12:00:00,27.6,28.5,28.239539667899386,0.6395396678993834,0.2604603321006138,0.2604603321006138
2025-09-02 13:00:00,28.5,29.1,29.00683332292506,0.506833322925063,0.0931666770749402,0.0931666770749402
2025-09-02 14:00:00,29.1,29.6,29.563473452782578,0.46347345278257684,0.036526547217423655,0.036526547217423655
2025-09-02 15:00:00,29.6,30.3,29.56813347970109,-0.031866520298910656,0.7318665202989116,0.7318665202989116
2025-09-02 16:00:00,30.3,30.5,30.010291238520672,-0.28970876147932767,0.48970876147932785,0.48970876147932785
2025-09-02 17:00:00,30.5,29.7,29.56962750864536,-0.9303724913546382,0.13037249135463824,0.13037249135463824
2025-09-02 18:00:00,29.7,28.4,28.4863976543375,-1.2136023456624967,-0.08639765433750313,0.08639765433750313
2025-09-02 19:00:00,28.4,27.1,27.373620127277125,-1.0263798727228737,-0.27362012727712326,0.27362012727712326
2025-09-02 20:00:00,27.1,26.2,26.339621158041542,-0.76037884195846,-0.13962115804154251,0.13962115804154251
2025-09-02 21:00:00,26.2,25.6,25.54922284932354,-0.6507771506764571,0.050777150676459826,0.050777150676459826
2025-09-02 22:00:00,25.6,25.2,25.071239067789488,-0.5287609322105137,0.12876093221051121,0.12876093221051121
2025-09-02 23:00:00,25.2,24.7,24.773782749712552,-0.42621725028744695,-0.07378274971255294,0.07378274971255294
2025-09-03 00:00:00,24.7,24.3,24.26779515975283,-0.4322048402471715,0.03220484024717152,0.03220484024717152
2025-09-03 01:00:00,24.3,23.9,23.930542887838662,-0.36945711216133914,-0.030542887838663546,0.030542887838663546
2025-09-03 02:00:00,23.9,23.6,23.554355427931025,-0.34564457206897287,0.04564457206897643,0.04564457206897643
2025-09-03 03:00:00,23.6,23.3,23.328620075661874,-0.2713799243381292,-0.0286200756618733,0.0286200756618733
2025-09-03 04:00:00,23.3,23.0,23.048291904411737,-0.2517080955882639,-0.04829190441173736,0.04829190441173736
2025-09-03 05:00:00,23.0,22.7,22.79233649798091,-0.20766350201909226,-0.09233649798090937,0.09233649798090937
2025-09-03 06:00:00,22.7,22.8,22.726341668028528,0.0263416680285273,0.07365833197147253,0.07365833197147253
2025-09-03 07:00:00,22.8,24.1,23.65220537542036,0.8522053754203558,0.44779462457964314,0.44779462457964314
2025-09-03 08:00:00,24.1,25.4,25.514615873134268,1.414615873134266,-0.11461587313426946,0.11461587313426946
2025-09-03 09:00:00,25.4,27.2,26.605454519538995,1.205454519538995,0.5945454804610044,0.5945454804610044
2025-09-03 10:00:00,27.2,28.4,28.58374914205839,1.3837491420583927,-0.18374914205839232,0.18374914205839232
2025-09-03 11:00:00,28.4,29.6,29.371725916434144,0.9717259164341474,0.2282740835658572,0.2282740835658572
2025-09-03 12:00:00,29.6,30.6,30.320413337818337,0.7204133378183359,0.2795866621816643,0.2795866621816643
2025-09-03 13:00:00,30.6,31.1,31.125833548804096,0.5258335488040925,-0.025833548804094164,0.025833548804094164
2025-09-03 14:00:00,31.1,31.9,31.189351279804566,0.089351279804563,0.710648720195433,0.710648720195433
2025-09-03 15:00:00,31.9,31.4,32.05210451740104,0.15210451740104008,-0.6521045174010425,0.6521045174010425
2025-09-03 16:00:00,31.4,31.6,30.64545916411833,-0.7545408358816706,0.9545408358816729,0.9545408358816729
2025-09-03 17:00:00,31.6,30.9,30.556726833494025,-1.0432731665059745,0.3432731665059734,0.3432731665059734
2025-09-03 18:00:00,30.9,29.8,29.73227469140437,-1.1677253085956265,0.0677253085956302,0.0677253085956302
2025-09-03 19:00:00,29.8,29.0,28.61695400906687,-1.1830459909331321,0.3830459909331303,0.3830459909331303
2025-09-03 20:00:00,29.0,28.7,28.366682463725155,-0.6333175362748463,0.3333175362748442,0.3333175362748442
2025-09-03 21:00:00,28.7,28.4,28.280169538792734,-0.4198304612072667,0.1198304612072647,0.1198304612072647
2025-09-03 22:00:00,28.4,28.2,28.00531660661191,-0.39468339338808855,0.1946833933880896,0.1946833933880896
2025-09-03 23:00:00,28.2,27.7,27.893933732938766,-0.30606626706123147,-0.19393373293876692,0.19393373293876692
2025-09-04 00:00:00,27.7,27.5,27.295083825842287,-0.4049161741577114,0.20491617415771302,0.20491617415771302
2025-09-04 01:00:00,27.5,25.6,27.248616199367728,-0.2513838006322738,-1.6486161993677264,1.6486161993677264
2025-09-04 02:00:00,25.6,24.5,25.055824367043087,-0.544175632956914,-0.5558243670430869,0.5558243670430869
2025-09-04 03:00:00,24.5,24.0,23.924669593580475,-0.5753304064195242,0.07533040641952482,0.07533040641952482
2025-09-04 04:00:00,24.0,23.6,23.650534376917026,-0.3494656230829755,-0.05053437691702456,0.05053437691702456
2025-09-04 05:00:00,23.6,23.0,23.239693981954627,-0.3603060180453736,-0.23969398195462688,0.23969398195462688
2025-09-04 06:00:00,23.0,22.9,22.861122614014526,-0.13887738598547547,0.0388773859854723,0.0388773859854723
2025-09-04 07:00:00,22.9,23.1,23.129585686579457,0.22958568657945785,-0.029585686579455484,0.029585686579455484
2025-09-04 08:00:00,23.1,23.3,23.449112410382842,0.34911241038284185,-0.14911241038284118,0.14911241038284118
2025-09-04 09:00:00,23.3,23.5,23.585728459877647,0.28572845987764645,-0.08572845987764666,0.08572845987764666
2025-09-04 10:00:00,23.5,24.1,23.795496855250967,0.2954968552509664,0.3045031447490345,0.3045031447490345
2025-09-04 11:00:00,24.1,25.8,24.6800260979673,0.5800260979672984,1.1199739020327009,1.1199739020327009
2025-09-04 12:00:00,25.8,27.0,26.551546965429228,0.7515469654292274,0.4484530345707718,0.4484530345707718
2025-09-04 13:00:00,27.0,28.3,27.686726767923567,0.6867267679235675,0.613273232076434,0.613273232076434
2025-09-04 14:00:00,28.3,29.1,28.68857537073848,0.38857537073847775,0.41142462926152135,0.41142462926152135
2025-09-04 15:00:00,29.1,29.7,29.420105661105023,0.32010566110502187,0.2798943388949766,0.2798943388949766
2025-09-04 16:00:00,29.7,29.1,29.60548881652097,-0.0945111834790274,-0.5054888165209697,0.5054888165209697
2025-09-04 17:00:00,29.1,28.5,28.387772947584082,-0.7122270524159204,0.11222705241591768,0.11222705241591768
2025-09-04 18:00:00,28.5,27.7,27.866274122155552,-0.6337258778444492,-0.16627412215555282,0.16627412215555282
2025-09-04 19:00:00,27.7,27.0,27.073217102779505,-0.6267828972204939,-0.07321710277950544,0.07321710277950544
2025-09-04 20:00:00,27.0,26.5,26.42797173894439,-0.5720282610556094,0.07202826105561044,0.07202826105561044
2025-09-04 21:00:00,26.5,26.1,26.084317467722624,-0.4156825322773763,0.015682532277377703,0.015682532277377703
2025-09-04 22:00:00,26.1,25.8,25.72065526579743,-0.3793447342025707,0.07934473420257149,0.07934473420257149
2025-09-04 23:00:00,25.8,25.3,25.44531916424185,-0.3546808357581505,-0.14531916424185098,0.14531916424185098
2025-09-05 00:00:00,25.3,25.0,24.892591622123366,-0.4074083778766344,0.10740837787663438,0.10740837787663438
2025-09-05 01:00:00,25.0,24.5,24.68086703185439,-0.3191329681456095,-0.18086703185439035,0.18086703185439035
2025-09-05 02:00:00,24.5,24.2,24.05800390502923,-0.44199609497076686,0.14199609497076793,0.14199609497076793
2025-09-05 03:00:00,24.2,23.9,23.86776736379155,-0.3322326362084504,0.032232636208448184,0.032232636208448184
2025-09-05 04:00:00,23.9,23.8,23.615569048444407,-0.28443095155559345,0.1844309515555942,0.1844309515555942
2025-09-05 05:00:00,23.8,23.6,23.66719490936315,-0.13280509063685067,-0.06719490936314898,0.06719490936314898
2025-09-05 06:00:00,23.6,23.9,23.65411093464297,0.054110934642967685,0.24588906535703003,0.24588906535703003
2025-09-05 07:00:00,23.9,24.6,24.821513381455784,0.9215133814557835,-0.22151338145578237,0.22151338145578237
2025-09-05 08:00:00,24.6,26.3,25.56037672050023,0.9603767205002298,0.7396232794997708,0.7396232794997708
2025-09-05 09:00:00,26.3,28.2,27.713575919319887,1.4135759193198847,0.4864240806801128,0.4864240806801128
2025-09-05 10:00:00,28.2,29.7,29.351031542940053,1.151031542940052,0.3489684570599465,0.3489684570599465
2025-09-05 11:00:00,29.7,30.8,30.761067848132765,1.0610678481327647,0.03893215186723609,0.03893215186723609
2025-09-05 12:00:00,30.8,31.2,31.50320084464177,0.7032008446417712,-0.303200844641772,0.303200844641772
2025-09-05 13:00:00,31.2,32.5,31.742968898368883,0.5429688983688836,0.7570311016311173,0.7570311016311173
2025-09-05 14:00:00,32.5,32.5,32.66002021517422,0.1600202151742212,-0.16002021517422094,0.16002021517422094
2025-09-05 15:00:00,32.5,32.0,32.460038073839016,-0.03996192616098359,-0.46003807383901574,0.46003807383901574
2025-09-05 16:00:00,32.0,31.7,31.481680262723447,-0.5183197372765519,0.21831973727655196,0.21831973727655196
2025-09-05 17:00:00,31.7,30.4,30.786792674212755,-0.9132073257872434,-0.38679267421275654,0.38679267421275654
2025-09-05 18:00:00,30.4,29.5,29.362356649908016,-1.037643350091982,0.13764335009198447,0.13764335009198447
2025-09-05 19:00:00,29.5,28.6,28.73566639489427,-0.7643336051057308,-0.1356663948942689,0.1356663948942689
2025-09-05 20:00:00,28.6,28.2,27.938920681635572,-0.6610793183644307,0.2610793183644269,0.2610793183644269
2025-09-05 21:00:00,28.2,27.8,27.746342289079095,-0.4536577109209029,0.053657710920905544,0.053657710920905544
2025-09-05 22:00:00,27.8,27.4,27.361023439414776,-0.43897656058522305,0.038976560585222586,0.038976560585222586
2025-09-05 23:00:00,27.4,27.1,27.003988214930292,-0.39601178506970763,0.09601178506970953,0.09601178506970953
2025-09-06 00:00:00,27.1,27.2,26.761965239644255,-0.3380347603557465,0.4380347603557446,0.4380347603557446
2025-09-06 01:00:00,27.2,27.2,27.05076851881643,-0.14923148118356902,0.14923148118356977,0.14923148118356977
2025-09-06 02:00:00,27.2,27.1,27.08753747447079,-0.11246252552920866,0.012462525529212343,0.012462525529212343
2025-09-06 03:00:00,27.1,26.8,26.936302660465074,-0.16369733953492652,-0.13630266046507344,0.13630266046507344
2025-09-06 04:00:00,26.8,26.4,26.644065939252787,-0.15593406074721325,-0.2440659392527884,0.2440659392527884
2025-09-06 05:00:00,26.4,26.1,26.20781208039071,-0.19218791960928844,-0.10781208039070833,0.10781208039070833
2025-09-06 06:00:00,26.1,26.0,26.144544308284527,0.04454430828452463,-0.14454430828452658,0.14454430828452658
2025-09-06 07:00:00,26.0,26.1,26.38001887860532,0.3800188786053207,-0.2800188786053184,0.2800188786053184
2025-09-06 08:00:00,26.1,26.2,26.493348886611315,0.3933488866113144,-0.29334888661131586,0.29334888661131586
2025-09-06 09:00:00,26.2,26.7,26.31396259380651,0.11396259380651065,0.3860374061934877,0.3860374061934877
2025-09-06 10:00:00,26.7,26.5,27.474733352654496,0.7747333526544956,-0.9747333526544963,0.9747333526544963
2025-09-06 11:00:00,26.5,27.9,26.49029505601912,-0.009704943980879175,1.409704943980877,1.409704943980877
2025-09-06 12:00:00,27.9,28.6,28.598729857519945,0.6987298575199479,0.00127014248005608,0.00127014248005608
2025-09-06 13:00:00,28.6,29.6,29.151708507387085,0.5517085073870818,0.4482914926129169,0.4482914926129169
2025-09-06 14:00:00,29.6,30.0,29.726137017213933,0.1261370172139324,0.273862982786067,0.273862982786067
2025-09-06 15:00:00,30.0,29.2,30.14269928657837,0.1426992865783708,-0.942699286578371,0.942699286578371
2025-09-06 16:00:00,29.2,27.4,28.571887227125913,-0.6281127728740876,-1.1718872271259144,1.1718872271259144
2025-09-06 17:00:00,27.4,25.7,26.89110080839648,-0.5088991916035176,-1.191100808396481,1.191100808396481
2025-09-06 18:00:00,25.7,25.6,25.377634259121937,-0.32236574087806197,0.2223657408780646,0.2223657408780646
2025-09-06 19:00:00,25.6,25.4,25.45054802522619,-0.1494519747738127,-0.05054802522619184,0.05054802522619184
2025-09-06 20:00:00,25.4,25.5,25.20766139354541,-0.19233860645458695,0.29233860645458876,0.29233860645458876
2025-09-06 21:00:00,25.5,25.6,25.383146313652237,-0.11685368634776253,0.2168536863477648,0.2168536863477648
2025-09-06 22:00:00,25.6,25.8,25.509182493833052,-0.0908175061669481,0.2908175061669489,0.2908175061669489
2025-09-06 23:00:00,25.8,25.8,25.775533181092463,-0.02446681890753655,0.024466818907537657,0.024466818907537657
2025-09-07 00:00:00,25.8,25.7,25.778432860962877,-0.02156713903712568,-0.07843286096287727,0.07843286096287727
2025-09-07 01:00:00,25.7,25.7,25.584951262512163,-0.11504873748783571,0.11504873748783595,0.11504873748783595
2025-09-07 02:00:00,25.7,25.5,25.63353683481724,-0.06646316518275965,-0.13353683481723877,0.13353683481723877
2025-09-07 03:00:00,25.5,24.9,25.345560704188678,-0.15443929581132354,-0.4455607041886793,0.4455607041886793
2025-09-07 04:00:00,24.9,24.7,24.502576101929208,-0.3974238980707913,0.19742389807079164,0.19742389807079164
2025-09-07 05:00:00,24.7,24.5,24.52449066899386,-0.17550933100614108,-0.024490668993859543,0.024490668993859543
2025-09-07 06:00:00,24.5,24.4,24.527494400824796,0.027494400824795904,-0.1274944008247978,0.1274944008247978
2025-09-07 07:00:00,24.4,24.7,25.02378904670745,0.6237890467074496,-0.32378904670745,0.32378904670745
2025-09-07 08:00:00,24.7,25.2,25.404246492141688,0.704246492141687,-0.20424649214168866,0.20424649214168866
2025-09-07 09:00:00,25.2,26.1,25.924929684199896,0.7249296841998965,0.1750703158001059,0.1750703158001059
2025-09-07 10:00:00,26.1,26.9,27.209996483328304,1.1099964833283031,-0.3099964833283053,0.3099964833283053
2025-09-07 11:00:00,26.9,27.4,27.828385174016,0.9283851740160008,-0.4283851740160003,0.4283851740160003
2025-09-07 12:00:00,27.4,28.1,27.873948536360725,0.47394853636072704,0.2260514636392763,0.2260514636392763
2025-09-07 13:00:00,28.1,27.5,28.619787614686256,0.5197876146862538,-1.1197876146862562,1.1197876146862562
2025-09-07 14:00:00,27.5,27.2,27.398951555062602,-0.10104844493739823,-0.1989515550626031,0.1989515550626031
2025-09-07 15:00:00,27.2,26.7,27.11299666815883,-0.08700333184116929,-0.4129966681588293,0.4129966681588293
2025-09-07 16:00:00,26.7,26.4,26.292919116075637,-0.4070808839243616,0.1070808839243611,0.1070808839243611
2025-09-07 17:00:00,26.4,26.3,25.770035771380357,-0.6299642286196409,0.5299642286196438,0.5299642286196438
2025-09-07 18:00:00,26.3,25.5,25.548892129458345,-0.7511078705416564,-0.04889212945834487,0.04889212945834487
2025-09-07 19:00:00,25.5,24.8,24.68245030572318,-0.8175496942768188,0.11754969427682127,0.11754969427682127
2025-09-07 20:00:00,24.8,24.1,24.25975263936222,-0.5402473606377807,-0.1597526393622175,0.1597526393622175
2025-09-07 21:00:00,24.1,23.3,23.56395783718893,-0.5360421628110699,-0.2639578371889293,0.2639578371889293
2025-09-07 22:00:00,23.3,22.7,22.75493455448132,-0.545065445518682,-0.054934554481320674,0.054934554481320674
2025-09-07 23:00:00,22.7,22.3,22.271875922794717,-0.4281240772052843,0.02812407720528398,0.02812407720528398
2025-09-08 00:00:00,22.3,22.0,21.902893089646813,-0.39710691035318696,0.09710691035318675,0.09710691035318675
2025-09-08 01:00:00,22.0,21.8,21.721372194239095,-0.278627805760905,0.078627805760906,0.078627805760906
2025-09-08 02:00:00,21.8,21.5,21.56100651217175,-0.2389934878282478,-0.061006512171751126,0.061006512171751126
2025-09-08 03:00:00,21.5,21.4,21.260047106934394,-0.23995289306560608,0.13995289306560466,0.13995289306560466
2025-09-08 04:00:00,21.4,21.1,21.218491216878903,-0.1815087831210971,-0.11849121687890118,0.11849121687890118
2025-09-08 05:00:00,21.1,20.7,20.894486126181626,-0.20551387381837674,-0.19448612618162642,0.19448612618162642
2025-09-08 06:00:00,20.7,20.9,20.681815966971154,-0.018184033028844124,0.21818403302884448,0.21818403302884448
2025-09-08 07:00:00,20.9,21.7,21.735270176732637,0.8352701767326375,-0.03527017673263799,0.03527017673263799
2025-09-08 08:00:00,21.7,22.5,22.935570009943724,1.2355700099437248,-0.4355700099437243,0.4355700099437243
2025-09-08 09:00:00,22.5,24.4,23.521397875341954,1.0213978753419526,0.8786021246580447,0.8786021246580447
2025-09-08 10:00:00,24.4,25.2,25.73416474791642,1.334164747916423,-0.5341647479164209,0.5341647479164209
2025-09-08 11:00:00,25.2,26.7,26.171403935614688,0.9714039356146886,0.5285960643853116,0.5285960643853116
2025-09-08 12:00:00,26.7,27.9,27.382097582840807,0.6820975828408056,0.5179024171591919,0.5179024171591919
2025-09-08 13:00:00,27.9,29.1,28.803020755834865,0.9030207558348681,0.29697924416513644,0.29697924416513644
2025-09-08 14:00:00,29.1,29.4,29.583077617052073,0.48307761705207053,-0.18307761705207426,0.18307761705207426
2025-09-08 15:00:00,29.4,28.4,29.34578423156845,-0.054215768431546525,-0.945784231568453,0.945784231568453
2025-09-08 16:00:00,28.4,27.4,27.69851325246884,-0.7014867475311601,-0.2985132524688403,0.2985132524688403
2025-09-08 17:00:00,27.4,26.4,26.252088664634922,-1.1479113353650774,0.14791133536507672,0.14791133536507672
2025-09-08 18:00:00,26.4,25.7,25.49624290020464,-0.9037570997953586,0.20375709979536083,0.20375709979536083
2025-09-08 19:00:00,25.7,25.0,24.860475572295847,-0.8395244277041528,0.13952442770415274,0.13952442770415274
2025-09-08 20:00:00,25.0,24.6,24.38934293556327,-0.6106570644367288,0.21065706443673093,0.21065706443673093
2025-09-08 21:00:00,24.6,24.2,24.141551723270986,-0.458448276729017,0.058448276729013315,0.058448276729013315
2025-09-08 22:00:00,24.2,24.0,23.791174450579152,-0.40882554942084753,0.20882554942084752,0.20882554942084752
2025-09-08 23:00:00,24.0,23.6,23.71340688613684,-0.2865931138631571,-0.1134068861368398,0.1134068861368398
2025-09-09 00:00:00,23.6,23.4,23.22786554114951,-0.3721344588504923,0.17213445885048984,0.17213445885048984
2025-09-09 01:00:00,23.4,23.0,23.159178403770788,-0.24082159622921082,-0.15917840377078818,0.15917840377078818
2025-09-09 02:00:00,23.0,22.8,22.662412993257174,-0.33758700674282616,0.13758700674282665,0.13758700674282665
2025-09-09 03:00:00,22.8,22.6,22.563231842079944,-0.2367681579200556,0.03676815792005783,0.03676815792005783
2025-09-09 04:00:00,22.6,22.4,22.36667492744701,-0.2333250725529887,0.03332507255298722,0.03332507255298722
2025-09-09 05:00:00,22.4,22.2,22.177507839829307,-0.22249216017069165,0.022492160170692443,0.022492160170692443
2025-09-09 06:00:00,22.2,22.0,22.19698474088467,-0.003015259115331376,-0.19698474088466966,0.19698474088466966
2025-09-09 07:00:00,22.0,22.4,22.633342081436588,0.6333420814365888,-0.2333420814365894,0.2333420814365894
2025-09-09 08:00:00,22.4,23.2,23.34458568178898,0.9445856817889822,-0.1445856817889819,0.1445856817889819
2025-09-09 09:00:00,23.2,24.2,24.135129736722874,0.935129736722873,0.06487026327712542,0.06487026327712542
2025-09-09 10:00:00,24.2,25.2,25.331867758858884,1.1318677588588861,-0.1318677588588848,0.1318677588588848
2025-09-09 11:00:00,25.2,25.7,26.19200799064551,0.9920079906455125,-0.4920079906455115,0.4920079906455115
2025-09-09 12:00:00,25.7,26.3,26.425442194606127,0.7254421946061277,-0.12544219460612638,0.12544219460612638
2025-09-09 13:00:00,26.3,25.7,26.86737848064467,0.5673784806446711,-1.1673784806446719,1.1673784806446719
2025-09-09 14:00:00,25.7,25.6,25.724556607417654,0.024556607417654277,-0.12455660741765229,0.12455660741765229
2025-09-09 15:00:00,25.6,26.5,25.568215476688554,-0.03178452331144926,0.9317845233114461,0.9317845233114461
2025-09-09 16:00:00,26.5,26.8,26.050052116751484,-0.4499478832485148,0.7499478832485167,0.7499478832485167
2025-09-09 17:00:00,26.8,25.9,26.106471751561962,-0.693528248438039,-0.2064717515619634,0.2064717515619634
2025-09-09 18:00:00,25.9,24.8,25.234737688495706,-0.6652623115042938,-0.43473768849570504,0.43473768849570504
2025-09-09 19:00:00,24.8,23.9,23.857752960342786,-0.9422470396572161,0.042247039657212326,0.042247039657212326
2025-09-09 20:00:00,23.9,23.1,23.252225780033886,-0.6477742199661145,-0.1522257800338842,0.1522257800338842
2025-09-09 21:00:00,23.1,22.5,22.5437185552429,-0.5562814447571024,-0.04371855524290069,0.04371855524290069
2025-09-09 22:00:00,22.5,21.9,22.043452245345993,-0.4565477546540082,-0.1434522453459941,0.1434522453459941
2025-09-09 23:00:00,21.9,21.4,21.4604395254019,-0.4395604745980985,-0.06043952540190034,0.06043952540190034
2025-09-10 00:00:00,21.4,20.8,20.977117128624904,-0.422882871375094,-0.17711712862490359,0.17711712862490359
2025-09-10 01:00:00,20.8,20.5,20.373945785683635,-0.4260542143163673,0.12605421431636543,0.12605421431636543
2025-09-10 02:00:00,20.5,20.2,20.218800219994247,-0.2811997800057542,-0.018800219994247414,0.018800219994247414
2025-09-10 03:00:00,20.2,19.8,19.927938849249983,-0.27206115075001497,-0.12793884924998267,0.12793884924998267
2025-09-10 04:00:00,19.8,19.1,19.504543394722145,-0.2954566052778571,-0.4045433947221433,0.4045433947221433
2025-09-10 05:00:00,19.1,18.7,18.74702928493081,-0.3529707150691889,-0.0470292849308116,0.0470292849308116
2025-09-10 06:00:00,18.7,18.5,18.668198192569783,-0.031801807430218154,-0.16819819256978263,0.16819819256978263
2025-09-10 07:00:00,18.5,20.0,19.25585264775332,0.7558526477533191,0.7441473522466815,0.7441473522466815
2025-09-10 08:00:00,20.0,22.4,21.763466681488502,1.7634666814885018,0.6365333185114963,0.6365333185114963
2025-09-10 09:00:00,22.4,24.2,24.05899735020957,1.6589973502095725,0.14100264979042976,0.14100264979042976
2025-09-10 10:00:00,24.2,26.6,25.570631442577454,1.370631442577455,1.029368557422547,1.029368557422547
2025-09-10 11:00:00,26.6,27.9,27.856384933022902,1.2563849330229016,0.04361506697709672,0.04361506697709672
2025-09-10 12:00:00,27.9,29.2,29.055532887897837,1.1555328878978364,0.1444671121021628,0.1444671121021628
2025-09-10 13:00:00,29.2,30.3,29.951088260220487,0.7510882602204865,0.3489117397795134,0.3489117397795134
2025-09-10 14:00:00,30.3,30.9,30.614084699142676,0.31408469914267667,0.2859153008573223,0.2859153008573223
2025-09-10 15:00:00,30.9,31.2,30.70928718651347,-0.1907128134865273,0.4907128134865282,0.4907128134865282
2025-09-10 16:00:00,31.2,31.2,30.442581782156413,-0.7574182178435848,0.7574182178435862,0.7574182178435862
2025-09-10 17:00:00,31.2,29.9,29.954714784434934,-1.2452852155650669,-0.05471478443493538,0.05471478443493538
2025-09-10 18:00:00,29.9,28.0,28.226725898796722,-1.6732741012032777,-0.22672589879672245,0.22672589879672245
2025-09-10 19:00:00,28.0,26.6,26.539740933442815,-1.4602590665571844,0.06025906655718671,0.06025906655718671
2025-09-10 20:00:00,26.6,25.5,25.573942968307776,-1.0260570316922262,-0.07394296830777591,0.07394296830777591
2025-09-10 21:00:00,25.5,24.6,24.716119859959356,-0.7838801400406429,-0.1161198599593547,0.1161198599593547
2025-09-10 22:00:00,24.6,24.0,23.90139539615634,-0.698604603843664,0.09860460384366121,0.09860460384366121
2025-09-10 23:00:00,24.0,23.0,23.46885402638144,-0.5311459736185594,-0.4688540263814396,0.4688540263814396
2025-09-11 00:00:00,23.0,22.1,22.429166941010095,-0.5708330589899062,-0.3291669410100937,0.3291669410100937
2025-09-11 01:00:00,22.1,21.8,21.460167473484297,-0.6398325265157037,0.3398325265157034,0.3398325265157034
2025-09-11 02:00:00,21.8,21.4,21.42258244163961,-0.3774175583603928,-0.022582441639610096,0.022582441639610096
2025-09-11 03:00:00,21.4,20.8,21.006627624065736,-0.393372375934263,-0.2066276240657352,0.2066276240657352
2025-09-11 04:00:00,20.8,20.2,20.413074514567082,-0.38692548543292005,-0.21307451456708293,0.21307451456708293
2025-09-11 05:00:00,20.2,19.9,19.88496105332072,-0.31503894667927934,0.015038946679279519,0.015038946679279519
2025-09-11 06:00:00,19.9,20.1,19.84122200593456,-0.058777994065438245,0.25877799406544,0.25877799406544
2025-09-11 07:00:00,20.1,22.0,21.666225371561808,1.566225371561808,0.33377462843819217,0.33377462843819217
2025-09-11 08:00:00,22.0,23.6,23.74295047367798,1.7429504736779786,-0.14295047367797764,0.14295047367797764
2025-09-11 09:00:00,23.6,25.7,24.927591376906282,1.327591376906279,0.7724086230937175,0.7724086230937175
2025-09-11 10:00:00,25.7,27.4,27.121135974970837,1.421135974970837,0.2788640250291614,0.2788640250291614
2025-09-11 11:00:00,27.4,28.5,28.4819037191818,1.0819037191818013,0.018096280818198807,0.018096280818198807
2025-09-11 12:00:00,28.5,29.5,29.513437284495293,1.0134372844952921,-0.0134372844952928,0.0134372844952928
2025-09-11 13:00:00,29.5,30.6,30.086118522598362,0.5861185225983635,0.5138814774016396,0.5138814774016396
2025-09-11 14:00:00,30.6,31.2,30.790483399707686,0.19048339970768516,0.4095166002923136,0.4095166002923136
2025-09-11 15:00:00,31.2,31.6,31.107644108774178,-0.09235589122582324,0.4923558912258237,0.4923558912258237
2025-09-11 16:00:00,31.6,31.2,31.02757809711085,-0.572421902889151,0.17242190288914827,0.17242190288914827
2025-09-11 17:00:00,31.2,30.0,29.84589177870758,-1.354108221292422,0.15410822129242163,0.15410822129242163
2025-09-11 18:00:00,30.0,28.4,28.391807170149015,-1.6081928298509847,0.008192829850983685,0.008192829850983685
2025-09-11 19:00:00,28.4,27.5,27.0482872267896,-1.351712773210398,0.4517127732103994,0.4517127732103994
2025-09-11 20:00:00,27.5,26.8,26.74814337820418,-0.7518566217958197,0.051856621795820956,0.051856621795820956
2025-09-11 21:00:00,26.8,26.2,26.139914303634427,-0.6600856963655731,0.06008569636557226,0.06008569636557226
2025-09-11 22:00:00,26.2,25.5,25.65355844440585,-0.5464415555941484,-0.15355844440584931,0.15355844440584931
2025-09-11 23:00:00,25.5,25.0,24.880738179190313,-0.6192618208096853,0.11926182080968672,0.11926182080968672
2025-09-12 00:00:00,25.0,24.3,24.4872737708626,-0.5127262291374003,-0.18727377086259978,0.18727377086259978
2025-09-12 01:00:00,24.3,24.0,23.69997724889091,-0.6000227511090895,0.3000227511090898,0.3000227511090898
2025-09-12 02:00:00,24.0,23.6,23.638172817697598,-0.36182718230240324,-0.03817281769759617,0.03817281769759617
2025-09-12 03:00:00,23.6,23.3,23.21483660449939,-0.38516339550061385,0.08516339550061147,0.08516339550061147
2025-09-12 04:00:00,23.3,23.1,23.051731551002547,-0.24826844899745262,0.04826844899745453,0.04826844899745453
2025-09-12 05:00:00,23.1,23.1,22.84190859479839,-0.25809140520161283,0.2580914052016112,0.2580914052016112
2025-09-12 06:00:00,23.1,22.9,23.112060135126303,0.012060135126300098,-0.21206013512630406,0.21206013512630406
2025-09-12 07:00:00,22.9,23.3,23.42196896906496,0.5219689690649594,-0.1219689690649588,0.1219689690649588
2025-09-12 08:00:00,23.3,23.9,24.044793593925615,0.7447935939256126,-0.1447935939256162,0.1447935939256162
2025-09-12 09:00:00,23.9,25.1,24.575573380154744,0.6755733801547448,0.5244266198452578,0.5244266198452578
2025-09-12 10:00:00,25.1,25.7,26.179383117815,1.0793831178149988,-0.47938311781500076,0.47938311781500076
2025-09-12 11:00:00,25.7,25.8,26.486344664652826,0.786344664652827,-0.6863446646528253,0.6863446646528253
2025-09-12 12:00:00,25.8,26.1,26.13043702093739,0.33043702093738736,-0.03043702093738787,0.03043702093738787
2025-09-12 13:00:00,26.1,26.2,26.329399500717184,0.22939950071718218,-0.12939950071718442,0.12939950071718442
2025-09-12 14:00:00,26.2,26.3,26.397762840574106,0.19776284057410629,-0.09776284057410578,0.09776284057410578
2025-09-12 15:00:00,26.3,26.0,26.231593475251405,-0.06840652474859474,-0.2315934752514046,0.2315934752514046
2025-09-12 16:00:00,26.0,25.6,25.589251712534185,-0.4107482874658152,0.01074828746581602,0.01074828746581602
2025-09-12 17:00:00,25.6,24.9,24.924411993053152,-0.6755880069468492,-0.024411993053153225,0.024411993053153225
2025-09-12 18:00:00,24.9,24.0,24.223137571366244,-0.6768624286337538,-0.22313757136624446,0.22313757136624446
2025-09-12 19:00:00,24.0,23.0,23.43626329135865,-0.5637367086413493,-0.4362632913586495,0.4362632913586495
2025-09-12 20:00:00,23.0,22.5,22.43678846180454,-0.5632115381954615,0.06321153819546055,0.06321153819546055
2025-09-12 21:00:00,22.5,21.9,22.1952316435158,-0.30476835648419864,-0.2952316435158018,0.2952316435158018
2025-09-12 22:00:00,21.9,21.4,21.485126725375252,-0.4148732746247454,-0.0851267253752539,0.0851267253752539
2025-09-12 23:00:00,21.4,21.1,21.04069285427738,-0.3593071457226185,0.05930714572262019,0.05930714572262019
2025-09-13 00:00:00,21.1,20.8,20.934609313162845,-0.1653906868371556,-0.1346093131628443,0.1346093131628443
2025-09-13 01:00:00,20.8,20.5,20.680076550901656,-0.11992344909834421,-0.18007655090165642,0.18007655090165642
2025-09-13 02:00:00,20.5,20.4,20.36482704024703,-0.13517295975297106,0.035172959752969746,0.035172959752969746
2025-09-13 03:00:00,20.4,20.5,20.30502862504231,-0.09497137495768868,0.19497137495768868,0.19497137495768868
2025-09-13 04:00:00,20.5,20.6,20.555329279809563,0.05532927980956255,0.04467072019043883,0.04467072019043883
2025-09-13 05:00:00,20.6,20.6,20.59546827713685,-0.004531722863150843,0.00453172286315251,0.00453172286315251
2025-09-13 06:00:00,20.6,20.8,20.60208764203928,0.0020876420392763615,0.19791235796072115,0.19791235796072115
2025-09-13 07:00:00,20.8,21.1,21.154969910305542,0.35496991030554237,-0.05496991030554099,0.05496991030554099
2025-09-13 08:00:00,21.1,21.8,21.37641803398855,0.27641803398854864,0.4235819660114508,0.4235819660114508
2025-09-13 09:00:00,21.8,22.7,22.582464573979617,0.7824645739796173,0.1175354260203818,0.1175354260203818
2025-09-13 10:00:00,22.7,23.7,23.720629811257368,1.0206298112573697,-0.020629811257368402,0.020629811257368402
2025-09-13 11:00:00,23.7,24.7,24.682772560318153,0.9827725603181522,0.01722743968184659,0.01722743968184659
2025-09-13 12:00:00,24.7,26.1,25.374415497402,0.6744154974020026,0.7255845025980001,0.7255845025980001
2025-09-13 13:00:00,26.1,26.5,26.84619649453249,0.7461964945324873,-0.3461964945324887,0.3461964945324887
2025-09-13 14:00:00,26.5,26.6,26.820285403622222,0.32028540362222313,-0.2202854036222206,0.2202854036222206
2025-09-13 15:00:00,26.6,27.4,26.67348999276175,0.07348999276174749,0.7265100072382502,0.7265100072382502
2025-09-13 16:00:00,27.4,26.5,27.401792720476323,0.001792720476323075,-0.9017927204763225,0.9017927204763225
2025-09-13 17:00:00,26.5,25.7,25.680399438941677,-0.8196005610583211,0.019600561058322086,0.019600561058322086
2025-09-13 18:00:00,25.7,25.1,24.946382800237867,-0.7536171997621322,0.1536171997621345,0.1536171997621345
2025-09-13 19:00:00,25.1,24.4,24.430598998010513,-0.6694010019894878,-0.030598998010514578,0.030598998010514578
2025-09-13 20:00:00,24.4,23.8,23.84151664650481,-0.5584833534951877,-0.04151664650481024,0.04151664650481024
2025-09-13 21:00:00,23.8,23.3,23.373049330438846,-0.4269506695611555,-0.07304933043884532,0.07304933043884532
2025-09-13 22:00:00,23.3,22.9,22.87358047998537,-0.4264195200146289,0.02641952001462755,0.02641952001462755
2025-09-13 23:00:00,22.9,22.5,22.51181108837829,-0.3881889116217066,-0.011811088378291146,0.011811088378291146
2025-09-14 00:00:00,22.5,22.0,22.133772296664244,-0.3662277033357547,-0.13377229666424384,0.13377229666424384
2025-09-14 01:00:00,22.0,21.7,21.58858424194442,-0.41141575805557956,0.11141575805557835,0.11141575805557835
2025-09-14 02:00:00,21.7,21.7,21.424382903248134,-0.27561709675186474,0.27561709675186563,0.27561709675186563
2025-09-14 03:00:00,21.7,21.8,21.576370713344698,-0.12362928665530155,0.2236292866553029,0.2236292866553029
2025-09-14 04:00:00,21.8,21.7,21.74883477543762,-0.051165224562382004,-0.04883477543761927,0.04883477543761927
2025-09-14 05:00:00,21.7,21.6,21.55358799887155,-0.14641200112845085,0.04641200112845212,0.04641200112845212
2025-09-14 06:00:00,21.6,21.5,21.6024947918738,0.002494791873798607,-0.10249479187379862,0.10249479187379862
2025-09-14 07:00:00,21.5,22.1,22.133812862473174,0.6338128624731756,-0.033812862473173055,0.033812862473173055
2025-09-14 08:00:00,22.1,23.2,22.99098290494155,0.8909829049415481,0.20901709505844934,0.20901709505844934
2025-09-14 09:00:00,23.2,24.2,24.44117027571401,1.2411702757140135,-0.24117027571401195,0.24117027571401195
2025-09-14 10:00:00,24.2,25.4,25.32416904876708,1.1241690487670803,0.07583095123291983,0.07583095123291983
2025-09-14 11:00:00,25.4,27.0,26.331040091764528,0.9310400917645281,0.6689599082354718,0.6689599082354718
2025-09-14 12:00:00,27.0,27.3,27.80511816867094,0.8051181686709393,-0.5051181686709398,0.5051181686709398
2025-09-14 13:00:00,27.3,27.8,27.66603785492384,0.36603785492383795,0.13396214507616122,0.13396214507616122
2025-09-14 14:00:00,27.8,28.5,28.122446218373376,0.3224462183733754,0.3775537816266237,0.3775537816266237
2025-09-14 15:00:00,28.5,29.2,28.24536943887447,-0.2546305611255309,0.9546305611255299,0.9546305611255299
2025-09-14 16:00:00,29.2,29.1,28.80193412027585,-0.3980658797241495,0.29806587972415244,0.29806587972415244
2025-09-14 17:00:00,29.1,28.2,28.101028504313696,-0.9989714956863055,0.09897149568630326,0.09897149568630326
2025-09-14 18:00:00,28.2,26.7,26.99471822746311,-1.205281772536889,-0.29471822746311105,0.29471822746311105
2025-09-14 19:00:00,26.7,25.8,25.73504281994904,-0.9649571800509591,0.06495718005096052,0.06495718005096052
2025-09-14 20:00:00,25.8,25.0,25.107498417919597,-0.6925015820804037,-0.10749841791959724,0.10749841791959724
2025-09-14 21:00:00,25.0,24.2,24.427944691479798,-0.5720553085202006,-0.22794469147979868,0.22794469147979868
2025-09-14 22:00:00,24.2,23.7,23.615670850389478,-0.5843291496105204,0.08432914961052163,0.08432914961052163
2025-09-14 23:00:00,23.7,23.3,23.248152178376404,-0.4518478216235963,0.051847821623596246,0.051847821623596246
2025-09-15 00:00:00,23.3,23.1,22.902893089646813,-0.39710691035318696,0.19710691035318817,0.19710691035318817
2025-09-15 01:00:00,23.1,22.7,22.840232933843136,-0.25976706615686357,-0.14023293384313718,0.14023293384313718
2025-09-15 02:00:00,22.7,22.4,22.357104922794605,-0.3428950772053938,0.04289507720539376,0.04289507720539376
2025-09-15 03:00:00,22.4,21.8,22.15142323441716,-0.24857676558283803,-0.35142323441715817,0.35142323441715817
2025-09-15 04:00:00,21.8,21.2,21.43565252252496,-0.3643474774750412,-0.23565252252496194,0.23565252252496194
2025-09-15 05:00:00,21.2,20.9,20.87775529729208,-0.32224470270791866,0.022244702707919117,0.022244702707919117
2025-09-15 06:00:00,20.9,20.9,20.87208902806181,-0.027910971938186126,0.027910971938187146,0.027910971938187146
2025-09-15 07:00:00,20.9,22.4,21.851576340899236,0.9515763408992371,0.548423659100763,0.548423659100763
2025-09-15 08:00:00,22.4,24.3,24.12970825091679,1.72970825091679,0.1702917490832121,0.1702917490832121
2025-09-15 09:00:00,24.3,25.8,25.78175349661996,1.4817534966199604,0.01824650338004119,0.01824650338004119
2025-09-15 10:00:00,25.8,27.1,27.182703372514567,1.3827033725145659,-0.08270337251456539,0.08270337251456539
2025-09-15 11:00:00,27.1,28.3,28.258294350956174,1.1582943509561714,0.04170564904382701,0.04170564904382701
2025-09-15 12:00:00,28.3,29.0,29.02158117915674,0.7215811791567409,-0.021581179156740404,0.021581179156740404
2025-09-15 13:00:00,29.0,29.7,29.694341365830144,0.6943413658301442,0.005658634169854793,0.005658634169854793
2025-09-15 14:00:00,29.7,30.3,30.057702511344868,0.35770251134486847,0.242297488655133,0.242297488655133
2025-09-15 15:00:00,30.3,30.4,30.203230463332307,-0.09676953666769196,0.19676953666769137,0.19676953666769137
2025-09-15 16:00:00,30.4,30.2,29.78281784374231,-0.6171821562576881,0.41718215625768806,0.41718215625768806
2025-09-15 17:00:00,30.2,29.3,29.25057399895636,-0.9494260010436414,0.04942600104364203,0.04942600104364203
2025-09-15 18:00:00,29.3,28.0,28.094860993919813,-1.2051390060801879,-0.09486099391981284,0.09486099391981284
2025-09-15 19:00:00,28.0,26.8,26.815936794883157,-1.184063205116843,-0.01593679488315658,0.01593679488315658
2025-09-15 20:00:00,26.8,26.1,26.06410400050034,-0.7358959994996593,0.03589599949966171,0.03589599949966171
2025-09-15 21:00:00,26.1,25.4,25.548653533491503,-0.5513464665084976,-0.14865353349150467,0.14865353349150467
2025-09-15 22:00:00,25.4,24.6,24.84881964407626,-0.5511803559237374,-0.24881964407626,0.24881964407626
2025-09-15 23:00:00,24.6,24.0,24.10519468214757,-0.4948053178524306,-0.10519468214756955,0.10519468214756955
2025-09-16 00:00:00,24.0,23.5,23.63538697217392,-0.3646130278260828,-0.1353869721739187,0.1353869721739187
2025-09-16 01:00:00,23.5,23.1,23.07320568988635,-0.42679431011364904,0.026794310113650965,0.026794310113650965
2025-09-16 02:00:00,23.1,22.8,22.713016848331065,-0.3869831516689369,0.08698315166893522,0.08698315166893522
2025-09-16 03:00:00,22.8,22.4,22.524917027480946,-0.27508297251905345,-0.12491702748094724,0.12491702748094724
2025-09-16 04:00:00,22.4,22.2,22.090878060192956,-0.30912193980704217,0.10912193980704288,0.10912193980704288
2025-09-16 05:00:00,22.2,22.3,21.974509218608063,-0.2254907813919356,0.3254907813919381,0.3254907813919381
2025-09-16 06:00:00,22.3,22.5,22.424050707219507,0.1240507072195079,0.07594929278049278,0.07594929278049278
2025-09-16 07:00:00,22.5,23.2,23.245517096055238,0.7455170960552391,-0.04551709605523868,0.04551709605523868
2025-09-16 08:00:00,23.2,24.7,24.22177919424778,1.0217791942477796,0.47822080575221904,0.47822080575221904
2025-09-16 09:00:00,24.7,25.2,26.04847084218873,1.3484708421887304,-0.8484708421887319,0.8484708421887319
2025-09-16 10:00:00,25.2,26.2,26.04792641300144,0.8479264130014426,0.15207358699855789,0.15207358699855789
2025-09-16 11:00:00,26.2,26.4,27.224056946130865,1.0240569461308675,-0.8240569461308667,0.8240569461308667
2025-09-16 12:00:00,26.4,26.7,26.80820380041294,0.4082038004129407,-0.10820380041294086,0.10820380041294086
2025-09-16 13:00:00,26.7,24.3,27.040200630072647,0.34020063007264806,-2.7402006300726462,2.7402006300726462
2025-09-16 14:00:00,24.3,22.5,24.240819130093325,-0.05918086990667639,-1.7408191300933247,1.7408191300933247
2025-09-16 15:00:00,22.5,23.3,22.19928385277,-0.300716147229997,1.100716147229999,1.100716147229999
2025-09-16 16:00:00,23.3,24.1,23.842908116737064,0.5429081167370643,0.2570918832629374,0.2570918832629374
2025-09-16 17:00:00,24.1,23.9,24.395504899097006,0.29550489909700434,-0.495504899097007,0.495504899097007
2025-09-16 18:00:00,23.9,23.8,23.66958193141813,-0.2304180685818689,0.13041806858187144,0.13041806858187144
2025-09-16 19:00:00,23.8,23.7,23.628216934255473,-0.17178306574452867,0.0717830657445262,0.0717830657445262
2025-09-16 20:00:00,23.7,23.6,23.540710688632952,-0.15928931136704622,0.05928931136704918,0.05928931136704918
2025-09-16 21:00:00,23.6,23.5,23.45753157941896,-0.1424684205810446,0.0424684205810415,0.0424684205810415
2025-09-16 22:00:00,23.5,23.2,23.357369142995456,-0.14263085700454461,-0.15736914299545646,0.15736914299545646
2025-09-16 23:00:00,23.2,23.3,22.990065419972794,-0.20993458002720713,0.30993458002720686,0.30993458002720686
2025-09-17 00:00:00,23.3,23.1,23.249103033534855,-0.050896966465145715,-0.14910303353485332,0.14910303353485332
2025-09-17 01:00:00,23.1,23.2,22.958287532343753,-0.1417124676562494,0.24171246765624588,0.24171246765624588
2025-09-17 02:00:00,23.2,23.4,23.15603792330901,-0.04396207669098772,0.24396207669098757,0.24396207669098757
2025-09-17 03:00:00,23.4,23.5,23.39345976545426,-0.0065402345457402184,0.10654023454574002,0.10654023454574002
2025-09-17 04:00:00,23.5,23.5,23.529884056759357,0.029884056759358454,-0.029884056759357236,0.029884056759357236
2025-09-17 05:00:00,23.5,23.5,23.467415720161785,-0.03258427983821635,0.03258427983821477,0.03258427983821477
2025-09-17 06:00:00,23.5,23.5,23.562649996488826,0.06264999648882469,-0.06264999648882608,0.06264999648882608
2025-09-17 07:00:00,23.5,23.7,23.739160536919186,0.2391605369191862,-0.039160536919187194,0.039160536919187194
2025-09-17 08:00:00,23.7,23.9,24.135258875881238,0.43525887588124,-0.2352588758812395,0.2352588758812395
2025-09-17 09:00:00,23.9,23.8,24.12406757879221,0.22406757879221276,-0.32406757879221004,0.32406757879221004
2025-09-17 10:00:00,23.8,22.4,23.882170118633077,0.08217011863307701,-1.4821701186330785,1.4821701186330785
2025-09-17 11:00:00,22.4,22.1,22.231292342690132,-0.16870765730986825,-0.13129234269013068,0.13129234269013068
2025-09-17 12:00:00,22.1,23.2,22.00625533524225,-0.09374466475775133,1.193744664757748,1.193744664757748
2025-09-17 13:00:00,23.2,22.3,23.539382764365193,0.3393827643651945,-1.2393827643651925,1.2393827643651925
2025-09-17 14:00:00,22.3,22.8,22.01683387349525,-0.28316612650475037,0.7831661265047494,0.7831661265047494
2025-09-17 15:00:00,22.8,22.5,23.13598544973545,0.33598544973544947,-0.6359854497354505,0.6359854497354505
2025-09-17 16:00:00,22.5,22.4,22.168872487664213,-0.33112751233578835,0.2311275123357852,0.2311275123357852
2025-09-17 17:00:00,22.4,22.5,22.22999585784927,-0.1700041421507276,0.27000414215072865,0.27000414215072865
2025-09-17 18:00:00,22.5,22.1,22.35089629067814,-0.14910370932185993,-0.25089629067813846,0.25089629067813846
2025-09-17 19:00:00,22.1,21.9,21.775920062585786,-0.32407993741421576,0.12407993741421208,0.12407993741421208
2025-09-17 20:00:00,21.9,21.9,21.66974714019117,-0.23025285980882704,0.2302528598088287,0.2302528598088287
2025-09-17 21:00:00,21.9,21.7,21.773069431282195,-0.12693056871780278,-0.073069431282196,0.073069431282196
2025-09-17 22:00:00,21.7,21.5,21.510123833095122,-0.18987616690487755,-0.010123833095121881,0.010123833095121881
2025-09-17 23:00:00,21.5,21.2,21.307431492180445,-0.19256850781955587,-0.10743149218044579,0.10743149218044579
2025-09-18 00:00:00,21.2,20.8,20.995414646716114,-0.20458535328388566,-0.19541464671611308,0.19541464671611308
2025-09-18 01:00:00,20.8,20.6,20.494923969784015,-0.305076030215987,0.10507603021598655,0.10507603021598655
2025-09-18 02:00:00,20.6,20.4,20.405851321815927,-0.19414867818407566,-0.005851321815928401,0.005851321815928401
2025-09-18 03:00:00,20.4,20.1,20.208766112495976,-0.1912338875040234,-0.10876611249597445,0.10876611249597445
2025-09-18 04:00:00,20.1,19.9,19.84585941981487,-0.2541405801851282,0.05414058018512691,0.05414058018512691
2025-09-18 05:00:00,19.9,19.7,19.704649412268726,-0.1953505877312718,-0.004649412268726394,0.004649412268726394
2025-09-18 06:00:00,19.7,19.6,19.713166487408486,0.013166487408486749,-0.11316648740848478,0.11316648740848478
2025-09-18 07:00:00,19.6,20.2,20.33365612760897,0.733656127608968,-0.13365612760896894,0.13365612760896894
2025-09-18 08:00:00,20.2,20.8,21.26156435452253,1.0615643545225315,-0.46156435452252964,0.46156435452252964
2025-09-18 09:00:00,20.8,21.7,21.728857016443985,0.9288570164439851,-0.028857016443986083,0.028857016443986083
2025-09-18 10:00:00,21.7,22.5,22.919789785361214,1.219789785361214,-0.41978978536121403,0.41978978536121403
2025-09-18 11:00:00,22.5,24.4,23.484294724736994,0.9842947247369929,0.9157052752630044,0.9157052752630044
2025-09-18 12:00:00,24.4,25.2,25.2790413416699,0.8790413416698997,-0.07904134166989962,0.07904134166989962
2025-09-18 13:00:00,25.2,25.6,25.673823934011583,0.473823934011583,-0.07382393401158183,0.07382393401158183
2025-09-18 14:00:00,25.6,25.8,25.968900303360446,0.368900303360444,-0.16890030336044504,0.16890030336044504
2025-09-18 15:00:00,25.8,25.6,25.704795738340195,-0.09520426165980443,-0.10479573834019362,0.10479573834019362
2025-09-18 16:00:00,25.6,25.2,25.061257893643596,-0.5387421063564072,0.13874210635640338,0.13874210635640338
2025-09-18 17:00:00,25.2,24.3,24.45705465763499,-0.7429453423650084,-0.1570546576349905,0.1570546576349905
2025-09-18 18:00:00,24.3,23.1,23.284411936330162,-1.01558806366984,-0.18441193633016084,0.18441193633016084
2025-09-18 19:00:00,23.1,22.0,21.89544014757855,-1.204559852421451,0.10455985242144905,0.10455985242144905
2025-09-18 20:00:00,22.0,21.3,21.18040732211101,-0.8195926778889897,0.11959267788899197,0.11959267788899197
2025-09-18 21:00:00,21.3,20.7,20.67293514413966,-0.6270648558603398,0.027064855860338355,0.027064855860338355
2025-09-18 22:00:00,20.7,20.4,20.159635148589075,-0.5403648514109249,0.24036485141092356,0.24036485141092356
2025-09-18 23:00:00,20.4,20.0,19.973861426107497,-0.42613857389250065,0.026138573892502848,0.026138573892502848
2025-09-19 00:00:00,20.0,19.7,19.60179698653108,-0.39820301346891873,0.09820301346891824,0.09820301346891824
2025-09-19 01:00:00,19.7,19.5,19.376663233809506,-0.3233367661904929,0.12333676619049427,0.12333676619049427
2025-09-19 02:00:00,19.5,19.3,19.248988304841067,-0.2510116951589326,0.05101169515893389,0.05101169515893389
2025-09-19 03:00:00,19.3,19.2,19.060371000731525,-0.2396289992684741,0.13962899926847427,0.13962899926847427
2025-09-19 04:00:00,19.2,19.1,19.03814854298419,-0.16185145701580964,0.06185145701581263,0.06185145701581263
2025-09-19 05:00:00,19.1,19.1,18.93890834281498,-0.1610916571850219,0.16109165718502183,0.16109165718502183
2025-09-19 06:00:00,19.1,19.2,19.10687324522809,0.006873245228087937,0.09312675477190879,0.09312675477190879
2025-09-19 07:00:00,19.2,19.5,19.763651434811017,0.5636514348110169,-0.2636514348110168,0.2636514348110168
2025-09-19 08:00:00,19.5,19.9,20.15926690966699,0.6592669096669886,-0.25926690966699084,0.25926690966699084
2025-09-19 09:00:00,19.9,20.4,20.716642996842708,0.8166429968427108,-0.3166429968427096,0.3166429968427096
2025-09-19 10:00:00,20.4,20.8,21.15772882782481,0.7577288278248083,-0.35772882782480764,0.35772882782480764
2025-09-19 11:00:00,20.8,21.4,21.328996741983634,0.5289967419836313,0.07100325801636487,0.07100325801636487
2025-09-19 12:00:00,21.4,20.8,21.920709541314423,0.5207095413144255,-1.1207095413144224,1.1207095413144224
2025-09-19 13:00:00,20.8,20.6,20.609999000099062,-0.1900009999009398,-0.00999900009906085,0.00999900009906085
2025-09-19 14:00:00,20.6,20.3,20.52260240763129,-0.07739759236871083,-0.2226024076312889,0.2226024076312889
2025-09-19 15:00:00,20.3,20.1,20.108037286691374,-0.19196271330862594,-0.008037286691372714,0.008037286691372714
2025-09-19 16:00:00,20.1,19.6,19.89933705414579,-0.2006629458542109,-0.2993370541457878,0.2993370541457878
2025-09-19 17:00:00,19.6,19.0,19.272227712585583,-0.3277722874144195,-0.27222771258558254,0.27222771258558254
2025-09-19 18:00:00,19.0,18.7,18.509027432539703,-0.4909725674602977,0.190972567460296,0.190972567460296
2025-09-19 19:00:00,18.7,18.5,18.456193306836475,-0.24380669316352413,0.04380669316352481,0.04380669316352481
2025-09-19 20:00:00,18.5,18.6,18.275489971755835,-0.2245100282441635,0.3245100282441662,0.3245100282441662
2025-09-19 21:00:00,18.6,18.5,18.56299005595521,-0.03700994404478919,-0.06299005595521123,0.06299005595521123
2025-09-19 22:00:00,18.5,18.1,18.40959381045927,-0.09040618954072949,-0.30959381045926904,0.30959381045926904
2025-09-19 23:00:00,18.1,17.9,17.747460101442535,-0.35253989855746576,0.15253989855746397,0.15253989855746397
2025-09-20 00:00:00,17.9,17.7,17.756318361456763,-0.14368163854323676,-0.056318361456764165,0.056318361456764165
2025-09-20 01:00:00,17.7,17.7,17.538377882096928,-0.16162211790306996,0.16162211790307168,0.16162211790307168
2025-09-20 02:00:00,17.7,17.6,17.677349235822057,-0.02265076417794333,-0.0773492358220551,0.0773492358220551
2025-09-20 03:00:00,17.6,17.5,17.508701363452726,-0.09129863654727707,-0.008701363452725985,0.008701363452725985
2025-09-20 04:00:00,17.5,17.5,17.436070919344083,-0.06392908065591658,0.0639290806559174,0.0639290806559174
2025-09-20 05:00:00,17.5,17.6,17.441382124799382,-0.05861787520061741,0.1586178752006191,0.1586178752006191
2025-09-20 06:00:00,17.6,17.7,17.763464613307242,0.16346461330724252,-0.06346461330724296,0.06346461330724296
2025-09-20 07:00:00,17.7,18.0,17.98112826577134,0.2811282657713407,0.01887173422866084,0.01887173422866084
2025-09-20 08:00:00,18.0,18.6,18.504180124393866,0.5041801243938643,0.0958198756061357,0.0958198756061357
2025-09-20 09:00:00,18.6,19.0,19.624050057264366,1.024050057264364,-0.6240500572643661,0.6240500572643661
2025-09-20 10:00:00,19.0,19.9,19.572419579327423,0.5724195793274219,0.3275804206725752,0.3275804206725752
2025-09-20 11:00:00,19.9,20.6,20.97146165375355,1.071461653753551,-0.3714616537535491,0.3714616537535491
2025-09-20 12:00:00,20.6,21.4,21.332516550374105,0.7325165503741056,0.06748344962589314,0.06748344962589314
2025-09-20 13:00:00,21.4,22.5,22.328857748396377,0.9288577483963799,0.17114225160362295,0.17114225160362295
2025-09-20 14:00:00,22.5,23.4,22.800241826676274,0.30024182667627436,0.5997581733237247,0.5997581733237247
2025-09-20 15:00:00,23.4,23.0,23.70208219731699,0.30208219731699093,-0.7020821973169902,0.7020821973169902
2025-09-20 16:00:00,23.0,23.3,22.54095832067533,-0.4590416793246721,0.759041679324671,0.759041679324671
2025-09-20 17:00:00,23.3,22.5,22.824154129321574,-0.47584587067842615,-0.32415412932157395,0.32415412932157395
2025-09-20 18:00:00,22.5,21.6,21.890087054426175,-0.6099129455738268,-0.29008705442617355,0.29008705442617355
2025-09-20 19:00:00,21.6,21.1,20.959851341880793,-0.6401486581192096,0.14014865811920885,0.14014865811920885
2025-09-20 20:00:00,21.1,20.5,20.66949762864811,-0.43050237135189173,-0.16949762864810936,0.16949762864810936
2025-09-20 21:00:00,20.5,20.0,20.065000941943822,-0.4349990580561771,-0.065000941943822,0.065000941943822
2025-09-20 22:00:00,20.0,19.7,19.580663405092924,-0.41933659490707687,0.11933659490707527,0.11933659490707527
2025-09-20 23:00:00,19.7,19.5,19.410408744153486,-0.28959125584651435,0.08959125584651417,0.08959125584651417
2025-09-21 00:00:00,19.5,19.1,19.255833274300105,-0.2441667256998964,-0.15583327430010385,0.15583327430010385
2025-09-21 01:00:00,19.1,18.5,18.74958647250416,-0.35041352749584104,-0.24958647250415922,0.24958647250415922
2025-09-21 02:00:00,18.5,18.1,18.093113668846463,-0.40688633115353495,0.0068863311535380944,0.0068863311535380944
2025-09-21 03:00:00,18.1,17.7,17.754527646110187,-0.34547235388981606,-0.05452764611018779,0.05452764611018779
2025-09-21 04:00:00,17.7,17.4,17.373481875153203,-0.32651812484679604,0.026518124846795388,0.026518124846795388
2025-09-21 05:00:00,17.4,17.2,17.120391403350347,-0.2796085966496503,0.0796085966496527,0.0796085966496527
2025-09-21 06:00:00,17.2,17.6,17.18737858393042,-0.01262141606957797,0.41262141606958025,0.41262141606958025
2025-09-21 07:00:00,17.6,19.1,19.141188004386837,1.5411880043868353,-0.041188004386835786,0.041188004386835786
2025-09-21 08:00:00,19.1,20.8,20.863993623721306,1.7639936237213039,-0.06399362372130568,0.06399362372130568
2025-09-21 09:00:00,20.8,22.1,22.27762600647799,1.4776260064779898,-0.17762600647798976,0.17762600647798976
2025-09-21 10:00:00,22.1,23.4,23.334725466687797,1.234725466687795,0.06527453331220201,0.06527453331220201
2025-09-21 11:00:00,23.4,24.6,24.580500313378597,1.1805003133785985,0.019499686621404777,0.019499686621404777
2025-09-21 12:00:00,24.6,25.5,25.508876714773812,0.9088767147738109,-0.008876714773812466,0.008876714773812466
2025-09-21 13:00:00,25.5,26.5,26.13567197312924,0.6356719731292403,0.3643280268707585,0.3643280268707585
2025-09-21 14:00:00,26.5,26.9,26.816704200622596,0.31670420062259486,0.08329579937740306,0.08329579937740306
2025-09-21 15:00:00,26.9,27.1,26.67173500263564,-0.2282649973643587,0.4282649973643622,0.4282649973643622
2025-09-21 16:00:00,27.1,26.5,26.477830058511852,-0.6221699414881506,0.02216994148814777,0.02216994148814777
2025-09-21 17:00:00,26.5,24.8,25.45006964720383,-1.0499303527961694,-0.6500696472038285,0.6500696472038285
2025-09-21 18:00:00,24.8,23.3,23.53482759679284,-1.26517240320716,-0.23482759679284015,0.23482759679284015
2025-09-21 19:00:00,23.3,22.0,22.24001001363417,-1.0599899863658309,-0.24001001363416918,0.24001001363416918
2025-09-21 20:00:00,22.0,21.1,21.23000175737895,-0.7699982426210511,-0.13000175737894892,0.13000175737894892
2025-09-21 21:00:00,21.1,20.7,20.39851963294782,-0.7014803670521814,0.3014803670521786,0.3014803670521786
2025-09-21 22:00:00,20.7,19.9,20.198280152214448,-0.5017198477855523,-0.29828015221444915,0.29828015221444915
2025-09-21 23:00:00,19.9,19.4,19.30306516445534,-0.59693483554466,0.09693483554465843,0.09693483554465843
2025-09-22 00:00:00,19.4,19.1,18.90749957195612,-0.4925004280438782,0.192500428043882,0.192500428043882
2025-09-22 01:00:00,19.1,18.6,18.7105577294731,-0.38944227052690167,-0.11055772947309706,0.11055772947309706
2025-09-22 02:00:00,18.6,18.3,18.181238220806115,-0.418761779193887,0.11876177919388553,0.11876177919388553
2025-09-22 03:00:00,18.3,18.1,17.977793853733612,-0.32220614626638766,0.12220614626638948,0.12220614626638948
2025-09-22 04:00:00,18.1,18.0,17.83381677176361,-0.2661832282363927,0.16618322823639176,0.16618322823639176
2025-09-22 05:00:00,18.0,17.9,17.839086626657934,-0.16091337334206596,0.06091337334206415,0.06091337334206415
2025-09-22 06:00:00,17.9,17.6,17.8798121593382,-0.020187840661799676,-0.27981215933819925,0.27981215933819925
2025-09-22 07:00:00,17.6,18.1,18.215303611387416,0.6153036113874134,-0.1153036113874144,0.1153036113874144
2025-09-22 08:00:00,18.1,19.3,19.127651828095512,1.0276518280955114,0.17234817190448837,0.17234817190448837
2025-09-22 09:00:00,19.3,21.4,20.861595567142555,1.5615955671425554,0.538404432857444,0.538404432857444
2025-09-22 10:00:00,21.4,23.0,23.103797701380415,1.7037977013804166,-0.10379770138041522,0.10379770138041522
2025-09-22 11:00:00,23.0,24.3,24.270333913151752,1.2703339131517533,0.02966608684824834,0.02966608684824834
2025-09-22 12:00:00,24.3,24.6,25.309064469815315,1.009064469815315,-0.7090644698153135,0.7090644698153135
2025-09-22 13:00:00,24.6,24.9,24.98266822484344,0.3826682248434386,-0.0826682248434416,0.0826682248434416
2025-09-22 14:00:00,24.9,24.4,25.088351079652682,0.18835107965268377,-0.6883510796526835,0.6883510796526835
2025-09-22 15:00:00,24.4,24.6,24.16917020876483,-0.2308297912351711,0.4308297912351726,0.4308297912351726
2025-09-22 16:00:00,24.6,24.5,24.03858937791454,-0.5614106220854623,0.46141062208545947,0.46141062208545947
2025-09-22 17:00:00,24.5,24.0,23.466871793195775,-1.0331282068042262,0.5331282068042249,0.5331282068042249
2025-09-22 18:00:00,24.0,22.6,22.920063181585668,-1.0799368184143319,-0.3200631815856667,0.3200631815856667
2025-09-22 19:00:00,22.6,21.9,21.547149157135316,-1.052850842864686,0.35285084286468305,0.35285084286468305
2025-09-22 20:00:00,21.9,21.4,21.306326880221576,-0.5936731197784229,0.09367311977842263,0.09367311977842263
2025-09-22 21:00:00,21.4,21.1,20.91286079422515,-0.48713920577484954,0.18713920577485155,0.18713920577485155
2025-09-22 22:00:00,21.1,21.0,20.683636904060815,-0.4163630959391862,0.31636309593918455,0.31636309593918455
2025-09-22 23:00:00,21.0,20.7,20.733589504469094,-0.2664104955309041,-0.03358950446909503,0.03358950446909503
2025-09-23 00:00:00,20.7,20.5,20.359330083580115,-0.3406699164198852,0.1406699164198848,0.1406699164198848
2025-09-23 01:00:00,20.5,20.3,20.26297058200974,-0.23702941799026098,0.03702941799026149,0.03702941799026149
2025-09-23 02:00:00,20.3,20.1,20.070932808441007,-0.22906719155899286,0.029067191558993954,0.029067191558993954
2025-09-23 03:00:00,20.1,19.9,19.871962867187293,-0.22803713281270768,0.028037132812706034,0.028037132812706034
2025-09-23 04:00:00,19.9,19.6,19.687051623393163,-0.21294837660683621,-0.08705162339316175,0.08705162339316175
2025-09-23 05:00:00,19.6,19.3,19.35962338898612,-0.24037661101388214,-0.059623388986118186,0.059623388986118186
2025-09-23 06:00:00,19.3,19.2,19.2345888433919,-0.06541115660810072,-0.03458884339190149,0.03458884339190149
2025-09-23 07:00:00,19.2,19.7,20.09843363022583,0.8984336302258317,-0.39843363022583134,0.39843363022583134
2025-09-23 08:00:00,19.7,20.8,20.906671359996764,1.2066713599967656,-0.10667135999676347,0.10667135999676347
2025-09-23 09:00:00,20.8,22.3,22.141477571395047,1.3414775713950464,0.1585224286049538,0.1585224286049538
2025-09-23 10:00:00,22.3,23.4,23.566082084919802,1.266082084919801,-0.16608208491980392,0.16608208491980392
2025-09-23 11:00:00,23.4,24.8,24.519179891181093,1.1191798911810957,0.28082010881890795,0.28082010881890795
2025-09-23 12:00:00,24.8,25.7,25.690905270617357,0.8909052706173574,0.009094729382642441,0.009094729382642441
2025-09-23 13:00:00,25.7,25.8,26.2382840788003,0.5382840788003019,-0.43828407880030085,0.43828407880030085
2025-09-23 14:00:00,25.8,26.2,26.01567502779021,0.21567502779020875,0.18432497220979016,0.18432497220979016
2025-09-23 15:00:00,26.2,26.4,25.97737371345657,-0.22262628654343108,0.42262628654343004,0.42262628654343004
2025-09-23 16:00:00,26.4,25.4,25.919623912220477,-0.4803760877795218,-0.519623912220478,0.519623912220478
2025-09-23 17:00:00,25.4,24.8,24.11079694660763,-1.2892030533923715,0.6892030533923723,0.6892030533923723
2025-09-23 18:00:00,24.8,24.4,23.577129491299658,-1.2228705087003442,0.8228705087003405,0.8228705087003405
2025-09-23 19:00:00,24.4,23.6,23.687081328869443,-0.7129186711305558,-0.08708132886944142,0.08708132886944142
2025-09-23 20:00:00,23.6,23.3,22.938504822898295,-0.6614951771017077,0.3614951771017054,0.3614951771017054
2025-09-23 21:00:00,23.3,23.2,22.896634478884508,-0.4033655211154945,0.30336552111549153,0.30336552111549153
2025-09-23 22:00:00,23.2,22.9,22.907923111141024,-0.292076888858977,-0.007923111141025174,0.007923111141025174
2025-09-23 23:00:00,22.9,22.4,22.57136483902309,-0.3286351609769075,-0.17136483902309152,0.17136483902309152
2025-09-24 00:00:00,22.4,21.8,21.973699954876274,-0.42630004512372516,-0.1736999548762732,0.1736999548762732
2025-09-24 01:00:00,21.8,21.5,21.369467007111,-0.4305329928890041,0.13053299288900178,0.13053299288900178
2025-09-24 02:00:00,21.5,21.1,21.133919967834967,-0.36608003216503343,-0.03391996783496509,0.03391996783496509
2025-09-24 03:00:00,21.1,20.4,20.77342503374416,-0.32657496625584004,-0.37342503374416225,0.37342503374416225
2025-09-24 04:00:00,20.4,20.6,19.98799321468885,-0.41200678531114826,0.6120067853111522,0.6120067853111522
2025-09-24 05:00:00,20.6,20.4,20.52105106619492,-0.07894893380507874,-0.1210510661949229,0.1210510661949229
2025-09-24 06:00:00,20.4,20.6,20.42195625594819,0.02195625594818942,0.17804374405181278,0.17804374405181278
2025-09-24 07:00:00,20.6,21.4,21.48396910911656,0.8839691091165602,-0.08396910911656263,0.08396910911656263
2025-09-24 08:00:00,21.4,22.6,22.638836978692474,1.2388369786924756,-0.03883697869247271,0.03883697869247271
2025-09-24 09:00:00,22.6,23.1,23.812671904695748,1.2126719046957462,-0.7126719046957462,0.7126719046957462
2025-09-24 10:00:00,23.1,23.4,23.835393775725052,0.7353937757250518,-0.43539377572505344,0.43539377572505344
2025-09-24 11:00:00,23.4,23.5,23.97701170775108,0.5770117077510784,-0.47701170775107826,0.47701170775107826
2025-09-24 12:00:00,23.5,22.9,23.642254870197135,0.14225487019713498,-0.7422548701971365,0.7422548701971365
2025-09-24 13:00:00,22.9,22.1,22.73292813938587,-0.16707186061412932,-0.6329281393858679,0.6329281393858679
2025-09-24 14:00:00,22.1,22.4,21.953662640314686,-0.14633735968531564,0.4463373596853124,0.4463373596853124
2025-09-24 15:00:00,22.4,22.7,22.5368115735583,0.13681157355830023,0.16318842644169962,0.16318842644169962
2025-09-24 16:00:00,22.7,22.9,22.751946212466827,0.05194621246682814,0.148053787533172,0.148053787533172
2025-09-24 17:00:00,22.9,22.8,22.994299364266883,0.09429936426688554,-0.19429936426688244,0.19429936426688244
2025-09-24 18:00:00,22.8,22.7,22.602825788558786,-0.19717421144121658,0.09717421144121374,0.09717421144121374
2025-09-24 19:00:00,22.7,21.8,22.55074929754345,-0.1492507024565491,-0.7507492975434502,0.7507492975434502
2025-09-24 20:00:00,21.8,21.4,21.20205466574265,-0.5979453342573493,0.19794533425734784,0.19794533425734784
2025-09-24 21:00:00,21.4,21.5,21.094781534623483,-0.3052184653765147,0.4052184653765174,0.4052184653765174
2025-09-24 22:00:00,21.5,21.6,21.452453599686987,-0.04754640031301413,0.1475464003130149,0.1475464003130149
2025-09-24 23:00:00,21.6,21.6,21.577780411536423,-0.02221958846357891,0.022219588463578077,0.022219588463578077
2025-09-25 00:00:00,21.6,21.5,21.558511567236838,-0.04148843276316294,-0.05851156723683815,0.05851156723683815
2025-09-25 01:00:00,21.5,21.3,21.39913082827714,-0.10086917172286104,-0.09913082827713993,0.09913082827713993
2025-09-25 02:00:00,21.3,21.3,21.151828330763685,-0.14817166923631483,0.14817166923631575,0.14817166923631575
2025-09-25 03:00:00,21.3,21.2,21.243219398914306,-0.056780601085696,-0.043219398914306595,0.043219398914306595
2025-09-25 04:00:00,21.2,20.8,21.112478062970045,-0.0875219370299549,-0.3124780629700439,0.3124780629700439
2025-09-25 05:00:00,20.8,20.7,20.5123578235306,-0.28764217646940227,0.1876421764693994,0.1876421764693994
2025-09-25 06:00:00,20.7,20.7,20.66455666192249,-0.03544333807751095,0.03544333807750988,0.03544333807750988
2025-09-25 07:00:00,20.7,20.9,21.43262737495391,0.7326273749539093,-0.5326273749539112,0.5326273749539112
2025-09-25 08:00:00,20.9,21.5,21.519296024379617,0.6192960243796183,-0.019296024379617194,0.019296024379617194
2025-09-25 09:00:00,21.5,22.5,22.510959593564007,1.0109595935640054,-0.010959593564006553,0.010959593564006553
2025-09-25 10:00:00,22.5,23.1,23.68988053540773,1.1898805354077324,-0.5898805354077297,0.5898805354077297
2025-09-25 11:00:00,23.1,23.8,23.884374487696864,0.784374487696862,-0.08437448769686284,0.08437448769686284
2025-09-25 12:00:00,23.8,24.7,24.476288288376523,0.6762882883765229,0.22371171162347636,0.22371171162347636
2025-09-25 13:00:00,24.7,25.0,25.327827155917973,0.6278271559179741,-0.32782715591797285,0.32782715591797285
2025-09-25 14:00:00,25.0,25.7,25.239691991247845,0.23969199124784527,0.46030800875215405,0.46030800875215405
2025-09-25 15:00:00,25.7,26.0,25.60467579239802,-0.09532420760198017,0.3953242076019805,0.3953242076019805
2025-09-25 16:00:00,26.0,25.5,25.67534759846334,-0.3246524015366617,-0.1753475984633397,0.1753475984633397
2025-09-25 17:00:00,25.5,24.9,24.640668501419306,-0.8593314985806937,0.2593314985806927,0.2593314985806927
2025-09-25 18:00:00,24.9,23.5,24.111144761077234,-0.7888552389227657,-0.6111447610772345,0.6111447610772345
2025-09-25 19:00:00,23.5,22.5,22.61735635118928,-0.8826436488107218,-0.11735635118927945,0.11735635118927945
2025-09-25 20:00:00,22.5,21.8,21.82529276732639,-0.6747072326736107,-0.025292767326387633,0.025292767326387633
2025-09-25 21:00:00,21.8,21.2,21.2519838553482,-0.5480161446518016,-0.05198385534820105,0.05198385534820105
2025-09-25 22:00:00,21.2,20.7,20.77132925471306,-0.42867074528694,-0.07132925471305995,0.07132925471305995
2025-09-25 23:00:00,20.7,20.2,20.27882769678903,-0.4211723032109707,-0.07882769678903045,0.07882769678903045
2025-09-26 00:00:00,20.2,19.9,19.81728975012288,-0.3827102498771168,0.08271024987711684,0.08271024987711684
2025-09-26 01:00:00,19.9,19.6,19.63190659526076,-0.26809340473924004,-0.03190659526075734,0.03190659526075734
2025-09-26 02:00:00,19.6,19.1,19.350296277278595,-0.24970372272140476,-0.2502962772785935,0.2502962772785935
2025-09-26 03:00:00,19.1,18.7,18.74046626369974,-0.3595337363002598,-0.04046626369974149,0.04046626369974149
2025-09-26 04:00:00,18.7,18.4,18.396734260687058,-0.3032657393129419,0.0032657393129404966,0.0032657393129404966
2025-09-26 05:00:00,18.4,17.9,18.139590500065804,-0.2604094999341935,-0.2395905000658054,0.2395905000658054
2025-09-26 06:00:00,17.9,17.8,17.806672097885745,-0.09332790211425394,-0.006672097885743966,0.006672097885743966
2025-09-26 07:00:00,17.8,18.4,18.61090195798139,0.81090195798139,-0.21090195798139177,0.21090195798139177
2025-09-26 08:00:00,18.4,19.3,19.650943389970838,1.2509433899708393,-0.35094338997083696,0.35094338997083696
2025-09-26 09:00:00,19.3,20.0,20.702438490371463,1.4024384903714617,-0.7024384903714633,0.7024384903714633
2025-09-26 10:00:00,20.0,21.5,20.98101337644872,0.9810133764487187,0.5189866235512817,0.5189866235512817
2025-09-26 11:00:00,21.5,22.9,22.696734152791723,1.1967341527917228,0.20326584720827512,0.20326584720827512
2025-09-26 12:00:00,22.9,24.4,23.890294459181344,0.9902944591813453,0.5097055408186542,0.5097055408186542
2025-09-26 13:00:00,24.4,25.4,25.098914057659094,0.6989140576590953,0.30108594234090447,0.30108594234090447
2025-09-26 14:00:00,25.4,26.7,25.87645333459752,0.4764533345975218,0.8235466654024783,0.8235466654024783
2025-09-26 15:00:00,26.7,26.8,26.46016392028879,-0.239836079711211,0.3398360797112119,0.3398360797112119
2025-09-26 16:00:00,26.8,26.4,26.22056883218684,-0.5794311678131604,0.17943116781315993,0.17943116781315993
2025-09-26 17:00:00,26.4,24.8,25.69686094908244,-0.7031390509175588,-0.8968609490824377,0.8968609490824377
2025-09-26 18:00:00,24.8,23.5,23.804528140499748,-0.9954718595002527,-0.3045281404997482,0.3045281404997482
2025-09-26 19:00:00,23.5,22.8,22.637473327758503,-0.8625266722414968,0.16252667224149775,0.16252667224149775
2025-09-26 20:00:00,22.8,22.2,22.22426871829516,-0.5757312817048386,-0.024268718295161307,0.024268718295161307
2025-09-26 21:00:00,22.2,21.5,21.685627749490877,-0.5143722505091238,-0.18562774949087668,0.18562774949087668
2025-09-26 22:00:00,21.5,20.8,20.970727850372825,-0.5292721496271763,-0.170727850372824,0.170727850372824
2025-09-26 23:00:00,20.8,20.3,20.32189979433517,-0.4781002056648305,-0.02189979433516953,0.02189979433516953
2025-09-27 00:00:00,20.3,19.7,19.883252559675363,-0.41674744032463873,-0.18325255967536336,0.18325255967536336
2025-09-27 01:00:00,19.7,19.2,19.288981913293416,-0.4110180867065842,-0.08898191329341643,0.08898191329341643
2025-09-27 02:00:00,19.2,18.6,18.777383610091967,-0.42261638990803413,-0.17738361009196524,0.17738361009196524
2025-09-27 03:00:00,18.6,18.2,18.20361463732158,-0.3963853626784236,-0.003614637321579295,0.003614637321579295
2025-09-27 04:00:00,18.2,18.0,17.88297573216117,-0.3170242678388285,0.11702426783882913,0.11702426783882913
2025-09-27 05:00:00,18.0,17.7,17.74402811209219,-0.2559718879078087,-0.04402811209219237,0.04402811209219237
2025-09-27 06:00:00,17.7,17.8,17.674699295253195,-0.02530070474680483,0.125300704746806,0.125300704746806
2025-09-27 07:00:00,17.8,18.9,18.688564148259317,0.8885641482593161,0.21143585174068136,0.21143585174068136
2025-09-27 08:00:00,18.9,21.2,20.60574318678719,1.7057431867871928,0.5942568132128088,0.5942568132128088
2025-09-27 09:00:00,21.2,23.0,22.83882916766353,1.6388291676635307,0.16117083233647023,0.16117083233647023
2025-09-27 10:00:00,23.0,25.0,24.530573132426287,1.530573132426288,0.46942686757371277,0.46942686757371277
2025-09-27 11:00:00,25.0,26.1,26.50091748532193,1.5009174853219318,-0.40091748532192995,0.40091748532192995
2025-09-27 12:00:00,26.1,26.7,27.134854848549047,1.0348548485490439,-0.43485484854904755,0.43485484854904755
2025-09-27 13:00:00,26.7,26.7,27.261326710956556,0.5613267109565567,-0.561326710956557,0.561326710956557
2025-09-27 14:00:00,26.7,26.8,26.943978809918562,0.24397880991856433,-0.14397880991856127,0.14397880991856127
2025-09-27 15:00:00,26.8,26.4,26.830712757385253,0.030712757385253496,-0.4307127573852547,0.4307127573852547
2025-09-27 16:00:00,26.4,26.2,25.896142457515985,-0.5038575424840139,0.303857542484014,0.303857542484014
2025-09-27 17:00:00,26.2,25.5,25.540030420238782,-0.6599695797612181,-0.04003042023878223,0.04003042023878223
2025-09-27 18:00:00,25.5,24.3,24.83846349722171,-0.6615365027782912,-0.5384634972217093,0.5384634972217093
2025-09-27 19:00:00,24.3,23.1,23.41101463093896,-0.8889853690610383,-0.31101463093895987,0.31101463093895987
2025-09-27 20:00:00,23.1,22.4,22.346643295887805,-0.7533567041121961,0.0533567041121934,0.0533567041121934
2025-09-27 21:00:00,22.4,21.9,21.872853245018376,-0.5271467549816209,0.027146754981622223,0.027146754981622223
2025-09-27 22:00:00,21.9,21.6,21.425231955746916,-0.4747680442530819,0.174768044253085,0.174768044253085
2025-09-27 23:00:00,21.6,21.6,21.2540825658845,-0.3459174341155026,0.3459174341155027,0.3459174341155027
2025-09-28 00:00:00,21.6,21.5,21.448000988293767,-0.15199901170623475,0.05199901170623278,0.05199901170623278
2025-09-28 01:00:00,21.5,21.5,21.328096812103276,-0.1719031878967228,0.17190318789672432,0.17190318789672432
2025-09-28 02:00:00,21.5,21.4,21.39173392606895,-0.10826607393104684,0.008266073931046947,0.008266073931046947
2025-09-28 03:00:00,21.4,21.3,21.244357440622448,-0.15564255937755184,0.055642559377552914,0.055642559377552914
2025-09-28 04:00:00,21.3,21.1,21.157554644664582,-0.14244535533541738,-0.057554644664580934,0.057554644664580934
2025-09-28 05:00:00,21.1,20.3,20.9416151052135,-0.1583848947864993,-0.6416151052135,0.6416151052135
2025-09-28 06:00:00,20.3,20.1,20.239038662531577,-0.06096133746842316,-0.1390386625315756,0.1390386625315756
2025-09-28 07:00:00,20.1,19.1,20.39804767058842,0.29804767058841736,-1.2980476705884172,1.2980476705884172
2025-09-28 08:00:00,19.1,19.2,19.00960254227841,-0.09039745772158808,0.19039745772158767,0.19039745772158767
2025-09-28 09:00:00,19.2,18.4,19.463026081113473,0.2630260811134725,-1.063026081113474,1.063026081113474
2025-09-28 10:00:00,18.4,18.7,18.175587363904654,-0.22441263609534595,0.5244126360953452,0.5244126360953452
2025-09-28 11:00:00,18.7,19.0,19.044652885995642,0.34465288599564264,-0.04465288599564232,0.04465288599564232
2025-09-28 12:00:00,19.0,19.6,19.274831431715025,0.2748314317150243,0.3251685682849761,0.3251685682849761
2025-09-28 13:00:00,19.6,21.4,20.043240345798832,0.44324034579883226,1.3567596542011664,1.3567596542011664
2025-09-28 14:00:00,21.4,21.1,22.442601036186293,1.0426010361862932,-1.3426010361862915,1.3426010361862915
2025-09-28 15:00:00,21.1,21.2,21.045499115123846,-0.05450088487615672,0.15450088487615332,0.15450088487615332
2025-09-28 16:00:00,21.2,20.9,21.1768160330267,-0.02318396697330049,-0.27681603302670155,0.27681603302670155
2025-09-28 17:00:00,20.9,20.6,20.54668787094402,-0.3533121290559802,0.05331212905598193,0.05331212905598193
2025-09-28 18:00:00,20.6,20.2,20.21355896465102,-0.3864410353489806,-0.01355896465102191,0.01355896465102191
2025-09-28 19:00:00,20.2,19.8,19.817213995735493,-0.38278600426450654,-0.017213995735492205,0.017213995735492205
2025-09-28 20:00:00,19.8,19.7,19.447104778144816,-0.35289522185518546,0.25289522185518365,0.25289522185518365
2025-09-28 21:00:00,19.7,19.6,19.530529470501722,-0.16947052949827776,0.06947052949827892,0.06947052949827892
2025-09-28 22:00:00,19.6,19.4,19.435547761861333,-0.16445223813866738,-0.03554776186133424,0.03554776186133424
2025-09-28 23:00:00,19.4,18.9,19.199077490042473,-0.20092250995752706,-0.29907749004247464,0.29907749004247464
2025-09-29 00:00:00,18.9,18.4,18.454847016784573,-0.4451529832154256,-0.054847016784574265,0.054847016784574265
2025-09-29 01:00:00,18.4,18.0,17.992338026644457,-0.4076619733555417,0.0076619733555425285,0.0076619733555425285
2025-09-29 02:00:00,18.0,17.6,17.652346530710496,-0.3476534692895053,-0.05234653071049422,0.05234653071049422
2025-09-29 03:00:00,17.6,17.3,17.288326976744102,-0.3116730232558998,0.011673023255898585,0.011673023255898585
2025-09-29 04:00:00,17.3,17.0,17.02811105948027,-0.27188894051972884,-0.028111059480270484,0.028111059480270484
2025-09-29 05:00:00,17.0,16.7,16.74726955049512,-0.25273044950488033,-0.047269550495119717,0.047269550495119717
2025-09-29 06:00:00,16.7,16.6,16.71908920649193,0.019089206491931684,-0.11908920649192822,0.11908920649192822
2025-09-29 07:00:00,16.6,17.2,17.36345042512646,0.7634504251264558,-0.16345042512645946,0.16345042512645946
2025-09-29 08:00:00,17.2,17.7,18.543270201864704,1.3432702018647034,-0.8432702018647049,0.8432702018647049
2025-09-29 09:00:00,17.7,20.0,18.62120166837242,0.921201668372422,1.3787983316275785,1.3787983316275785
2025-09-29 10:00:00,20.0,20.9,21.570527818565473,1.5705278185654719,-0.6705278185654748,0.6705278185654748
2025-09-29 11:00:00,20.9,20.9,22.047463576353785,1.1474635763537846,-1.1474635763537862,1.1474635763537862
2025-09-29 12:00:00,20.9,22.2,21.26325095960101,0.36325095960101056,0.9367490403989898,0.9367490403989898
2025-09-29 13:00:00,22.2,22.9,22.886967005528472,0.6869670055284743,0.013032994471526393,0.013032994471526393
2025-09-29 14:00:00,22.9,23.7,23.148877791280103,0.24887779128010645,0.5511222087198959,0.5511222087198959
2025-09-29 15:00:00,23.7,23.4,23.552091008379655,-0.14790899162034365,-0.1520910083796565,0.1520910083796565
2025-09-29 16:00:00,23.4,23.8,22.87258810295138,-0.5274118970486185,0.9274118970486214,0.9274118970486214
2025-09-29 17:00:00,23.8,22.5,23.363447409787558,-0.4365525902124423,-0.8634474097875575,0.8634474097875575
2025-09-29 18:00:00,22.5,20.9,21.45098897492054,-1.0490110250794569,-0.5509889749205428,0.5509889749205428
2025-09-29 19:00:00,20.9,20.3,19.913571876486575,-0.9864281235134248,0.3864281235134257,0.3864281235134257
2025-09-29 20:00:00,20.3,19.7,19.83651943452426,-0.4634805654757414,-0.13651943452425996,0.13651943452425996
2025-09-29 21:00:00,19.7,19.1,19.24455521939237,-0.4554447806076294,-0.1445552193923696,0.1445552193923696
2025-09-29 22:00:00,19.1,18.5,18.654966794930978,-0.44503320506902366,-0.15496679493097787,0.15496679493097787
2025-09-29 23:00:00,18.5,18.2,18.067062056873798,-0.4329379431262017,0.13293794312620122,0.13293794312620122
2025-09-30 00:00:00,18.2,17.9,17.896815614785663,-0.30318438521433744,0.0031843852143360607,0.0031843852143360607
2025-09-30 01:00:00,17.9,17.7,17.617611502496107,-0.28238849750389033,0.08238849750389221,0.08238849750389221
2025-09-30 02:00:00,17.7,17.7,17.467084458076577,-0.23291554192342132,0.2329155419234219,0.2329155419234219
2025-09-30 03:00:00,17.7,17.7,17.582305813877145,-0.11769418612285346,0.1176941861228542,0.1176941861228542
2025-09-30 04:00:00,17.7,17.7,17.607224667146046,-0.09277533285395374,0.09277533285395378,0.09277533285395378
2025-09-30 05:00:00,17.7,17.5,17.618671513901905,-0.08132848609809422,-0.118671513901905,0.118671513901905
2025-09-30 06:00:00,17.5,17.3,17.547527866087997,0.047527866087995065,-0.24752786608799582,0.24752786608799582
2025-09-30 07:00:00,17.3,17.7,17.843547986402154,0.5435479864021542,-0.1435479864021545,0.1435479864021545
2025-09-30 08:00:00,17.7,18.6,18.96232056636042,1.262320566360421,-0.3623205663604203,0.3623205663604203
2025-09-30 09:00:00,18.6,19.3,19.970553918956053,1.3705539189560505,-0.6705539189560525,0.6705539189560525
2025-09-30 10:00:00,19.3,19.9,20.34586748340281,1.0458674834028092,-0.4458674834028109,0.4458674834028109
2025-09-30 11:00:00,19.9,20.8,20.65529307437932,0.7552930743793219,0.14470692562068166,0.14470692562068166
2025-09-30 12:00:00,20.8,21.7,21.50536772578916,0.7053677257891594,0.19463227421083928,0.19463227421083928
2025-09-30 13:00:00,21.7,23.7,22.376742023911504,0.6767420239115045,1.3232579760884953,1.3232579760884953
2025-09-30 14:00:00,23.7,23.3,24.17484236755886,0.4748423675588622,-0.874842367558859,0.874842367558859
2025-09-30 15:00:00,23.3,23.2,23.136790644975218,-0.16320935502478282,0.06320935502478164,0.06320935502478164
2025-09-30 16:00:00,23.2,22.8,22.844564232741153,-0.35543576725884507,-0.044564232741151955,0.044564232741151955
2025-09-30 17:00:00,22.8,22.1,22.255561135115343,-0.5444388648846584,-0.15556113511534164,0.15556113511534164
2025-09-30 18:00:00,22.1,21.0,21.446288666950004,-0.6537113330499967,-0.4462886669500037,0.4462886669500037
2025-09-30 19:00:00,21.0,20.2,20.188131458196956,-0.8118685418030422,0.011868541803043087,0.011868541803043087
2025-09-30 20:00:00,20.2,19.8,19.62292135076844,-0.5770786492315583,0.1770786492315608,0.1770786492315608
2025-09-30 21:00:00,19.8,19.3,19.392493153783374,-0.4075068462166268,-0.09249315378337286,0.09249315378337286
2025-09-30 22:00:00,19.3,18.8,18.867717831018897,-0.4322821689811041,-0.06771783101889639,0.06771783101889639
2025-09-30 23:00:00,18.8,18.6,18.391721375674717,-0.4082786243252852,0.20827862432528477,0.20827862432528477
2025-10-01 00:00:00,18.6,18.0,18.35044497752773,-0.24955502247227324,-0.3504449775277294,0.3504449775277294
2025-10-01 01:00:00,18.0,17.7,17.614420719697243,-0.3855792803027566,0.08557928030275619,0.08557928030275619
2025-10-01 02:00:00,17.7,17.6,17.42940460207678,-0.27059539792321974,0.17059539792322198,0.17059539792322198
2025-10-01 03:00:00,17.6,17.6,17.42755159014899,-0.17244840985101206,0.17244840985101106,0.17244840985101106
2025-10-01 04:00:00,17.6,17.3,17.5190106661454,-0.0809893338546011,-0.219010666145401,0.219010666145401
2025-10-01 05:00:00,17.3,16.8,17.088243698948116,-0.21175630105188567,-0.28824369894811497,0.28824369894811497
2025-10-01 06:00:00,16.8,16.7,16.64161370072081,-0.1583862992791901,0.05838629927918859,0.05838629927918859
2025-10-01 07:00:00,16.7,17.5,17.240973066133172,0.540973066133173,0.25902693386682785,0.25902693386682785
2025-10-01 08:00:00,17.5,19.5,19.104403143115544,1.604403143115545,0.3955968568844561,0.3955968568844561
2025-10-01 09:00:00,19.5,21.0,21.204417383958127,1.7044173839581285,-0.20441738395812692,0.20441738395812692
2025-10-01 10:00:00,21.0,22.0,22.40874919649426,1.40874919649426,-0.40874919649425934,0.40874919649425934
2025-10-01 11:00:00,22.0,22.8,23.18937962445929,1.1893796244592891,-0.38937962445928775,0.38937962445928775
2025-10-01 12:00:00,22.8,24.1,23.604994519354843,0.8049945193548423,0.49500548064515826,0.49500548064515826
2025-10-01 13:00:00,24.1,25.2,24.68637158518208,0.5863715851820785,0.5136284148179193,0.5136284148179193
2025-10-01 14:00:00,25.2,25.6,25.68905721380732,0.48905721380731954,-0.0890572138073189,0.0890572138073189
2025-10-01 15:00:00,25.6,24.5,25.330933528518507,-0.26906647148149343,-0.8309335285185071,0.8309335285185071
2025-10-01 16:00:00,24.5,23.4,23.684201753398163,-0.8157982466018379,-0.28420175339816467,0.28420175339816467
2025-10-01 17:00:00,23.4,22.5,22.3821292997716,-1.0178707002283987,0.1178707002284014,0.1178707002284014
2025-10-01 18:00:00,22.5,21.7,21.719833601936063,-0.7801663980639357,-0.01983360193606387,0.01983360193606387
2025-10-01 19:00:00,21.7,21.1,20.915616334963513,-0.7843836650364857,0.1843836650364885,0.1843836650364885
2025-10-01 20:00:00,21.1,20.4,20.61468322790172,-0.4853167720982839,-0.21468322790171968,0.21468322790171968
2025-10-01 21:00:00,20.4,19.7,19.861518349584795,-0.538481650415205,-0.16151834958479583,0.16151834958479583
2025-10-01 22:00:00,19.7,19.1,19.17246193298562,-0.5275380670143801,-0.0724619329856182,0.0724619329856182
2025-10-01 23:00:00,19.1,18.6,18.664046996901796,-0.4359530030982056,-0.06404699690179427,0.06404699690179427
2025-10-02 00:00:00,18.6,18.3,18.174297626667588,-0.42570237333241473,0.12570237333241252,0.12570237333241252
2025-10-02 01:00:00,18.3,18.2,18.00841166609319,-0.29158833390681077,0.19158833390681096,0.19158833390681096
2025-10-02 02:00:00,18.2,18.0,18.013817334306108,-0.18618266569389225,-0.013817334306107654,0.013817334306107654
2025-10-02 03:00:00,18.0,17.8,17.794055411934412,-0.20594458806558866,0.0059445880655886185,0.0059445880655886185
2025-10-02 04:00:00,17.8,17.6,17.58457779781595,-0.2154222021840513,0.01542220218405177,0.01542220218405177
2025-10-02 05:00:00,17.6,17.4,17.418540186614752,-0.18145981338525055,-0.01854018661475365,0.01854018661475365
2025-10-02 06:00:00,17.4,17.3,17.325039714344886,-0.07496028565511362,-0.025039714344885056,0.025039714344885056
2025-10-02 07:00:00,17.3,17.9,17.860984122923725,0.5609841229237232,0.03901587707627385,0.03901587707627385
2025-10-02 08:00:00,17.9,19.7,19.153162947690298,1.2531629476903003,0.5468370523097015,0.5468370523097015
2025-10-02 09:00:00,19.7,21.4,21.448447375730055,1.748447375730057,-0.04844737573005631,0.04844737573005631
2025-10-02 10:00:00,21.4,22.9,22.896808717824072,1.4968087178240723,0.0031912821759263466,0.0031912821759263466
2025-10-02 11:00:00,22.9,24.2,24.35945641590222,1.4594564159022199,-0.15945641590221982,0.15945641590221982
2025-10-02 12:00:00,24.2,25.7,25.127924733937334,0.9279247339373341,0.5720752660626651,0.5720752660626651
2025-10-02 13:00:00,25.7,25.7,26.480243499987964,0.7802434999879655,-0.7802434999879644,0.7802434999879644
2025-10-02 14:00:00,25.7,25.4,25.945217605261938,0.24521760526193948,-0.5452176052619393,0.5452176052619393
2025-10-02 15:00:00,25.4,25.4,25.124719746323773,-0.27528025367622627,0.27528025367622533,0.27528025367622533
2025-10-02 16:00:00,25.4,24.3,25.00336492019859,-0.3966350798014105,-0.7033649201985881,0.7033649201985881
2025-10-02 17:00:00,24.3,23.5,23.350667718694275,-0.9493322813057261,0.14933228130572473,0.14933228130572473
2025-10-02 18:00:00,23.5,22.7,22.696195569890303,-0.803804430109696,0.003804430109696,0.003804430109696
2025-10-02 19:00:00,22.7,22.1,22.066076453393958,-0.6339235466060428,0.033923546606043686,0.033923546606043686
2025-10-02 20:00:00,22.1,21.7,21.609782829015387,-0.49021717098461415,0.09021717098461224,0.09021717098461224
2025-10-02 21:00:00,21.7,21.5,21.281026977341668,-0.4189730226583332,0.21897302265833218,0.21897302265833218
2025-10-02 22:00:00,21.5,21.2,21.228242466531526,-0.2717575334684731,-0.028242466531526844,0.028242466531526844
2025-10-02 23:00:00,21.2,21.1,20.920333040273093,-0.2796669597269058,0.17966695972690871,0.17966695972690871
2025-10-03 00:00:00,21.1,20.9,20.937558594090742,-0.16244140590925882,-0.03755859409074347,0.03755859409074347
2025-10-03 01:00:00,20.9,20.9,20.656615791451085,-0.24338420854891343,0.24338420854891396,0.24338420854891396
2025-10-03 02:00:00,20.9,20.8,20.745023974986378,-0.1549760250136226,0.05497602501362309,0.05497602501362309
2025-10-03 03:00:00,20.8,20.6,20.64270410527892,-0.15729589472108194,-0.04270410527891855,0.04270410527891855
2025-10-03 04:00:00,20.6,20.3,20.421108101600154,-0.1788918983998465,-0.12110810160015362,0.12110810160015362
2025-10-03 05:00:00,20.3,19.9,20.097548446210414,-0.20245155378958776,-0.19754844621041556,0.19754844621041556
2025-10-03 06:00:00,19.9,19.8,19.72404652329912,-0.17595347670088074,0.0759534767008816,0.0759534767008816
2025-10-03 07:00:00,19.8,19.9,20.445011485660462,0.6450114856604601,-0.5450114856604635,0.5450114856604635
2025-10-03 08:00:00,19.9,20.0,20.859609368507957,0.9596093685079574,-0.8596093685079573,0.8596093685079573
2025-10-03 09:00:00,20.0,20.2,20.218459536893167,0.218459536893168,-0.01845953689316815,0.01845953689316815
2025-10-03 10:00:00,20.2,20.4,20.50997238837748,0.3099723883774828,-0.10997238837748213,0.10997238837748213
2025-10-03 11:00:00,20.4,21.8,20.707066741746853,0.3070667417468539,1.0929332582531472,1.0929332582531472
2025-10-03 12:00:00,21.8,22.0,22.605321990582215,0.8053219905822154,-0.6053219905822154,0.6053219905822154
2025-10-03 13:00:00,22.0,22.1,22.185145739082273,0.18514573908227133,-0.08514573908227163,0.08514573908227163
2025-10-03 14:00:00,22.1,22.3,22.2679052099469,0.16790520994689764,0.03209479005310101,0.03209479005310101
2025-10-03 15:00:00,22.3,22.0,22.27104658972301,-0.0289534102769919,-0.2710465897230101,0.2710465897230101
2025-10-03 16:00:00,22.0,22.0,21.630355047466132,-0.3696449525338668,0.36964495253386787,0.36964495253386787
2025-10-03 17:00:00,22.0,21.9,21.605957023950683,-0.3940429760493179,0.2940429760493153,0.2940429760493153
2025-10-03 18:00:00,21.9,21.7,21.505242927100923,-0.3947570728990743,0.19475707289907618,0.19475707289907618
2025-10-03 19:00:00,21.7,21.7,21.310936751859543,-0.38906324814045434,0.3890632481404559,0.3890632481404559
2025-10-03 20:00:00,21.7,21.5,21.50054919018755,-0.19945080981244956,-0.0005491901875487315,0.0005491901875487315
2025-10-03 21:00:00,21.5,21.5,21.280892964107096,-0.21910703589290334,0.21910703589290392,0.21910703589290392
2025-10-03 22:00:00,21.5,21.2,21.372942994117683,-0.12705700588231825,-0.1729429941176832,0.1729429941176832
2025-10-03 23:00:00,21.2,21.2,20.930524162815637,-0.26947583718436297,0.26947583718436263,0.26947583718436263
2025-10-04 00:00:00,21.2,21.1,21.059712615266825,-0.14028738473317307,0.04028738473317617,0.04028738473317617
2025-10-04 01:00:00,21.1,21.0,20.912405770455052,-0.18759422954495084,0.08759422954494767,0.08759422954494767
2025-10-04 02:00:00,21.0,21.0,20.816192598414755,-0.18380740158524653,0.1838074015852449,0.1838074015852449
2025-10-04 03:00:00,21.0,21.1,20.87868845470506,-0.12131154529494145,0.22131154529494168,0.22131154529494168
2025-10-04 04:00:00,21.1,21.1,21.06318457255102,-0.036815427448981676,0.03681542744898181,0.03681542744898181
2025-10-04 05:00:00,21.1,21.0,21.031452895112583,-0.06854710488741707,-0.03145289511258298,0.03145289511258298
2025-10-04 06:00:00,21.0,21.0,20.938145350741813,-0.06185464925818696,0.06185464925818707,0.06185464925818707
2025-10-04 07:00:00,21.0,21.5,21.49556890893586,0.4955689089358595,0.0044310910641414125,0.0044310910641414125
2025-10-04 08:00:00,21.5,21.7,22.347775666737256,0.8477756667372575,-0.6477756667372567,0.6477756667372567
2025-10-04 09:00:00,21.7,22.1,22.154164057473317,0.4541640574733173,-0.0541640574733151,0.0541640574733151
2025-10-04 10:00:00,22.1,22.6,22.598499592210732,0.4984995922107316,0.001500407789269076,0.001500407789269076
2025-10-04 11:00:00,22.6,22.9,23.10820724573482,0.508207245734821,-0.20820724573482252,0.20820724573482252
2025-10-04 12:00:00,22.9,23.6,23.203489140688156,0.30348914068815624,0.3965108593118458,0.3965108593118458
2025-10-04 13:00:00,23.6,24.9,24.013813588288436,0.41381358828843484,0.886186411711563,0.886186411711563
2025-10-04 14:00:00,24.9,24.9,25.217092232391245,0.3170922323912464,-0.3170922323912464,0.3170922323912464
2025-10-04 15:00:00,24.9,24.5,24.897359877245123,-0.002640122754874545,-0.39735987724512256,0.39735987724512256
2025-10-04 16:00:00,24.5,24.1,24.08800730365029,-0.4119926963497104,0.011992696349711451,0.011992696349711451
2025-10-04 17:00:00,24.1,23.7,23.627093610230606,-0.472906389769396,0.07290638976939334,0.07290638976939334
2025-10-04 18:00:00,23.7,23.5,23.23483488200211,-0.46516511799788723,0.26516511799788844,0.26516511799788844
2025-10-04 19:00:00,23.5,23.3,23.15761221199048,-0.34238778800952085,0.1423877880095219,0.1423877880095219
2025-10-04 20:00:00,23.3,22.9,22.985496118621594,-0.31450388137840796,-0.08549611862159523,0.08549611862159523
2025-10-04 21:00:00,22.9,22.5,22.57754342394887,-0.32245657605112815,-0.07754342394887104,0.07754342394887104
2025-10-04 22:00:00,22.5,22.2,22.171740859017692,-0.328259140982306,0.028259140982306974,0.028259140982306974
2025-10-04 23:00:00,22.2,22.2,21.943655757709813,-0.25634424229018765,0.2563442422901865,0.2563442422901865
2025-10-05 00:00:00,22.2,22.2,22.074668464252827,-0.12533153574717112,0.12533153574717204,0.12533153574717204
2025-10-05 01:00:00,22.2,22.1,22.06776237694561,-0.1322376230543919,0.03223762305439237,0.03223762305439237
2025-10-05 02:00:00,22.1,22.0,21.953214923499548,-0.14678507650045364,0.04678507650045205,0.04678507650045205
2025-10-05 03:00:00,22.0,21.9,21.856848851305227,-0.14315114869477502,0.04315114869477199,0.04315114869477199
2025-10-05 04:00:00,21.9,21.7,21.779086091292925,-0.12091390870707341,-0.07908609129292543,0.07908609129292543
2025-10-05 05:00:00,21.7,21.7,21.535036762823324,-0.16496323717667452,0.16496323717667494,0.16496323717667494
2025-10-05 06:00:00,21.7,21.6,21.659348265654614,-0.040651734345383855,-0.05934826565461293,0.05934826565461293
2025-10-05 07:00:00,21.6,21.7,22.118561828551904,0.5185618285519037,-0.4185618285519048,0.4185618285519048
2025-10-05 08:00:00,21.7,21.9,22.24185866850288,0.5418586685028802,-0.34185866850287994,0.34185866850287994
2025-10-05 09:00:00,21.9,21.7,22.315949288009126,0.415949288009128,-0.6159492880091264,0.6159492880091264
2025-10-05 10:00:00,21.7,21.3,21.688340026796997,-0.011659973203002652,-0.3883400267969961,0.3883400267969961
2025-10-05 11:00:00,21.3,21.3,21.171266985237807,-0.12873301476219437,0.12873301476219368,0.12873301476219368
2025-10-05 12:00:00,21.3,21.8,21.416288433583116,0.11628843358311512,0.38371156641688486,0.38371156641688486
2025-10-05 13:00:00,21.8,21.5,22.25159403992056,0.45159403992055724,-0.7515940399205583,0.7515940399205583
2025-10-05 14:00:00,21.5,21.4,21.46654472420458,-0.03345527579541848,-0.0665447242045829,0.0665447242045829
2025-10-05 15:00:00,21.4,21.8,21.404896955325597,0.004896955325599526,0.3951030446744035,0.3951030446744035
2025-10-05 16:00:00,21.8,21.6,21.838580580777354,0.038580580777354295,-0.23858058077735222,0.23858058077735222
2025-10-05 17:00:00,21.6,21.3,21.390690487858606,-0.20930951214139396,-0.09069048785860545,0.09069048785860545
2025-10-05 18:00:00,21.3,20.9,21.006484377706688,-0.29351562229331324,-0.10648437770668906,0.10648437770668906
2025-10-05 19:00:00,20.9,20.7,20.616788215022936,-0.283211784977064,0.08321178497706327,0.08321178497706327
2025-10-05 20:00:00,20.7,20.8,20.472445714165,-0.22755428583499668,0.32755428583499935,0.32755428583499935
2025-10-05 21:00:00,20.8,20.9,20.7528378420296,-0.047162157970401276,0.14716215797039922,0.14716215797039922
2025-10-05 22:00:00,20.9,20.7,20.8261809670286,-0.07381903297140001,-0.12618096702859916,0.12618096702859916
2025-10-05 23:00:00,20.7,20.7,20.54470386487673,-0.15529613512326915,0.1552961351232689,0.1552961351232689
2025-10-06 00:00:00,20.7,20.6,20.671841393427716,-0.028158606572283206,-0.07184139342771445,0.07184139342771445
2025-10-06 01:00:00,20.6,20.6,20.529494291456555,-0.07050570854344813,0.07050570854344684,0.07050570854344684
2025-10-06 02:00:00,20.6,20.6,20.56634677764795,-0.03365322235204957,0.033653222352050705,0.033653222352050705
2025-10-06 03:00:00,20.6,20.5,20.54408084702347,-0.055919152976532785,-0.04408084702346926,0.04408084702346926
2025-10-06 04:00:00,20.5,20.3,20.386453490278726,-0.11354650972127439,-0.08645349027872484,0.08645349027872484
2025-10-06 05:00:00,20.3,20.1,20.151055524691195,-0.14894447530880703,-0.051055524691193455,0.051055524691193455
2025-10-06 06:00:00,20.1,20.1,20.01394168087287,-0.08605831912713217,0.08605831912713313,0.08605831912713313
2025-10-06 07:00:00,20.1,19.7,20.526013319391073,0.4260133193910714,-0.8260133193910733,0.8260133193910733
2025-10-06 08:00:00,19.7,18.7,19.62092916424549,-0.0790708357545118,-0.9209291642454893,0.9209291642454893
2025-10-06 09:00:00,18.7,17.7,18.43733415664426,-0.26266584335574,-0.737334156644259,0.737334156644259
2025-10-06 10:00:00,17.7,17.8,17.311868831803352,-0.38813116819664656,0.4881311681966487,0.4881311681966487
2025-10-06 11:00:00,17.8,17.8,17.89011635814758,0.09011635814757983,-0.09011635814757923,0.09011635814757923
2025-10-06 12:00:00,17.8,17.6,17.986789147604938,0.18678914760493862,-0.38678914760493655,0.38678914760493655
2025-10-06 13:00:00,17.6,17.5,17.57748901382958,-0.022510986170422,-0.07748901382958095,0.07748901382958095
2025-10-06 14:00:00,17.5,17.0,17.447397792469605,-0.05260220753039508,-0.4473977924696051,0.4473977924696051
2025-10-06 15:00:00,17.0,16.5,16.70616355455532,-0.29383644544467796,-0.20616355455532087,0.20616355455532087
2025-10-06 16:00:00,16.5,16.2,16.061772704251204,-0.43822729574879477,0.1382272957487949,0.1382272957487949
2025-10-06 17:00:00,16.2,15.9,15.944323809557234,-0.25567619044276424,-0.04432380955723403,0.04432380955723403
2025-10-06 18:00:00,15.9,15.6,15.593918555391825,-0.3060814446081751,0.00608144460817428,0.00608144460817428
2025-10-06 19:00:00,15.6,15.5,15.24592081802443,-0.35407918197556926,0.25407918197556967,0.25407918197556967
2025-10-06 20:00:00,15.5,15.4,15.368897529931408,-0.13110247006859208,0.03110247006859268,0.03110247006859268
2025-10-06 21:00:00,15.4,15.4,15.307087895535377,-0.09291210446462422,0.09291210446462372,0.09291210446462372
2025-10-06 22:00:00,15.4,15.4,15.318122261745454,-0.0818777382545454,0.08187773825454592,0.08187773825454592
2025-10-06 23:00:00,15.4,15.5,15.329875872630792,-0.07012412736920873,0.170124127369208,0.170124127369208
2025-10-07 00:00:00,15.5,15.8,15.420948264020181,-0.07905173597981939,0.3790517359798198,0.3790517359798198
2025-10-07 01:00:00,15.8,16.1,15.862344140397122,0.0623441403971207,0.23765585960287972,0.23765585960287972
2025-10-07 02:00:00,16.1,16.2,16.126266328540794,0.026266328540791414,0.0737336714592054,0.0737336714592054
2025-10-07 03:00:00,16.2,16.5,16.125003211263447,-0.07499678873655205,0.37499678873655284,0.37499678873655284
2025-10-07 04:00:00,16.5,16.7,16.440913804696507,-0.059086195303492996,0.2590861953034924,0.2590861953034924
2025-10-07 05:00:00,16.7,16.7,16.679582660958882,-0.020417339041116162,0.02041733904111709,0.02041733904111709
2025-10-07 06:00:00,16.7,16.9,16.73932226799512,0.039322267995122014,0.16067773200487778,0.16067773200487778
2025-10-07 07:00:00,16.9,17.0,17.195377935762853,0.29537793576285315,-0.19537793576285267,0.19537793576285267
2025-10-07 08:00:00,17.0,17.5,17.185943040979446,0.18594304097944422,0.3140569590205544,0.3140569590205544
2025-10-07 09:00:00,17.5,18.2,18.540044162190114,1.0400441621901129,-0.34004416219011446,0.34004416219011446
2025-10-07 10:00:00,18.2,18.7,19.16147298041993,0.9614729804199306,-0.4614729804199307,0.4614729804199307
2025-10-07 11:00:00,18.7,19.4,19.434194015516823,0.734194015516824,-0.03419401551682455,0.03419401551682455
2025-10-07 12:00:00,19.4,19.7,20.123821446117418,0.7238214461174183,-0.4238214461174188,0.4238214461174188
2025-10-07 13:00:00,19.7,19.7,19.89997668720495,0.19997668720495254,-0.199976687204952,0.199976687204952
2025-10-07 14:00:00,19.7,19.5,19.756059125769124,0.05605912576912448,-0.2560591257691236,0.2560591257691236
2025-10-07 15:00:00,19.5,19.6,19.45825834459189,-0.04174165540810897,0.14174165540811146,0.14174165540811146
2025-10-07 16:00:00,19.6,19.4,19.599520028370584,-0.00047997162941899966,-0.19952002837058558,0.19952002837058558
2025-10-07 17:00:00,19.4,19.3,19.167323448151862,-0.2326765518481374,0.13267655184813876,0.13267655184813876
2025-10-07 18:00:00,19.3,19.1,19.130529088928053,-0.1694709110719469,-0.03052908892805206,0.03052908892805206
2025-10-07 19:00:00,19.1,18.9,18.854210437271806,-0.24578956272819522,0.045789562728192124,0.045789562728192124
2025-10-07 20:00:00,18.9,18.8,18.669568357741483,-0.23043164225851723,0.1304316422585181,0.1304316422585181
2025-10-07 21:00:00,18.8,18.8,18.732632673403707,-0.06736732659629463,0.06736732659629396,0.06736732659629396
2025-10-07 22:00:00,18.8,18.7,18.766539570936125,-0.03346042906387488,-0.06653957093612561,0.06653957093612561
2025-10-07 23:00:00,18.7,18.5,18.628742115830775,-0.07125788416922268,-0.1287421158307751,0.1287421158307751
2025-10-08 00:00:00,18.5,18.4,18.36944615026772,-0.13055384973227838,0.030553849732278593,0.030553849732278593
2025-10-08 01:00:00,18.4,18.5,18.318498328491323,-0.08150167150867539,0.18150167150867702,0.18150167150867702
2025-10-08 02:00:00,18.5,18.4,18.498597753180373,-0.001402246819626054,-0.09859775318037478,0.09859775318037478
2025-10-08 03:00:00,18.4,18.3,18.312934192808886,-0.08706580719111298,-0.012934192808884859,0.012934192808884859
2025-10-08 04:00:00,18.3,18.1,18.271252304942468,-0.028747695057531445,-0.1712523049424668,0.1712523049424668
2025-10-08 05:00:00,18.1,17.9,18.04046464473416,-0.059535355265841396,-0.14046464473416265,0.14046464473416265
2025-10-08 06:00:00,17.9,17.2,17.852821483660566,-0.04717851633943073,-0.652821483660567,0.652821483660567
2025-10-08 07:00:00,17.2,17.5,17.223129654151723,0.023129654151724733,0.27687034584827686,0.27687034584827686
2025-10-08 08:00:00,17.5,19.8,18.920193688333388,1.420193688333387,0.8798063116666128,0.8798063116666128
2025-10-08 09:00:00,19.8,22.0,21.488871769547032,1.6888717695470312,0.5111282304529681,0.5111282304529681
2025-10-08 10:00:00,22.0,23.7,23.635516970478996,1.6355169704789965,0.06448302952100349,0.06448302952100349
2025-10-08 11:00:00,23.7,24.7,25.06093172079697,1.360931720796968,-0.36093172079696956,0.36093172079696956
2025-10-08 12:00:00,24.7,26.0,25.77287830903276,1.0728783090327612,0.2271216909672411,0.2271216909672411
2025-10-08 13:00:00,26.0,26.9,26.82089868723916,0.8208986872391623,0.07910131276083732,0.07910131276083732
2025-10-08 14:00:00,26.9,27.5,27.188521011277384,0.2885210112773847,0.3114789887226159,0.3114789887226159
2025-10-08 15:00:00,27.5,27.7,27.439690762027137,-0.06030923797286193,0.2603092379728622,0.2603092379728622
2025-10-08 16:00:00,27.7,26.4,26.693313954833247,-1.0066860451667534,-0.2933139548332484,0.2933139548332484
2025-10-08 17:00:00,26.4,24.5,24.966944114228568,-1.4330558857714322,-0.46694411422856774,0.46694411422856774
2025-10-08 18:00:00,24.5,23.1,23.148085978390164,-1.351914021609838,-0.048085978390162154,0.048085978390162154
2025-10-08 19:00:00,23.1,22.1,21.998462163350734,-1.1015378366492667,0.10153783664926763,0.10153783664926763
2025-10-08 20:00:00,22.1,21.7,21.343794464225123,-0.7562055357748785,0.3562055357748761,0.3562055357748761
2025-10-08 21:00:00,21.7,21.2,21.176163559730654,-0.5238364402693466,0.023836440269345616,0.023836440269345616
2025-10-08 22:00:00,21.2,21.0,20.694124021023207,-0.5058759789767928,0.3058759789767933,0.3058759789767933
2025-10-08 23:00:00,21.0,20.7,20.66847130138041,-0.33152869861958767,0.031528698619588624,0.031528698619588624
2025-10-09 00:00:00,20.7,20.5,20.378863180084018,-0.3211368199159832,0.12113681991598213,0.12113681991598213
2025-10-09 01:00:00,20.5,20.4,20.25922125993963,-0.24077874006037128,0.1407787400603695,0.1407787400603695
2025-10-09 02:00:00,20.4,20.4,20.202777309534405,-0.19722269046559443,0.19722269046559404,0.19722269046559404
2025-10-09 03:00:00,20.4,20.2,20.19809998175801,-0.2019000182419911,0.0019000182419901535,0.0019000182419901535
2025-10-09 04:00:00,20.2,20.0,19.96709495501626,-0.23290504498373926,0.03290504498373892,0.03290504498373892
2025-10-09 05:00:00,20.0,19.8,19.778775357598672,-0.22122464240132883,0.02122464240132871,0.02122464240132871
2025-10-09 06:00:00,19.8,19.8,19.672484199551132,-0.12751580044886734,0.1275158004488688,0.1275158004488688
2025-10-09 07:00:00,19.8,19.9,20.364287207607042,0.5642872076070414,-0.46428720760704323,0.46428720760704323
2025-10-09 08:00:00,19.9,20.2,20.480852700618772,0.580852700618774,-0.2808527006187731,0.2808527006187731
2025-10-09 09:00:00,20.2,20.8,20.722490428565575,0.5224904285655741,0.07750957143442605,0.07750957143442605
2025-10-09 10:00:00,20.8,21.3,21.536242024361535,0.7362420243615356,-0.23624202436153396,0.23624202436153396
2025-10-09 11:00:00,21.3,22.3,21.89763725650201,0.5976372565020075,0.40236274349799217,0.40236274349799217
2025-10-09 12:00:00,22.3,22.5,23.0436388593277,0.7436388593276992,-0.5436388593277002,0.5436388593277002
2025-10-09 13:00:00,22.5,22.3,22.763054684605347,0.263054684605346,-0.46305468460534627,0.46305468460534627
2025-10-09 14:00:00,22.3,21.7,22.303752955227164,0.003752955227164658,-0.603752955227165,0.603752955227165
2025-10-09 15:00:00,21.7,20.8,21.491358812553734,-0.2086411874462661,-0.6913588125537338,0.6913588125537338
2025-10-09 16:00:00,20.8,20.5,20.05792085246659,-0.74207914753341,0.44207914753340916,0.44207914753340916
2025-10-09 17:00:00,20.5,20.0,19.918040444201516,-0.5819595557984842,0.08195955579848402,0.08195955579848402
2025-10-09 18:00:00,20.0,19.6,19.37496703054142,-0.6250329694585813,0.22503296945858153,0.22503296945858153
2025-10-09 19:00:00,19.6,19.2,19.11491767696047,-0.4850823230395329,0.08508232303952923,0.08508232303952923
2025-10-09 20:00:00,19.2,18.7,18.771172059043383,-0.42882794095661675,-0.0711720590433842,0.0711720590433842
2025-10-09 21:00:00,18.7,18.0,18.298525907315568,-0.40147409268442996,-0.29852590731556816,0.29852590731556816
2025-10-09 22:00:00,18.0,17.4,17.382623064874103,-0.6173769351258965,0.017376935125895443,0.017376935125895443
2025-10-09 23:00:00,17.4,16.9,16.90651202748645,-0.49348797251354987,-0.0065120274864511885,0.0065120274864511885
2025-10-10 00:00:00,16.9,16.5,16.436852707119222,-0.4631472928807772,0.06314729288077814,0.06314729288077814
2025-10-10 01:00:00,16.5,16.1,16.134920320764024,-0.3650796792359748,-0.03492032076402296,0.03492032076402296
2025-10-10 02:00:00,16.1,16.1,15.782185227057994,-0.31781477294200816,0.31781477294200755,0.31781477294200755
2025-10-10 03:00:00,16.1,16.1,16.02771965699502,-0.07228034300498089,0.0722803430049801,0.0722803430049801
2025-10-10 04:00:00,16.1,16.1,16.042081789480267,-0.057918210519732595,0.057918210519734004,0.057918210519734004
2025-10-10 05:00:00,16.1,16.2,16.069989683418537,-0.030010316581463522,0.1300103165814619,0.1300103165814619
2025-10-10 06:00:00,16.2,16.3,16.32345214189469,0.12345214189469131,-0.02345214189469047,0.02345214189469047
2025-10-10 07:00:00,16.3,16.4,16.475519457337654,0.1755194573376525,-0.07551945733765564,0.07551945733765564
2025-10-10 08:00:00,16.4,16.6,16.66360798898389,0.2636079889838924,-0.06360798898388964,0.06360798898388964
2025-10-10 09:00:00,16.6,16.8,17.015979843732584,0.41597984373258245,-0.21597984373258328,0.21597984373258328
2025-10-10 10:00:00,16.8,17.3,17.15152254990638,0.3515225499063803,0.148477450093619,0.148477450093619
2025-10-10 11:00:00,17.3,17.5,17.990469702850366,0.6904697028503645,-0.4904697028503655,0.4904697028503655
2025-10-10 12:00:00,17.5,17.6,17.738593662165908,0.2385936621659065,-0.1385936621659063,0.1385936621659063
2025-10-10 13:00:00,17.6,17.7,17.741102433268562,0.14110243326856034,-0.04110243326856278,0.04110243326856278
2025-10-10 14:00:00,17.7,17.6,17.831855816259743,0.13185581625974335,-0.23185581625974194,0.23185581625974194
2025-10-10 15:00:00,17.6,17.5,17.51441945199848,-0.08558054800151947,-0.014419451998481492,0.014419451998481492
2025-10-10 16:00:00,17.5,17.4,17.32944338596842,-0.17055661403157715,0.07055661403157742,0.07055661403157742
2025-10-10 17:00:00,17.4,17.3,17.208706186889877,-0.19129381311012014,0.09129381311012352,0.09129381311012352
2025-10-10 18:00:00,17.3,17.2,17.126953688756323,-0.17304631124367584,0.07304631124367589,0.07304631124367589
2025-10-10 19:00:00,17.2,17.3,17.068204680441347,-0.13179531955865212,0.2317953195586533,0.2317953195586533
2025-10-10 20:00:00,17.3,17.3,17.324229017267136,0.024229017267135958,-0.024229017267135333,0.024229017267135333
2025-10-10 21:00:00,17.3,17.3,17.228023079052047,-0.07197692094795288,0.07197692094795372,0.07197692094795372
2025-10-10 22:00:00,17.3,17.3,17.228669942608395,-0.07133005739160657,0.0713300573916058,0.0713300573916058
2025-10-10 23:00:00,17.3,17.3,17.250574927209737,-0.04942507279026478,0.04942507279026387,0.04942507279026387
2025-10-11 00:00:00,17.3,17.3,17.25622393791578,-0.04377606208421813,0.0437760620842198,0.0437760620842198
2025-10-11 01:00:00,17.3,17.3,17.25179536648721,-0.048204633512789564,0.04820463351278903,0.04820463351278903
2025-10-11 02:00:00,17.3,17.4,17.238317001884692,-0.061682998115307835,0.16168299811530673,0.16168299811530673
2025-10-11 03:00:00,17.4,17.4,17.44634216798728,0.046342167987280525,-0.04634216798728019,0.04634216798728019
2025-10-11 04:00:00,17.4,17.5,17.447166346859582,0.04716634685958506,0.05283365314041788,0.05283365314041788
2025-10-11 05:00:00,17.5,17.7,17.530531443821506,0.03053144382150448,0.16946855617849366,0.16946855617849366
2025-10-11 06:00:00,17.7,17.9,17.831946830156223,0.1319468301562236,0.06805316984377541,0.06805316984377541
2025-10-11 07:00:00,17.9,18.1,18.23399477479435,0.3339947747943516,-0.13399477479434907,0.13399477479434907
2025-10-11 08:00:00,18.1,18.4,18.447431499703036,0.3474314997030339,-0.047431499703037616,0.047431499703037616
2025-10-11 09:00:00,18.4,19.1,18.813336013189492,0.41333601318949226,0.28666398681050964,0.28666398681050964
2025-10-11 10:00:00,19.1,20.3,20.04221130141026,0.9422113014102563,0.2577886985897422,0.2577886985897422
2025-10-11 11:00:00,20.3,21.1,21.360470020475752,1.0604700204757516,-0.26047002047575063,0.26047002047575063
2025-10-11 12:00:00,21.1,22.6,21.93567838868745,0.8356783886874477,0.6643216113125519,0.6643216113125519
2025-10-11 13:00:00,22.6,23.7,23.35509986787471,0.7550998678747068,0.34490013212528936,0.34490013212528936
2025-10-11 14:00:00,23.7,23.7,23.970290745107892,0.27029074510789297,-0.27029074510789286,0.27029074510789286
2025-10-11 15:00:00,23.7,23.6,23.557854857496327,-0.1421451425036719,0.04214514250367429,0.04214514250367429
2025-10-11 16:00:00,23.6,23.3,23.331810030966153,-0.2681899690338486,-0.031810030966152425,0.031810030966152425
2025-10-11 17:00:00,23.3,22.6,22.895097903699323,-0.40490209630067864,-0.29509790369932176,0.29509790369932176
2025-10-11 18:00:00,22.6,22.2,22.10851644952255,-0.4914835504774496,0.09148355047744872,0.09148355047744872
2025-10-11 19:00:00,22.2,22.1,21.897022633579283,-0.3029773664207169,0.2029773664207184,0.2029773664207184
2025-10-11 20:00:00,22.1,21.4,21.974951247607915,-0.1250487523920847,-0.5749512476079168,0.5749512476079168
2025-10-11 21:00:00,21.4,20.8,20.91332735368887,-0.4866726463111289,-0.11332735368887015,0.11332735368887015
2025-10-11 22:00:00,20.8,19.9,20.276341383470793,-0.523658616529209,-0.3763413834707947,0.3763413834707947
2025-10-11 23:00:00,19.9,19.7,19.348345017841336,-0.551654982158664,0.35165498215866364,0.35165498215866364
2025-10-12 00:00:00,19.7,19.3,19.500922525331394,-0.19907747466860487,-0.20092252533139288,0.20092252533139288
2025-10-12 01:00:00,19.3,18.7,18.980016323766215,-0.31998367623378676,-0.28001632376621544,0.28001632376621544
2025-10-12 02:00:00,18.7,17.8,18.295691656464307,-0.40430834353569184,-0.4956916564643059,0.4956916564643059
2025-10-12 03:00:00,17.8,17.7,17.23746721296202,-0.5625327870379817,0.4625327870379792,0.4625327870379792
2025-10-12 04:00:00,17.7,17.6,17.56233733390766,-0.13766266609234007,0.03766266609234137,0.03766266609234137
2025-10-12 05:00:00,17.6,17.7,17.479702664151713,-0.12029733584828746,0.22029733584828648,0.22029733584828648
2025-10-12 06:00:00,17.7,17.6,17.803905393364243,0.1039053933642442,-0.2039053933642414,0.2039053933642414
2025-10-12 07:00:00,17.6,17.6,18.133977472189486,0.533977472189483,-0.5339774721894841,0.5339774721894841
2025-10-12 08:00:00,17.6,17.9,17.85132347965788,0.2513234796578771,0.04867652034212,0.04867652034212
2025-10-12 09:00:00,17.9,18.9,18.394612166508335,0.4946121665083346,0.5053878334916639,0.5053878334916639
2025-10-12 10:00:00,18.9,20.3,20.127652031407894,1.2276520314078954,0.17234796859210633,0.17234796859210633
2025-10-12 11:00:00,20.3,20.9,21.479139539827433,1.1791395398274302,-0.5791395398274339,0.5791395398274339
2025-10-12 12:00:00,20.9,21.3,21.877667682906978,0.97766768290698,-0.5776676829069771,0.5776676829069771
2025-10-12 13:00:00,21.3,21.2,21.934490112993814,0.6344901129938132,-0.7344901129938144,0.7344901129938144
2025-10-12 14:00:00,21.2,20.5,21.256254404215156,0.05625440421515472,-0.7562544042151558,0.7562544042151558
2025-10-12 15:00:00,20.5,20.5,19.976665177185062,-0.5233348228149394,0.5233348228149381,0.5233348228149381
2025-10-12 16:00:00,20.5,19.9,19.9799822968998,-0.5200177031002011,-0.07998229689980008,0.07998229689980008
2025-10-12 17:00:00,19.9,19.5,19.29315221780939,-0.6068477821906076,0.20684778219061073,0.20684778219061073
2025-10-12 18:00:00,19.5,19.2,19.044890009586684,-0.4551099904133165,0.1551099904133153,0.1551099904133153
2025-10-12 19:00:00,19.2,19.0,18.876285767304278,-0.32371423269572214,0.1237142326957219,0.1237142326957219
2025-10-12 20:00:00,19.0,19.0,18.732231501308807,-0.26776849869119207,0.26776849869119346,0.26776849869119346
2025-10-12 21:00:00,19.0,18.9,18.842044633760896,-0.1579553662391054,0.0579553662391028,0.0579553662391028
2025-10-12 22:00:00,18.9,18.8,18.726706300859824,-0.17329369914017514,0.07329369914017647,0.07329369914017647
2025-10-12 23:00:00,18.8,18.3,18.627074721766025,-0.17292527823397472,-0.32707472176602437,0.32707472176602437
2025-10-13 00:00:00,18.3,17.8,17.821249642041103,-0.47875035795889664,-0.021249642041102135,0.021249642041102135
2025-10-13 01:00:00,17.8,17.2,17.39680699451933,-0.40319300548067066,-0.19680699451933137,0.19680699451933137
2025-10-13 02:00:00,17.2,16.9,16.77388477747639,-0.4261152225236103,0.12611522252360885,0.12611522252360885
2025-10-13 03:00:00,16.9,16.8,16.717115971525423,-0.18288402847457436,0.08288402847457732,0.08288402847457732
2025-10-13 04:00:00,16.8,16.8,16.714188882652795,-0.08581111734720605,0.08581111734720537,0.08581111734720537
2025-10-13 05:00:00,16.8,16.7,16.76731876849081,-0.03268123150919235,-0.06731876849081075,0.06731876849081075
2025-10-13 06:00:00,16.7,16.4,16.678542320960005,-0.02145767903999513,-0.27854232096000686,0.27854232096000686
2025-10-13 07:00:00,16.4,16.4,16.40841300011125,0.008413000111250585,-0.008413000111250568,0.008413000111250568
2025-10-13 08:00:00,16.4,16.5,16.57262490996247,0.172624909962473,-0.07262490996247095,0.07262490996247095
2025-10-13 09:00:00,16.5,16.5,16.688883419666784,0.18888341966678274,-0.18888341966678368,0.18888341966678368
2025-10-13 10:00:00,16.5,16.8,16.64489878425866,0.14489878425866118,0.15510121574133962,0.15510121574133962
2025-10-13 11:00:00,16.8,16.9,17.172026041457194,0.37202604145719226,-0.27202604145719533,0.27202604145719533
2025-10-13 12:00:00,16.9,16.4,17.04006675248949,0.14006675248949074,-0.6400667524894921,0.6400667524894921
2025-10-13 13:00:00,16.4,16.1,16.270854219489806,-0.12914578051019368,-0.1708542194898044,0.1708542194898044
2025-10-13 14:00:00,16.1,15.9,16.05504804679573,-0.04495195320427054,-0.15504804679572892,0.15504804679572892
2025-10-13 15:00:00,15.9,15.5,15.760533803447727,-0.1394661965522742,-0.2605338034477267,0.2605338034477267
2025-10-13 16:00:00,15.5,15.0,15.21046321596679,-0.28953678403320987,-0.21046321596679007,0.21046321596679007
2025-10-13 17:00:00,15.0,14.4,14.494985929955048,-0.5050140700449525,-0.09498592995504751,0.09498592995504751
2025-10-13 18:00:00,14.4,14.1,13.975246632042346,-0.42475336795765517,0.1247533679576538,0.1247533679576538
2025-10-13 19:00:00,14.1,13.9,13.73392954862991,-0.3660704513700895,0.16607045137009102,0.16607045137009102
2025-10-13 20:00:00,13.9,14.0,13.658503299767649,-0.24149670023235117,0.34149670023235146,0.34149670023235146
2025-10-13 21:00:00,14.0,14.0,13.960300569994308,-0.03969943000569257,0.03969943000569209,0.03969943000569209
2025-10-13 22:00:00,14.0,14.2,13.918534922064321,-0.08146507793567884,0.2814650779356782,0.2814650779356782
2025-10-13 23:00:00,14.2,14.4,14.239568535403498,0.039568535403498105,0.1604314645965026,0.1604314645965026
2025-10-14 00:00:00,14.4,14.6,14.31400701292274,-0.08599298707726,0.2859929870772593,0.2859929870772593
2025-10-14 01:00:00,14.6,14.8,14.580503862745914,-0.019496137254085853,0.21949613725408668,0.21949613725408668
2025-10-14 02:00:00,14.8,15.0,14.752220510175816,-0.04777948982418558,0.2477794898241843,0.2477794898241843
2025-10-14 03:00:00,15.0,14.7,14.952220510175815,-0.04777948982418558,-0.2522205101758157,0.2522205101758157
2025-10-14 04:00:00,14.7,14.6,14.431631902622616,-0.2683680973773835,0.16836809737738356,0.16836809737738356
2025-10-14 05:00:00,14.6,14.6,14.551024544011092,-0.048975455988906846,0.04897545598890751,0.04897545598890751
2025-10-14 06:00:00,14.6,14.7,14.533773619202009,-0.06622638079799022,0.16622638079799046,0.16622638079799046
2025-10-14 07:00:00,14.7,15.1,14.938814744571037,0.23881474457103805,0.161185255428963,0.161185255428963
2025-10-14 08:00:00,15.1,16.0,16.026903954394985,0.9269039543949844,-0.026903954394985163,0.026903954394985163
2025-10-14 09:00:00,16.0,17.1,17.446570068514763,1.4465700685147629,-0.3465700685147617,0.3465700685147617
2025-10-14 10:00:00,17.1,18.5,18.150770536065593,1.0507705360655932,0.3492294639344067,0.3492294639344067
2025-10-14 11:00:00,18.5,19.9,19.714230351579534,1.2142303515795345,0.1857696484204645,0.1857696484204645
2025-10-14 12:00:00,19.9,20.5,20.889866311131144,0.9898663111311442,-0.38986631113114356,0.38986631113114356
2025-10-14 13:00:00,20.5,20.8,20.960291815991642,0.4602918159916419,-0.16029181599164133,0.16029181599164133
2025-10-14 14:00:00,20.8,20.6,20.918220669317037,0.11822066931703559,-0.31822066931703574,0.31822066931703574
2025-10-14 15:00:00,20.6,20.8,20.4606465306264,-0.13935346937360152,0.3393534693736022,0.3393534693736022
2025-10-14 16:00:00,20.8,20.4,20.337170309388153,-0.462829690611849,0.06282969061184573,0.06282969061184573
2025-10-14 17:00:00,20.4,19.9,19.85838730810813,-0.5416126918918658,0.041612691891867115,0.041612691891867115
2025-10-14 18:00:00,19.9,19.5,19.351552085663748,-0.548447914336249,0.14844791433625204,0.14844791433625204
2025-10-14 19:00:00,19.5,19.2,19.08899737466533,-0.4110026253346715,0.11100262533467031,0.11100262533467031
2025-10-14 20:00:00,19.2,18.8,18.796209240563964,-0.40379075943603504,0.0037907594360362395,0.0037907594360362395
2025-10-14 21:00:00,18.8,18.8,18.43513523318809,-0.36486476681190855,0.36486476681190894,0.36486476681190894
2025-10-14 22:00:00,18.8,18.5,18.665951029830378,-0.13404897016962106,-0.1659510298303779,0.1659510298303779
2025-10-14 23:00:00,18.5,18.0,18.19780223570739,-0.3021977642926093,-0.19780223570738897,0.19780223570738897
2025-10-15 00:00:00,18.0,17.9,17.544971442245256,-0.45502855775474443,0.35502855775474274,0.35502855775474274
2025-10-15 01:00:00,17.9,17.3,17.71374151763406,-0.18625848236594053,-0.4137415176340582,0.4137415176340582
2025-10-15 02:00:00,17.3,16.9,16.89709572774801,-0.4029042722519902,0.0029042722519889708,0.0029042722519889708
2025-10-15 03:00:00,16.9,16.7,16.563608271929404,-0.3363917280705931,0.13639172807059552,0.13639172807059552
2025-10-15 04:00:00,16.7,16.4,16.450270315291394,-0.24972968470860638,-0.05027031529139592,0.05027031529139592
2025-10-15 05:00:00,16.4,16.3,16.130060353941246,-0.26993964605875076,0.16993964605875433,0.16993964605875433
2025-10-15 06:00:00,16.3,16.5,16.225935307690108,-0.07406469230989227,0.27406469230989217,0.27406469230989217
2025-10-15 07:00:00,16.5,17.3,17.6234797110272,1.1234797110272028,-0.3234797110272005,0.3234797110272005
2025-10-15 08:00:00,17.3,18.9,18.641573990557692,1.341573990557691,0.25842600944230654,0.25842600944230654
2025-10-15 09:00:00,18.9,21.1,20.514213800630817,1.614213800630817,0.5857861993691849,0.5857861993691849
2025-10-15 10:00:00,21.1,22.6,22.452793534963895,1.3527935349638942,0.14720646503610624,0.14720646503610624
2025-10-15 11:00:00,22.6,23.4,23.804067547671956,1.204067547671953,-0.4040675476719571,0.4040675476719571
2025-10-15 12:00:00,23.4,24.9,24.329942447542305,0.9299424475423053,0.5700575524576941,0.5700575524576941
2025-10-15 13:00:00,24.9,25.2,25.512569484293746,0.612569484293746,-0.3125694842937463,0.3125694842937463
2025-10-15 14:00:00,25.2,24.4,25.325560382210174,0.12556038221017343,-0.9255603822101754,0.9255603822101754
2025-10-15 15:00:00,24.4,23.9,24.18648455042657,-0.21351544957342788,-0.2864845504265716,0.2864845504265716
2025-10-15 16:00:00,23.9,23.4,23.426700190736234,-0.47329980926376525,-0.02670019073623564,0.02670019073623564
2025-10-15 17:00:00,23.4,22.9,22.73039513498949,-0.6696048650105091,0.1696048650105091,0.1696048650105091
2025-10-15 18:00:00,22.9,21.9,22.267210665134826,-0.6327893348651742,-0.36721066513482725,0.36721066513482725
2025-10-15 19:00:00,21.9,20.4,21.11603244810285,-0.7839675518971491,-0.716032448102851,0.716032448102851
2025-10-15 20:00:00,20.4,20.0,19.626817424708864,-0.7731825752911329,0.3731825752911355,0.3731825752911355
2025-10-15 21:00:00,20.0,19.8,19.59788834972059,-0.40211165027940726,0.20211165027940936,0.20211165027940936
2025-10-15 22:00:00,19.8,19.6,19.554537358860554,-0.2454626411394484,0.04546264113944787,0.04546264113944787
2025-10-15 23:00:00,19.6,18.8,19.341558021599138,-0.25844197840086325,-0.5415580215991369,0.5415580215991369
2025-10-16 00:00:00,18.8,18.5,18.36094688823033,-0.43905311176966877,0.1390531117696696,0.1390531117696696
2025-10-16 01:00:00,18.5,18.0,18.244032738514342,-0.2559672614856583,-0.24403273851434193,0.24403273851434193
2025-10-16 02:00:00,18.0,17.6,17.58261907657444,-0.4173809234255605,0.017380923425562855,0.017380923425562855
2025-10-16 03:00:00,17.6,17.3,17.291130333517955,-0.3088696664820451,0.008869666482045346,0.008869666482045346
2025-10-16 04:00:00,17.3,17.4,17.120355000517346,-0.17964499948265342,0.2796449994826524,0.2796449994826524
2025-10-16 05:00:00,17.4,17.3,17.321325996654725,-0.07867400334527498,-0.021325996654724122,0.021325996654724122
2025-10-16 06:00:00,17.3,17.1,17.238865394174795,-0.061134605825205135,-0.13886539417479327,0.13886539417479327
2025-10-16 07:00:00,17.1,17.1,17.60273410958534,0.5027341095853418,-0.5027341095853401,0.5027341095853401
2025-10-16 08:00:00,17.1,19.1,17.72674598029426,0.626745980294261,1.3732540197057403,1.3732540197057403
2025-10-16 09:00:00,19.1,20.4,20.84287645590914,1.7428764559091374,-0.4428764559091398,0.4428764559091398
2025-10-16 10:00:00,20.4,22.4,21.836489275924798,1.4364892759247978,0.5635107240752006,0.5635107240752006
2025-10-16 11:00:00,22.4,23.7,23.81392891419021,1.4139289141902105,-0.11392891419021112,0.11392891419021112
2025-10-16 12:00:00,23.7,23.3,24.637607413143975,0.9376074131439773,-1.3376074131439744,1.3376074131439744
2025-10-16 13:00:00,23.3,24.0,23.3777527328617,0.07775273286170144,0.6222472671382988,0.6222472671382988
2025-10-16 14:00:00,24.0,24.4,24.37023474053066,0.37023474053065736,0.02976525946933961,0.02976525946933961
2025-10-16 15:00:00,24.4,24.7,23.95560149208635,-0.44439850791365026,0.744398507913651,0.744398507913651
2025-10-16 16:00:00,24.7,23.2,24.21922791343778,-0.48077208656221987,-1.0192279134377813,1.0192279134377813
2025-10-16 17:00:00,23.2,21.9,22.0204376915088,-1.179562308491199,-0.12043769150880124,0.12043769150880124
2025-10-16 18:00:00,21.9,20.9,21.017562592867687,-0.8824374071323106,-0.11756259286768866,0.11756259286768866
2025-10-16 19:00:00,20.9,20.2,20.16282230735782,-0.737177692642176,0.03717769264217807,0.03717769264217807
2025-10-16 20:00:00,20.2,19.7,19.577900623647018,-0.6220993763529812,0.12209937635298118,0.12209937635298118
2025-10-16 21:00:00,19.7,19.2,19.193993308152518,-0.506006691847482,0.006006691847481704,0.006006691847481704
2025-10-16 22:00:00,19.2,18.6,18.720862889360628,-0.4791371106393695,-0.12086288936062672,0.12086288936062672
2025-10-16 23:00:00,18.6,18.1,18.084267708724184,-0.5157322912758184,0.015732291275817545,0.015732291275817545
2025-10-17 00:00:00,18.1,17.7,17.626274560774057,-0.4737254392259433,0.07372543922594232,0.07372543922594232
2025-10-17 01:00:00,17.7,17.5,17.259391940839787,-0.4406080591602104,0.24060805916021266,0.24060805916021266
2025-10-17 02:00:00,17.5,17.1,17.215697307051762,-0.28430269294823735,-0.11569730705176084,0.11569730705176084
2025-10-17 03:00:00,17.1,16.7,16.733970511628723,-0.36602948837127974,-0.03397051162872344,0.03397051162872344
2025-10-17 04:00:00,16.7,16.1,16.39576046190356,-0.3042395380964396,-0.29576046190355854,0.29576046190355854
2025-10-17 05:00:00,16.1,15.6,15.805899759167424,-0.29410024083257746,-0.20589975916742453,0.20589975916742453
2025-10-17 06:00:00,15.6,15.7,15.444429984618228,-0.15557001538177062,0.25557001538177104,0.25557001538177104
2025-10-17 07:00:00,15.7,16.6,16.744453639825476,1.0444536398254765,-0.14445363982547477,0.14445363982547477
2025-10-17 08:00:00,16.6,18.5,18.320439437470476,1.7204394374704755,0.1795605625295238,0.1795605625295238
2025-10-17 09:00:00,18.5,19.7,20.458442891793833,1.958442891793833,-0.758442891793834,0.758442891793834
2025-10-17 10:00:00,19.7,22.1,21.032370312924684,1.3323703129246836,1.0676296870753177,1.0676296870753177
2025-10-17 11:00:00,22.1,23.5,23.542489101886915,1.4424891018869144,-0.04248910188691468,0.04248910188691468
2025-10-17 12:00:00,23.5,24.4,24.485894267121118,0.9858942671211165,-0.08589426712111958,0.08589426712111958
2025-10-17 13:00:00,24.4,24.4,25.003494192445945,0.6034941924459484,-0.6034941924459467,0.6034941924459467
2025-10-17 14:00:00,24.4,24.0,24.450147534337173,0.05014753433717518,-0.450147534337173,0.450147534337173
2025-10-17 15:00:00,24.0,23.3,23.666770244559604,-0.3332297554403949,-0.3667702445596035,0.3667702445596035
2025-10-17 16:00:00,23.3,22.9,22.823096567090044,-0.4769034329099578,0.07690343290995472,0.07690343290995472
2025-10-17 17:00:00,22.9,22.2,22.32946923672822,-0.5705307632717809,-0.12946923672821953,0.12946923672821953
2025-10-17 18:00:00,22.2,20.7,21.531503095214227,-0.6684969047857716,-0.8315030952142273,0.8315030952142273
2025-10-17 19:00:00,20.7,19.9,20.138446080774788,-0.5615539192252117,-0.23844608077478924,0.23844608077478924
2025-10-17 20:00:00,19.9,19.4,19.40696930971016,-0.4930306902898403,-0.006969309710161298,0.006969309710161298
2025-10-17 21:00:00,19.4,19.0,18.938692008750007,-0.4613079912499908,0.06130799124999342,0.06130799124999342
2025-10-17 22:00:00,19.0,18.7,18.7212316762854,-0.27876832371460053,-0.02123167628539946,0.02123167628539946
2025-10-17 23:00:00,18.7,18.6,18.51962062612632,-0.18037937387368067,0.08037937387368288,0.08037937387368288
2025-10-18 00:00:00,18.6,18.3,18.41608717977757,-0.18391282022243172,-0.1160871797775691,0.1160871797775691
2025-10-18 01:00:00,18.3,18.0,18.08287034283736,-0.21712965716264096,-0.08287034283736006,0.08287034283736006
2025-10-18 02:00:00,18.0,17.7,17.786243461633802,-0.2137565383661978,-0.08624346163380281,0.08624346163380281
2025-10-18 03:00:00,17.7,16.8,17.475765291752968,-0.22423470824703134,-0.6757652917529668,0.6757652917529668
2025-10-18 04:00:00,16.8,16.2,16.19727143747296,-0.6027285625270423,0.0027285625270394576,0.0027285625270394576
2025-10-18 05:00:00,16.2,16.0,15.877026920636414,-0.322973079363585,0.12297307936358592,0.12297307936358592
2025-10-18 06:00:00,16.0,16.0,15.84325693353085,-0.15674306646915134,0.1567430664691507,0.1567430664691507
2025-10-18 07:00:00,16.0,15.3,16.373888360883765,0.37388836088376426,-1.073888360883764,1.073888360883764
2025-10-18 08:00:00,15.3,15.3,14.922141126481435,-0.37785887351856595,0.37785887351856573,0.37785887351856573
2025-10-18 09:00:00,15.3,15.7,15.690459372715429,0.3904593727154282,0.009540627284570391,0.009540627284570391
2025-10-18 10:00:00,15.7,15.3,16.31182283391362,0.6118228339136219,-1.0118228339136195,1.0118228339136195
2025-10-18 11:00:00,15.3,15.8,15.277024909903988,-0.02297509009601225,0.5229750900960131,0.5229750900960131
2025-10-18 12:00:00,15.8,16.1,16.29904817168412,0.49904817168411864,-0.1990481716841188,0.1990481716841188
2025-10-18 13:00:00,16.1,16.2,16.30368796495195,0.20368796495194944,-0.10368796495195198,0.10368796495195198
2025-10-18 14:00:00,16.2,16.4,16.313023239793406,0.11302323979340825,0.08697676020659273,0.08697676020659273
2025-10-18 15:00:00,16.4,16.5,16.409178838357818,0.009178838357818334,0.09082116164218235,0.09082116164218235
2025-10-18 16:00:00,16.5,16.1,16.52203117619057,0.022031176190571534,-0.4220311761905684,0.4220311761905684
2025-10-18 17:00:00,16.1,15.8,15.647169699721553,-0.4528303002784478,0.15283030027844724,0.15283030027844724
2025-10-18 18:00:00,15.8,15.7,15.442215798431475,-0.3577842015685266,0.25778420156852455,0.25778420156852455
2025-10-18 19:00:00,15.7,15.5,15.494908080886026,-0.2050919191139743,0.005091919113974441,0.005091919113974441
2025-10-18 20:00:00,15.5,15.1,15.241280662800259,-0.25871933719974116,-0.1412806628002592,0.1412806628002592
2025-10-18 21:00:00,15.1,14.6,14.775297505321616,-0.32470249467838386,-0.17529750532161614,0.17529750532161614
2025-10-18 22:00:00,14.6,14.3,14.197774022561063,-0.40222597743893584,0.10222597743893758,0.10222597743893758
2025-10-18 23:00:00,14.3,14.2,14.040086207725961,-0.25991379227403866,0.1599137922740379,0.1599137922740379
2025-10-19 00:00:00,14.2,14.2,14.020552734382672,-0.17944726561732605,0.17944726561732693,0.17944726561732693
2025-10-19 01:00:00,14.2,14.2,14.070378930564292,-0.12962106943570786,0.12962106943570717,0.12962106943570717
2025-10-19 02:00:00,14.2,14.2,14.072676679880846,-0.12732332011915243,0.12732332011915304,0.12732332011915304
2025-10-19 03:00:00,14.2,14.0,14.08525256571905,-0.11474743428094857,-0.08525256571905082,0.08525256571905082
2025-10-19 04:00:00,14.0,13.5,13.864456213026235,-0.13554378697376396,-0.36445621302623543,0.36445621302623543
2025-10-19 05:00:00,13.5,13.1,13.181423872940268,-0.3185761270597323,-0.08142387294026854,0.08142387294026854
2025-10-19 06:00:00,13.1,12.8,12.879912306719403,-0.22008769328059605,-0.07991230671940208,0.07991230671940208
2025-10-19 07:00:00,12.8,13.6,13.32497757551373,0.5249775755137289,0.27502242448627,0.27502242448627
2025-10-19 08:00:00,13.6,15.6,15.619645007578185,2.0196450075781853,-0.01964500757818577,0.01964500757818577
2025-10-19 09:00:00,15.6,17.9,17.803573095839617,2.203573095839616,0.09642690416038135,0.09642690416038135
2025-10-19 10:00:00,17.9,18.4,19.990423336319644,2.090423336319647,-1.5904233363196454,1.5904233363196454
2025-10-19 11:00:00,18.4,18.7,19.579653976179276,1.1796539761792788,-0.8796539761792772,0.8796539761792772
2025-10-19 12:00:00,18.7,18.4,19.360523661932017,0.6605236619320165,-0.9605236619320188,0.9605236619320188
2025-10-19 13:00:00,18.4,18.6,18.4200281063949,0.020028106394900116,0.1799718936051029,0.1799718936051029
2025-10-19 14:00:00,18.6,19.1,18.649387387498425,0.04938738749842395,0.45061261250157614,0.45061261250157614
2025-10-19 15:00:00,19.1,18.2,18.889932079206705,-0.210067920793297,-0.6899320792067059,0.6899320792067059
2025-10-19 16:00:00,18.2,16.9,17.396172772705697,-0.8038272272943037,-0.49617277270569815,0.49617277270569815
2025-10-19 17:00:00,16.9,14.9,15.742040427008002,-1.1579595729919963,-0.8420404270080013,0.8420404270080013
2025-10-19 18:00:00,14.9,13.5,13.590800967441686,-1.309199032558315,-0.09080096744168564,0.09080096744168564
2025-10-19 19:00:00,13.5,12.3,12.386799592793864,-1.1132004072061366,-0.08679959279386296,0.08679959279386296
2025-10-19 20:00:00,12.3,11.3,11.455220181604284,-0.8447798183957169,-0.15522018160428352,0.15522018160428352
2025-10-19 21:00:00,11.3,10.6,10.493653670304054,-0.8063463296959458,0.10634632969594549,0.10634632969594549
2025-10-19 22:00:00,10.6,9.7,9.971347832367208,-0.6286521676327926,-0.2713478323672085,0.2713478323672085
2025-10-19 23:00:00,9.7,8.9,8.921630557246601,-0.7783694427533981,-0.0216305572466009,0.0216305572466009
2025-10-20 00:00:00,8.9,8.2,8.28454669833625,-0.615453301663751,-0.08454669833625061,0.08454669833625061
2025-10-20 01:00:00,8.2,7.3,7.574199582797492,-0.6258004172025076,-0.27419958279749235,0.27419958279749235
2025-10-20 02:00:00,7.3,6.7,6.633445400481333,-0.6665545995186674,0.0665545995186676,0.0665545995186676
2025-10-20 03:00:00,6.7,6.2,6.212528947577278,-0.48747105242272276,-0.012528947577277627,0.012528947577277627
2025-10-20 04:00:00,6.2,5.9,5.754038981352097,-0.4459610186479033,0.14596101864790345,0.14596101864790345
2025-10-20 05:00:00,5.9,5.6,5.564981191718862,-0.33501880828113834,0.035018808281138014,0.035018808281138014
2025-10-20 06:00:00,5.6,5.3,5.339828180074085,-0.26017181992591476,-0.039828180074085395,0.039828180074085395
2025-10-20 07:00:00,5.3,6.3,5.868579653065806,0.5685796530658067,0.4314203469341935,0.4314203469341935
2025-10-20 08:00:00,6.3,7.7,8.562788080057922,2.262788080057923,-0.8627880800579222,0.8627880800579222
2025-10-20 09:00:00,7.7,10.1,9.660168459182481,1.9601684591824806,0.43983154081751863,0.43983154081751863
2025-10-20 10:00:00,10.1,12.0,12.288515936630901,2.188515936630902,-0.28851593663090114,0.28851593663090114
2025-10-20 11:00:00,12.0,13.5,13.536197203099977,1.536197203099977,-0.036197203099977315,0.036197203099977315
2025-10-20 12:00:00,13.5,13.9,14.725946691949007,1.2259466919490065,-0.8259466919490066,0.8259466919490066
2025-10-20 13:00:00,13.9,15.4,14.52860671265232,0.6286067126523195,0.8713932873476811,0.8713932873476811
2025-10-20 14:00:00,15.4,15.8,15.573397352078977,0.17339735207897744,0.22660264792102325,0.22660264792102325
2025-10-20 15:00:00,15.8,15.7,15.555581472838856,-0.2444185271611447,0.14441852716114312,0.14441852716114312
2025-10-20 16:00:00,15.7,14.7,14.884388416166352,-0.8156115838336463,-0.18438841616635315,0.18438841616635315
2025-10-20 17:00:00,14.7,13.5,13.889034868334871,-0.8109651316651285,-0.3890348683348712,0.3890348683348712
2025-10-20 18:00:00,13.5,12.2,12.602073543278271,-0.8979264567217283,-0.4020735432782718,0.4020735432782718
2025-10-20 19:00:00,12.2,11.1,11.198599641822803,-1.001400358177196,-0.09859964182280301,0.09859964182280301
2025-10-20 20:00:00,11.1,10.0,10.25253656764035,-0.8474634323596498,-0.25253656764034993,0.25253656764034993
2025-10-20 21:00:00,10.0,8.9,9.167113224326059,-0.8328867756739405,-0.26711322432605833,0.26711322432605833
2025-10-20 22:00:00,8.9,8.2,8.15538859034101,-0.7446114096589903,0.04461140965898913,0.04461140965898913
2025-10-20 23:00:00,8.2,7.4,7.5882188804693955,-0.6117811195306041,-0.18821888046939517,0.18821888046939517
2025-10-21 00:00:00,7.4,6.8,6.879010324006673,-0.5209896759933276,-0.0790103240066733,0.0790103240066733
2025-10-21 01:00:00,6.8,6.3,6.312759241362892,-0.4872407586371078,-0.012759241362892304,0.012759241362892304
2025-10-21 02:00:00,6.3,5.8,5.85104786367882,-0.44895213632117914,-0.051047863678820526,0.051047863678820526
2025-10-21 03:00:00,5.8,5.7,5.408356027505949,-0.3916439724940509,0.29164397249405116,0.29164397249405116
2025-10-21 04:00:00,5.7,5.1,5.415308264233769,-0.2846917357662313,-0.315308264233769,0.315308264233769
2025-10-21 05:00:00,5.1,4.9,4.800103198776394,-0.29989680122360635,0.09989680122360678,0.09989680122360678
2025-10-21 06:00:00,4.9,4.8,4.6930107070969935,-0.20698929290300655,0.1069892929030063,0.1069892929030063
2025-10-21 07:00:00,4.8,5.2,5.38658293143253,0.5865829314325297,-0.1865829314325298,0.1865829314325298
2025-10-21 08:00:00,5.2,7.7,7.232538213067134,2.032538213067134,0.46746178693286655,0.46746178693286655
2025-10-21 09:00:00,7.7,9.4,9.943507255717838,2.2435072557178377,-0.543507255717838,0.543507255717838
2025-10-21 10:00:00,9.4,10.5,11.055135833154406,1.655135833154405,-0.5551358331544058,0.5551358331544058
2025-10-21 11:00:00,10.5,12.6,11.763541135034373,1.2635411350343722,0.8364588649656266,0.8364588649656266
2025-10-21 12:00:00,12.6,13.4,13.608414297771864,1.0084142977718644,-0.2084142977718635,0.2084142977718635
2025-10-21 13:00:00,13.4,13.8,14.102417938006136,0.7024179380061357,-0.30241793800613515,0.30241793800613515
2025-10-21 14:00:00,13.8,14.0,14.175336475681657,0.3753364756816563,-0.17533647568165733,0.17533647568165733
2025-10-21 15:00:00,14.0,13.8,13.872191802300108,-0.1278081976998912,-0.07219180230010735,0.07219180230010735
2025-10-21 16:00:00,13.8,13.6,13.282668505430939,-0.5173314945690624,0.3173314945690606,0.3173314945690606
2025-10-21 17:00:00,13.6,12.1,12.858500656006184,-0.7414993439938158,-0.7585006560061842,0.7585006560061842
2025-10-21 18:00:00,12.1,10.8,11.048340633035894,-1.051659366964106,-0.24834063303589282,0.24834063303589282
2025-10-21 19:00:00,10.8,10.1,9.952607671257976,-0.8473923287420247,0.1473923287420238,0.1473923287420238
2025-10-21 20:00:00,10.1,9.2,9.477653720461422,-0.6223462795385778,-0.2776537204614229,0.2776537204614229
2025-10-21 21:00:00,9.2,8.5,8.51951271904894,-0.6804872809510595,-0.01951271904894014,0.01951271904894014
2025-10-21 22:00:00,8.5,8.0,7.952194253289776,-0.547805746710224,0.04780574671022375,0.04780574671022375
2025-10-21 23:00:00,8.0,7.6,7.563070781872058,-0.4369292181279419,0.036929218127941255,0.036929218127941255
2025-10-22 00:00:00,7.6,7.2,7.198735495457436,-0.4012645045425639,0.0012645045425641044,0.0012645045425641044
2025-10-22 01:00:00,7.2,6.8,6.836461450392768,-0.36353854960723175,-0.03646145039276849,0.03646145039276849
2025-10-22 02:00:00,6.8,6.7,6.444737155457817,-0.35526284454218243,0.25526284454218295,0.25526284454218295
2025-10-22 03:00:00,6.7,6.6,6.492725079293554,-0.20727492070644635,0.10727492070644562,0.10727492070644562
2025-10-22 04:00:00,6.6,6.8,6.41725305289777,-0.18274694710222925,0.38274694710222956,0.38274694710222956
2025-10-22 05:00:00,6.8,6.8,6.7905011214060575,-0.009498878593942358,0.009498878593942273,0.009498878593942273
2025-10-22 06:00:00,6.8,7.0,6.705589700774031,-0.09441029922596879,0.2944102992259694,0.2944102992259694
2025-10-22 07:00:00,7.0,7.7,7.715110494601412,0.7151104946014125,-0.015110494601412228,0.015110494601412228
2025-10-22 08:00:00,7.7,10.6,9.53045495077855,1.830454950778549,1.0695450492214498,1.0695450492214498
2025-10-22 09:00:00,10.6,13.6,13.216590834415744,2.616590834415743,0.383409165584256,0.383409165584256
2025-10-22 10:00:00,13.6,15.4,15.86022308649396,2.26022308649396,-0.4602230864939596,0.4602230864939596
2025-10-22 11:00:00,15.4,16.8,17.07993677444422,1.6799367744442217,-0.27993677444422005,0.27993677444422005
2025-10-22 12:00:00,16.8,18.1,18.242114596733696,1.4421145967336941,-0.14211459673369475,0.14211459673369475
2025-10-22 13:00:00,18.1,17.9,18.904727109062286,0.8047271090622857,-1.0047271090622871,1.0047271090622871
2025-10-22 14:00:00,17.9,18.5,18.29747952800499,0.39747952800498876,0.20252047199501177,0.20252047199501177
2025-10-22 15:00:00,18.5,18.5,18.26892711553203,-0.231072884467969,0.23107288446797014,0.23107288446797014
2025-10-22 16:00:00,18.5,17.5,17.806252396963167,-0.6937476030368313,-0.306252396963167,0.306252396963167
2025-10-22 17:00:00,17.5,16.9,16.41862023531063,-1.0813797646893704,0.4813797646893683,0.4813797646893683
2025-10-22 18:00:00,16.9,16.1,16.27442042520016,-0.6255795747998383,-0.17442042520015733,0.17442042520015733
2025-10-22 19:00:00,16.1,15.4,15.470643947809329,-0.6293560521906726,-0.07064394780932837,0.07064394780932837
2025-10-22 20:00:00,15.4,14.9,14.839037138129765,-0.560962861870236,0.060962861870235585,0.060962861870235585
2025-10-22 21:00:00,14.9,14.4,14.440988530964182,-0.45901146903581863,-0.040988530964181535,0.040988530964181535
2025-10-22 22:00:00,14.4,14.0,13.962854450533207,-0.43714554946679235,0.037145549466792716,0.037145549466792716
2025-10-22 23:00:00,14.0,13.4,13.608067063502835,-0.391932936497165,-0.20806706350283477,0.20806706350283477
2025-10-23 00:00:00,13.4,12.8,13.001272199933787,-0.3987278000662135,-0.2012721999337863,0.2012721999337863
2025-10-23 01:00:00,12.8,12.5,12.380307288991883,-0.419692711008117,0.11969271100811696,0.11969271100811696
2025-10-23 02:00:00,12.5,12.3,12.197916658078269,-0.3020833419217307,0.10208334192173218,0.10208334192173218
2025-10-23 03:00:00,12.3,12.0,12.029931902588155,-0.2700680974118454,-0.029931902588154813,0.029931902588154813
2025-10-23 04:00:00,12.0,11.8,11.749654852370721,-0.25034514762927823,0.05034514762927955,0.05034514762927955
2025-10-23 05:00:00,11.8,12.0,11.585931039612333,-0.21406896038766787,0.4140689603876666,0.4140689603876666
2025-10-23 06:00:00,12.0,12.3,11.982472586595152,-0.017527413404846807,0.31752741340484825,0.31752741340484825
2025-10-23 07:00:00,12.3,12.8,13.261221795417885,0.961221795417885,-0.46122179541788455,0.46122179541788455
2025-10-23 08:00:00,12.8,14.0,14.063491944086415,1.2634919440864145,-0.06349194408641523,0.06349194408641523
2025-10-23 09:00:00,14.0,14.6,16.057960846867864,2.057960846867866,-1.4579608468678646,1.4579608468678646
2025-10-23 10:00:00,14.6,17.0,15.588808626441836,0.9888086264418358,1.4111913735581645,1.4111913735581645
2025-10-23 11:00:00,17.0,17.8,18.539475561758064,1.5394755617580644,-0.7394755617580628,0.7394755617580628
2025-10-23 12:00:00,17.8,18.1,18.81608205654817,1.016082056548169,-0.7160820565481671,0.7160820565481671
2025-10-23 13:00:00,18.1,18.4,18.61973953821615,0.5197395382161505,-0.2197395382161531,0.2197395382161531
2025-10-23 14:00:00,18.4,18.6,18.711228336355084,0.3112283363550844,-0.111228336355083,0.111228336355083
2025-10-23 15:00:00,18.6,19.3,18.631296673725572,0.03129667372557228,0.6687033262744286,0.6687033262744286
2025-10-23 16:00:00,19.3,18.8,18.5875611424249,-0.7124388575751005,0.21243885757510128,0.21243885757510128
2025-10-23 17:00:00,18.8,17.4,17.94280645911282,-0.8571935408871817,-0.5428064591128212,0.5428064591128212
2025-10-23 18:00:00,17.4,16.4,16.296298550000348,-1.1037014499996503,0.10370144999965092,0.10370144999965092
2025-10-23 19:00:00,16.4,15.5,15.634223793065338,-0.7657762069346603,-0.13422379306533827,0.13422379306533827
2025-10-23 20:00:00,15.5,14.6,14.824013727836572,-0.6759862721634277,-0.22401372783657258,0.22401372783657258
2025-10-23 21:00:00,14.6,13.9,13.991546197134248,-0.6084538028657509,-0.09154619713424772,0.09154619713424772
2025-10-23 22:00:00,13.9,13.2,13.348563340361096,-0.5514366596389044,-0.14856334036109686,0.14856334036109686
2025-10-23 23:00:00,13.2,12.7,12.651019083550121,-0.5489809164498785,0.04898091644987801,0.04898091644987801
2025-10-24 00:00:00,12.7,12.4,12.264115634389002,-0.435884365610998,0.13588436561099826,0.13588436561099826
2025-10-24 01:00:00,12.4,12.3,12.058073332515876,-0.3419266674841243,0.24192666748412428,0.24192666748412428
2025-10-24 02:00:00,12.3,12.2,12.066856105569418,-0.23314389443058287,0.1331438944305816,0.1331438944305816
2025-10-24 03:00:00,12.2,12.3,11.997314670814088,-0.2026853291859115,0.3026853291859126,0.3026853291859126
2025-10-24 04:00:00,12.3,12.0,12.264466961359153,-0.03553303864084843,-0.2644669613591528,0.2644669613591528
2025-10-24 05:00:00,12.0,11.6,11.740749366602287,-0.2592506333977124,-0.14074936660228765,0.14074936660228765
2025-10-24 06:00:00,11.6,11.4,11.396720833926093,-0.20327916607390747,0.0032791660739075468,0.0032791660739075468
2025-10-24 07:00:00,11.4,12.1,11.888533110088416,0.4885331100884158,0.21146688991158413,0.21146688991158413
2025-10-24 08:00:00,12.1,14.6,13.931531796988926,1.831531796988926,0.6684682030110736,0.6684682030110736
2025-10-24 09:00:00,14.6,15.8,16.792255037055583,2.192255037055582,-0.9922550370555818,0.9922550370555818
2025-10-24 10:00:00,15.8,17.5,17.11875298358438,1.3187529835843768,0.381247016415621,0.381247016415621
2025-10-24 11:00:00,17.5,18.7,18.812110026373322,1.3121100263733227,-0.11211002637332257,0.11211002637332257
2025-10-24 12:00:00,18.7,19.5,19.657981967269556,0.9579819672695575,-0.15798196726955638,0.15798196726955638
2025-10-24 13:00:00,19.5,20.8,20.263343941036435,0.763343941036437,0.5366560589635654,0.5366560589635654
2025-10-24 14:00:00,20.8,20.9,21.112481559995853,0.312481559995851,-0.2124815599958545,0.2124815599958545
2025-10-24 15:00:00,20.9,20.8,20.908012398248044,0.008012398248046865,-0.10801239824804298,0.10801239824804298
2025-10-24 16:00:00,20.8,19.1,19.952177343850426,-0.8478226561495745,-0.8521773438504248,0.8521773438504248
2025-10-24 17:00:00,19.1,17.9,17.871873794307312,-1.2281262056926885,0.028126205692686312,0.028126205692686312
2025-10-24 18:00:00,17.9,16.9,16.85742010939531,-1.0425798906046884,0.042579890604688586,0.042579890604688586
2025-10-24 19:00:00,16.9,16.5,16.182606902274877,-0.7173930977251203,0.31739309772512314,0.31739309772512314
2025-10-24 20:00:00,16.5,15.8,16.030344497503833,-0.46965550249616517,-0.23034449750383246,0.23034449750383246
2025-10-24 21:00:00,15.8,15.3,15.210375530811545,-0.5896244691884553,0.08962446918845579,0.08962446918845579
2025-10-24 22:00:00,15.3,14.7,14.842811125883214,-0.457188874116787,-0.14281112588321498,0.14281112588321498
2025-10-24 23:00:00,14.7,14.8,14.262501740685005,-0.4374982593149948,0.5374982593149955,0.5374982593149955
2025-10-25 00:00:00,14.8,14.4,14.699305931771196,-0.10069406822880464,-0.2993059317711957,0.2993059317711957
2025-10-25 01:00:00,14.4,14.3,14.04945488521152,-0.3505451147884793,0.25054511478847985,0.25054511478847985
2025-10-25 02:00:00,14.3,13.7,14.130778355484676,-0.16922164451532512,-0.43077835548467647,0.43077835548467647
2025-10-25 03:00:00,13.7,13.3,13.317535340163168,-0.3824646598368313,-0.01753534016316749,0.01753534016316749
2025-10-25 04:00:00,13.3,13.0,13.097201804415361,-0.20279819558463955,-0.09720180441536108,0.09720180441536108
2025-10-25 05:00:00,13.0,12.9,12.726266546864075,-0.27373345313592606,0.1737334531359256,0.1737334531359256
2025-10-25 06:00:00,12.9,12.8,12.748412615388668,-0.15158738461133273,0.05158738461133261,0.05158738461133261
2025-10-25 07:00:00,12.8,12.6,13.437447589211937,0.6374475892119363,-0.8374475892119371,0.8374475892119371
2025-10-25 08:00:00,12.6,13.2,13.344458793046547,0.7444587930465469,-0.14445879304654774,0.14445879304654774
2025-10-25 09:00:00,13.2,13.7,14.719052146420722,1.5190521464207225,-1.019052146420723,1.019052146420723
2025-10-25 10:00:00,13.7,15.8,14.458839578702289,0.7588395787022894,1.3411604212977117,1.3411604212977117
2025-10-25 11:00:00,15.8,16.4,17.543477980709376,1.743477980709376,-1.1434779807093776,1.1434779807093776
2025-10-25 12:00:00,16.4,16.5,17.35329793122995,0.95329793122995,-0.8532979312299496,0.8532979312299496
2025-10-25 13:00:00,16.5,16.5,16.70612728628565,0.20612728628564886,-0.2061272862856498,0.2061272862856498
2025-10-25 14:00:00,16.5,17.2,16.53651884482244,0.03651884482243725,0.6634811551775606,0.6634811551775606
2025-10-25 15:00:00,17.2,17.5,16.967689140544994,-0.23231085945500365,0.5323108594550057,0.5323108594550057
2025-10-25 16:00:00,17.5,16.5,16.813996015905133,-0.6860039840948655,-0.3139960159051327,0.3139960159051327
2025-10-25 17:00:00,16.5,14.9,15.332518230773841,-1.1674817692261592,-0.4325182307738409,0.4325182307738409
2025-10-25 18:00:00,14.9,14.0,13.695209156848987,-1.2047908431510128,0.3047908431510127,0.3047908431510127
2025-10-25 19:00:00,14.0,14.0,13.070654526441777,-0.9293454735582242,0.9293454735582234,0.9293454735582234
2025-10-25 20:00:00,14.0,14.1,13.584204804890746,-0.4157951951092547,0.5157951951092539,0.5157951951092539
2025-10-25 21:00:00,14.1,13.8,13.904789340690849,-0.1952106593091504,-0.10478934069084822,0.10478934069084822
2025-10-25 22:00:00,13.8,13.2,13.440473349567235,-0.359526650432766,-0.24047334956723532,0.24047334956723532
2025-10-25 23:00:00,13.2,12.9,12.735877269241044,-0.46412273075895477,0.16412273075895634,0.16412273075895634
2025-10-26 00:00:00,12.9,12.5,12.586555583607124,-0.31344441639287646,-0.08655558360712412,0.08655558360712412
2025-10-26 01:00:00,12.5,12.1,12.124783537610638,-0.37521646238936246,-0.024783537610638007,0.024783537610638007
2025-10-26 02:00:00,12.1,11.9,11.731688286632705,-0.3683117133672942,0.1683117133672951,0.1683117133672951
2025-10-26 03:00:00,11.9,11.7,11.6391415882902,-0.26085841170980145,0.06085841170980011,0.06085841170980011
2025-10-26 04:00:00,11.7,11.6,11.488028093498947,-0.21197190650105283,0.11197190650105249,0.11197190650105249
2025-10-26 05:00:00,11.6,11.4,11.423526593933863,-0.1764734060661364,-0.023526593933862472,0.023526593933862472
2025-10-26 06:00:00,11.4,11.4,11.242757999471285,-0.15724200052871412,0.15724200052871495,0.15724200052871495
2025-10-26 07:00:00,11.4,11.7,11.901816280720723,0.5018162807207233,-0.201816280720724,0.201816280720724
2025-10-26 08:00:00,11.7,12.4,12.665589850297575,0.9655898502975762,-0.26558985029757487,0.26558985029757487
2025-10-26 09:00:00,12.4,13.0,13.573696447420861,1.1736964474208607,-0.5736964474208612,0.5736964474208612
2025-10-26 10:00:00,13.0,12.9,13.738685258255302,0.7386852582553022,-0.8386852582553015,0.8386852582553015
2025-10-26 11:00:00,12.9,12.4,13.080940162940204,0.1809401629402029,-0.6809401629402032,0.6809401629402032
2025-10-26 12:00:00,12.4,12.6,12.34167283242503,-0.05832716757497171,0.2583271675749703,0.2583271675749703
2025-10-26 13:00:00,12.6,13.7,12.688353453573791,0.08835345357379158,1.011646546426208,1.011646546426208
2025-10-26 14:00:00,13.7,13.7,14.448390865407816,0.7483908654078163,-0.7483908654078171,0.7483908654078171
2025-10-26 15:00:00,13.7,13.5,13.754664421763366,0.054664421763365514,-0.25466442176336557,0.25466442176336557
2025-10-26 16:00:00,13.5,13.4,13.075545605563239,-0.4244543944367606,0.3244543944367617,0.3244543944367617
2025-10-26 17:00:00,13.4,12.7,13.030853161011597,-0.36914683898840256,-0.3308531610115981,0.3308531610115981
2025-10-26 18:00:00,12.7,12.3,12.23822077670724,-0.46177922329275917,0.061779223292759866,0.061779223292759866
2025-10-26 19:00:00,12.3,12.3,11.976028948756188,-0.3239710512438131,0.323971051243813,0.323971051243813
2025-10-26 20:00:00,12.3,12.4,12.176219536355356,-0.12378046364464358,0.2237804636446441,0.2237804636446441
2025-10-26 21:00:00,12.4,12.5,12.294409268486183,-0.1055907315138186,0.20559073151381746,0.20559073151381746
2025-10-26 22:00:00,12.5,12.0,12.391287978206043,-0.10871202179395824,-0.39128797820604255,0.39128797820604255
2025-10-26 23:00:00,12.0,10.6,11.327874872139798,-0.6721251278602026,-0.7278748721397985,0.7278748721397985
2025-10-27 00:00:00,10.6,9.8,9.537648557593938,-1.0623514424060614,0.2623514424060627,0.2623514424060627
2025-10-27 01:00:00,9.8,8.8,9.127508955049624,-0.6724910449503763,-0.3275089550496233,0.3275089550496233
2025-10-27 02:00:00,8.8,7.6,7.97151343182129,-0.8284865681787108,-0.37151343182129004,0.37151343182129004
2025-10-27 03:00:00,7.6,6.5,6.832132345356109,-0.7678676546438911,-0.3321323453561087,0.3321323453561087
2025-10-27 04:00:00,6.5,5.6,5.77404790306814,-0.7259520969318599,-0.1740479030681401,0.1740479030681401
2025-10-27 05:00:00,5.6,4.8,4.928080160474621,-0.6719198395253786,-0.1280801604746209,0.1280801604746209
2025-10-27 06:00:00,4.8,3.9,4.4971447732490715,-0.30285522675092796,-0.5971447732490716,0.5971447732490716
2025-10-27 07:00:00,3.9,3.9,3.452968157648718,-0.4470318423512822,0.447031842351282,0.447031842351282
2025-10-27 08:00:00,3.9,5.5,5.161129151252044,1.2611291512520435,0.33887084874795637,0.33887084874795637
2025-10-27 09:00:00,5.5,7.3,7.094084727180581,1.5940847271805814,0.20591527281941868,0.20591527281941868
2025-10-27 10:00:00,7.3,9.4,8.91830993754784,1.6183099375478385,0.48169006245216117,0.48169006245216117
2025-10-27 11:00:00,9.4,10.3,10.69657382411404,1.296573824114039,-0.3965738241140393,0.3965738241140393
2025-10-27 12:00:00,10.3,10.5,11.31643271071215,1.0164327107121482,-0.8164327107121494,0.8164327107121494
2025-10-27 13:00:00,10.5,11.9,10.834551887906912,0.33455188790691187,1.0654481120930885,1.0654481120930885
2025-10-27 14:00:00,11.9,12.0,12.111945962843391,0.21194596284339007,-0.1119459628433912,0.1119459628433912
2025-10-27 15:00:00,12.0,11.5,11.895517938135647,-0.10448206186435254,-0.3955179381356473,0.3955179381356473
2025-10-27 16:00:00,11.5,11.3,10.65181959560879,-0.8481804043912096,0.6481804043912103,0.6481804043912103
2025-10-27 17:00:00,11.3,10.2,9.937993354202522,-1.3620066457974795,0.26200664579747723,0.26200664579747723
2025-10-27 18:00:00,10.2,9.6,9.1411750213667,-1.0588249786332993,0.4588249786333005,0.4588249786333005
2025-10-27 19:00:00,9.6,8.9,8.914366339974677,-0.6856336600253221,-0.014366339974676734,0.014366339974676734
2025-10-27 20:00:00,8.9,8.0,8.249089153287507,-0.650910846712494,-0.2490891532875068,0.2490891532875068
2025-10-27 21:00:00,8.0,7.1,7.415250530844129,-0.5847494691558712,-0.31525053084412935,0.31525053084412935
2025-10-27 22:00:00,7.1,7.1,6.5193873557468525,-0.5806126442531472,0.5806126442531472,0.5806126442531472
2025-10-27 23:00:00,7.1,6.7,6.762427596109016,-0.33757240389098386,-0.06242759610901594,0.06242759610901594
2025-10-28 00:00:00,6.7,5.8,6.284242731531296,-0.4157572684687044,-0.48424273153129604,0.48424273153129604
2025-10-28 01:00:00,5.8,5.1,5.239874131075082,-0.5601258689249179,-0.13987413107508218,0.13987413107508218
2025-10-28 02:00:00,5.1,4.6,4.593279833840295,-0.5067201661597044,0.006720166159704277,0.006720166159704277
2025-10-28 03:00:00,4.6,4.2,4.168610129228706,-0.4313898707712935,0.03138987077129407,0.03138987077129407
2025-10-28 04:00:00,4.2,3.6,3.81680574025234,-0.38319425974766014,-0.21680574025233978,0.21680574025233978
2025-10-28 05:00:00,3.6,3.4,3.2939248671613415,-0.3060751328386587,0.10607513283865844,0.10607513283865844
2025-10-28 06:00:00,3.4,3.1,3.1722539130699916,-0.22774608693000833,-0.07225391306999152,0.07225391306999152
2025-10-28 07:00:00,3.1,3.3,3.6013387376951354,0.501338737695135,-0.30133873769513553,0.30133873769513553
2025-10-28 08:00:00,3.3,5.8,5.050871292354497,1.750871292354497,0.7491287076455029,0.7491287076455029
2025-10-28 09:00:00,5.8,8.5,8.092850780810554,2.292850780810554,0.4071492191894457,0.4071492191894457
2025-10-28 10:00:00,8.5,11.1,10.56873252942555,2.06873252942555,0.5312674705744502,0.5312674705744502
2025-10-28 11:00:00,11.1,11.9,12.652290622056064,1.552290622056065,-0.7522906220560639,0.7522906220560639
2025-10-28 12:00:00,11.9,13.5,13.083128871172587,1.1831288711725871,0.4168711288274132,0.4168711288274132
2025-10-28 13:00:00,13.5,14.0,14.231909776755678,0.7319097767556779,-0.23190977675567837,0.23190977675567837
2025-10-28 14:00:00,14.0,14.3,14.35780357699369,0.3578035769936902,-0.05780357699368999,0.05780357699368999
2025-10-28 15:00:00,14.3,13.5,14.202856180576529,-0.09714381942347167,-0.7028561805765285,0.7028561805765285
2025-10-28 16:00:00,13.5,12.5,12.554986928058515,-0.9450130719414849,-0.054986928058514906,0.054986928058514906
2025-10-28 17:00:00,12.5,11.5,10.940826112282833,-1.5591738877171673,0.5591738877171668,0.5591738877171668
2025-10-28 18:00:00,11.5,10.7,10.293550527848382,-1.206449472151618,0.40644947215161764,0.40644947215161764
2025-10-28 19:00:00,10.7,9.7,9.796083413094726,-0.9039165869052738,-0.09608341309472657,0.09608341309472657
2025-10-28 20:00:00,9.7,8.9,9.015225273827527,-0.6847747261724725,-0.11522527382752656,0.11522527382752656
2025-10-28 21:00:00,8.9,8.3,8.32249719441445,-0.5775028055855503,-0.02249719441444853,0.02249719441444853
2025-10-28 22:00:00,8.3,7.6,7.799230306782705,-0.5007696932172957,-0.19923030678270504,0.19923030678270504
2025-10-28 23:00:00,7.6,7.3,7.057004575916914,-0.5429954240830855,0.2429954240830856,0.2429954240830856
2025-10-29 00:00:00,7.3,7.2,6.917273371788978,-0.3827266282110216,0.2827266282110221,0.2827266282110221
2025-10-29 01:00:00,7.2,6.7,6.900344478299343,-0.299655521700657,-0.20034447829934265,0.20034447829934265
2025-10-29 02:00:00,6.7,6.4,6.291796531024073,-0.4082034689759267,0.10820346897592703,0.10820346897592703
2025-10-29 03:00:00,6.4,6.3,6.085010894830479,-0.3149891051695217,0.2149891051695212,0.2149891051695212
2025-10-29 04:00:00,6.3,6.5,6.100263098890459,-0.19973690110954062,0.39973690110954063,0.39973690110954063
2025-10-29 05:00:00,6.5,6.4,6.417152081921196,-0.08284791807880426,-0.01715208192119544,0.01715208192119544
2025-10-29 06:00:00,6.4,6.9,6.221735721092197,-0.1782642789078034,0.678264278907803,0.678264278907803
2025-10-29 07:00:00,6.9,7.4,8.19630833916431,1.2963083391643082,-0.7963083391643089,0.7963083391643089
2025-10-29 08:00:00,7.4,8.8,8.951248195212138,1.551248195212137,-0.15124819521213695,0.15124819521213695
2025-10-29 09:00:00,8.8,10.5,10.996870289695476,2.196870289695476,-0.496870289695476,0.496870289695476
2025-10-29 10:00:00,10.5,13.0,12.050147825501718,1.5501478255017183,0.9498521744982824,0.9498521744982824
2025-10-29 11:00:00,13.0,14.6,14.771047677095467,1.7710476770954666,-0.17104767709546742,0.17104767709546742
2025-10-29 12:00:00,14.6,16.4,15.73658185848694,1.1365818584869396,0.6634181415130591,0.6634181415130591
2025-10-29 13:00:00,16.4,17.3,17.460555784424507,1.0605557844245075,-0.16055578442450624,0.16055578442450624
2025-10-29 14:00:00,17.3,18.2,17.683373687470517,0.3833736874705183,0.5166263125294819,0.5166263125294819
2025-10-29 15:00:00,18.2,17.6,17.941602921968734,-0.25839707803126666,-0.34160292196873243,0.34160292196873243
2025-10-29 16:00:00,17.6,16.8,16.50043919751717,-1.09956080248283,0.29956080248283,0.29956080248283
2025-10-29 17:00:00,16.8,14.8,15.575706182932658,-1.2242938170673425,-0.775706182932657,0.775706182932657
2025-10-29 18:00:00,14.8,13.6,13.554268134722602,-1.2457318652773985,0.04573186527739814,0.04573186527739814
2025-10-29 19:00:00,13.6,12.6,12.766362297683553,-0.8336377023164461,-0.1663622976835537,0.1663622976835537
2025-10-29 20:00:00,12.6,12.0,11.888424702422602,-0.7115752975773969,0.11157529757739759,0.11157529757739759
2025-10-29 21:00:00,12.0,11.3,11.497513454099561,-0.5024865459004395,-0.19751345409956045,0.19751345409956045
2025-10-29 22:00:00,11.3,10.8,10.785828031298028,-0.5141719687019722,0.014171968701973015,0.014171968701973015
2025-10-29 23:00:00,10.8,10.2,10.364546776853869,-0.43545322314613166,-0.16454677685386976,0.16454677685386976
2025-10-30 00:00:00,10.2,9.7,9.78797611587877,-0.41202388412122826,-0.08797611587877086,0.08797611587877086
2025-10-30 01:00:00,9.7,9.2,9.292639351026635,-0.4073606489733652,-0.09263935102663545,0.09263935102663545
2025-10-30 02:00:00,9.2,8.7,8.785007551582352,-0.414992448417648,-0.08500755158235229,0.08500755158235229
2025-10-30 03:00:00,8.7,8.6,8.312763297085379,-0.38723670291462103,0.2872367029146208,0.2872367029146208
2025-10-30 04:00:00,8.6,8.3,8.351389557206724,-0.2486104427932751,-0.05138955720672378,0.05138955720672378
2025-10-30 05:00:00,8.3,7.9,8.03032044189395,-0.26967955810604993,-0.1303204418939501,0.1303204418939501
2025-10-30 06:00:00,7.9,7.8,7.683116927566556,-0.21688307243344424,0.11688307243344376,0.11688307243344376
2025-10-30 07:00:00,7.8,8.4,8.38063693844532,0.5806369384453203,0.019363061554679817,0.019363061554679817
2025-10-30 08:00:00,8.4,10.5,10.438236700154153,2.0382367001541537,0.06176329984584683,0.06176329984584683
2025-10-30 09:00:00,10.5,12.8,12.925833077970001,2.4258330779700015,-0.12583307797000032,0.12583307797000032
2025-10-30 10:00:00,12.8,14.5,14.954429835018129,2.154429835018129,-0.4544298350181286,0.4544298350181286
2025-10-30 11:00:00,14.5,15.9,15.87519575863076,1.3751957586307597,0.024804241369240643,0.024804241369240643
2025-10-30 12:00:00,15.9,17.6,17.000050781589856,1.1000507815898553,0.5999492184101456,0.5999492184101456
2025-10-30 13:00:00,17.6,18.1,18.671950687188144,1.0719506871881423,-0.5719506871881421,0.5719506871881421
2025-10-30 14:00:00,18.1,17.8,18.34566576141856,0.2456657614185558,-0.545665761418558,0.545665761418558
2025-10-30 15:00:00,17.8,17.4,17.5463777863469,-0.25362221365310184,-0.1463777863468998,0.1463777863468998
2025-10-30 16:00:00,17.4,16.6,16.612718088911844,-0.7872819110881548,-0.012718088911842784,0.012718088911842784
2025-10-30 17:00:00,16.6,15.5,15.446563117106505,-1.1534368828934969,0.0534368828934948,0.0534368828934948
2025-10-30 18:00:00,15.5,14.7,14.620392693881003,-0.8796073061189967,0.07960730611899614,0.07960730611899614
2025-10-30 19:00:00,14.7,14.2,14.036647122175873,-0.6633528778241257,0.163352877824126,0.163352877824126
2025-10-30 20:00:00,14.2,13.7,13.725771447072955,-0.4742285529270441,-0.02577144707295531,0.02577144707295531
2025-10-30 21:00:00,13.7,13.2,13.257921614060445,-0.4420783859395546,-0.05792161406044549,0.05792161406044549
2025-10-30 22:00:00,13.2,12.8,12.774085637712679,-0.42591436228732127,0.025914362287322135,0.025914362287322135
2025-10-30 23:00:00,12.8,12.5,12.418600923054102,-0.381399076945899,0.08139907694589787,0.08139907694589787
2025-10-31 00:00:00,12.5,12.2,12.201626529971254,-0.2983734700287472,-0.0016265299712543424,0.0016265299712543424
2025-10-31 01:00:00,12.2,11.8,11.922323994784701,-0.2776760052152982,-0.12232399478470057,0.12232399478470057
2025-10-31 02:00:00,11.8,11.7,11.468567480708526,-0.33143251929147516,0.23143251929147368,0.23143251929147368
2025-10-31 03:00:00,11.7,11.4,11.528460206933717,-0.17153979306628125,-0.12846020693371685,0.12846020693371685
2025-10-31 04:00:00,11.4,11.4,11.197096573877968,-0.20290342612203355,0.20290342612203283,0.20290342612203283
2025-10-31 05:00:00,11.4,11.4,11.287215832445542,-0.11278416755445833,0.11278416755445875,0.11278416755445875
2025-10-31 06:00:00,11.4,11.3,11.317321401760301,-0.08267859823969875,-0.017321401760300503,0.017321401760300503
2025-10-31 07:00:00,11.3,11.8,11.695201578070701,0.39520157807070144,0.10479842192929922,0.10479842192929922
2025-10-31 08:00:00,11.8,13.1,12.931832656103811,1.1318326561038101,0.16816734389618837,0.16816734389618837
2025-10-31 09:00:00,13.1,14.5,15.002986473146319,1.902986473146318,-0.5029864731463185,0.5029864731463185
2025-10-31 10:00:00,14.5,15.9,15.981750582181826,1.4817505821818269,-0.08175058218182585,0.08175058218182585
2025-10-31 11:00:00,15.9,17.8,17.19091149376971,1.2909114937697093,0.6090885062302895,0.6090885062302895
2025-10-31 12:00:00,17.8,19.3,18.728881296790714,0.9288812967907129,0.5711187032092866,0.5711187032092866
2025-10-31 13:00:00,19.3,20.4,20.20581788505861,0.9058178850586107,0.1941821149413876,0.1941821149413876
2025-10-31 14:00:00,20.4,20.5,21.10851923035909,0.7085192303590893,-0.6085192303590894,0.6085192303590894
2025-10-31 15:00:00,20.5,19.3,20.550088798101655,0.05008879810165618,-1.250088798101654,1.250088798101654
2025-10-31 16:00:00,19.3,18.2,18.579951195708556,-0.720048804291445,-0.37995119570855707,0.37995119570855707
2025-10-31 17:00:00,18.2,17.3,17.080835393474302,-1.1191646065256966,0.21916460652569825,0.21916460652569825
2025-10-31 18:00:00,17.3,16.8,16.3338049454747,-0.9661950545252994,0.46619505452530063,0.46619505452530063
2025-10-31 19:00:00,16.8,16.1,16.195786289040406,-0.6042137109595946,-0.09578628904040443,0.09578628904040443
2025-10-31 20:00:00,16.1,15.6,15.452052223369758,-0.6479477766302437,0.14794777663024128,0.14794777663024128
2025-10-31 21:00:00,15.6,14.6,15.130051489869501,-0.4699485101304983,-0.5300514898695017,0.5300514898695017
2025-10-31 22:00:00,14.6,13.9,13.827695721289697,-0.7723042787103025,0.07230427871030365,0.07230427871030365
2025-10-31 23:00:00,13.9,13.4,13.337757297860295,-0.5622427021397065,0.06224270213970584,0.06224270213970584
2025-11-01 00:00:00,13.4,12.9,12.972872855828614,-0.42712714417138664,-0.07287285582861358,0.07287285582861358
2025-11-01 01:00:00,12.9,12.7,12.494421405750314,-0.40557859424968545,0.20557859424968505,0.20557859424968505
2025-11-01 02:00:00,12.7,12.5,12.430476193262052,-0.26952380673794624,0.06952380673794778,0.06952380673794778
2025-11-01 03:00:00,12.5,12.4,12.264098415989784,-0.23590158401021574,0.13590158401021668,0.13590158401021668
2025-11-01 04:00:00,12.4,12.0,12.24049240785048,-0.159507592149521,-0.2404924078504802,0.2404924078504802
2025-11-01 05:00:00,12.0,11.7,11.674526539491335,-0.32547346050866555,0.025473460508663948,0.025473460508663948
2025-11-01 06:00:00,11.7,10.8,11.460678782528184,-0.23932121747181515,-0.6606787825281835,0.6606787825281835
2025-11-01 07:00:00,10.8,10.6,10.369672824836956,-0.4303271751630447,0.23032717516304402,0.23032717516304402
2025-11-01 08:00:00,10.6,11.8,11.31075721679601,0.7107572167960092,0.4892427832039914,0.4892427832039914
2025-11-01 09:00:00,11.8,13.2,13.732618602735991,1.93261860273599,-0.532618602735992,0.532618602735992
2025-11-01 10:00:00,13.2,14.2,14.419418182424607,1.219418182424607,-0.21941818242460798,0.21941818242460798
2025-11-01 11:00:00,14.2,15.7,15.306456493576736,1.1064564935767363,0.3935435064232635,0.3935435064232635
2025-11-01 12:00:00,15.7,16.6,16.495502719792462,0.7955027197924615,0.10449728020753923,0.10449728020753923
2025-11-01 13:00:00,16.6,17.2,16.914524896301312,0.3145248963013107,0.2854751036986869,0.2854751036986869
2025-11-01 14:00:00,17.2,17.3,17.506808926501854,0.30680892650185493,-0.20680892650185356,0.20680892650185356
2025-11-01 15:00:00,17.3,16.0,17.088273962499784,-0.21172603750021518,-1.088273962499784,1.088273962499784
2025-11-01 16:00:00,16.0,15.0,15.141133403319612,-0.8588665966803883,-0.14113340331961233,0.14113340331961233
2025-11-01 17:00:00,15.0,11.9,13.762201897616869,-1.2377981023831301,-1.8622018976168686,1.8622018976168686
2025-11-01 18:00:00,11.9,11.6,9.980979851816581,-1.9190201481834193,1.6190201481834183,1.6190201481834183
2025-11-01 19:00:00,11.6,11.2,11.214000040179188,-0.38599995982081187,-0.0140000401791891,0.0140000401791891
2025-11-01 20:00:00,11.2,11.3,10.804554928011267,-0.3954450719887319,0.49544507198873333,0.49544507198873333
2025-11-01 21:00:00,11.3,11.8,11.196956441318404,-0.10304355868159719,0.6030435586815965,0.6030435586815965
2025-11-01 22:00:00,11.8,11.4,11.825575596353017,0.025575596353016577,-0.425575596353017,0.425575596353017
2025-11-01 23:00:00,11.4,10.6,11.063829216263905,-0.3361707837360962,-0.46382921626390505,0.46382921626390505
2025-11-02 00:00:00,10.6,9.8,9.99586770714038,-0.6041322928596192,-0.19586770714037982,0.19586770714037982
2025-11-02 01:00:00,9.8,9.2,9.327434794013785,-0.4725652059862156,-0.12743479401378544,0.12743479401378544
2025-11-02 02:00:00,9.2,8.8,8.77282199738247,-0.42717800261752864,0.02717800261753034,0.02717800261753034
2025-11-02 03:00:00,8.8,8.7,8.417451951335073,-0.3825480486649283,0.28254804866492655,0.28254804866492655
2025-11-02 04:00:00,8.7,8.3,8.478841024273079,-0.22115897572692017,-0.17884102427307802,0.17884102427307802
2025-11-02 05:00:00,8.3,8.4,7.993074961243312,-0.30692503875668875,0.40692503875668873,0.40692503875668873
2025-11-02 06:00:00,8.4,8.1,8.351489981341436,-0.048510018658564906,-0.25148998134143596,0.25148998134143596
2025-11-02 07:00:00,8.1,7.9,8.29479880337408,0.19479880337408045,-0.3947988033740799,0.3947988033740799
2025-11-02 08:00:00,7.9,8.6,8.71722695986149,0.8172269598614892,-0.11722695986149034,0.11722695986149034
2025-11-02 09:00:00,8.6,9.6,9.794211998872267,1.1942119988722684,-0.1942119988722677,0.1942119988722677
2025-11-02 10:00:00,9.6,10.6,10.680430646227062,1.0804306462270623,-0.08043064622706275,0.08043064622706275
2025-11-02 11:00:00,10.6,10.7,11.671258583192518,1.0712585831925192,-0.9712585831925189,0.9712585831925189
2025-11-02 12:00:00,10.7,10.9,10.97546426255193,0.27546426255193024,-0.07546426255192884,0.07546426255192884
2025-11-02 13:00:00,10.9,11.2,11.063608757560253,0.16360875756025334,0.1363912424397462,0.1363912424397462
2025-11-02 14:00:00,11.2,10.6,11.312096701387512,0.11209670138751197,-0.7120967013875124,0.7120967013875124
2025-11-02 15:00:00,10.6,10.4,9.968349924339668,-0.6316500756603312,0.43165007566033253,0.43165007566033253
2025-11-02 16:00:00,10.4,9.4,9.254356814389794,-1.1456431856102054,0.14564318561020606,0.14564318561020606
2025-11-02 17:00:00,9.4,7.8,8.340825710505195,-1.0591742894948053,-0.540825710505195,0.540825710505195
2025-11-02 18:00:00,7.8,7.1,6.878546762924515,-0.9214532370754855,0.22145323707548492,0.22145323707548492
2025-11-02 19:00:00,7.1,6.5,6.344849038426679,-0.7551509615733208,0.1551509615733213,0.1551509615733213
2025-11-02 20:00:00,6.5,5.6,5.881234756485385,-0.6187652435146151,-0.281234756485385,0.281234756485385
2025-11-02 21:00:00,5.6,4.8,4.869371576971164,-0.730628423028835,-0.06937157697116447,0.06937157697116447
2025-11-02 22:00:00,4.8,4.2,4.085921503030159,-0.7140784969698415,0.1140784969698414,0.1140784969698414
2025-11-02 23:00:00,4.2,3.7,3.6099870964960106,-0.5900129035039895,0.0900129035039896,0.0900129035039896
2025-11-03 00:00:00,3.7,3.3,3.1991607986269948,-0.5008392013730052,0.10083920137300506,0.10083920137300506
2025-11-03 01:00:00,3.3,3.0,2.858092749014947,-0.4419072509850527,0.14190725098505297,0.14190725098505297
2025-11-03 02:00:00,3.0,2.1,2.6221055749118136,-0.37789442508818627,-0.5221055749118135,0.5221055749118135
2025-11-03 03:00:00,2.1,1.6,1.53555592575391,-0.56444407424609,0.06444407424609011,0.06444407424609011
2025-11-03 04:00:00,1.6,0.9,1.2664138790491009,-0.3335861209508992,-0.36641387904910083,0.36641387904910083
2025-11-03 05:00:00,0.9,0.8,0.5529156803523447,-0.3470843196476553,0.24708431964765531,0.24708431964765531
2025-11-03 06:00:00,0.8,0.8,0.5222838297485004,-0.2777161702514996,0.27771617025149964,0.27771617025149964
2025-11-03 07:00:00,0.8,1.0,1.214519561590417,0.414519561590417,-0.21451956159041696,0.21451956159041696
2025-11-03 08:00:00,1.0,3.8,2.3677426017893626,1.3677426017893626,1.4322573982106372,1.4322573982106372
2025-11-03 09:00:00,3.8,7.2,6.638504106858219,2.8385041068582195,0.5614958931417808,0.5614958931417808
2025-11-03 10:00:00,7.2,9.0,9.23864825494999,2.0386482549499894,-0.23864825494998954,0.23864825494998954
2025-11-03 11:00:00,9.0,11.0,10.659724296367251,1.6597242963672514,0.3402757036327486,0.3402757036327486
2025-11-03 12:00:00,11.0,12.2,12.456524671590001,1.456524671590001,-0.25652467159000203,0.25652467159000203
2025-11-03 13:00:00,12.2,13.4,13.231536748462316,1.0315367484623172,0.16846325153768404,0.16846325153768404
2025-11-03 14:00:00,13.4,14.5,13.7823898896276,0.38238988962759957,0.7176101103723997,0.7176101103723997
2025-11-03 15:00:00,14.5,14.3,14.223963308620762,-0.27603669137923853,0.07603669137923852,0.07603669137923852
2025-11-03 16:00:00,14.3,13.0,12.711762354335436,-1.5882376456645646,0.2882376456645641,0.2882376456645641
2025-11-03 17:00:00,13.0,10.9,11.381091440297462,-1.6189085597025383,-0.48109144029746176,0.48109144029746176
2025-11-03 18:00:00,10.9,9.5,9.709404279525451,-1.1905957204745492,-0.20940427952545093,0.20940427952545093
2025-11-03 19:00:00,9.5,8.7,8.565459968232213,-0.9345400317677871,0.13454003176778606,0.13454003176778606
2025-11-03 20:00:00,8.7,7.8,8.04417529584781,-0.6558247041521893,-0.24417529584780961,0.24417529584780961
2025-11-03 21:00:00,7.8,7.6,7.182049094178458,-0.6179509058215413,0.4179509058215416,0.4179509058215416
2025-11-03 22:00:00,7.6,7.0,7.090380951498382,-0.5096190485016181,-0.09038095149838199,0.09038095149838199
2025-11-03 23:00:00,7.0,6.7,6.559337423962584,-0.44066257603741604,0.14066257603741583,0.14066257603741583
2025-11-04 00:00:00,6.7,6.6,6.365251204994485,-0.3347487950055147,0.2347487950055145,0.2347487950055145
2025-11-04 01:00:00,6.6,6.5,6.321905967707152,-0.2780940322928479,0.17809403229284815,0.17809403229284815
2025-11-04 02:00:00,6.5,6.5,6.29706148969286,-0.20293851030714022,0.20293851030714016,0.20293851030714016
2025-11-04 03:00:00,6.5,6.1,6.361208877261774,-0.13879112273822655,-0.2612088772617742,0.2612088772617742
2025-11-04 04:00:00,6.1,6.0,5.862729065974781,-0.23727093402521818,0.13727093402521895,0.13727093402521895
2025-11-04 05:00:00,6.0,5.7,5.825248240654762,-0.17475175934523796,-0.12524824065476192,0.12524824065476192
2025-11-04 06:00:00,5.7,5.7,5.507369282946238,-0.19263071705376275,0.19263071705376245,0.19263071705376245
2025-11-04 07:00:00,5.7,6.3,6.073628020904159,0.37362802090415814,0.22637197909584117,0.22637197909584117
2025-11-04 08:00:00,6.3,8.1,8.115699113233033,1.815699113233033,-0.0156991132330333,0.0156991132330333
2025-11-04 09:00:00,8.1,10.7,10.995928851814735,2.895928851814736,-0.29592885181473605,0.29592885181473605
2025-11-04 10:00:00,10.7,12.8,12.935931538048026,2.235931538048026,-0.13593153804802505,0.13593153804802505
2025-11-04 11:00:00,12.8,14.6,14.692455014025516,1.8924550140255143,-0.09245501402551604,0.09245501402551604
2025-11-04 12:00:00,14.6,15.2,15.663653638311995,1.0636536383119959,-0.463653638311996,0.463653638311996
2025-11-04 13:00:00,15.2,15.7,15.890685207715482,0.6906852077154821,-0.19068520771548236,0.19068520771548236
2025-11-04 14:00:00,15.7,16.2,15.994585428174771,0.2945854281747723,0.20541457182522826,0.20541457182522826
2025-11-04 15:00:00,16.2,15.3,16.02009603630987,-0.1799039636901298,-0.7200960363098687,0.7200960363098687
2025-11-04 16:00:00,15.3,14.0,14.361220227453915,-0.9387797725460858,-0.3612202274539147,0.3612202274539147
2025-11-04 17:00:00,14.0,12.4,12.519551656219948,-1.4804483437800522,-0.11955165621994723,0.11955165621994723
2025-11-04 18:00:00,12.4,11.3,11.201598540002747,-1.1984014599972526,0.09840145999725358,0.09840145999725358
2025-11-04 19:00:00,11.3,10.3,10.34409067308534,-0.9559093269146615,-0.044090673085339205,0.044090673085339205
2025-11-04 20:00:00,10.3,9.6,9.555302358038658,-0.7446976419613426,0.04469764196134207,0.04469764196134207
2025-11-04 21:00:00,9.6,9.0,9.019890126131193,-0.5801098738688061,-0.019890126131192787,0.019890126131192787
2025-11-04 22:00:00,9.0,8.7,8.471266768835306,-0.5287332311646936,0.2287332311646928,0.2287332311646928
2025-11-04 23:00:00,8.7,8.1,8.282209623694103,-0.4177903763058965,-0.18220962369410287,0.18220962369410287
2025-11-05 00:00:00,8.1,7.9,7.696543007459722,-0.4034569925402774,0.2034569925402785,0.2034569925402785
2025-11-05 01:00:00,7.9,7.5,7.607003398468312,-0.29299660153168816,-0.1070033984683123,0.1070033984683123
2025-11-05 02:00:00,7.5,7.0,7.14456127925625,-0.3554387207437502,-0.14456127925624962,0.14456127925624962
2025-11-05 03:00:00,7.0,6.8,6.625210650346106,-0.3747893496538942,0.17478934965389392,0.17478934965389392
2025-11-05 04:00:00,6.8,6.4,6.54716287041629,-0.2528371295837097,-0.14716287041628995,0.14716287041628995
2025-11-05 05:00:00,6.4,6.1,6.083912186130839,-0.3160878138691608,0.01608781386916025,0.01608781386916025
2025-11-05 06:00:00,6.1,5.7,5.879522902836403,-0.22047709716359715,-0.1795229028364025,0.1795229028364025
2025-11-05 07:00:00,5.7,5.9,5.907610765997747,0.20761076599774705,-0.007610765997746682,0.007610765997746682
2025-11-05 08:00:00,5.9,8.1,7.459356126457852,1.5593561264578513,0.6406438735421478,0.6406438735421478
2025-11-05 09:00:00,8.1,11.2,11.075428299202422,2.975428299202422,0.12457170079757773,0.12457170079757773
2025-11-05 10:00:00,11.2,14.1,13.630948524967076,2.4309485249670764,0.46905147503292355,0.46905147503292355
2025-11-05 11:00:00,14.1,16.0,16.002118106348792,1.902118106348792,-0.0021181063487922813,0.0021181063487922813
2025-11-05 12:00:00,16.0,16.8,17.46016182866675,1.4601618286667484,-0.6601618286667481,0.6601618286667481
2025-11-05 13:00:00,16.8,18.5,17.83795637681585,1.0379563768158502,0.6620436231841502,0.6620436231841502
2025-11-05 14:00:00,18.5,18.7,18.992544268574267,0.4925442685742679,-0.2925442685742681,0.2925442685742681
2025-11-05 15:00:00,18.7,18.7,18.58147437889784,-0.1185256211021581,0.11852562110215814,0.11852562110215814
2025-11-05 16:00:00,18.7,17.3,17.25298578238806,-1.4470142176119398,0.04701421761194169,0.04701421761194169
2025-11-05 17:00:00,17.3,15.1,15.74121556321026,-1.5587844367897412,-0.6412155632102596,0.6412155632102596
2025-11-05 18:00:00,15.1,13.5,13.8542875559588,-1.2457124440412,-0.3542875559588001,0.3542875559588001
2025-11-05 19:00:00,13.5,12.7,12.413101859066325,-1.0868981409336747,0.2868981409336744,0.2868981409336744
2025-11-05 20:00:00,12.7,11.9,12.046556489462885,-0.6534435105371139,-0.1465564894628848,0.1465564894628848
2025-11-05 21:00:00,11.9,11.5,11.30635710140247,-0.5936428985975294,0.19364289859752937,0.19364289859752937
2025-11-05 22:00:00,11.5,10.7,10.998855613738135,-0.5011443862618659,-0.2988556137381355,0.2988556137381355
2025-11-05 23:00:00,10.7,10.1,10.16723847734398,-0.5327615226560187,-0.06723847734398092,0.06723847734398092
2025-11-06 00:00:00,10.1,9.8,9.65621387100685,-0.44378612899314934,0.1437861289931508,0.1437861289931508
2025-11-06 01:00:00,9.8,9.4,9.42258459364239,-0.37741540635760984,-0.022584593642390516,0.022584593642390516
2025-11-06 02:00:00,9.4,8.7,9.016369202963016,-0.38363079703698383,-0.31636920296301696,0.31636920296301696
2025-11-06 03:00:00,8.7,8.1,8.224727596088286,-0.47527240391171327,-0.12472759608828632,0.12472759608828632
2025-11-06 04:00:00,8.1,8.0,7.7686161714929325,-0.3313838285070674,0.2313838285070675,0.2313838285070675
2025-11-06 05:00:00,8.0,7.8,7.782281536674874,-0.21771846332512615,0.017718463325126166,0.017718463325126166
2025-11-06 06:00:00,7.8,7.5,7.625571664609522,-0.17442833539047745,-0.12557166460952196,0.12557166460952196
2025-11-06 07:00:00,7.5,7.6,7.738588555941619,0.2385885559416193,-0.13858855594161934,0.13858855594161934
2025-11-06 08:00:00,7.6,9.1,8.841508004179058,1.2415080041790576,0.2584919958209415,0.2584919958209415
2025-11-06 09:00:00,9.1,11.2,11.467065580412404,2.367065580412404,-0.2670655804124049,0.2670655804124049
2025-11-06 10:00:00,11.2,13.4,13.30289735212639,2.1028973521263903,0.09710264787361034,0.09710264787361034
2025-11-06 11:00:00,13.4,16.1,15.035944547216825,1.6359445472168248,1.064055452783176,1.064055452783176
2025-11-06 12:00:00,16.1,17.4,16.80054906425305,0.7005490642530481,0.5994509357469475,0.5994509357469475
2025-11-06 13:00:00,17.4,18.1,18.07772742475474,0.6777274247547437,0.022272575245260384,0.022272575245260384
2025-11-06 14:00:00,18.1,18.5,18.328181271593564,0.2281812715935629,0.17181872840643564,0.17181872840643564
2025-11-06 15:00:00,18.5,17.8,18.160992113568692,-0.33900788643130836,-0.36099211356869176,0.36099211356869176
2025-11-06 16:00:00,17.8,16.7,16.807092558852975,-0.9929074411470252,-0.10709255885297608,0.10709255885297608
2025-11-06 17:00:00,16.7,15.4,15.548641311813983,-1.151358688186017,-0.1486413118139822,0.1486413118139822
2025-11-06 18:00:00,15.4,14.2,14.411075065856027,-0.988924934143973,-0.21107506585602742,0.21107506585602742
2025-11-06 19:00:00,14.2,13.7,13.391702500735557,-0.8082974992644429,0.3082974992644427,0.3082974992644427
2025-11-06 20:00:00,13.7,13.1,13.214014951274967,-0.48598504872503195,-0.1140149512749673,0.1140149512749673
2025-11-06 21:00:00,13.1,12.6,12.618221313640651,-0.481778686359348,-0.018221313640651715,0.018221313640651715
2025-11-06 22:00:00,12.6,12.0,12.167440607122728,-0.43255939287727213,-0.16744060712272812,0.16744060712272812
2025-11-06 23:00:00,12.0,11.3,11.582449722803014,-0.41755027719698545,-0.2824497228030136,0.2824497228030136
2025-11-07 00:00:00,11.3,10.5,10.809349698829246,-0.49065030117075387,-0.3093496988292461,0.3093496988292461
2025-11-07 01:00:00,10.5,10.2,9.963482856195865,-0.5365171438041342,0.23651714380413402,0.23651714380413402
2025-11-07 02:00:00,10.2,9.7,9.90434074262949,-0.29565925737050996,-0.20434074262949053,0.20434074262949053
2025-11-07 03:00:00,9.7,9.2,9.291578390361165,-0.40842160963883395,-0.09157839036116577,0.09157839036116577
2025-11-07 04:00:00,9.2,9.1,8.865093848423664,-0.3349061515763349,0.234906151576336,0.234906151576336
2025-11-07 05:00:00,9.1,9.1,8.896418822987053,-0.2035811770129458,0.2035811770129463,0.2035811770129463
2025-11-07 06:00:00,9.1,8.6,9.005743628947897,-0.094256371052102,-0.4057436289478975,0.4057436289478975
2025-11-07 07:00:00,8.6,9.0,8.710440873142444,0.11044087314244504,0.28955912685755614,0.28955912685755614
2025-11-07 08:00:00,9.0,10.7,10.882510697544598,1.8825106975445978,-0.1825106975445987,0.1825106975445987
2025-11-07 09:00:00,10.7,13.2,13.22228742535636,2.522287425356361,-0.022287425356360302,0.022287425356360302
2025-11-07 10:00:00,13.2,15.5,15.426782202153777,2.2267822021537786,0.07321779784622251,0.07321779784622251
2025-11-07 11:00:00,15.5,17.0,17.152242821665737,1.6522428216657379,-0.15224282166573744,0.15224282166573744
2025-11-07 12:00:00,17.0,18.4,18.349851683878477,1.349851683878476,0.05014831612152193,0.05014831612152193
2025-11-07 13:00:00,18.4,19.5,19.137834138550673,0.7378341385506738,0.36216586144932705,0.36216586144932705
2025-11-07 14:00:00,19.5,19.9,19.67665847380312,0.17665847380311986,0.22334152619687941,0.22334152619687941
2025-11-07 15:00:00,19.9,19.9,19.60681054194773,-0.29318945805226665,0.29318945805226804,0.29318945805226804
2025-11-07 16:00:00,19.9,18.6,18.494882004952206,-1.405117995047792,0.10511799504779518,0.10511799504779518
2025-11-07 17:00:00,18.6,16.8,16.945937001214478,-1.6540629987855218,-0.1459370012144774,0.1459370012144774
2025-11-07 18:00:00,16.8,15.5,15.588355467193946,-1.2116445328060557,-0.08835546719394571,0.08835546719394571
2025-11-07 19:00:00,15.5,14.5,14.57876927964277,-0.9212307203572301,-0.07876927964277058,0.07876927964277058
2025-11-07 20:00:00,14.5,14.5,13.73267926209095,-0.767320737909049,0.7673207379090492,0.7673207379090492
2025-11-07 21:00:00,14.5,14.1,14.053825675776068,-0.4461743242239326,0.04617432422393186,0.04617432422393186
2025-11-07 22:00:00,14.1,13.8,13.662517091808795,-0.43748290819120506,0.13748290819120612,0.13748290819120612
2025-11-07 23:00:00,13.8,13.1,13.436145307728147,-0.36385469227185435,-0.3361453077281471,0.3361453077281471
2025-11-08 00:00:00,13.1,12.9,12.554935542070575,-0.5450644579294249,0.34506445792942486,0.34506445792942486
2025-11-08 01:00:00,12.9,13.1,12.629019739458968,-0.2709802605410322,0.47098026054103137,0.47098026054103137
2025-11-08 02:00:00,13.1,12.5,12.96695801482144,-0.13304198517856008,-0.46695801482144006,0.46695801482144006
2025-11-08 03:00:00,12.5,12.4,12.063523354632045,-0.4364766453679558,0.33647664536795574,0.33647664536795574
2025-11-08 04:00:00,12.4,12.6,12.222313689281213,-0.17768631071878763,0.37768631071878644,0.37768631071878644
2025-11-08 05:00:00,12.6,12.8,12.509533348593752,-0.09046665140624748,0.2904666514062484,0.2904666514062484
2025-11-08 06:00:00,12.8,12.9,12.856999936313654,0.056999936313654305,0.043000063686346124,0.043000063686346124
2025-11-08 07:00:00,12.9,13.1,13.22452986532396,0.32452986532395955,-0.12452986532396082,0.12452986532396082
2025-11-08 08:00:00,13.1,13.9,13.904413525803776,0.8044135258037766,-0.004413525803775187,0.004413525803775187
2025-11-08 09:00:00,13.9,14.9,15.15290489264501,1.2529048926450093,-0.2529048926450095,0.2529048926450095
2025-11-08 10:00:00,14.9,15.2,16.112341641574307,1.2123416415743058,-0.912341641574308,0.912341641574308
2025-11-08 11:00:00,15.2,16.0,15.854216593155966,0.6542165931559666,0.1457834068440338,0.1457834068440338
2025-11-08 12:00:00,16.0,16.8,16.672747862025304,0.6727478620253048,0.12725213797469692,0.12725213797469692
2025-11-08 13:00:00,16.8,16.9,17.39060746420801,0.5906074642080082,-0.4906074642080114,0.4906074642080114
2025-11-08 14:00:00,16.9,17.0,16.945422195728298,0.04542219572830115,0.05457780427170178,0.05457780427170178
2025-11-08 15:00:00,17.0,16.8,16.955232277780222,-0.044767722219778434,-0.15523227778022175,0.15523227778022175
2025-11-08 16:00:00,16.8,16.4,16.269358866637305,-0.5306411333626979,0.130641133362694,0.130641133362694
2025-11-08 17:00:00,16.4,15.8,15.817748571929808,-0.5822514280701897,-0.01774857192980761,0.01774857192980761
2025-11-08 18:00:00,15.8,15.4,15.22118549339211,-0.5788145066078912,0.17881450660789078,0.17881450660789078
2025-11-08 19:00:00,15.4,15.0,14.966562532796914,-0.4334374672030866,0.03343746720308616,0.03343746720308616
2025-11-08 20:00:00,15.0,14.7,14.595784911440402,-0.4042150885595975,0.10421508855959694,0.10421508855959694
2025-11-08 21:00:00,14.7,14.3,14.382926565954781,-0.31707343404521743,-0.08292656595478043,0.08292656595478043
2025-11-08 22:00:00,14.3,14.0,13.94715210605663,-0.35284789394337085,0.05284789394337075,0.05284789394337075
2025-11-08 23:00:00,14.0,13.3,13.724653356171018,-0.27534664382898133,-0.4246533561710173,0.4246533561710173
2025-11-09 00:00:00,13.3,12.8,12.850449739905015,-0.4495502600949863,-0.05044973990501411,0.05044973990501411
2025-11-09 01:00:00,12.8,12.3,12.393648762804327,-0.406351237195674,-0.09364876280432632,0.09364876280432632
2025-11-09 02:00:00,12.3,12.5,11.889742224661337,-0.4102577753386649,0.6102577753386633,0.6102577753386633
2025-11-09 03:00:00,12.5,12.6,12.416799886673218,-0.08320011332678293,0.183200113326782,0.183200113326782
2025-11-09 04:00:00,12.6,12.8,12.64668049537327,0.046680495373270535,0.15331950462673127,0.15331950462673127
2025-11-09 05:00:00,12.8,12.3,12.805225470966795,0.005225470966794569,-0.5052254709667938,0.5052254709667938
2025-11-09 06:00:00,12.3,11.3,12.180961022218415,-0.11903897778158552,-0.8809610222184148,0.8809610222184148
2025-11-09 07:00:00,11.3,11.0,10.971109226378633,-0.32889077362136737,0.028890773621366606,0.028890773621366606
2025-11-09 08:00:00,11.0,12.3,11.900184494753487,0.9001844947534878,0.3998155052465133,0.3998155052465133
2025-11-09 09:00:00,12.3,13.9,14.39686276708976,2.0968627670897586,-0.49686276708975896,0.49686276708975896
2025-11-09 10:00:00,13.9,15.0,15.299071420965438,1.3990714209654378,-0.29907142096543815,0.29907142096543815
2025-11-09 11:00:00,15.0,16.4,16.12045886021435,1.1204588602143482,0.27954113978564976,0.27954113978564976
2025-11-09 12:00:00,16.4,17.5,17.321062954122755,0.9210629541227552,0.17893704587724457,0.17893704587724457
2025-11-09 13:00:00,17.5,17.1,18.0141661278236,0.5141661278236002,-0.9141661278235986,0.9141661278235986
2025-11-09 14:00:00,17.1,17.2,17.23416775357723,0.13416775357722538,-0.03416775357722912,0.03416775357722912
2025-11-09 15:00:00,17.2,16.1,17.03151626569653,-0.16848373430346814,-0.9315162656965299,0.9315162656965299
2025-11-09 16:00:00,16.1,14.9,15.246713835112585,-0.8532861648874165,-0.3467138351125847,0.3467138351125847
2025-11-09 17:00:00,14.9,14.0,13.812455412035941,-1.0875445879640584,0.1875445879640587,0.1875445879640587
2025-11-09 18:00:00,14.0,13.7,13.07631109746108,-0.9236889025389207,0.6236889025389196,0.6236889025389196
2025-11-09 19:00:00,13.7,13.3,13.240649200161444,-0.45935079983855437,0.05935079983855651,0.05935079983855651
2025-11-09 20:00:00,13.3,12.8,12.806692737397473,-0.493307262602527,-0.006692737397472115,0.006692737397472115
2025-11-09 21:00:00,12.8,11.7,12.282679977737628,-0.5173200222623736,-0.5826799777376284,0.5826799777376284
2025-11-09 22:00:00,11.7,11.0,10.857339573226046,-0.8426604267739529,0.14266042677395419,0.14266042677395419
2025-11-09 23:00:00,11.0,10.5,10.365617933753432,-0.6343820662465679,0.1343820662465678,0.1343820662465678
2025-11-10 00:00:00,10.5,10.1,9.965888372051667,-0.5341116279483321,0.1341116279483323,0.1341116279483323
2025-11-10 01:00:00,10.1,9.4,9.641234858244282,-0.458765141755718,-0.24123485824428137,0.24123485824428137
2025-11-10 02:00:00,9.4,8.1,8.751754801626909,-0.6482451983730909,-0.6517548016269092,0.6517548016269092
2025-11-10 03:00:00,8.1,7.0,7.358182890118396,-0.7418171098816032,-0.3581828901183961,0.3581828901183961
2025-11-10 04:00:00,7.0,6.3,6.408619577238133,-0.5913804227618672,-0.10861957723813287,0.10861957723813287
2025-11-10 05:00:00,6.3,5.9,5.819377897524342,-0.48062210247565784,0.08062210247565815,0.08062210247565815
2025-11-10 06:00:00,5.9,5.5,5.4910032831417945,-0.4089967168582056,0.008996716858205467,0.008996716858205467
2025-11-10 07:00:00,5.5,6.0,5.779501128638541,0.27950112863854126,0.22049887136145863,0.22049887136145863
2025-11-10 08:00:00,6.0,7.2,6.977078824885145,0.9770788248851446,0.22292117511485543,0.22292117511485543
2025-11-10 09:00:00,7.2,8.6,8.820429730398581,1.6204297303985806,-0.22042973039858182,0.22042973039858182
2025-11-10 10:00:00,8.6,10.0,9.934544150370465,1.3345441503704654,0.06545584962953477,0.06545584962953477
2025-11-10 11:00:00,10.0,10.5,11.235710599311922,1.2357105993119215,-0.735710599311922,0.735710599311922
2025-11-10 12:00:00,10.5,11.1,11.447509948327578,0.9475099483275778,-0.34750994832757875,0.34750994832757875
2025-11-10 13:00:00,11.1,11.5,11.698461039188915,0.5984610391889149,-0.19846103918891522,0.19846103918891522
2025-11-10 14:00:00,11.5,12.3,11.79866863363787,0.2986686336378707,0.5013313663621304,0.5013313663621304
2025-11-10 15:00:00,12.3,11.8,12.105947820469463,-0.19405217953053783,-0.3059478204694628,0.3059478204694628
2025-11-10 16:00:00,11.8,10.2,10.438688565223405,-1.3613114347765956,-0.23868856522340565,0.23868856522340565
2025-11-10 17:00:00,10.2,9.0,8.888498453141906,-1.311501546858092,0.11150154685809355,0.11150154685809355
2025-11-10 18:00:00,9.0,8.2,7.985751736620089,-1.0142482633799113,0.21424826337991032,0.21424826337991032
2025-11-10 19:00:00,8.2,7.8,7.508213205913962,-0.6917867940860373,0.2917867940860379,0.2917867940860379
2025-11-10 20:00:00,7.8,7.3,7.1756318508063055,-0.6243681491936943,0.12436814919369432,0.12436814919369432
2025-11-10 21:00:00,7.3,6.9,6.779198091475329,-0.5208019085246711,0.12080190852467165,0.12080190852467165
2025-11-10 22:00:00,6.9,6.4,6.492647824817166,-0.40735217518283434,-0.09264782481716605,0.09264782481716605
2025-11-10 23:00:00,6.4,5.7,5.840877608296542,-0.5591223917034586,-0.14087760829654172,0.14087760829654172
2025-11-11 00:00:00,5.7,4.6,5.165862766702642,-0.5341372332973577,-0.5658627667026428,0.5658627667026428
2025-11-11 01:00:00,4.6,4.3,3.9934375819399315,-0.6065624180600683,0.30656241806006834,0.30656241806006834
2025-11-11 02:00:00,4.3,4.2,3.920240240365689,-0.37975975963431113,0.2797597596343113,0.2797597596343113
2025-11-11 03:00:00,4.2,4.0,3.9024707171803046,-0.2975292828196955,0.09752928281969542,0.09752928281969542
2025-11-11 04:00:00,4.0,4.2,3.6870525806147776,-0.31294741938522225,0.5129474193852226,0.5129474193852226
2025-11-11 05:00:00,4.2,4.3,4.124411598334621,-0.07558840166537904,0.1755884016653786,0.1755884016653786
2025-11-11 06:00:00,4.3,4.1,4.303026767477862,0.0030267674778619294,-0.20302676747786208,0.20302676747786208
2025-11-11 07:00:00,4.1,4.2,4.32511502979343,0.22511502979343062,-0.12511502979343003,0.12511502979343003
2025-11-11 08:00:00,4.2,5.9,4.974671054952433,0.7746710549524328,0.9253289450475677,0.9253289450475677
2025-11-11 09:00:00,5.9,9.0,8.367843130227971,2.4678431302279717,0.6321568697720288,0.6321568697720288
2025-11-11 10:00:00,9.0,11.9,11.0848823975733,2.084882397573301,0.8151176024266995,0.8151176024266995
2025-11-11 11:00:00,11.9,13.1,13.687116121914098,1.7871161219140985,-0.5871161219140983,0.5871161219140983
2025-11-11 12:00:00,13.1,13.7,14.480351458983321,1.380351458983322,-0.780351458983322,0.780351458983322
2025-11-11 13:00:00,13.7,15.1,14.43949114039949,0.7394911403994899,0.66050885960051,0.66050885960051
2025-11-11 14:00:00,15.1,14.8,15.354539167017403,0.2545391670174032,-0.5545391670174027,0.5545391670174027
2025-11-11 15:00:00,14.8,14.2,14.46572005198744,-0.33427994801256217,-0.2657200519874401,0.2657200519874401
2025-11-11 16:00:00,14.2,12.8,13.091306985544353,-1.1086930144556466,-0.2913069855443524,0.2913069855443524
2025-11-11 17:00:00,12.8,11.7,11.632543508474816,-1.1674564915251848,0.06745649152518318,0.06745649152518318
2025-11-11 18:00:00,11.7,10.9,10.675005068918015,-1.0249949310819846,0.22499493108198543,0.22499493108198543
2025-11-11 19:00:00,10.9,10.1,10.208881855598252,-0.6911181444017482,-0.10888185559825203,0.10888185559825203
2025-11-11 20:00:00,10.1,9.3,9.491801618616494,-0.6081983813835051,-0.19180161861649303,0.19180161861649303
2025-11-11 21:00:00,9.3,8.8,8.740894456586268,-0.5591055434137318,0.05910554341373242,0.05910554341373242
2025-11-11 22:00:00,8.8,8.7,8.347371264380778,-0.45262873561922307,0.3526287356192217,0.3526287356192217
2025-11-11 23:00:00,8.7,7.8,8.43876441601586,-0.26123558398413865,-0.638764416015861,0.638764416015861
2025-11-12 00:00:00,7.8,7.6,7.2879083070274975,-0.5120916929725022,0.31209169297250217,0.31209169297250217
2025-11-12 01:00:00,7.6,7.4,7.328653144273326,-0.2713468557266736,0.07134685572667454,0.07134685572667454
2025-11-12 02:00:00,7.4,7.1,7.131365606830266,-0.2686343931697342,-0.031365606830266124,0.031365606830266124
2025-11-12 03:00:00,7.1,6.6,6.8288528269884115,-0.2711471730115878,-0.2288528269884118,0.2288528269884118
2025-11-12 04:00:00,6.6,6.3,6.278430104800065,-0.3215698951999347,0.02156989519993502,0.02156989519993502
2025-11-12 05:00:00,6.3,6.0,6.038517415261763,-0.2614825847382366,-0.03851741526176333,0.03851741526176333
2025-11-12 06:00:00,6.0,6.0,5.779522902836403,-0.22047709716359715,0.22047709716359698,0.22047709716359698
2025-11-12 07:00:00,6.0,6.6,6.409074171059159,0.40907417105915955,0.19092582894084043,0.19092582894084043
2025-11-12 08:00:00,6.6,8.0,8.324315074351386,1.724315074351387,-0.32431507435138585,0.32431507435138585
2025-11-12 09:00:00,8.0,10.4,10.173470873733184,2.1734708737331845,0.22652912626681676,0.22652912626681676
2025-11-12 10:00:00,10.4,12.9,12.635999227429988,2.2359992274299874,0.26400077257001264,0.26400077257001264
2025-11-12 11:00:00,12.9,15.0,14.703233400289164,1.8032334002891646,0.2967665997108355,0.2967665997108355
2025-11-12 12:00:00,15.0,16.8,16.453432933035828,1.453432933035828,0.34656706696417316,0.34656706696417316
2025-11-12 13:00:00,16.8,17.1,17.848896850045595,1.0488968500455955,-0.7488968500455933,0.7488968500455933
2025-11-12 14:00:00,17.1,17.7,17.496430603285855,0.3964306032858537,0.2035693967141441,0.2035693967141441
2025-11-12 15:00:00,17.7,16.9,17.450375970992077,-0.24962402900792388,-0.5503759709920786,0.5503759709920786
2025-11-12 16:00:00,16.9,15.1,15.93641831726999,-0.9635816827300082,-0.8364183172699899,0.8364183172699899
2025-11-12 17:00:00,15.1,13.5,13.620529185023818,-1.479470814976181,-0.12052918502381793,0.12052918502381793
2025-11-12 18:00:00,13.5,12.4,12.385917432636745,-1.1140825673632555,0.014082567363255194,0.014082567363255194
2025-11-12 19:00:00,12.4,11.3,11.575982827101365,-0.8240171728986352,-0.27598282710136424,0.27598282710136424
2025-11-12 20:00:00,11.3,10.6,10.56547800634147,-0.73452199365853,0.03452199365852948,0.03452199365852948
2025-11-12 21:00:00,10.6,9.6,9.996743828732184,-0.6032561712678167,-0.39674382873218406,0.39674382873218406
2025-11-12 22:00:00,9.6,8.8,8.975171553383431,-0.6248284466165692,-0.17517155338343038,0.17517155338343038
2025-11-12 23:00:00,8.8,8.2,8.308602296197005,-0.49139770380299524,-0.1086022961970059,0.1086022961970059
2025-11-13 00:00:00,8.2,7.6,7.728806564700628,-0.4711934352993713,-0.12880656470062846,0.12880656470062846
2025-11-13 01:00:00,7.6,7.5,7.145314546898518,-0.45468545310148106,0.3546854531014816,0.3546854531014816
2025-11-13 02:00:00,7.5,7.2,7.259139949202333,-0.2408600507976667,-0.05913994920233279,0.05913994920233279
2025-11-13 03:00:00,7.2,7.2,6.90403846202113,-0.2959615379788707,0.2959615379788705,0.2959615379788705
2025-11-13 04:00:00,7.2,6.8,7.105309771061571,-0.09469022893842882,-0.3053097710615713,0.3053097710615713
2025-11-13 05:00:00,6.8,7.6,6.524797339038686,-0.27520266096131346,1.0752026609613132,1.0752026609613132
2025-11-13 06:00:00,7.6,7.7,7.8195338455232815,0.21953384552328217,-0.11953384552328128,0.11953384552328128
2025-11-13 07:00:00,7.7,8.1,8.035451769909193,0.3354517699091923,0.06454823009080712,0.06454823009080712
2025-11-13 08:00:00,8.1,9.3,8.977849514088739,0.8778495140887382,0.32215048591126205,0.32215048591126205
2025-11-13 09:00:00,9.3,10.8,11.344146880972577,2.0441468809725762,-0.5441468809725762,0.5441468809725762
2025-11-13 10:00:00,10.8,13.0,12.498865934566513,1.6988659345665118,0.5011340654334866,0.5011340654334866
2025-11-13 11:00:00,13.0,15.5,14.860807622644842,1.8608076226448416,0.6391923773551582,0.6391923773551582
2025-11-13 12:00:00,15.5,16.6,16.34270465096562,0.8427046509656184,0.2572953490343828,0.2572953490343828
2025-11-13 13:00:00,16.6,16.9,17.209267099872456,0.6092670998724528,-0.30926709987245715,0.30926709987245715
2025-11-13 14:00:00,16.9,17.3,17.026138946961773,0.12613894696177458,0.27386105303822816,0.27386105303822816
2025-11-13 15:00:00,17.3,16.3,17.00419801494225,-0.2958019850577504,-0.70419801494225,0.70419801494225
2025-11-13 16:00:00,16.3,14.6,15.403461210591265,-0.896538789408735,-0.8034612105912657,0.8034612105912657
2025-11-13 17:00:00,14.6,13.4,13.143291716458668,-1.4567082835413314,0.25670828354133235,0.25670828354133235
2025-11-13 18:00:00,13.4,12.3,12.41063876381307,-0.9893612361869294,-0.11063876381306947,0.11063876381306947
2025-11-13 19:00:00,12.3,11.6,11.444319410889344,-0.8556805891106567,0.15568058911065563,0.15568058911065563
2025-11-13 20:00:00,11.6,11.0,10.964854275245655,-0.6351457247543454,0.03514572475434541,0.03514572475434541
2025-11-13 21:00:00,11.0,9.9,10.441783070911713,-0.558216929088287,-0.5417830709117126,0.5417830709117126
2025-11-13 22:00:00,9.9,8.7,9.172156184126582,-0.7278438158734185,-0.47215618412658245,0.47215618412658245
2025-11-13 23:00:00,8.7,7.6,8.044538656626074,-0.6554613433739261,-0.44453865662607406,0.44453865662607406
2025-11-14 00:00:00,7.6,7.3,6.95457866142789,-0.6454213385721097,0.3454213385721099,0.3454213385721099
2025-11-14 01:00:00,7.3,6.7,6.879764434010426,-0.4202355659895742,-0.1797644340104254,0.1797644340104254
2025-11-14 02:00:00,6.7,6.6,6.1987329747056235,-0.5012670252943766,0.4012670252943762,0.4012670252943762
2025-11-14 03:00:00,6.6,5.9,6.326852319473036,-0.27314768052696325,-0.4268523194730358,0.4268523194730358
2025-11-14 04:00:00,5.9,5.6,5.528068611329669,-0.37193138867033143,0.07193138867033078,0.07193138867033078
2025-11-14 05:00:00,5.6,5.2,5.309687316281085,-0.29031268371891444,-0.10968731628108497,0.10968731628108497
2025-11-14 06:00:00,5.2,4.9,4.939050155574798,-0.26094984442520175,-0.03905015557479796,0.03905015557479796
2025-11-14 07:00:00,4.9,4.6,5.09966178055428,0.1996617805542795,-0.49966178055428045,0.49966178055428045
2025-11-14 08:00:00,4.6,6.7,5.705468737006715,1.1054687370067158,0.9945312629932852,0.9945312629932852
2025-11-14 09:00:00,6.7,9.6,9.59295276095658,2.89295276095658,0.007047239043419751,0.007047239043419751
2025-11-14 10:00:00,9.6,11.5,11.77990423604387,2.1799042360438707,-0.2799042360438708,0.2799042360438708
2025-11-14 11:00:00,11.5,12.6,13.018915316745648,1.5189153167456475,-0.4189153167456485,0.4189153167456485
2025-11-14 12:00:00,12.6,13.5,13.521674551910394,0.9216745519103944,-0.021674551910393802,0.021674551910393802
2025-11-14 13:00:00,13.5,14.8,14.097716865997306,0.5977168659973053,0.7022831340026947,0.7022831340026947
2025-11-14 14:00:00,14.8,14.6,15.050507098193323,0.2505070981933233,-0.4505070981933237,0.4505070981933237
2025-11-14 15:00:00,14.6,14.3,14.426470604072442,-0.17352939592755848,-0.12647060407244126,0.12647060407244126
2025-11-14 16:00:00,14.3,12.6,12.78763657745908,-1.51236342254092,-0.1876365774590809,0.1876365774590809
2025-11-14 17:00:00,12.6,11.2,11.117862106403015,-1.4821378935969853,0.08213789359698431,0.08213789359698431
2025-11-14 18:00:00,11.2,10.3,10.131902963259268,-1.0680970367407316,0.16809703674073262,0.16809703674073262
2025-11-14 19:00:00,10.3,9.5,9.544792171905902,-0.755207828094099,-0.04479217190590212,0.04479217190590212
2025-11-14 20:00:00,9.5,8.9,8.858315204506313,-0.6416847954936868,0.04168479549368698,0.04168479549368698
2025-11-14 21:00:00,8.9,8.1,8.345095724752715,-0.5549042752472844,-0.24509572475271568,0.24509572475271568
2025-11-14 22:00:00,8.1,7.5,7.568419291277818,-0.5315807087221818,-0.06841929127781832,0.06841929127781832
2025-11-14 23:00:00,7.5,6.8,7.064654535988595,-0.4353454640114055,-0.264654535988595,0.264654535988595
2025-11-15 00:00:00,6.8,6.4,6.269646258837582,-0.5303537411624175,0.13035374116241805,0.13035374116241805
2025-11-15 01:00:00,6.4,6.0,5.97249240561532,-0.4275075943846805,0.02750759438468009,0.02750759438468009
2025-11-15 02:00:00,6.0,5.6,5.599957438336205,-0.40004256166379465,4.2561663794238314e-05,4.2561663794238314e-05
2025-11-15 03:00:00,5.6,5.2,5.219226540437868,-0.3807734595621319,-0.019226540437867534,0.019226540437867534
2025-11-15 04:00:00,5.2,4.9,4.870510416258758,-0.3294895837412424,0.029489583741242775,0.029489583741242775
2025-11-15 05:00:00,4.9,4.5,4.600933101657539,-0.29906689834246153,-0.10093310165753877,0.10093310165753877
2025-11-15 06:00:00,4.5,3.9,4.263460876428708,-0.23653912357129217,-0.3634608764287077,0.3634608764287077
2025-11-15 07:00:00,3.9,3.7,3.921688703092674,0.021688703092673976,-0.22168870309267374,0.22168870309267374
2025-11-15 08:00:00,3.7,5.9,4.923835952866263,1.2238359528662628,0.9761640471337376,0.9761640471337376
2025-11-15 09:00:00,5.9,8.7,8.678807154995752,2.7788071549957514,0.02119284500424712,0.02119284500424712
2025-11-15 10:00:00,8.7,11.3,10.846170812379611,2.1461708123796126,0.45382918762038926,0.45382918762038926
2025-11-15 11:00:00,11.3,14.2,12.85610026648512,1.5561002664851198,1.3438997335148795,1.3438997335148795
2025-11-15 12:00:00,14.2,15.0,15.786608157060371,1.5866081570603725,-0.7866081570603711,0.7866081570603711
2025-11-15 13:00:00,15.0,16.7,15.912954715631908,0.9129547156319086,0.7870452843680908,0.7870452843680908
2025-11-15 14:00:00,16.7,17.3,17.465933783639166,0.7659337836391652,-0.165933783639165,0.165933783639165
2025-11-15 15:00:00,17.3,16.9,17.157845294593557,-0.14215470540644454,-0.2578452945935581,0.2578452945935581
2025-11-15 16:00:00,16.9,14.7,15.303634657957737,-1.596365342042261,-0.6036346579577376,0.6036346579577376
2025-11-15 17:00:00,14.7,13.0,13.00003265058228,-1.699967349417718,-3.265058228052453e-05,3.265058228052453e-05
2025-11-15 18:00:00,13.0,11.7,11.606774122475851,-1.3932258775241477,0.0932258775241479,0.0932258775241479
2025-11-15 19:00:00,11.7,10.6,10.589878240640441,-1.110121759359558,0.010121759359558169,0.010121759359558169
2025-11-15 20:00:00,10.6,9.5,9.783910725057554,-0.8160892749424463,-0.2839107250575541,0.2839107250575541
2025-11-15 21:00:00,9.5,8.9,8.716938336272957,-0.783061663727043,0.18306166372704347,0.18306166372704347
2025-11-15 22:00:00,8.9,8.6,8.357130602725094,-0.5428693972749067,0.2428693972749052,0.2428693972749052
2025-11-15 23:00:00,8.6,8.0,8.16011823115288,-0.43988176884711927,-0.1601182311528806,0.1601182311528806
2025-11-16 00:00:00,8.0,7.5,7.588471368739259,-0.41152863126074146,-0.08847136873925887,0.08847136873925887
2025-11-16 01:00:00,7.5,7.0,7.090354760716751,-0.40964523928324886,-0.09035476071675141,0.09035476071675141
2025-11-16 02:00:00,7.0,6.3,6.607963419372407,-0.3920365806275931,-0.307963419372407,0.307963419372407
2025-11-16 03:00:00,6.3,6.6,5.850928045126271,-0.4490719548737288,0.7490719548737284,0.7490719548737284
2025-11-16 04:00:00,6.6,6.2,6.531848168944809,-0.06815183105518999,-0.3318481689448092,0.3318481689448092
2025-11-16 05:00:00,6.2,5.8,5.893851412730843,-0.30614858726915695,-0.09385141273084319,0.09385141273084319
2025-11-16 06:00:00,5.8,5.7,5.616743249945101,-0.18325675005489953,0.08325675005489952,0.08325675005489952
2025-11-16 07:00:00,5.7,5.7,6.05983349474552,0.3598334947455205,-0.3598334947455202,0.3598334947455202
2025-11-16 08:00:00,5.7,7.6,6.95804699745852,1.2580469974585198,0.6419530025414799,0.6419530025414799
2025-11-16 09:00:00,7.6,10.5,10.69261742047519,3.09261742047519,-0.19261742047518915,0.19261742047518915
2025-11-16 10:00:00,10.5,12.8,12.759464083019296,2.2594640830192954,0.04053591698070491,0.04053591698070491
2025-11-16 11:00:00,12.8,16.5,14.461306900324344,1.6613069003243432,2.0386930996756565,2.0386930996756565
2025-11-16 12:00:00,16.5,17.8,17.705861389556414,1.2058613895564136,0.0941386104435864,0.0941386104435864
2025-11-16 13:00:00,17.8,18.4,18.629683913587495,0.8296839135874942,-0.22968391358749685,0.22968391358749685
2025-11-16 14:00:00,18.4,17.4,18.45735141158883,0.057351411588833674,-1.057351411588833,1.057351411588833
2025-11-16 15:00:00,17.4,16.6,16.820200180718516,-0.5797998192814843,-0.2202001807185141,0.2202001807185141
2025-11-16 16:00:00,16.6,15.7,15.875682751439061,-0.7243172485609404,-0.1756827514390622,0.1756827514390622
2025-11-16 17:00:00,15.7,15.1,14.672743022746634,-1.0272569772533648,0.4272569772533661,0.4272569772533661
2025-11-16 18:00:00,15.1,14.9,14.561397692460579,-0.5386023075394201,0.33860230753942133,0.33860230753942133
2025-11-16 19:00:00,14.9,14.8,14.510064476615081,-0.3899355233849184,0.28993552338491924,0.28993552338491924
2025-11-16 20:00:00,14.8,14.1,14.56101107457381,-0.23898892542619052,-0.4610110745738112,0.4610110745738112
2025-11-16 21:00:00,14.1,13.9,13.572668081698646,-0.5273319183013538,0.3273319183013541,0.3273319183013541
2025-11-16 22:00:00,13.9,12.5,13.659472948495058,-0.24052705150494288,-1.1594729484950577,1.1594729484950577
2025-11-16 23:00:00,12.5,9.7,11.479126357759764,-1.0208736422402354,-1.7791263577597647,1.7791263577597647
2025-11-17 00:00:00,9.7,8.5,8.547415306579115,-1.1525846934208845,-0.04741530657911497,0.04741530657911497
2025-11-17 01:00:00,8.5,7.7,7.6870760738331425,-0.8129239261668574,0.012923926166857669,0.012923926166857669
2025-11-17 02:00:00,7.7,6.3,6.995566097902566,-0.7044339020974337,-0.6955660979025664,0.6955660979025664
2025-11-17 03:00:00,6.3,5.3,5.264553052054869,-1.035446947945131,0.0354469479451307,0.0354469479451307
2025-11-17 04:00:00,5.3,4.5,4.4340671206819575,-0.8659328793180421,0.06593287931804248,0.06593287931804248
2025-11-17 05:00:00,4.5,4.1,3.8252158701279027,-0.6747841298720975,0.274784129872097,0.274784129872097
2025-11-17 06:00:00,4.1,3.7,3.6627119269432584,-0.43728807305674133,0.037288073056741755,0.037288073056741755
2025-11-17 07:00:00,3.7,3.3,3.9012477443487956,0.2012477443487953,-0.6012477443487958,0.6012477443487958
2025-11-17 08:00:00,3.3,3.2,3.7801093301527757,0.48010933015277607,-0.5801093301527755,0.5801093301527755
2025-11-17 09:00:00,3.2,3.8,3.7262069163220444,0.5262069163220443,0.07379308367795545,0.07379308367795545
2025-11-17 10:00:00,3.8,3.8,4.566222455519307,0.7662224555193072,-0.7662224555193076,0.7662224555193076
2025-11-17 11:00:00,3.8,3.8,4.174183489512674,0.37418348951267394,-0.3741834895126743,0.3741834895126743
2025-11-17 12:00:00,3.8,4.6,4.1703826037811735,0.37038260378117377,0.4296173962188261,0.4296173962188261
2025-11-17 13:00:00,4.6,4.7,5.093394803682281,0.49339480368228145,-0.3933948036822805,0.3933948036822805
2025-11-17 14:00:00,4.7,5.2,4.926094544141929,0.22609454414192848,0.27390545585807136,0.27390545585807136
2025-11-17 15:00:00,5.2,5.1,4.842219849146246,-0.35778015085375464,0.25778015085375383,0.25778015085375383
2025-11-17 16:00:00,5.1,3.7,3.846768710475261,-1.253231289524739,-0.14676871047526063,0.14676871047526063
2025-11-17 17:00:00,3.7,3.0,2.629356642173778,-1.070643357826222,0.3706433578262218,0.3706433578262218
2025-11-17 18:00:00,3.0,2.4,2.292226995790327,-0.7077730042096729,0.10777300420967295,0.10777300420967295
2025-11-17 19:00:00,2.4,1.4,1.776764398818507,-0.623235601181493,-0.376764398818507,0.376764398818507
2025-11-17 20:00:00,1.4,0.6,0.5520795060462915,-0.8479204939537084,0.047920493953708454,0.047920493953708454
2025-11-17 21:00:00,0.6,0.2,-0.010451321940099567,-0.6104513219400995,0.21045132194009958,0.21045132194009958
2025-11-17 22:00:00,0.2,-0.1,-0.3047264244045484,-0.5047264244045484,0.20472642440454838,0.20472642440454838
2025-11-17 23:00:00,-0.1,-0.6,-0.467977596367083,-0.367977596367083,-0.13202240363291695,0.13202240363291695
2025-11-18 00:00:00,-0.6,-1.0,-0.9687702312963782,-0.36877023129637826,-0.03122976870362182,0.03122976870362182
2025-11-18 01:00:00,-1.0,-1.5,-1.3548581992124824,-0.35485819921248246,-0.1451418007875176,0.1451418007875176
2025-11-18 02:00:00,-1.5,-1.6,-1.8616709827856102,-0.3616709827856102,0.2616709827856101,0.2616709827856101
2025-11-18 03:00:00,-1.6,-1.6,-1.849070801569099,-0.24907080156909897,0.249070801569099,0.249070801569099
2025-11-18 04:00:00,-1.6,-1.9,-1.7843434927985438,-0.18434349279854362,-0.11565650720145615,0.11565650720145615
2025-11-18 05:00:00,-1.9,-2.0,-2.118664813259327,-0.2186648132593271,0.11866481325932687,0.11866481325932687
2025-11-18 06:00:00,-2.0,-1.7,-2.15344167839812,-0.15344167839811979,0.4534416783981199,0.4534416783981199
2025-11-18 07:00:00,-1.7,-1.9,-0.8428924838664332,0.8571075161335667,-1.0571075161335668,1.0571075161335668
2025-11-18 08:00:00,-1.9,-0.9,-0.8500795335599829,1.049920466440017,-0.04992046644001713,0.04992046644001713
2025-11-18 09:00:00,-0.9,1.1,1.0327335593334466,1.9327335593334465,0.06726644066655352,0.06726644066655352
2025-11-18 10:00:00,1.1,2.9,2.761395048242303,1.6613950482423026,0.13860495175769705,0.13860495175769705
2025-11-18 11:00:00,2.9,4.3,4.378384176430066,1.478384176430066,-0.0783841764300659,0.0783841764300659
2025-11-18 12:00:00,4.3,5.4,5.376986017990452,1.0769860179904525,0.023013982009548073,0.023013982009548073
2025-11-18 13:00:00,5.4,5.7,6.162457739543682,0.7624577395436817,-0.46245773954368197,0.46245773954368197
2025-11-18 14:00:00,5.7,6.3,5.9904239125161,0.2904239125160999,0.3095760874839,0.3095760874839
2025-11-18 15:00:00,6.3,5.3,6.246171820096225,-0.05382817990377452,-0.9461718200962252,0.9461718200962252
2025-11-18 16:00:00,5.3,4.3,4.4104866660501925,-0.889513333949807,-0.11048666605019264,0.11048666605019264
2025-11-18 17:00:00,4.3,3.4,3.2469574487745843,-1.0530425512254156,0.15304255122541566,0.15304255122541566
2025-11-18 18:00:00,3.4,3.0,2.7289279436731064,-0.6710720563268936,0.2710720563268936,0.2710720563268936
2025-11-18 19:00:00,3.0,2.6,2.425816795110567,-0.574183204889433,0.17418320488943317,0.17418320488943317
2025-11-18 20:00:00,2.6,2.1,2.107917308398544,-0.492082691601456,-0.007917308398543987,0.007917308398543987
2025-11-18 21:00:00,2.1,2.2,1.662414097259373,-0.4375859027406271,0.5375859027406271,0.5375859027406271
2025-11-18 22:00:00,2.2,1.6,1.9513684963796738,-0.24863150362032627,-0.3513684963796737,0.3513684963796737
2025-11-18 23:00:00,1.6,0.8,1.1762683760766819,-0.4237316239233182,-0.37626837607668184,0.37626837607668184
2025-11-19 00:00:00,0.8,0.4,0.29804180417210124,-0.5019581958278988,0.10195819582789878,0.10195819582789878
2025-11-19 01:00:00,0.4,-0.1,-0.0019996090327404903,-0.4019996090327405,-0.09800039096725952,0.09800039096725952
2025-11-19 02:00:00,-0.1,-0.5,-0.5112026059197826,-0.4112026059197826,0.011202605919782616,0.011202605919782616
2025-11-19 03:00:00,-0.5,-0.8,-0.8360393884127568,-0.3360393884127569,0.03603938841275678,0.03603938841275678
2025-11-19 04:00:00,-0.8,-1.2,-1.0940127498551862,-0.29401274985518616,-0.1059872501448138,0.1059872501448138
2025-11-19 05:00:00,-1.2,-1.2,-1.4720248497593231,-0.27202484975932306,0.2720248497593232,0.2720248497593232
2025-11-19 06:00:00,-1.2,-1.4,-1.3666654580719642,-0.16666545807196423,-0.033334541928035755,0.033334541928035755
2025-11-19 07:00:00,-1.4,-1.4,-1.1468461300627908,0.253153869937209,-0.2531538699372091,0.2531538699372091
2025-11-19 08:00:00,-1.4,0.0,-0.19981388420857393,1.200186115791426,0.19981388420857393,0.19981388420857393
2025-11-19 09:00:00,0.0,3.3,2.474462819689091,2.474462819689091,0.8255371803109086,0.8255371803109086
2025-11-19 10:00:00,3.3,4.9,5.5176377766697655,2.2176377766697657,-0.6176377766697652,0.6176377766697652
2025-11-19 11:00:00,4.9,6.5,6.30074818772129,1.4007481877212897,0.19925181227871036,0.19925181227871036
2025-11-19 12:00:00,6.5,7.5,7.731182527276916,1.2311825272769157,-0.2311825272769159,0.2311825272769159
2025-11-19 13:00:00,7.5,8.3,8.194885790693178,0.6948857906931786,0.10511420930682291,0.10511420930682291
2025-11-19 14:00:00,8.3,8.5,8.669270162547503,0.36927016254750267,-0.1692701625475035,0.1692701625475035
2025-11-19 15:00:00,8.5,8.0,8.460310943052967,-0.039689056947032196,-0.46031094305296705,0.46031094305296705
2025-11-19 16:00:00,8.0,6.3,6.912663767715498,-1.0873362322845022,-0.6126637677154978,0.6126637677154978
2025-11-19 17:00:00,6.3,5.1,5.093196876872315,-1.2068031231276846,0.006803123127684607,0.006803123127684607
2025-11-19 18:00:00,5.1,4.3,4.147797843864118,-0.9522021561358817,0.15220215613588195,0.15220215613588195
2025-11-19 19:00:00,4.3,3.8,3.560917211339425,-0.7390827886605751,0.23908278866057486,0.23908278866057486
2025-11-19 20:00:00,3.8,3.2,3.267924619632556,-0.5320753803674437,-0.06792461963255603,0.06792461963255603
2025-11-19 21:00:00,3.2,2.7,2.7146268744722986,-0.4853731255277017,-0.014626874472298379,0.014626874472298379
2025-11-19 22:00:00,2.7,2.4,2.2801470613772463,-0.419852938622754,0.11985293862275359,0.11985293862275359
2025-11-19 23:00:00,2.4,2.3,2.061023391333746,-0.33897660866625406,0.23897660866625392,0.23897660866625392
2025-11-20 00:00:00,2.3,1.7,2.045512762780524,-0.2544872372194759,-0.3455127627805241,0.3455127627805241
2025-11-20 01:00:00,1.7,1.9,1.3148107952168455,-0.38518920478315444,0.5851892047831544,0.5851892047831544
2025-11-20 02:00:00,1.9,2.6,1.819663743781483,-0.08033625621851678,0.780336256218517,0.780336256218517
2025-11-20 03:00:00,2.6,3.1,2.787380206348092,0.18738020634809202,0.31261979365190795,0.31261979365190795
2025-11-20 04:00:00,3.1,3.3,3.171300411804012,0.07130041180401164,0.12869958819598804,0.12869958819598804
2025-11-20 05:00:00,3.3,3.6,3.3072365868285147,0.007236586828514998,0.29276341317148535,0.29276341317148535
2025-11-20 06:00:00,3.6,3.7,3.678324135690924,0.07832413569092403,0.021675864309075976,0.021675864309075976
2025-11-20 07:00:00,3.7,4.0,4.079453815950572,0.3794538159505721,-0.079453815950572,0.079453815950572
2025-11-20 08:00:00,4.0,5.0,4.937054243902894,0.9370542439028942,0.06294575609710584,0.06294575609710584
2025-11-20 09:00:00,5.0,7.4,6.993498801442504,1.9934988014425037,0.4065011985574962,0.4065011985574962
2025-11-20 10:00:00,7.4,9.8,9.568551449448698,2.1685514494486977,0.23144855055130265,0.23144855055130265
2025-11-20 11:00:00,9.8,12.2,11.597456747516958,1.797456747516957,0.6025432524830414,0.6025432524830414
2025-11-20 12:00:00,12.2,13.2,13.045351331336123,0.8453513313361237,0.15464866866387617,0.15464866866387617
2025-11-20 13:00:00,13.2,13.7,13.886466618759831,0.6864666187598327,-0.18646661875983206,0.18646661875983206
2025-11-20 14:00:00,13.7,14.6,13.723162749825953,0.02316274982595375,0.8768372501740469,0.8768372501740469
2025-11-20 15:00:00,14.6,13.9,14.275980013064139,-0.32401998693586065,-0.3759800130641384,0.3759800130641384
2025-11-20 16:00:00,13.9,11.9,12.928249879683921,-0.9717501203160793,-1.028249879683921,1.028249879683921
2025-11-20 17:00:00,11.9,10.7,10.608224015585247,-1.2917759844147534,0.09177598441475254,0.09177598441475254
2025-11-20 18:00:00,10.7,9.4,9.712183899770901,-0.987816100229099,-0.31218389977090055,0.31218389977090055
2025-11-20 19:00:00,9.4,8.1,8.389025278760512,-1.0109747212394884,-0.2890252787605121,0.2890252787605121
2025-11-20 20:00:00,8.1,7.0,7.244599951830442,-0.8554000481695578,-0.24459995183044203,0.24459995183044203
2025-11-20 21:00:00,7.0,5.5,6.136058919187206,-0.863941080812794,-0.6360589191872057,0.6360589191872057
2025-11-20 22:00:00,5.5,4.6,4.450309143295773,-1.0496908567042267,0.14969085670422633,0.14969085670422633
2025-11-20 23:00:00,4.6,3.6,3.88681289382125,-0.7131871061787497,-0.28681289382124975,0.28681289382124975
2025-11-21 00:00:00,3.6,2.9,3.014781902959848,-0.585218097040152,-0.11478190295984803,0.11478190295984803
2025-11-21 01:00:00,2.9,2.7,2.326375116868177,-0.5736248831318228,0.3736248831318232,0.3736248831318232
2025-11-21 02:00:00,2.7,2.4,2.30739534495516,-0.39260465504483993,0.09260465504483983,0.09260465504483983
2025-11-21 03:00:00,2.4,1.8,2.0880163223869372,-0.31198367761306256,-0.2880163223869372,0.2880163223869372
2025-11-21 04:00:00,1.8,1.5,1.4945796005109835,-0.30542039948901645,0.005420399489016514,0.005420399489016514
2025-11-21 05:00:00,1.5,1.4,1.2540919307151184,-0.2459080692848816,0.14590806928488154,0.14590806928488154
2025-11-21 06:00:00,1.4,1.0,1.23652593404408,-0.16347406595591993,-0.23652593404407996,0.23652593404407996
2025-11-21 07:00:00,1.0,1.2,1.1446588294938844,0.1446588294938843,0.05534117050611553,0.05534117050611553
2025-11-21 08:00:00,1.2,3.0,2.869473581007539,1.6694735810075392,0.13052641899246087,0.13052641899246087
2025-11-21 09:00:00,3.0,6.3,6.031221860869104,3.031221860869104,0.26877813913089543,0.26877813913089543
2025-11-21 10:00:00,6.3,8.8,8.56514639325119,2.2651463932511913,0.2348536067488105,0.2348536067488105
2025-11-21 11:00:00,8.8,10.8,10.52123916213355,1.7212391621335508,0.2787608378664501,0.2787608378664501
2025-11-21 12:00:00,10.8,11.5,11.969529993537368,1.1695299935373662,-0.4695299935373676,0.4695299935373676
2025-11-21 13:00:00,11.5,12.3,12.13945285537692,0.6394528553769191,0.16054714462308084,0.16054714462308084
2025-11-21 14:00:00,12.3,11.3,12.5160540761891,0.21605407618909883,-1.2160540761890992,1.2160540761890992
2025-11-21 15:00:00,11.3,11.4,10.866108398556559,-0.43389160144344185,0.5338916014434414,0.5338916014434414
2025-11-21 16:00:00,11.4,10.5,10.129483769037193,-1.2705162309628064,0.3705162309628065,0.3705162309628065
2025-11-21 17:00:00,10.5,10.4,9.527783176458971,-0.9722168235410282,0.872216823541029,0.872216823541029
2025-11-21 18:00:00,10.4,10.3,9.865451860401315,-0.5345481395986863,0.4345481395986859,0.4345481395986859
2025-11-21 19:00:00,10.3,10.2,9.927661867724922,-0.37233813227507956,0.2723381322750775,0.2723381322750775
2025-11-21 20:00:00,10.2,10.5,9.925844213139117,-0.27415578686088204,0.5741557868608833,0.5741557868608833
2025-11-21 21:00:00,10.5,10.2,10.434439525598904,-0.06556047440109662,-0.2344395255989049,0.2344395255989049
2025-11-21 22:00:00,10.2,9.7,9.924590163124657,-0.2754098368753424,-0.22459016312465785,0.22459016312465785
2025-11-21 23:00:00,9.7,9.3,9.328447371294809,-0.3715526287051899,-0.02844737129480812,0.02844737129480812
2025-11-22 00:00:00,9.3,8.7,8.94314984944581,-0.35685015055419095,-0.24314984944581042,0.24314984944581042
2025-11-22 01:00:00,8.7,7.9,8.296234742704831,-0.4037652572951686,-0.3962347427048307,0.3962347427048307
2025-11-22 02:00:00,7.9,7.2,7.418940374120922,-0.48105962587907886,-0.2189403741209217,0.2189403741209217
2025-11-22 03:00:00,7.2,6.8,6.706621817807931,-0.4933781821920693,0.09337818219206895,0.09337818219206895
2025-11-22 04:00:00,6.8,6.7,6.433131782126357,-0.366868217873643,0.26686821787364323,0.26686821787364323
2025-11-22 05:00:00,6.7,6.2,6.466435872302257,-0.23356412769774348,-0.2664358723022566,0.2664358723022566
2025-11-22 06:00:00,6.2,5.7,5.9803511672349465,-0.219648832765054,-0.28035116723494635,0.28035116723494635
2025-11-22 07:00:00,5.7,5.5,5.788142871193127,0.0881428711931273,-0.2881428711931271,0.2881428711931271
2025-11-22 08:00:00,5.5,6.7,6.674840903137796,1.1748409031377962,0.025159096862203967,0.025159096862203967
2025-11-22 09:00:00,6.7,7.9,9.094187075130414,2.3941870751304135,-1.1941870751304133,1.1941870751304133
2025-11-22 10:00:00,7.9,10.6,9.300175442013359,1.4001754420133592,1.299824557986641,1.299824557986641
2025-11-22 11:00:00,10.6,13.5,12.47119444263283,1.871194442632831,1.0288055573671695,1.0288055573671695
2025-11-22 12:00:00,13.5,13.2,14.307524141453033,0.8075241414530333,-1.107524141453034,1.107524141453034
2025-11-22 13:00:00,13.2,14.5,13.656944109693248,0.4569441096932475,0.8430558903067524,0.8430558903067524
2025-11-22 14:00:00,14.5,14.8,14.847029790423093,0.3470297904230934,-0.04702979042309252,0.04702979042309252
2025-11-22 15:00:00,14.8,14.2,14.604967847265847,-0.19503215273415375,-0.4049678472658478,0.4049678472658478
2025-11-22 16:00:00,14.2,12.7,13.061268785310363,-1.1387312146896371,-0.3612687853103633,0.3612687853103633
2025-11-22 17:00:00,12.7,11.7,11.308423870848314,-1.3915761291516853,0.3915761291516855,0.3915761291516855
2025-11-22 18:00:00,11.7,10.6,10.583538329432585,-1.1164616705674142,0.016461670567414544,0.016461670567414544
2025-11-22 19:00:00,10.6,9.6,9.686856720063759,-0.913143279936241,-0.08685672006375889,0.08685672006375889
2025-11-22 20:00:00,9.6,8.8,8.862562307696363,-0.737437692303636,-0.0625623076963624,0.0625623076963624
2025-11-22 21:00:00,8.8,8.9,8.206922232704976,-0.5930777672950253,0.6930777672950246,0.6930777672950246
2025-11-22 22:00:00,8.9,8.2,8.656653689500489,-0.2433463104995114,-0.4566536895004898,0.4566536895004898
2025-11-22 23:00:00,8.2,7.8,7.678768404966818,-0.5212315950331813,0.1212315950331817,0.1212315950331817
2025-11-23 00:00:00,7.8,7.4,7.408703066897706,-0.3912969331022938,-0.008703066897705725,0.008703066897705725
2025-11-23 01:00:00,7.4,6.9,7.021913862874655,-0.3780861371253454,-0.12191386287465455,0.12191386287465455
2025-11-23 02:00:00,6.9,6.7,6.514549654810071,-0.3854503451899295,0.18545034518992942,0.18545034518992942
2025-11-23 03:00:00,6.7,7.2,6.419783504721661,-0.28021649527833953,0.7802164952783395,0.7802164952783395
2025-11-23 04:00:00,7.2,7.6,7.296296190185476,0.09629619018547596,0.3037038098145235,0.3037038098145235
2025-11-23 05:00:00,7.6,8.1,7.715787459676665,0.11578745967666593,0.3842125403233343,0.3842125403233343
2025-11-23 06:00:00,8.1,8.2,8.437224321713758,0.3372243217137583,-0.23722432171375907,0.23722432171375907
2025-11-23 07:00:00,8.2,8.3,8.588565656889283,0.38856565688928446,-0.2885656568892827,0.2885656568892827
2025-11-23 08:00:00,8.3,8.9,9.309528655899273,1.0095286558992729,-0.40952865589927256,0.40952865589927256
2025-11-23 09:00:00,8.9,9.8,10.200798724843162,1.3007987248431623,-0.4007987248431615,0.4007987248431615
2025-11-23 10:00:00,9.8,11.3,11.08442571181029,1.2844257118102897,0.21557428818971047,0.21557428818971047
2025-11-23 11:00:00,11.3,12.6,12.598591587513909,1.298591587513908,0.0014084124860911373,0.0014084124860911373
2025-11-23 12:00:00,12.6,13.3,13.635191652607569,1.0351916526075684,-0.335191652607568,0.335191652607568
2025-11-23 13:00:00,13.3,13.9,13.889581048415286,0.5895810484152854,0.01041895158471462,0.01041895158471462
2025-11-23 14:00:00,13.9,13.9,14.193428245168018,0.2934282451680175,-0.2934282451680179,0.2934282451680179
2025-11-23 15:00:00,13.9,14.1,13.70799156611198,-0.19200843388801936,0.3920084338880194,0.3920084338880194
2025-11-23 16:00:00,14.1,13.4,13.72973906961356,-0.3702609303864399,-0.32973906961355937,0.32973906961355937
2025-11-23 17:00:00,13.4,13.0,12.618397583608852,-0.7816024163911478,0.3816024163911482,0.3816024163911482
2025-11-23 18:00:00,13.0,12.6,12.477925978573811,-0.522074021426188,0.1220740214261884,0.1220740214261884
2025-11-23 19:00:00,12.6,12.4,12.17148079866093,-0.4285192013390704,0.22851920133907022,0.22851920133907022
2025-11-23 20:00:00,12.4,12.3,12.057856380336366,-0.34214361966363427,0.24214361966363462,0.24214361966363462
2025-11-23 21:00:00,12.3,12.5,12.104945420555245,-0.1950545794447567,0.3950545794447553,0.3950545794447553
2025-11-23 22:00:00,12.5,12.3,12.387405756085553,-0.11259424391444657,-0.0874057560855519,0.0874057560855519
2025-11-23 23:00:00,12.3,12.0,12.1016679351431,-0.1983320648569008,-0.1016679351430998,0.1016679351430998
2025-11-24 00:00:00,12.0,11.8,11.741880257324905,-0.25811974267509474,0.05811974267509612,0.05811974267509612
2025-11-24 01:00:00,11.8,11.8,11.571492466439162,-0.2285075335608383,0.22850753356083864,0.22850753356083864
2025-11-24 02:00:00,11.8,11.7,11.667798186640775,-0.13220181335922568,0.03220181335922412,0.03220181335922412
2025-11-24 03:00:00,11.7,11.4,11.533390202664396,-0.16660979733560394,-0.13339020266439583,0.13339020266439583
2025-11-24 04:00:00,11.4,11.3,11.18619480557302,-0.21380519442698043,0.11380519442698045,0.11380519442698045
2025-11-24 05:00:00,11.3,11.3,11.137763002421309,-0.16223699757869162,0.1622369975786917,0.1622369975786917
2025-11-24 06:00:00,11.3,11.1,11.210069156711093,-0.08993084328890773,-0.11006915671109319,0.11006915671109319
2025-11-24 07:00:00,11.1,10.4,11.336980105926148,0.23698010592614857,-0.936980105926148,0.936980105926148
2025-11-24 08:00:00,10.4,11.1,10.53073203877584,0.13073203877583886,0.5692679612241598,0.5692679612241598
2025-11-24 09:00:00,11.1,12.1,13.003277055981712,1.9032770559817132,-0.9032770559817127,0.9032770559817127
2025-11-24 10:00:00,12.1,13.2,13.18434203390937,1.0843420339093706,0.01565796609062886,0.01565796609062886
2025-11-24 11:00:00,13.2,14.3,14.466385391820143,1.2663853918201442,-0.16638539182014256,0.16638539182014256
2025-11-24 12:00:00,14.3,15.3,15.157332589410663,0.8573325894106617,0.14266741058933796,0.14266741058933796
2025-11-24 13:00:00,15.3,16.4,15.773457174968676,0.473457174968675,0.6265428250313221,0.6265428250313221
2025-11-24 14:00:00,16.4,16.6,16.873302159667844,0.47330215966784556,-0.27330215966784266,0.27330215966784266
2025-11-24 15:00:00,16.6,16.0,16.509934666585107,-0.0900653334148959,-0.5099346665851066,0.5099346665851066
2025-11-24 16:00:00,16.0,14.5,14.954335457622896,-1.0456645423771036,-0.4543354576228964,0.4543354576228964
2025-11-24 17:00:00,14.5,13.2,13.166453465937934,-1.3335465340620656,0.03354653406206509,0.03354653406206509
2025-11-24 18:00:00,13.2,12.2,12.126967739975722,-1.0730322600242768,0.0730322600242772,0.0730322600242772
2025-11-24 19:00:00,12.2,11.6,11.443240013911685,-0.7567599860883132,0.1567599860883142,0.1567599860883142
2025-11-24 20:00:00,11.6,11.3,11.122947119404683,-0.47705288059531586,0.17705288059531732,0.17705288059531732
2025-11-24 21:00:00,11.3,10.7,11.012613896498118,-0.28738610350188165,-0.3126138964981191,0.3126138964981191
2025-11-24 22:00:00,10.7,10.2,10.288163498835537,-0.4118365011644619,-0.08816349883553798,0.08816349883553798
2025-11-24 23:00:00,10.2,9.6,9.791166215722681,-0.40883378427731765,-0.19116621572268144,0.19116621572268144
2025-11-25 00:00:00,9.6,9.1,9.20580329193785,-0.39419670806215007,-0.10580329193784976,0.10580329193784976
2025-11-25 01:00:00,9.1,8.9,8.737004832064422,-0.3629951679355784,0.16299516793557878,0.16299516793557878
2025-11-25 02:00:00,8.9,8.5,8.66590444069659,-0.23409555930340983,-0.16590444069658972,0.16590444069658972
2025-11-25 03:00:00,8.5,8.4,8.194241393873295,-0.30575860612670513,0.2057586061267056,0.2057586061267056
2025-11-25 04:00:00,8.4,8.3,8.189952486999838,-0.21004751300016195,0.11004751300016302,0.11004751300016302
2025-11-25 05:00:00,8.3,8.6,8.158027085499537,-0.14197291450046431,0.4419729145004627,0.4419729145004627
2025-11-25 06:00:00,8.6,8.3,8.633621897604833,0.03362189760483401,-0.3336218976048322,0.3336218976048322
2025-11-25 07:00:00,8.3,8.2,8.484975399732933,0.1849753997329327,-0.28497539973293406,0.28497539973293406
2025-11-25 08:00:00,8.2,8.5,8.738316724832055,0.5383167248320557,-0.23831672483205502,0.23831672483205502
2025-11-25 09:00:00,8.5,8.1,8.98658803052012,0.48658803052011995,-0.8865880305201195,0.8865880305201195
2025-11-25 10:00:00,8.1,8.0,8.038526218250862,-0.06147378174913768,-0.03852621825086189,0.03852621825086189
2025-11-25 11:00:00,8.0,8.6,8.056098893868533,0.05609889386853404,0.5439011061314662,0.5439011061314662
2025-11-25 12:00:00,8.6,8.5,9.166809493311867,0.5668094933118677,-0.6668094933118667,0.6668094933118667
2025-11-25 13:00:00,8.5,7.9,8.377487317888388,-0.12251268211161241,-0.4774873178883876,0.4774873178883876
2025-11-25 14:00:00,7.9,7.4,7.605577227181489,-0.2944227728185111,-0.20557722718148863,0.20557722718148863
2025-11-25 15:00:00,7.4,6.9,7.072783535864324,-0.32721646413567673,-0.1727835358643235,0.1727835358643235
2025-11-25 16:00:00,6.9,6.5,6.381700629212558,-0.5182993707874419,0.11829937078744202,0.11829937078744202
2025-11-25 17:00:00,6.5,6.3,6.034235380715809,-0.4657646192841907,0.26576461928419093,0.26576461928419093
2025-11-25 18:00:00,6.3,6.1,5.790851645956849,-0.5091483540431506,0.3091483540431508,0.3091483540431508
2025-11-25 19:00:00,6.1,5.9,5.749378474832181,-0.35062152516781864,0.15062152516781957,0.15062152516781957
2025-11-25 20:00:00,5.9,5.7,5.583014348943891,-0.3169856510561095,0.11698565105610914,0.11698565105610914
2025-11-25 21:00:00,5.7,5.7,5.462978737162491,-0.23702126283750946,0.23702126283750946,0.23702126283750946
2025-11-25 22:00:00,5.7,5.4,5.522210191129337,-0.17778980887066356,-0.12221019112933629,0.12221019112933629
2025-11-25 23:00:00,5.4,5.3,5.075075395258274,-0.324924604741726,0.2249246047417257,0.2249246047417257
2025-11-26 00:00:00,5.3,5.3,5.0377276504095745,-0.2622723495904252,0.26227234959042534,0.26227234959042534
2025-11-26 01:00:00,5.3,5.2,5.1181652948981124,-0.18183470510188762,0.08183470510188773,0.08183470510188773
2025-11-26 02:00:00,5.2,5.2,5.006512232003961,-0.19348776799603967,0.1934877679960394,0.1934877679960394
2025-11-26 03:00:00,5.2,5.2,5.068223365246967,-0.13177663475303392,0.13177663475303358,0.13177663475303358
2025-11-26 04:00:00,5.2,5.3,5.083369535879265,-0.11663046412073536,0.21663046412073506,0.21663046412073506
2025-11-26 05:00:00,5.3,4.4,5.282032634420183,-0.0179673655798166,-0.8820326344201828,0.8820326344201828
2025-11-26 06:00:00,4.4,3.8,4.012361244305964,-0.3876387556940363,-0.21236124430596437,0.21236124430596437
2025-11-26 07:00:00,3.8,3.5,3.8172079851804344,0.017207985180434596,-0.31720798518043436,0.31720798518043436
2025-11-26 08:00:00,3.5,4.3,4.549154051111172,1.0491540511111717,-0.24915405111117206,0.24915405111117206
2025-11-26 09:00:00,4.3,6.9,6.479576043558916,2.179576043558916,0.4204239564410841,0.4204239564410841
2025-11-26 10:00:00,6.9,8.2,9.311332851234273,2.4113328512342727,-1.1113328512342733,1.1113328512342733
2025-11-26 11:00:00,8.2,9.9,9.49547739676901,1.2954773967690107,0.40452260323099054,0.40452260323099054
2025-11-26 12:00:00,9.9,10.8,11.063651816459634,1.1636518164596332,-0.26365181645963354,0.26365181645963354
2025-11-26 13:00:00,10.8,9.5,11.415753956238591,0.6157539562385901,-1.915753956238591,1.915753956238591
2025-11-26 14:00:00,9.5,9.8,9.109436660378368,-0.390563339621633,0.6905633396216331,0.6905633396216331
2025-11-26 15:00:00,9.8,9.6,9.752963344975262,-0.04703665502473845,-0.15296334497526232,0.15296334497526232
2025-11-26 16:00:00,9.6,8.7,8.659458682776926,-0.9405413172230733,0.04054131722307375,0.04054131722307375
2025-11-26 17:00:00,8.7,7.7,7.647490594705223,-1.0525094052947759,0.05250940529477699,0.05250940529477699
2025-11-26 18:00:00,7.7,6.7,6.8717875743945545,-0.8282124256054455,-0.17178757439455428,0.17178757439455428
2025-11-26 19:00:00,6.7,6.2,6.0620444162051745,-0.6379555837948253,0.13795558379482564,0.13795558379482564
2025-11-26 20:00:00,6.2,5.6,5.743790015633127,-0.45620998436687277,-0.14379001563312777,0.14379001563312777
2025-11-26 21:00:00,5.6,5.3,5.152343853727517,-0.4476561462724822,0.14765614627248258,0.14765614627248258
2025-11-26 22:00:00,5.3,5.0,4.947778372479874,-0.35222162752012587,0.052221627520125935,0.052221627520125935
2025-11-26 23:00:00,5.0,4.4,4.696213447368881,-0.30378655263111887,-0.29621344736888044,0.29621344736888044
2025-11-27 00:00:00,4.4,3.8,4.044306810790346,-0.3556931892096546,-0.24430681079034589,0.24430681079034589
2025-11-27 01:00:00,3.8,3.9,3.393503178069402,-0.40649682193059794,0.5064968219305981,0.5064968219305981
2025-11-27 02:00:00,3.9,3.9,3.791563074156913,-0.10843692584308687,0.10843692584308684,0.10843692584308684
2025-11-27 03:00:00,3.9,4.3,3.840700446352827,-0.05929955364717265,0.4592995536471727,0.4592995536471727
2025-11-27 04:00:00,4.3,4.7,4.2826368116010975,-0.01736318839890266,0.41736318839890263,0.41736318839890263
2025-11-27 05:00:00,4.7,4.9,4.79676185322614,0.09676185322613902,0.10323814677386078,0.10323814677386078
2025-11-27 06:00:00,4.9,5.4,4.812143710013864,-0.08785628998613562,0.5878562899861359,0.5878562899861359
2025-11-27 07:00:00,5.4,5.4,6.121019464587411,0.7210194645874105,-0.7210194645874104,0.7210194645874104
2025-11-27 08:00:00,5.4,6.0,5.752385845397541,0.3523858453975404,0.24761415460245928,0.24761415460245928
2025-11-27 09:00:00,6.0,5.9,6.999298598831675,0.9992985988316753,-1.099298598831675,1.099298598831675
2025-11-27 10:00:00,5.9,6.2,6.136715874716581,0.23671587471658073,0.06328412528341953,0.06328412528341953
2025-11-27 11:00:00,6.2,6.7,6.6087213799111915,0.40872137991119145,0.09127862008880872,0.09127862008880872
2025-11-27 12:00:00,6.7,8.4,7.147478588198641,0.4474785881986413,1.252521411801359,1.252521411801359
2025-11-27 13:00:00,8.4,7.5,8.716558203806217,0.3165582038062161,-1.2165582038062173,1.2165582038062173
2025-11-27 14:00:00,7.5,6.4,7.263517228637964,-0.23648277136203635,-0.8635172286379635,0.8635172286379635
2025-11-27 15:00:00,6.4,6.6,6.067032634860643,-0.3329673651393568,0.5329673651393563,0.5329673651393563
2025-11-27 16:00:00,6.6,6.7,6.392745222159287,-0.20725477784071294,0.3072547778407131,0.3072547778407131
2025-11-27 17:00:00,6.7,5.8,6.377523215793119,-0.322476784206881,-0.5775232157931196,0.5775232157931196
2025-11-27 18:00:00,5.8,4.9,4.983676998901729,-0.8163230010982702,-0.08367699890172897,0.08367699890172897
2025-11-27 19:00:00,4.9,4.7,4.185530533594028,-0.7144694664059725,0.5144694664059726,0.5144694664059726
2025-11-27 20:00:00,4.7,4.5,4.163240024413678,-0.536759975586322,0.33675997558632176,0.33675997558632176
2025-11-27 21:00:00,4.5,3.8,4.184438049342163,-0.3155619506578366,-0.3844380493421635,0.3844380493421635
2025-11-27 22:00:00,3.8,2.9,3.186227016965761,-0.6137729830342391,-0.286227016965761,0.286227016965761
2025-11-27 23:00:00,2.9,2.5,2.0678809203320774,-0.8321190796679226,0.4321190796679226,0.4321190796679226
2025-11-28 00:00:00,2.5,2.1,2.0624557967527863,-0.4375442032472139,0.03754420324721375,0.03754420324721375
2025-11-28 01:00:00,2.1,1.4,1.661549334519998,-0.43845066548000194,-0.2615493345199982,0.2615493345199982
2025-11-28 02:00:00,1.4,0.7,0.864198633391499,-0.5358013666085009,-0.1641986333914991,0.1641986333914991
2025-11-28 03:00:00,0.7,0.1,0.18813845204894641,-0.5118615479510535,-0.08813845204894641,0.08813845204894641
2025-11-28 04:00:00,0.1,-0.5,-0.2936428539677849,-0.39364285396778487,-0.2063571460322151,0.2063571460322151
2025-11-28 05:00:00,-0.5,-0.7,-0.8139071875672925,-0.3139071875672926,0.11390718756729257,0.11390718756729257
2025-11-28 06:00:00,-0.7,-1.1,-0.9912882463293708,-0.29128824632937084,-0.10871175367062924,0.10871175367062924
2025-11-28 07:00:00,-1.1,-1.3,-0.9154515822778009,0.18454841772219924,-0.38454841772219917,0.38454841772219917
2025-11-28 08:00:00,-1.3,-0.3,-0.04637328626417214,1.253626713735828,-0.25362671373582785,0.25362671373582785
2025-11-28 09:00:00,-0.3,1.5,1.8801708387137348,2.180170838713735,-0.3801708387137348,0.3801708387137348
2025-11-28 10:00:00,1.5,4.3,3.2624046923627095,1.7624046923627092,1.0375953076372904,1.0375953076372904
2025-11-28 11:00:00,4.3,4.7,6.094526871797221,1.794526871797221,-1.394526871797221,1.394526871797221
2025-11-28 12:00:00,4.7,6.3,5.5429780916834925,0.8429780916834921,0.7570219083165073,0.7570219083165073
2025-11-28 13:00:00,6.3,6.7,7.135279569468116,0.8352795694681159,-0.43527956946811575,0.43527956946811575
2025-11-28 14:00:00,6.7,6.6,6.900331724664669,0.20033172466466936,-0.3003317246646695,0.3003317246646695
2025-11-28 15:00:00,6.6,6.5,6.435070447376682,-0.1649295526233176,0.06492955262331801,0.06492955262331801
2025-11-28 16:00:00,6.5,5.4,5.338638750548277,-1.1613612494517231,0.061361249451723054,0.061361249451723054
2025-11-28 17:00:00,5.4,4.3,4.291893307001176,-1.1081066929988237,0.008106692998823384,0.008106692998823384
2025-11-28 18:00:00,4.3,3.2,3.525399218141875,-0.7746007818581249,-0.3253992181418748,0.3253992181418748
2025-11-28 19:00:00,3.2,2.4,2.473991140042258,-0.7260088599577422,-0.07399114004225815,0.07399114004225815
2025-11-28 20:00:00,2.4,1.8,1.8378837804945563,-0.5621162195054438,-0.03788378049455621,0.03788378049455621
2025-11-28 21:00:00,1.8,1.5,1.2879652441151856,-0.5120347558848145,0.21203475588481435,0.21203475588481435
2025-11-28 22:00:00,1.5,1.1,1.1003791018698856,-0.3996208981301144,-0.0003791018698855453,0.0003791018698855453
2025-11-28 23:00:00,1.1,0.9,0.7264364134836887,-0.37356358651631133,0.17356358651631132,0.17356358651631132
2025-11-29 00:00:00,0.9,0.9,0.6208748383002307,-0.27912516169976925,0.2791251616997693,0.2791251616997693
2025-11-29 01:00:00,0.9,0.6,0.7646500105883166,-0.1353499894116834,-0.16465001058831663,0.16465001058831663
2025-11-29 02:00:00,0.6,0.6,0.32442991487716866,-0.2755700851228313,0.2755700851228313,0.2755700851228313
2025-11-29 03:00:00,0.6,0.7,0.47795039691040986,-0.12204960308959012,0.2220496030895901,0.2220496030895901
2025-11-29 04:00:00,0.7,0.5,0.6403326530412363,-0.05966734695876365,-0.14033265304123632,0.14033265304123632
2025-11-29 05:00:00,0.5,0.4,0.32714361487891824,-0.17285638512108176,0.07285638512108178,0.07285638512108178
2025-11-29 06:00:00,0.4,0.3,0.2695102087337463,-0.13048979126625374,0.030489791266253674,0.030489791266253674
2025-11-29 07:00:00,0.3,0.5,0.5724889809780425,0.2724889809780425,-0.07248898097804246,0.07248898097804246
2025-11-29 08:00:00,0.5,1.7,1.5265742020261224,1.0265742020261224,0.17342579797387758,0.17342579797387758
2025-11-29 09:00:00,1.7,4.2,3.699206580575094,1.999206580575094,0.5007934194249062,0.5007934194249062
2025-11-29 10:00:00,4.2,5.5,6.097727553271976,1.8977275532719757,-0.5977275532719757,0.5977275532719757
2025-11-29 11:00:00,5.5,6.9,6.881721000110224,1.3817210001102238,0.01827899988977677,0.01827899988977677
2025-11-29 12:00:00,6.9,7.6,7.923877758704814,1.023877758704813,-0.32387775870481406,0.32387775870481406
2025-11-29 13:00:00,7.6,8.8,7.996096062534047,0.3960960625340469,0.8039039374659538,0.8039039374659538
2025-11-29 14:00:00,8.8,9.2,9.215490608812495,0.4154906088124945,-0.01549060881249531,0.01549060881249531
2025-11-29 15:00:00,9.2,8.9,9.002983171012092,-0.19701682898790762,-0.10298317101209165,0.10298317101209165
2025-11-29 16:00:00,8.9,8.6,7.70406249091396,-1.195937509086041,0.89593750908604,0.89593750908604
2025-11-29 17:00:00,8.6,8.6,7.796850901774332,-0.8031490982256678,0.8031490982256679,0.8031490982256679
2025-11-29 18:00:00,8.6,8.5,7.907672393600484,-0.692327606399516,0.5923276063995164,0.5923276063995164
2025-11-29 19:00:00,8.5,8.7,8.276496624477392,-0.22350337552260774,0.423503375522607,0.423503375522607
2025-11-29 20:00:00,8.7,8.7,8.570207881833376,-0.12979211816662362,0.12979211816662328,0.12979211816662328
2025-11-29 21:00:00,8.7,8.9,8.620053421612608,-0.0799465783873909,0.279946578387392,0.279946578387392
2025-11-29 22:00:00,8.9,9.2,8.912312247756686,0.012312247756685183,0.287687752243313,0.287687752243313
2025-11-29 23:00:00,9.2,9.2,9.379080490709693,0.17908049070969462,-0.17908049070969412,0.17908049070969412
2025-11-30 00:00:00,9.2,9.2,9.14970197971914,-0.050298020280859085,0.05029802028085939,0.05029802028085939
2025-11-30 01:00:00,9.2,9.6,9.182766118026516,-0.017233881973484133,0.417233881973484,0.417233881973484
2025-11-30 02:00:00,9.6,10.1,9.552066487055617,-0.047933512944382396,0.5479335129443825,0.5479335129443825
2025-11-30 03:00:00,10.1,10.2,10.214812202626103,0.11481220262610276,-0.014812202626103499,0.014812202626103499
2025-11-30 04:00:00,10.2,10.8,10.165992351845697,-0.034007648154302884,0.634007648154304,0.634007648154304
2025-11-30 05:00:00,10.8,10.1,10.818432110301982,0.01843211030198175,-0.7184321103019826,0.7184321103019826
2025-11-30 06:00:00,10.1,10.4,9.822705885738952,-0.27729411426104744,0.5772941142610488,0.5772941142610488
2025-11-30 07:00:00,10.4,9.9,11.213860138550485,0.8138601385504847,-1.313860138550485,1.313860138550485
2025-11-30 08:00:00,9.9,10.0,10.296372207614153,0.39637220761415215,-0.2963722076141533,0.2963722076141533
2025-11-30 09:00:00,10.0,11.8,10.473312162939356,0.4733121629393558,1.3266878370606445,1.3266878370606445
2025-11-30 10:00:00,11.8,13.5,13.817324490680154,2.0173244906801524,-0.31732449068015356,0.31732449068015356
2025-11-30 11:00:00,13.5,13.9,14.898071681183943,1.398071681183942,-0.9980716811839425,0.9980716811839425
2025-11-30 12:00:00,13.9,15.6,14.8938478965807,0.9938478965807006,0.7061521034192992,0.7061521034192992
2025-11-30 13:00:00,15.6,15.8,15.87456576924537,0.27456576924537096,-0.0745657692453694,0.0745657692453694
2025-11-30 14:00:00,15.8,15.9,15.811150567246289,0.011150567246288176,0.08884943275371171,0.08884943275371171
2025-11-30 15:00:00,15.9,15.6,15.791285538309593,-0.10871446169040724,-0.19128553830959305,0.19128553830959305
2025-11-30 16:00:00,15.6,14.8,15.003861419986201,-0.5961385800137992,-0.20386141998620033,0.20386141998620033
2025-11-30 17:00:00,14.8,13.9,14.096294429871886,-0.7037055701281142,-0.1962944298718856,0.1962944298718856
2025-11-30 18:00:00,13.9,13.3,13.310075745717818,-0.589924254282183,-0.010075745717816886,0.010075745717816886
2025-11-30 19:00:00,13.3,13.3,12.810288142913913,-0.48971185708608783,0.4897118570860872,0.4897118570860872
2025-11-30 20:00:00,13.3,12.8,13.089923638647601,-0.21007636135239896,-0.2899236386476005,0.2899236386476005
2025-11-30 21:00:00,12.8,12.6,12.307303342507604,-0.4926966574923976,0.29269665749239593,0.29269665749239593
2025-11-30 22:00:00,12.6,12.6,12.375520328778903,-0.22447967122109716,0.22447967122109702,0.22447967122109702
2025-11-30 23:00:00,12.6,12.2,12.472079456990544,-0.12792054300945652,-0.2720794569905447,0.2720794569905447
2025-12-01 00:00:00,12.2,11.5,11.842263437898582,-0.3577365621014175,-0.34226343789858227,0.34226343789858227
2025-12-01 01:00:00,11.5,9.2,10.910899155614107,-0.5891008443858926,-1.7108991556141078,1.7108991556141078
2025-12-01 02:00:00,9.2,7.7,7.972129044397205,-1.227870955602794,-0.27212904439720464,0.27212904439720464
2025-12-01 03:00:00,7.7,6.4,6.733169344385546,-0.9668306556144544,-0.3331693443855457,0.3331693443855457
2025-12-01 04:00:00,6.4,5.5,5.625945444448303,-0.7740545555516973,-0.1259454444483028,0.1259454444483028
2025-12-01 05:00:00,5.5,4.8,4.86008697461525,-0.6399130253847507,-0.06008697461524992,0.06008697461524992
2025-12-01 06:00:00,4.8,4.2,4.5180305719091525,-0.2819694280908474,-0.3180305719091523,0.3180305719091523
2025-12-01 07:00:00,4.2,3.8,3.9186396290635552,-0.2813603709364448,-0.11863962906355541,0.11863962906355541
2025-12-01 08:00:00,3.8,3.8,4.039049300585108,0.23904930058510818,-0.23904930058510843,0.23904930058510843
2025-12-01 09:00:00,3.8,4.5,4.141877389653917,0.34187738965391745,0.35812261034608284,0.35812261034608284
2025-12-01 10:00:00,4.5,6.0,5.450549297309201,0.9505492973092011,0.5494507026907991,0.5494507026907991
2025-12-01 11:00:00,6.0,6.6,7.167225305644701,1.167225305644701,-0.5672253056447012,0.5672253056447012
2025-12-01 12:00:00,6.6,8.4,7.45233746168184,0.8523374616818404,0.94766253831816,0.94766253831816
2025-12-01 13:00:00,8.4,8.9,8.854559552077864,0.45455955207786364,0.045440447922135974,0.045440447922135974
2025-12-01 14:00:00,8.9,8.8,9.174050422948316,0.27405042294831466,-0.37405042294831503,0.37405042294831503
2025-12-01 15:00:00,8.8,8.6,8.613426434442921,-0.18657356555707968,-0.013426434442921575,0.013426434442921575
2025-12-01 16:00:00,8.6,6.9,7.3335539335963436,-1.2664460664036556,-0.4335539335963432,0.4335539335963432
2025-12-01 17:00:00,6.9,5.9,5.69959928030068,-1.2004007196993212,0.20040071969932072,0.20040071969932072
2025-12-01 18:00:00,5.9,5.0,5.12720890484708,-0.7727910951529195,-0.12720890484708036,0.12720890484708036
2025-12-01 19:00:00,5.0,4.5,4.371814499539595,-0.6281855004604046,0.1281855004604049,0.1281855004604049
2025-12-01 20:00:00,4.5,4.4,3.9387004614950873,-0.5612995385049129,0.461299538504913,0.461299538504913
2025-12-01 21:00:00,4.4,3.8,4.020009989455226,-0.37999001054477455,-0.22000998945522632,0.22000998945522632
2025-12-01 22:00:00,3.8,2.9,3.2121962890315165,-0.5878037109684833,-0.31219628903151664,0.31219628903151664
2025-12-01 23:00:00,2.9,2.3,2.0523048668499886,-0.8476951331500114,0.24769513315001124,0.24769513315001124
2025-12-02 00:00:00,2.3,2.2,1.7429105000332887,-0.5570894999667112,0.45708949996671144,0.45708949996671144
2025-12-02 01:00:00,2.2,2.5,1.8995553108973353,-0.300444689102665,0.6004446891026647,0.6004446891026647
2025-12-02 02:00:00,2.5,2.4,2.4792353533331104,-0.020764646666889708,-0.07923535333311049,0.07923535333311049
2025-12-02 03:00:00,2.4,2.3,2.270700783337597,-0.12929921666240293,0.02929921666240265,0.02929921666240265
2025-12-02 04:00:00,2.3,1.9,2.1545021326936356,-0.14549786730636435,-0.25450213269363564,0.25450213269363564
2025-12-02 05:00:00,1.9,1.3,1.701594113609421,-0.19840588639057893,-0.401594113609421,0.401594113609421
2025-12-02 06:00:00,1.3,0.8,1.0115530750900759,-0.28844692490992413,-0.21155307509007582,0.21155307509007582
2025-12-02 07:00:00,0.8,0.4,0.6160954687958116,-0.1839045312041885,-0.21609546879581154,0.21609546879581154
2025-12-02 08:00:00,0.4,0.7,1.1818606450092422,0.7818606450092421,-0.4818606450092422,0.4818606450092422
2025-12-02 09:00:00,0.7,1.6,1.4685950051979049,0.7685950051979048,0.13140499480209522,0.13140499480209522
2025-12-02 10:00:00,1.6,2.2,2.5090716377011866,0.9090716377011863,-0.3090716377011864,0.3090716377011864
2025-12-02 11:00:00,2.2,2.7,2.896734907055601,0.6967349070556009,-0.19673490705560104,0.19673490705560104
2025-12-02 12:00:00,2.7,2.9,3.2355108383261824,0.5355108383261823,-0.33551083832618245,0.33551083832618245
2025-12-02 13:00:00,2.9,2.9,3.0398426136652943,0.1398426136652944,-0.13984261366529438,0.13984261366529438
2025-12-02 14:00:00,2.9,3.3,3.072218872400347,0.17221887240034692,0.22778112759965286,0.22778112759965286
2025-12-02 15:00:00,3.3,1.8,2.8839835268525524,-0.41601647314744716,-1.0839835268525524,1.0839835268525524
2025-12-02 16:00:00,1.8,0.4,0.6663397077634423,-1.1336602922365577,-0.2663397077634423,0.2663397077634423
2025-12-02 17:00:00,0.4,-0.6,-0.6732868184447135,-1.0732868184447135,0.07328681844471352,0.07328681844471352
2025-12-02 18:00:00,-0.6,-1.4,-1.4207024569931193,-0.8207024569931192,0.020702456993119345,0.020702456993119345
2025-12-02 19:00:00,-1.4,-2.2,-1.951930950121213,-0.5519309501212131,-0.2480690498787872,0.2480690498787872
2025-12-02 20:00:00,-2.2,-3.5,-2.880000880897531,-0.6800008808975309,-0.6199991191024692,0.6199991191024692
2025-12-02 21:00:00,-3.5,-4.5,-4.404394589490804,-0.9043945894908035,-0.09560541050919635,0.09560541050919635
2025-12-02 22:00:00,-4.5,-5.0,-5.336885310562619,-0.8368853105626185,0.33688531056261883,0.33688531056261883
2025-12-02 23:00:00,-5.0,-5.4,-5.5581466027992095,-0.5581466027992096,0.1581466027992091,0.1581466027992091
2025-12-03 00:00:00,-5.4,-5.8,-5.804915708503359,-0.4049157085033589,0.004915708503359539,0.004915708503359539
2025-12-03 01:00:00,-5.8,-5.9,-6.14056093890452,-0.3405609389045205,0.2405609389045198,0.2405609389045198
2025-12-03 02:00:00,-5.9,-6.3,-6.187752835281521,-0.2877528352815204,-0.11224716471847884,0.11224716471847884
2025-12-03 03:00:00,-6.3,-6.9,-6.616889306350683,-0.3168893063506835,-0.2831106936493173,0.2831106936493173
2025-12-03 04:00:00,-6.9,-7.4,-7.186434194028446,-0.2864341940284455,-0.2135658059715544,0.2135658059715544
2025-12-03 05:00:00,-7.4,-7.7,-7.744008104826058,-0.34400810482605754,0.04400810482605788,0.04400810482605788
2025-12-03 06:00:00,-7.7,-7.5,-7.9848488556429045,-0.28484885564290424,0.4848488556429045,0.4848488556429045
2025-12-03 07:00:00,-7.5,-7.3,-7.139392085778466,0.3606079142215343,-0.16060791422153375,0.16060791422153375
2025-12-03 08:00:00,-7.3,-6.5,-6.557961201882892,0.7420387981171072,0.05796120188289233,0.05796120188289233
2025-12-03 09:00:00,-6.5,-5.7,-5.0908966885461435,1.4091033114538563,-0.6091033114538567,0.6091033114538567
2025-12-03 10:00:00,-5.7,-5.1,-4.667497018156961,1.0325029818430393,-0.43250298184303837,0.43250298184303837
2025-12-03 11:00:00,-5.1,-4.2,-4.19392838981234,0.9060716101876595,-0.006071610187659893,0.006071610187659893
2025-12-03 12:00:00,-4.2,-3.4,-3.480972371021183,0.7190276289788173,0.08097237102118315,0.08097237102118315
2025-12-03 13:00:00,-3.4,-3.1,-2.662384026408109,0.7376159735918911,-0.4376159735918912,0.4376159735918912
2025-12-03 14:00:00,-3.1,-3.5,-2.746771466926377,0.3532285330736233,-0.753228533073623,0.753228533073623
2025-12-03 15:00:00,-3.5,-3.4,-3.741264410050796,-0.24126441005079624,0.3412644100507962,0.3412644100507962
2025-12-03 16:00:00,-3.4,-4.1,-4.434042908658132,-1.0340429086581322,0.334042908658132,0.334042908658132
2025-12-03 17:00:00,-4.1,-4.7,-4.89596414801556,-0.7959641480155606,0.19596414801555984,0.19596414801555984
2025-12-03 18:00:00,-4.7,-5.6,-5.310085562438293,-0.6100855624382927,-0.28991443756170643,0.28991443756170643
2025-12-03 19:00:00,-5.6,-6.3,-6.282735088337819,-0.6827350883378192,-0.017264911662181248,0.017264911662181248
2025-12-03 20:00:00,-6.3,-6.6,-6.950513807364787,-0.6505138073647873,0.35051380736478777,0.35051380736478777
2025-12-03 21:00:00,-6.6,-7.0,-6.949541738885765,-0.3495417388857653,-0.050458261114235015,0.050458261114235015
2025-12-03 22:00:00,-7.0,-7.6,-7.412651207121882,-0.41265120712188197,-0.1873487928781179,0.1873487928781179
2025-12-03 23:00:00,-7.6,-8.1,-8.101339543578053,-0.501339543578054,0.001339543578053437,0.001339543578053437
2025-12-04 00:00:00,-8.1,-8.8,-8.481374319475018,-0.3813743194750187,-0.31862568052498297,0.31862568052498297
2025-12-04 01:00:00,-8.8,-8.7,-9.187555206760523,-0.3875552067605218,0.4875552067605238,0.4875552067605238
2025-12-04 02:00:00,-8.7,-8.7,-8.706029536164571,-0.006029536164571625,0.006029536164572136,0.006029536164572136
2025-12-04 03:00:00,-8.7,-8.4,-8.857417201329914,-0.15741720132991516,0.45741720132991404,0.45741720132991404
2025-12-04 04:00:00,-8.4,-8.9,-8.375090818723864,0.02490918127613693,-0.5249091812761364,0.5249091812761364
2025-12-04 05:00:00,-8.9,-9.2,-9.106219871526594,-0.20621987152659343,-0.093780128473405,0.093780128473405
2025-12-04 06:00:00,-9.2,-9.4,-9.408092261936885,-0.20809226193688607,0.00809226193688417,0.00809226193688417
2025-12-04 07:00:00,-9.4,-9.2,-9.372759096027712,0.027240903972288795,0.172759096027713,0.172759096027713
2025-12-04 08:00:00,-9.2,-8.0,-8.309349330518288,0.8906506694817122,0.3093493305182875,0.3093493305182875
2025-12-04 09:00:00,-8.0,-4.9,-5.632307651336745,2.367692348663255,0.732307651336745,0.732307651336745
2025-12-04 10:00:00,-4.9,-3.3,-3.032674756038898,1.8673252439611026,-0.267325243961102,0.267325243961102
2025-12-04 11:00:00,-3.3,-1.0,-1.526805336834743,1.7731946631652569,0.526805336834743,0.526805336834743
2025-12-04 12:00:00,-1.0,0.6,0.17627361811697217,1.1762736181169722,0.4237263818830278,0.4237263818830278
2025-12-04 13:00:00,0.6,2.4,1.42798103122506,0.8279810312250601,0.9720189687749399,0.9720189687749399
2025-12-04 14:00:00,2.4,3.3,2.774257961210628,0.374257961210628,0.5257420387893719,0.5257420387893719
2025-12-04 15:00:00,3.3,3.1,3.3634370830180322,0.06343708301803254,-0.26343708301803215,0.26343708301803215
2025-12-04 16:00:00,3.1,1.9,1.9933602895914986,-1.1066397104085015,-0.09336028959149867,0.09336028959149867
2025-12-04 17:00:00,1.9,1.6,0.8965022496921471,-1.0034977503078528,0.703497750307853,0.703497750307853
2025-12-04 18:00:00,1.6,0.4,1.0973813939571773,-0.5026186060428228,-0.6973813939571772,0.6973813939571772
2025-12-04 19:00:00,0.4,0.6,-0.23950838300593102,-0.639508383005931,0.839508383005931,0.839508383005931
2025-12-04 20:00:00,0.6,-0.1,0.4334980060451378,-0.16650199395486223,-0.5334980060451378,0.5334980060451378
2025-12-04 21:00:00,-0.1,-1.5,-0.8228016809427223,-0.7228016809427223,-0.6771983190572777,0.6771983190572777
2025-12-04 22:00:00,-1.5,-2.9,-2.6375912207850036,-1.1375912207850036,-0.2624087792149963,0.2624087792149963
2025-12-04 23:00:00,-2.9,-3.8,-4.146280614903349,-1.2462806149033492,0.3462806149033488,0.3462806149033488
2025-12-05 00:00:00,-3.8,-4.6,-4.7846119388008095,-0.9846119388008094,0.18461193880080984,0.18461193880080984
2025-12-05 01:00:00,-4.6,-5.1,-5.216028853408504,-0.6160288534085048,0.11602885340850477,0.11602885340850477
2025-12-05 02:00:00,-5.1,-5.5,-5.537474584867707,-0.4374745848677073,0.03747458486770672,0.03747458486770672
2025-12-05 03:00:00,-5.5,-5.5,-5.884509951486449,-0.38450995148644934,0.3845099514864492,0.3845099514864492
2025-12-05 04:00:00,-5.5,-5.7,-5.720073767740406,-0.22007376774040574,0.02007376774040548,0.02007376774040548
2025-12-05 05:00:00,-5.7,-6.4,-5.898433121357683,-0.1984331213576828,-0.5015668786423175,0.5015668786423175
2025-12-05 06:00:00,-6.4,-6.8,-6.705281511182652,-0.3052815111826513,-0.09471848881734779,0.09471848881734779
2025-12-05 07:00:00,-6.8,-6.7,-6.854918035059924,-0.05491803505992441,0.1549180350599242,0.1549180350599242
2025-12-05 08:00:00,-6.7,-6.1,-5.929158775303694,0.7708412246963054,-0.17084122469630536,0.17084122469630536
2025-12-05 09:00:00,-6.1,-3.8,-4.1673901841692995,1.9326098158307004,0.3673901841692997,0.3673901841692997
2025-12-05 10:00:00,-3.8,-1.9,-1.5921166255074657,2.207883374492534,-0.3078833744925342,0.3078833744925342
2025-12-05 11:00:00,-1.9,-0.7,-0.4618090617805095,1.4381909382194904,-0.23819093821949044,0.23819093821949044
2025-12-05 12:00:00,-0.7,0.3,0.5547783385997624,1.2547783385997624,-0.25477833859976246,0.25477833859976246
2025-12-05 13:00:00,0.3,1.0,0.9885549981125465,0.6885549981125466,0.011445001887453454,0.011445001887453454
2025-12-05 14:00:00,1.0,1.6,1.521310805193227,0.5213108051932269,0.07868919480677317,0.07868919480677317
2025-12-05 15:00:00,1.6,2.0,1.4382278230606107,-0.1617721769393893,0.5617721769393893,0.5617721769393893
2025-12-05 16:00:00,2.0,0.9,0.9964904919453308,-1.0035095080546692,-0.09649049194533077,0.09649049194533077
2025-12-05 17:00:00,0.9,0.0,-0.19248305853820702,-1.092483058538207,0.19248305853820702,0.19248305853820702
2025-12-05 18:00:00,0.0,-0.8,-0.47691769047690385,-0.47691769047690385,-0.3230823095230962,0.3230823095230962
2025-12-05 19:00:00,-0.8,-1.6,-1.3071140767499194,-0.5071140767499194,-0.29288592325008067,0.29288592325008067
2025-12-05 20:00:00,-1.6,-1.9,-2.102486302548863,-0.5024863025488628,0.20248630254886324,0.20248630254886324
2025-12-05 21:00:00,-1.9,-1.6,-2.258086628363285,-0.35808662836328503,0.6580866283632849,0.6580866283632849
2025-12-05 22:00:00,-1.6,-2.0,-1.5333916346844798,0.06660836531552027,-0.4666083653155202,0.4666083653155202
2025-12-05 23:00:00,-2.0,-1.9,-2.341307391292956,-0.3413073912929556,0.44130739129295593,0.44130739129295593
2025-12-06 00:00:00,-1.9,-1.4,-1.9298659182310016,-0.029865918231001733,0.5298659182310017,0.5298659182310017
2025-12-06 01:00:00,-1.4,-1.1,-1.2183156445808618,0.18168435541913816,0.11831564458086175,0.11831564458086175
2025-12-06 02:00:00,-1.1,-0.8,-1.0131779007992947,0.08682209920070533,0.21317790079929466,0.21317790079929466
2025-12-06 03:00:00,-0.8,-0.7,-0.7298877132665091,0.07011228673349096,0.029887713266509186,0.029887713266509186
2025-12-06 04:00:00,-0.7,-0.5,-0.6954898646191615,0.004510135380838398,0.1954898646191615,0.1954898646191615
2025-12-06 05:00:00,-0.5,-0.8,-0.4863539577355017,0.013646042264498255,-0.3136460422644983,0.3136460422644983
2025-12-06 06:00:00,-0.8,-0.7,-0.925913740061765,-0.12591374006176498,0.225913740061765,0.225913740061765
2025-12-06 07:00:00,-0.7,-0.9,-0.6024673017308853,0.09753269826911475,-0.29753269826911477,0.29753269826911477
2025-12-06 08:00:00,-0.9,-0.1,-0.21810801489739962,0.6818919851026004,0.11810801489739961,0.11810801489739961
2025-12-06 09:00:00,-0.1,1.4,1.2986125145641954,1.3986125145641954,0.10138748543580456,0.10138748543580456
2025-12-06 10:00:00,1.4,2.5,2.723304766860604,1.323304766860604,-0.22330476686060408,0.22330476686060408
2025-12-06 11:00:00,2.5,2.7,3.759123112018133,1.2591231120181332,-1.059123112018133,1.059123112018133
2025-12-06 12:00:00,2.7,3.3,3.2159922430698344,0.5159922430698343,0.08400775693016538,0.08400775693016538
2025-12-06 13:00:00,3.3,3.8,3.8134392360458405,0.5134392360458407,-0.01343923604584063,0.01343923604584063
2025-12-06 14:00:00,3.8,4.0,4.161567115606967,0.3615671156069674,-0.16156711560696735,0.16156711560696735
2025-12-06 15:00:00,4.0,4.4,3.870047738241837,-0.12995226175816305,0.5299522617581633,0.5299522617581633
2025-12-06 16:00:00,4.4,4.3,4.171713461846321,-0.22828653815367977,0.12828653815367907,0.12828653815367907
2025-12-06 17:00:00,4.3,4.1,3.9623214888846663,-0.3376785111153336,0.13767851111533336,0.13767851111533336
2025-12-06 18:00:00,4.1,3.8,3.808634073706963,-0.2913659262930368,-0.008634073706963008,0.008634073706963008
2025-12-06 19:00:00,3.8,3.7,3.4178909679003775,-0.38210903209962227,0.2821090320996227,0.2821090320996227
2025-12-06 20:00:00,3.7,3.7,3.467421617625018,-0.23257838237498207,0.23257838237498207,0.23257838237498207
2025-12-06 21:00:00,3.7,4.0,3.5942900799951314,-0.10570992000486884,0.4057099200048686,0.4057099200048686
2025-12-06 22:00:00,4.0,3.9,4.111791906450918,0.11179190645091777,-0.21179190645091817,0.21179190645091817
2025-12-06 23:00:00,3.9,3.9,3.784234118584769,-0.11576588141523048,0.1157658814152307,0.1157658814152307
2025-12-07 00:00:00,3.9,4.4,3.8472649727515074,-0.05273502724849245,0.552735027248493,0.552735027248493
2025-12-07 01:00:00,4.4,5.5,4.534764030655335,0.13476403065533485,0.9652359693446648,0.9652359693446648
2025-12-07 02:00:00,5.5,5.3,5.4526231576394615,-0.0473768423605381,-0.15262315763946166,0.15262315763946166
2025-12-07 03:00:00,5.3,4.9,5.201535804679174,-0.09846419532082601,-0.3015358046791734,0.3015358046791734
2025-12-07 04:00:00,4.9,4.9,4.568588895153645,-0.33141110484635583,0.3314111048463557,0.3314111048463557
2025-12-07 05:00:00,4.9,4.2,4.8063569536100434,-0.09364304638995705,-0.6063569536100433,0.6063569536100433
2025-12-07 06:00:00,4.2,3.9,3.8906426490519888,-0.30935735094801164,0.009357350948011156,0.009357350948011156
2025-12-07 07:00:00,3.9,3.4,3.8691305732733943,-0.030869426726605694,-0.46913057327339436,0.46913057327339436
2025-12-07 08:00:00,3.4,3.6,3.76969457898993,0.36969457898993036,-0.16969457898993,0.16969457898993
2025-12-07 09:00:00,3.6,5.6,4.4918621812773605,0.8918621812773603,1.1081378187226392,1.1081378187226392
2025-12-07 10:00:00,5.6,8.1,7.594610966403609,1.9946109664036096,0.5053890335963906,0.5053890335963906
2025-12-07 11:00:00,8.1,11.4,9.767387408989807,1.6673874089898073,1.6326125910101936,1.6326125910101936
2025-12-07 12:00:00,11.4,12.8,12.549209966552795,1.1492099665527944,0.2507900334472062,0.2507900334472062
2025-12-07 13:00:00,12.8,13.3,13.60550419281643,0.8055041928164289,-0.3055041928164286,0.3055041928164286
2025-12-07 14:00:00,13.3,12.9,13.633248262968351,0.3332482629683506,-0.7332482629683508,0.7332482629683508
2025-12-07 15:00:00,12.9,12.3,12.617866239561684,-0.2821337604383174,-0.3178662395616829,0.3178662395616829
2025-12-07 16:00:00,12.3,12.0,11.668142208106953,-0.6318577918930479,0.33185779189304654,0.33185779189304654
2025-12-07 17:00:00,12.0,11.5,11.445750897798257,-0.554249102201743,0.054249102201742616,0.054249102201742616
2025-12-07 18:00:00,11.5,11.1,10.951277261862455,-0.5487227381375455,0.1487227381375451,0.1487227381375451
2025-12-07 19:00:00,11.1,11.0,10.724675354116318,-0.37532464588368225,0.275324645883682,0.275324645883682
2025-12-07 20:00:00,11.0,10.1,10.770682729078455,-0.22931727092154489,-0.6706827290784556,0.6706827290784556
2025-12-07 21:00:00,10.1,9.0,9.447222037867194,-0.6527779621328054,-0.44722203786719383,0.44722203786719383
2025-12-07 22:00:00,9.0,8.2,8.193072811311685,-0.8069271886883143,0.00692718868831399,0.00692718868831399
2025-12-07 23:00:00,8.2,7.2,7.56303309636064,-0.6369669036393593,-0.3630330963606401,0.3630330963606401
2025-12-08 00:00:00,7.2,6.2,6.463426034911565,-0.7365739650884344,-0.26342603491156513,0.26342603491156513
2025-12-08 01:00:00,6.2,5.2,5.523463445296074,-0.6765365547039259,-0.32346344529607407,0.32346344529607407
2025-12-08 02:00:00,5.2,4.4,4.5386607878063145,-0.6613392121936857,-0.1386607878063142,0.1386607878063142
2025-12-08 03:00:00,4.4,3.4,3.885813325290283,-0.5141866747097175,-0.485813325290283,0.485813325290283
2025-12-08 04:00:00,3.4,2.9,2.8676747913372114,-0.5323252086627884,0.03232520866278854,0.03232520866278854
2025-12-08 05:00:00,2.9,2.4,2.446379359967685,-0.45362064003231495,-0.04637935996768494,0.04637935996768494
2025-12-08 06:00:00,2.4,1.8,2.0269848961010952,-0.37301510389890463,-0.22698489610109518,0.22698489610109518
2025-12-08 07:00:00,1.8,1.3,1.6466958377055818,-0.1533041622944183,-0.34669583770558177,0.34669583770558177
2025-12-08 08:00:00,1.3,2.0,1.9685612278916267,0.6685612278916268,0.031438772108373314,0.031438772108373314
2025-12-08 09:00:00,2.0,2.8,3.140769068625284,1.1407690686252836,-0.340769068625284,0.340769068625284
2025-12-08 10:00:00,2.8,3.8,3.7754302459142544,0.9754302459142544,0.024569754085745465,0.024569754085745465
2025-12-08 11:00:00,3.8,4.8,4.934489474498797,1.1344894744987974,-0.134489474498797,0.134489474498797
2025-12-08 12:00:00,4.8,6.2,5.572237674695587,0.7722376746955868,0.6277623253044133,0.6277623253044133
2025-12-08 13:00:00,6.2,6.4,6.890760090590338,0.6907600905903377,-0.49076009059033776,0.49076009059033776
2025-12-08 14:00:00,6.4,7.3,6.673240476582443,0.27324047658244227,0.6267595234175571,0.6267595234175571
2025-12-08 15:00:00,7.3,6.4,7.121314934029426,-0.17868506597057407,-0.7213149340294258,0.7213149340294258
2025-12-08 16:00:00,6.4,4.8,5.464446852294427,-0.9355531477055733,-0.6644468522944269,0.6644468522944269
2025-12-08 17:00:00,4.8,3.7,3.599516219865308,-1.2004837801346917,0.10048378013469206,0.10048378013469206
2025-12-08 18:00:00,3.7,2.9,2.8455049758868074,-0.8544950241131927,0.054495024113192514,0.054495024113192514
2025-12-08 19:00:00,2.9,2.3,2.2158124825665353,-0.6841875174334646,0.08418751743346453,0.08418751743346453
2025-12-08 20:00:00,2.3,1.7,1.7261643266513653,-0.5738356733486344,-0.026164326651365366,0.026164326651365366
2025-12-08 21:00:00,1.7,1.4,1.2035856920199794,-0.4964143079800205,0.19641430798002046,0.19641430798002046
2025-12-08 22:00:00,1.4,1.4,1.0044967742790583,-0.39550322572094154,0.39550322572094165,0.39550322572094165
2025-12-08 23:00:00,1.4,0.8,1.1733242572343139,-0.22667574276568606,-0.37332425723431384,0.37332425723431384
2025-12-09 00:00:00,0.8,0.1,0.3758863815204033,-0.4241136184795967,-0.27588638152040335,0.27588638152040335
2025-12-09 01:00:00,0.1,-0.7,-0.37825081417490036,-0.47825081417490034,-0.3217491858250996,0.3217491858250996
2025-12-09 02:00:00,-0.7,-1.3,-1.181457832390798,-0.481457832390798,-0.118542167609202,0.118542167609202
2025-12-09 03:00:00,-1.3,-1.7,-1.7031860621863202,-0.40318606218632025,0.0031860621863202265,0.0031860621863202265
2025-12-09 04:00:00,-1.7,-1.7,-2.062063181982887,-0.3620631819828871,0.36206318198288723,0.36206318198288723
2025-12-09 05:00:00,-1.7,-1.7,-1.909303131313927,-0.20930313131392714,0.20930313131392708,0.20930313131392708
2025-12-09 06:00:00,-1.7,-2.2,-1.801432046417395,-0.10143204641739502,-0.3985679535826052,0.3985679535826052
2025-12-09 07:00:00,-2.2,-2.3,-2.2120910301104053,-0.012091030110405096,-0.08790896988959451,0.08790896988959451
2025-12-09 08:00:00,-2.3,-0.7,-1.4901611409803475,0.8098388590196524,0.7901611409803475,0.7901611409803475
2025-12-09 09:00:00,-0.7,2.4,1.767664143402748,2.467664143402748,0.6323358565972519,0.6323358565972519
2025-12-09 10:00:00,2.4,4.0,4.795095498602252,2.395095498602252,-0.7950954986022518,0.7950954986022518
2025-12-09 11:00:00,4.0,5.1,5.481305163925076,1.481305163925076,-0.3813051639250764,0.3813051639250764
2025-12-09 12:00:00,5.1,6.1,6.238596977017422,1.1385969770174225,-0.13859697701742224,0.13859697701742224
2025-12-09 13:00:00,6.1,8.3,6.8742905814275295,0.7742905814275296,1.4257094185724712,1.4257094185724712
2025-12-09 14:00:00,8.3,8.1,8.462070225558172,0.16207022555817147,-0.36207022555817225,0.36207022555817225
2025-12-09 15:00:00,8.1,7.8,7.839635363913548,-0.2603646360864517,-0.03963536391354783,0.03963536391354783
2025-12-09 16:00:00,7.8,6.9,6.583151456626005,-1.2168485433739944,0.31684854337399493,0.31684854337399493
2025-12-09 17:00:00,6.9,6.3,5.6878532040446945,-1.2121467959553054,0.6121467959553053,0.6121467959553053
2025-12-09 18:00:00,6.3,5.4,5.547929858199954,-0.7520701418000464,-0.1479298581999533,0.1479298581999533
2025-12-09 19:00:00,5.4,4.7,4.783393488488164,-0.6166065115118369,-0.08339348848816375,0.08339348848816375
2025-12-09 20:00:00,4.7,4.0,4.162854255095838,-0.5371457449041618,-0.16285425509583806,0.16285425509583806
2025-12-09 21:00:00,4.0,3.5,3.454606177394045,-0.545393822605955,0.04539382260595515,0.04539382260595515
2025-12-09 22:00:00,3.5,3.1,3.1039887225891896,-0.39601127741081027,-0.003988722589189475,0.003988722589189475
2025-12-09 23:00:00,3.1,2.7,2.7072558113138414,-0.3927441886861585,-0.007255811313841232,0.007255811313841232
2025-12-10 00:00:00,2.7,2.2,2.303082501127131,-0.3969174988728688,-0.10308250112713102,0.10308250112713102
2025-12-10 01:00:00,2.2,1.8,1.8267398425467243,-0.37326015745327584,-0.026739842546724235,0.026739842546724235
2025-12-10 02:00:00,1.8,2.0,1.448614879188213,-0.351385120811787,0.551385120811787,0.551385120811787
2025-12-10 03:00:00,2.0,1.6,1.904565658185606,-0.09543434181439397,-0.304565658185606,0.304565658185606
2025-12-10 04:00:00,1.6,1.1,1.316344939250697,-0.2836550607493031,-0.21634493925069687,0.21634493925069687
2025-12-10 05:00:00,1.1,0.8,0.8335387435258989,-0.26646125647410124,-0.033538743525898806,0.033538743525898806
2025-12-10 06:00:00,0.8,0.7,0.599753730921093,-0.2002462690789071,0.10024626907890699,0.10024626907890699
2025-12-10 07:00:00,0.7,1.1,0.6882153408875542,-0.011784659112445783,0.4117846591124459,0.4117846591124459
2025-12-10 08:00:00,1.1,2.4,2.4134600991134336,1.3134600991134333,-0.01346009911343371,0.01346009911343371
2025-12-10 09:00:00,2.4,3.4,4.3938526909028885,1.9938526909028884,-0.9938526909028886,0.9938526909028886
2025-12-10 10:00:00,3.4,4.8,4.558638853622589,1.1586388536225891,0.24136114637741102,0.24136114637741102
2025-12-10 11:00:00,4.8,5.8,6.133717044266739,1.3337170442667383,-0.33371704426673876,0.33371704426673876
2025-12-10 12:00:00,5.8,6.9,6.815864650821756,1.0158646508217564,0.08413534917824439,0.08413534917824439
2025-12-10 13:00:00,6.9,7.9,7.494470873860088,0.5944708738600877,0.4055291261399123,0.4055291261399123
2025-12-10 14:00:00,7.9,8.5,8.127563579925678,0.22756357992567647,0.3724364200743224,0.3724364200743224
2025-12-10 15:00:00,8.5,8.4,8.406550518010256,-0.09344948198974332,-0.006550518010255857,0.006550518010255857
2025-12-10 16:00:00,8.4,8.0,7.893364817005385,-0.5066351829946153,0.10663518299461483,0.10663518299461483
2025-12-10 17:00:00,8.0,7.4,7.429010877835223,-0.5709891221647769,-0.029010877835222715,0.029010877835222715
2025-12-10 18:00:00,7.4,7.5,6.915826111276263,-0.4841738887237374,0.5841738887237371,0.5841738887237371
2025-12-10 19:00:00,7.5,7.4,7.261353291056197,-0.23864670894380366,0.1386467089438037,0.1386467089438037
2025-12-10 20:00:00,7.4,7.1,7.264764176391292,-0.13523582360870856,-0.1647641763912926,0.1647641763912926
2025-12-10 21:00:00,7.1,6.4,6.821309885905019,-0.2786901140949806,-0.4213098859050186,0.4213098859050186
2025-12-10 22:00:00,6.4,5.6,5.908412247264103,-0.4915877527358973,-0.3084122472641031,0.3084122472641031
2025-12-10 23:00:00,5.6,5.0,5.151941792895589,-0.4480582071044107,-0.15194179289558907,0.15194179289558907
2025-12-11 00:00:00,5.0,4.9,4.596933551215232,-0.4030664487847687,0.30306644878476874,0.30306644878476874
2025-12-11 01:00:00,4.9,5.2,4.7590894689466445,-0.14091053105335608,0.44091053105335565,0.44091053105335565
2025-12-11 02:00:00,5.2,5.3,5.302773162294694,0.10277316229469423,-0.0027731622946944867,0.0027731622946944867
2025-12-11 03:00:00,5.3,5.2,5.267509820367632,-0.032490179632367444,-0.06750982036763187,0.06750982036763187
2025-12-11 04:00:00,5.2,5.2,5.1263378358326985,-0.0736621641673018,0.07366216416730165,0.07366216416730165
2025-12-11 05:00:00,5.2,5.2,5.126458808146346,-0.07354119185365436,0.07354119185365438,0.07354119185365438
2025-12-11 06:00:00,5.2,5.2,5.112708635335952,-0.08729136466404806,0.08729136466404785,0.08729136466404785
2025-12-11 07:00:00,5.2,5.5,5.264479070288489,0.06447907028848901,0.23552092971151062,0.23552092971151062
2025-12-11 08:00:00,5.5,6.0,6.075662012506422,0.5756620125064219,-0.07566201250642202,0.07566201250642202
2025-12-11 09:00:00,6.0,7.0,6.823611237156089,0.8236112371560887,0.17638876284391092,0.17638876284391092
2025-12-11 10:00:00,7.0,7.4,8.152353529019015,1.1523535290190148,-0.7523535290190146,0.7523535290190146
2025-12-11 11:00:00,7.4,7.3,7.9801879107021225,0.5801879107021222,-0.6801879107021227,0.6801879107021227
2025-12-11 12:00:00,7.3,7.4,7.410874652557413,0.11087465255741336,-0.010874652557412823,0.010874652557412823
2025-12-11 13:00:00,7.4,7.9,7.526328526539609,0.12632852653960877,0.37367147346039165,0.37367147346039165
2025-12-11 14:00:00,7.9,7.5,8.13871660236976,0.2387166023697591,-0.6387166023697599,0.6387166023697599
2025-12-11 15:00:00,7.5,6.2,7.196388215802584,-0.3036117841974164,-0.9963882158025834,0.9963882158025834
2025-12-11 16:00:00,6.2,4.1,5.010559641993661,-1.1894403580063393,-0.910559641993661,0.910559641993661
2025-12-11 17:00:00,4.1,2.6,2.9381141257765555,-1.1618858742234441,-0.3381141257765554,0.3381141257765554
2025-12-11 18:00:00,2.6,1.4,1.6462274997585382,-0.953772500241462,-0.2462274997585383,0.2462274997585383
2025-12-11 19:00:00,1.4,0.5,0.43794118476040456,-0.9620588152395954,0.062058815239595444,0.062058815239595444
2025-12-11 20:00:00,0.5,-0.3,-0.32008438326550803,-0.820084383265508,0.020084383265508043,0.020084383265508043
2025-12-11 21:00:00,-0.3,-0.9,-0.9765794579084639,-0.6765794579084639,0.07657945790846388,0.07657945790846388
2025-12-11 22:00:00,-0.9,-1.2,-1.500239201151076,-0.6002392011510759,0.30023920115107594,0.30023920115107594
2025-12-11 23:00:00,-1.2,-1.7,-1.6577871229726915,-0.4577871229726914,-0.04221287702730847,0.04221287702730847
2025-12-12 00:00:00,-1.7,-2.5,-2.1380824744711906,-0.43808247447119064,-0.3619175255288094,0.3619175255288094
2025-12-12 01:00:00,-2.5,-2.7,-2.9733584762662453,-0.4733584762662454,0.2733584762662451,0.2733584762662451
2025-12-12 02:00:00,-2.7,-3.1,-3.024848724828851,-0.3248487248288509,-0.07515127517114895,0.07515127517114895
2025-12-12 03:00:00,-3.1,-3.3,-3.4384716085275877,-0.33847160852758745,0.13847160852758789,0.13847160852758789
2025-12-12 04:00:00,-3.3,-3.3,-3.555120339681413,-0.25512033968141307,0.255120339681413,0.255120339681413
2025-12-12 05:00:00,-3.3,-3.5,-3.5064212833456487,-0.2064212833456489,0.006421283345648732,0.006421283345648732
2025-12-12 06:00:00,-3.5,-3.1,-3.710732890518767,-0.21073289051876684,0.6107328905187668,0.6107328905187668
2025-12-12 07:00:00,-3.1,-2.9,-1.5027889531201126,1.5972110468798875,-1.3972110468798873,1.3972110468798873
2025-12-12 08:00:00,-2.9,-2.1,-1.8088548187796372,1.0911451812203627,-0.2911451812203629,0.2911451812203629
2025-12-12 09:00:00,-2.1,1.4,-0.3126499981358606,1.7873500018641395,1.7126499981358605,1.7126499981358605
2025-12-12 10:00:00,1.4,3.6,3.688729714026762,2.288729714026762,-0.088729714026762,0.088729714026762
2025-12-12 11:00:00,3.6,4.7,5.334585290938667,1.7345852909386663,-0.6345852909386664,0.6345852909386664
2025-12-12 12:00:00,4.7,6.6,5.85321884987065,1.1532188498706497,0.7467811501293493,0.7467811501293493
2025-12-12 13:00:00,6.6,6.8,7.577687714296385,0.9776877142963856,-0.777687714296385,0.777687714296385
2025-12-12 14:00:00,6.8,6.9,7.238855458661919,0.438855458661919,-0.3388554586619188,0.3388554586619188
2025-12-12 15:00:00,6.9,6.7,6.821226462325307,-0.07877353767469342,-0.12122646232530698,0.12122646232530698
2025-12-12 16:00:00,6.7,6.2,5.660737522161771,-1.0392624778382293,0.5392624778382293,0.5392624778382293
2025-12-12 17:00:00,6.2,5.5,5.309044671309897,-0.8909553286901037,0.19095532869010334,0.19095532869010334
2025-12-12 18:00:00,5.5,5.1,4.694906869213033,-0.8050931307869671,0.40509313078696696,0.40509313078696696
2025-12-12 19:00:00,5.1,4.5,4.68934124916331,-0.4106587508366895,-0.1893412491633102,0.1893412491633102
2025-12-12 20:00:00,4.5,4.3,4.023395190382698,-0.4766048096173025,0.27660480961730194,0.27660480961730194
2025-12-12 21:00:00,4.3,4.3,4.008740630515063,-0.2912593694849371,0.291259369484937,0.291259369484937
2025-12-12 22:00:00,4.3,4.1,4.097056687757815,-0.20294331224218476,0.0029433122421842484,0.0029433122421842484
2025-12-12 23:00:00,4.1,3.6,3.885716702136987,-0.21428329786301262,-0.2857167021369871,0.2857167021369871
2025-12-13 00:00:00,3.6,3.5,3.2189571467954257,-0.3810428532045744,0.28104285320457434,0.28104285320457434
2025-12-13 01:00:00,3.5,3.7,3.2985979860814014,-0.20140201391859874,0.40140201391859875,0.40140201391859875
2025-12-13 02:00:00,3.7,3.9,3.615693580754885,-0.08430641924511514,0.284306419245115,0.284306419245115
2025-12-13 03:00:00,3.9,4.0,3.8744113452667857,-0.02558865473321405,0.12558865473321434,0.12558865473321434
2025-12-13 04:00:00,4.0,3.9,3.981156604860905,-0.018843395139094946,-0.08115660486090492,0.08115660486090492
2025-12-13 05:00:00,3.9,3.8,3.788352704939618,-0.11164729506038212,0.011647295060381868,0.011647295060381868
2025-12-13 06:00:00,3.8,4.2,3.6445184801687214,-0.15548151983127845,0.5554815198312788,0.5554815198312788
2025-12-13 07:00:00,4.2,4.3,5.4127621523471765,1.2127621523471765,-1.1127621523471767,1.1127621523471767
2025-12-13 08:00:00,4.3,4.5,4.853870364950061,0.5538703649500611,-0.35387036495006097,0.35387036495006097
2025-12-13 09:00:00,4.5,4.2,5.0829877969905555,0.5829877969905556,-0.8829877969905553,0.8829877969905553
2025-12-13 10:00:00,4.2,3.9,4.498915020072796,0.2989150200727963,-0.5989150200727962,0.5989150200727962
2025-12-13 11:00:00,3.9,3.9,4.092264410257192,0.19226441025719243,-0.192264410257192,0.192264410257192
2025-12-13 12:00:00,3.9,3.8,4.077931671977829,0.17793167197782978,-0.27793167197782953,0.27793167197782953
2025-12-13 13:00:00,3.8,3.5,3.814956711545991,0.0149567115459914,-0.31495671154599103,0.31495671154599103
2025-12-13 14:00:00,3.5,3.6,3.6545183280550413,0.15451832805504143,-0.0545183280550412,0.0545183280550412
2025-12-13 15:00:00,3.6,3.0,3.7735499612598202,0.17354996125981995,-0.7735499612598202,0.7735499612598202
2025-12-13 16:00:00,3.0,1.9,2.6101219622562084,-0.3898780377437915,-0.7101219622562085,0.7101219622562085
2025-12-13 17:00:00,1.9,1.7,1.3113924672304733,-0.5886075327695266,0.38860753276952664,0.38860753276952664
2025-12-13 18:00:00,1.7,1.3,1.5257864020193104,-0.17421359798068956,-0.22578640201931033,0.22578640201931033
2025-12-13 19:00:00,1.3,0.6,0.9549950119584268,-0.3450049880415732,-0.35499501195842686,0.35499501195842686
2025-12-13 20:00:00,0.6,0.2,0.09488629454152786,-0.5051137054584721,0.10511370545847215,0.10511370545847215
2025-12-13 21:00:00,0.2,0.1,-0.2531600755017843,-0.45316007550178433,0.3531600755017843,0.3531600755017843
2025-12-13 22:00:00,0.1,-0.2,-0.07295336863282345,-0.17295336863282346,-0.12704663136717656,0.12704663136717656
2025-12-13 23:00:00,-0.2,-0.8,-0.46489234415325215,-0.26489234415325214,-0.3351076558467479,0.3351076558467479
2025-12-14 00:00:00,-0.8,-1.0,-1.1365522456113062,-0.3365522456113061,0.1365522456113062,0.1365522456113062
2025-12-14 01:00:00,-1.0,-1.0,-1.1044597222548005,-0.10445972225480042,0.10445972225480049,0.10445972225480049
2025-12-14 02:00:00,-1.0,-0.9,-1.1575585687090224,-0.15755856870902246,0.2575585687090224,0.2575585687090224
2025-12-14 03:00:00,-0.9,-0.8,-0.9880559390048627,-0.08805593900486265,0.18805593900486262,0.18805593900486262
2025-12-14 04:00:00,-0.8,-0.9,-0.8521101576055331,-0.0521101576055331,-0.04788984239446692,0.04788984239446692
2025-12-14 05:00:00,-0.9,-1.0,-0.9772818667424789,-0.07728186674247885,-0.022718133257521145,0.022718133257521145
2025-12-14 06:00:00,-1.0,-0.9,-1.137178631514075,-0.137178631514075,0.23717863151407503,0.23717863151407503
2025-12-14 07:00:00,-0.9,-0.9,-0.9362491838942404,-0.03624918389424035,0.03624918389424037,0.03624918389424037
2025-12-14 08:00:00,-0.9,-1.1,-0.3188015107193649,0.5811984892806351,-0.7811984892806352,0.7811984892806352
2025-12-14 09:00:00,-1.1,-0.8,-0.9124486562055677,0.18755134379443236,0.11244865620556765,0.11244865620556765
2025-12-14 10:00:00,-0.8,-0.1,-0.26207261802496173,0.5379273819750383,0.16207261802496173,0.16207261802496173
2025-12-14 11:00:00,-0.1,0.5,0.7799587579438114,0.8799587579438114,-0.2799587579438114,0.2799587579438114
2025-12-14 12:00:00,0.5,1.1,0.9718150573745173,0.47181505737451734,0.12818494262548275,0.12818494262548275
2025-12-14 13:00:00,1.1,1.5,1.6240706317920663,0.5240706317920661,-0.12407063179206634,0.12407063179206634
2025-12-14 14:00:00,1.5,2.2,1.8766104222428233,0.37661042224282315,0.3233895777571769,0.3233895777571769
2025-12-14 15:00:00,2.2,3.0,2.0396797259743047,-0.16032027402569568,0.9603202740256953,0.9603202740256953
2025-12-14 16:00:00,3.0,2.0,2.6571977243631917,-0.3428022756368085,-0.6571977243631917,0.6571977243631917
2025-12-14 17:00:00,2.0,1.0,1.2377292817142687,-0.7622707182857312,-0.23772928171426866,0.23772928171426866
2025-12-14 18:00:00,1.0,0.3,0.37479550961465924,-0.6252044903853408,-0.07479550961465925,0.07479550961465925
2025-12-14 19:00:00,0.3,0.1,-0.17428218525090905,-0.47428218525090904,0.2742821852509091,0.2742821852509091
2025-12-14 20:00:00,0.1,-0.3,-0.23814757074310947,-0.33814757074310947,-0.06185242925689052,0.06185242925689052
2025-12-14 21:00:00,-0.3,-0.7,-0.6691830977692736,-0.36918309776927366,-0.030816902230726306,0.030816902230726306
2025-12-14 22:00:00,-0.7,-1.1,-1.0288827002220238,-0.3288827002220238,-0.07111729977797632,0.07111729977797632
2025-12-14 23:00:00,-1.1,-1.5,-1.423112536772739,-0.323112536772739,-0.07688746322726092,0.07688746322726092
2025-12-15 00:00:00,-1.5,-1.6,-1.8668931868651646,-0.3668931868651646,0.2668931868651645,0.2668931868651645
2025-12-15 01:00:00,-1.6,-1.8,-1.745761315956164,-0.145761315956164,-0.05423868404383603,0.05423868404383603
2025-12-15 02:00:00,-1.8,-2.2,-2.00958610022433,-0.20958610022432983,-0.19041389977567036,0.19041389977567036
2025-12-15 03:00:00,-2.2,-2.7,-2.460284185113774,-0.26028418511377366,-0.2397158148862264,0.2397158148862264
2025-12-15 04:00:00,-2.7,-2.9,-3.003448192333041,-0.30344819233304104,0.10344819233304126,0.10344819233304126
2025-12-15 05:00:00,-2.9,-3.2,-3.1224468397145504,-0.22244683971455062,-0.07755316028544978,0.07755316028544978
2025-12-15 06:00:00,-3.2,-3.5,-3.426918954591247,-0.22691895459124703,-0.07308104540875293,0.07308104540875293
2025-12-15 07:00:00,-3.5,-3.4,-3.549480398843367,-0.04948039884336728,0.14948039884336728,0.14948039884336728
2025-12-15 08:00:00,-3.4,-2.4,-2.6090634012486023,0.7909365987513977,0.20906340124860234,0.20906340124860234
2025-12-15 09:00:00,-2.4,0.2,-0.2523266736117873,2.1476733263882126,0.4523266736117873,0.4523266736117873
2025-12-15 10:00:00,0.2,2.1,2.4284489110055456,2.2284489110055454,-0.3284489110055455,0.3284489110055455
2025-12-15 11:00:00,2.1,3.0,3.899987175226551,1.7999871752265506,-0.8999871752265509,0.8999871752265509
2025-12-15 12:00:00,3.0,3.7,4.043594590096367,1.0435945900963675,-0.34359459009636684,0.34359459009636684
2025-12-15 13:00:00,3.7,3.9,4.473690864825676,0.7736908648256764,-0.5736908648256764,0.5736908648256764
2025-12-15 14:00:00,3.9,4.5,4.0076649438905,0.10766494389050035,0.4923350561094999,0.4923350561094999
2025-12-15 15:00:00,4.5,4.2,4.346817778737037,-0.15318222126296321,-0.14681777873703705,0.14681777873703705
2025-12-15 16:00:00,4.2,3.7,3.666694409441919,-0.5333055905580809,0.03330559055808102,0.03330559055808102
2025-12-15 17:00:00,3.7,2.6,3.262707818441707,-0.4372921815582929,-0.662707818441707,0.662707818441707
2025-12-15 18:00:00,2.6,1.7,1.759822844490457,-0.8401771555095433,-0.05982284449045694,0.05982284449045694
2025-12-15 19:00:00,1.7,1.2,1.0970261033038122,-0.6029738966961878,0.10297389669618773,0.10297389669618773
2025-12-15 20:00:00,1.2,1.1,0.7848547251112464,-0.4151452748887535,0.31514527488875366,0.31514527488875366
2025-12-15 21:00:00,1.1,1.4,0.896795138363161,-0.203204861636839,0.5032048616368389,0.5032048616368389
2025-12-15 22:00:00,1.4,1.7,1.4289476013596756,0.028947601359675647,0.2710523986403244,0.2710523986403244
2025-12-15 23:00:00,1.7,2.1,1.7645467393760033,0.06454673937600323,0.33545326062399683,0.33545326062399683
2025-12-16 00:00:00,2.1,2.3,2.161032304866857,0.06103230486685708,0.13896769513314267,0.13896769513314267
2025-12-16 01:00:00,2.3,2.3,2.289516423737045,-0.010483576262954812,0.01048357626295493,0.01048357626295493
2025-12-16 02:00:00,2.3,2.3,2.1804565959952553,-0.11954340400474445,0.1195434040047445,0.1195434040047445
2025-12-16 03:00:00,2.3,2.3,2.17841027533104,-0.12158972466895981,0.12158972466895968,0.12158972466895968
2025-12-16 04:00:00,2.3,2.5,2.2171928024108722,-0.0828071975891277,0.28280719758912776,0.28280719758912776
2025-12-16 05:00:00,2.5,2.6,2.5260031864892274,0.02600318648922743,0.0739968135107727,0.0739968135107727
2025-12-16 06:00:00,2.6,3.0,2.6680752881462704,0.06807528814627041,0.3319247118537296,0.3319247118537296
2025-12-16 07:00:00,3.0,3.2,3.864346350271769,0.864346350271769,-0.664346350271769,0.664346350271769
2025-12-16 08:00:00,3.2,3.5,3.6617028128837825,0.46170281288378245,-0.16170281288378252,0.16170281288378252
2025-12-16 09:00:00,3.5,3.6,4.139568279031414,0.6395682790314138,-0.5395682790314136,0.5395682790314136
2025-12-16 10:00:00,3.6,3.7,3.9676333027773354,0.36763330277733514,-0.2676333027773352,0.2676333027773352
2025-12-16 11:00:00,3.7,3.6,3.9609968832972626,0.2609968832972624,-0.36099688329726254,0.36099688329726254
2025-12-16 12:00:00,3.6,3.8,3.8464029560527826,0.24640295605278245,-0.04640295605278277,0.04640295605278277
2025-12-16 13:00:00,3.8,4.1,4.030960197874243,0.23096019787424246,0.069039802125757,0.069039802125757
2025-12-16 14:00:00,4.1,4.2,4.298830939170566,0.19883093917056596,-0.09883093917056573,0.09883093917056573
2025-12-16 15:00:00,4.2,4.3,4.256822137743199,0.05682213774319837,0.04317786225680109,0.04317786225680109
2025-12-16 16:00:00,4.3,4.4,4.4476360326770505,0.14763603267705042,-0.04763603267705019,0.04763603267705019
2025-12-16 17:00:00,4.4,4.4,4.507531101023338,0.10753110102333827,-0.10753110102333796,0.10753110102333796
2025-12-16 18:00:00,4.4,4.4,4.483880066984695,0.08388006698469488,-0.08388006698469486,0.08388006698469486
2025-12-16 19:00:00,4.4,4.5,4.414695700474668,0.014695700474667502,0.08530429952533236,0.08530429952533236
2025-12-16 20:00:00,4.5,4.6,4.585347321017933,0.08534732101793312,0.014652678982066902,0.014652678982066902
2025-12-16 21:00:00,4.6,4.7,4.55216757639757,-0.04783242360242899,0.14783242360242976,0.14783242360242976
2025-12-16 22:00:00,4.7,4.9,4.6839673067344325,-0.016032693265568037,0.21603269326556784,0.21603269326556784
2025-12-16 23:00:00,4.9,5.0,4.910670697333512,0.010670697333511728,0.08932930266648764,0.08932930266648764
2025-12-17 00:00:00,5.0,5.1,5.009952258141517,0.00995225814151706,0.09004774185848241,0.09004774185848241
2025-12-17 01:00:00,5.1,5.2,5.103340519264649,0.003340519264649588,0.09665948073535091,0.09665948073535091
2025-12-17 02:00:00,5.2,4.9,5.2084660766369515,0.008466076636951154,-0.30846607663695114,0.30846607663695114
2025-12-17 03:00:00,4.9,4.7,4.717017290581417,-0.18298270941858327,-0.017017290581416766,0.017017290581416766
2025-12-17 04:00:00,4.7,4.5,4.671018434231181,-0.028981565768819013,-0.1710184342311809,0.1710184342311809
2025-12-17 05:00:00,4.5,4.3,4.395974463708251,-0.10402553629174839,-0.09597446370825136,0.09597446370825136
2025-12-17 06:00:00,4.3,3.7,4.115511328767745,-0.18448867123225457,-0.415511328767745,0.415511328767745
2025-12-17 07:00:00,3.7,3.2,3.5557906465837843,-0.14420935341621605,-0.3557906465837841,0.3557906465837841
2025-12-17 08:00:00,3.2,3.2,3.554608955849736,0.3546089558497357,-0.3546089558497356,0.3546089558497356
2025-12-17 09:00:00,3.2,3.6,3.820386346146524,0.6203863461465237,-0.22038634614652386,0.22038634614652386
2025-12-17 10:00:00,3.6,4.7,4.198246218996742,0.5982462189967419,0.5017537810032584,0.5017537810032584
2025-12-17 11:00:00,4.7,5.6,5.838508053913592,1.1385080539135914,-0.2385080539135922,0.2385080539135922
2025-12-17 12:00:00,5.6,6.2,6.366577505607188,0.7665775056071883,-0.16657750560718743,0.16657750560718743
2025-12-17 13:00:00,6.2,6.6,6.656890643207261,0.45689064320726164,-0.05689064320726178,0.05689064320726178
2025-12-17 14:00:00,6.6,7.3,6.872824511909802,0.2728245119098025,0.4271754880901977,0.4271754880901977
2025-12-17 15:00:00,7.3,6.9,7.065062986789646,-0.23493701321035376,-0.16506298678964537,0.16506298678964537
2025-12-17 16:00:00,6.9,5.7,6.086094486072863,-0.8139055139271375,-0.3860944860728628,0.3860944860728628
2025-12-17 17:00:00,5.7,4.4,4.583408830329134,-1.116591169670866,-0.18340883032913347,0.18340883032913347
2025-12-17 18:00:00,4.4,3.9,3.4209020195509425,-0.9790979804490577,0.4790979804490574,0.4790979804490574
2025-12-17 19:00:00,3.9,3.3,3.316859210110511,-0.5831407898894887,-0.01685921011051139,0.01685921011051139
2025-12-17 20:00:00,3.3,2.9,2.7630217750387915,-0.5369782249612083,0.13697822496120837,0.13697822496120837
2025-12-17 21:00:00,2.9,2.2,2.4521897097142165,-0.4478102902857836,-0.2521897097142163,0.2521897097142163
2025-12-17 22:00:00,2.2,1.7,1.6798354822024943,-0.5201645177975058,0.02016451779750561,0.02016451779750561
2025-12-17 23:00:00,1.7,1.2,1.288858752652607,-0.41114124734739294,-0.08885875265260701,0.08885875265260701
2025-12-18 00:00:00,1.2,0.7,0.8175556055494677,-0.3824443944505323,-0.11755560554946776,0.11755560554946776
2025-12-18 01:00:00,0.7,0.6,0.30599073247611047,-0.3940092675238895,0.2940092675238895,0.2940092675238895
2025-12-18 02:00:00,0.6,-0.4,0.31129320269178096,-0.288706797308219,-0.711293202691781,0.711293202691781
2025-12-18 03:00:00,-0.4,-1.2,-0.9118580746708487,-0.5118580746708487,-0.2881419253291513,0.2881419253291513
2025-12-18 04:00:00,-1.2,-1.2,-1.5407190165730396,-0.3407190165730397,0.3407190165730396,0.3407190165730396
2025-12-18 05:00:00,-1.2,-1.6,-1.470523484513707,-0.27052348451370695,-0.12947651548629313,0.12947651548629313
2025-12-18 06:00:00,-1.6,-1.5,-1.8691044847812563,-0.2691044847812563,0.36910448478125635,0.36910448478125635
2025-12-18 07:00:00,-1.5,-1.9,-1.3122236388418898,0.18777636115811028,-0.5877763611581102,0.5877763611581102
2025-12-18 08:00:00,-1.9,-1.2,-1.199455906934971,0.7005440930650289,-0.0005440930650288944,0.0005440930650288944
2025-12-18 09:00:00,-1.2,1.5,0.5900821106551122,1.7900821106551121,0.9099178893448878,0.9099178893448878
2025-12-18 10:00:00,1.5,3.9,3.7503711320962734,2.2503711320962734,0.14962886790372654,0.14962886790372654
2025-12-18 11:00:00,3.9,5.0,5.696030255459444,1.7960302554594447,-0.6960302554594442,0.6960302554594442
2025-12-18 12:00:00,5.0,6.3,6.052642806013729,1.052642806013729,0.24735719398627065,0.24735719398627065
2025-12-18 13:00:00,6.3,8.4,7.325726485810499,1.0257264858104986,1.0742735141895015,1.0742735141895015
2025-12-18 14:00:00,8.4,8.0,8.596977907104439,0.19697790710443858,-0.5969779071044385,0.5969779071044385
2025-12-18 15:00:00,8.0,7.7,7.728657947980624,-0.27134205201937633,-0.02865794798062371,0.02865794798062371
2025-12-18 16:00:00,7.7,6.3,6.421397938987948,-1.278602061012053,-0.12139793898794782,0.12139793898794782
2025-12-18 17:00:00,6.3,5.0,5.057989706587852,-1.2420102934121475,-0.0579897065878523,0.0579897065878523
2025-12-18 18:00:00,5.0,3.9,4.12026479738197,-0.87973520261803,-0.22026479738197002,0.22026479738197002
2025-12-18 19:00:00,3.9,2.8,3.193905733753965,-0.706094266246035,-0.3939057337539653,0.3939057337539653
2025-12-18 20:00:00,2.8,2.1,2.103526506203571,-0.6964734937964285,-0.003526506203570978,0.003526506203570978
2025-12-18 21:00:00,2.1,1.6,1.532007689238935,-0.5679923107610652,0.06799231076106516,0.06799231076106516
2025-12-18 22:00:00,1.6,1.9,1.1429135109424358,-0.45708648905756427,0.7570864890575641,0.7570864890575641
2025-12-18 23:00:00,1.9,1.4,2.048813428140801,0.14881342814080115,-0.6488134281408011,0.6488134281408011
2025-12-19 00:00:00,1.4,0.9,1.0273377766972769,-0.3726622233027229,-0.12733777669727686,0.12733777669727686
2025-12-19 01:00:00,0.9,0.7,0.5226154028314232,-0.37738459716857686,0.1773845971685768,0.1773845971685768
2025-12-19 02:00:00,0.7,0.6,0.44348199418788575,-0.2565180058121142,0.15651800581211422,0.15651800581211422
2025-12-19 03:00:00,0.6,0.1,0.40353996132145276,-0.19646003867854725,-0.3035399613214528,0.3035399613214528
2025-12-19 04:00:00,0.1,-0.6,-0.19884899406394466,-0.29884899406394466,-0.40115100593605535,0.40115100593605535
2025-12-19 05:00:00,-0.6,-0.6,-0.9240321460922234,-0.32403214609222336,0.3240321460922234,0.3240321460922234
2025-12-19 06:00:00,-0.6,-0.4,-0.7103848306762011,-0.11038483067620111,0.31038483067620104,0.31038483067620104
2025-12-19 07:00:00,-0.4,0.7,0.034093026357163714,0.43409302635716374,0.6659069736428362,0.6659069736428362
2025-12-19 08:00:00,0.7,1.6,3.0021856662748183,2.302185666274818,-1.4021856662748182,1.4021856662748182
2025-12-19 09:00:00,1.6,2.5,3.08721858663265,1.4872185866326502,-0.58721858663265,0.58721858663265
2025-12-19 10:00:00,2.5,3.7,3.7099245814175514,1.2099245814175517,-0.00992458141755126,0.00992458141755126
2025-12-19 11:00:00,3.7,5.7,4.9373230022537875,1.2373230022537876,0.7626769977462127,0.7626769977462127
2025-12-19 12:00:00,5.7,7.5,6.77142793686769,1.0714279368676904,0.7285720631323098,0.7285720631323098
2025-12-19 13:00:00,7.5,8.6,8.349306057392807,0.8493060573928067,0.25069394260719235,0.25069394260719235
2025-12-19 14:00:00,8.6,9.3,8.804067091800361,0.20406709180036056,0.49593290819963975,0.49593290819963975
2025-12-19 15:00:00,9.3,9.9,9.060921483544904,-0.239078516455097,0.8390785164550962,0.8390785164550962
2025-12-19 16:00:00,9.9,8.8,9.2485777497965,-0.6514222502035005,-0.4485777497964989,0.4485777497964989
2025-12-19 17:00:00,8.8,7.7,7.658315885738184,-1.1416841142618164,0.04168411426181606,0.04168411426181606
2025-12-19 18:00:00,7.7,6.8,6.944588477484573,-0.7554115225154269,-0.14458847748457337,0.14458847748457337
2025-12-19 19:00:00,6.8,6.7,6.112351808891875,-0.6876481911081254,0.5876481911081255,0.5876481911081255
2025-12-19 20:00:00,6.7,7.2,6.407140985406753,-0.2928590145932473,0.7928590145932475,0.7928590145932475
2025-12-19 21:00:00,7.2,7.2,7.030353672794144,-0.16964632720585626,0.16964632720585637,0.16964632720585637
2025-12-19 22:00:00,7.2,7.4,7.088295613584141,-0.11170438641585916,0.31170438641585907,0.31170438641585907
2025-12-19 23:00:00,7.4,7.4,7.372470863801575,-0.02752913619842492,0.02752913619842534,0.02752913619842534
2025-12-20 00:00:00,7.4,7.6,7.347906397147614,-0.05209360285238618,0.25209360285238525,0.25209360285238525
2025-12-20 01:00:00,7.6,7.6,7.604319933413496,0.004319933413496559,-0.004319933413496457,0.004319933413496457
2025-12-20 02:00:00,7.6,7.9,7.576104711430224,-0.023895288569775578,0.32389528856977634,0.32389528856977634
2025-12-20 03:00:00,7.9,7.7,8.016791029324533,0.11679102932453377,-0.3167910293245333,0.3167910293245333
2025-12-20 04:00:00,7.7,8.0,7.527512238291795,-0.17248776170820548,0.47248776170820506,0.47248776170820506
2025-12-20 05:00:00,8.0,8.2,8.051171434123965,0.05117143412396555,0.148828565876034,0.148828565876034
2025-12-20 06:00:00,8.2,8.4,8.277225194648032,0.07722519464803328,0.12277480535196794,0.12277480535196794
2025-12-20 07:00:00,8.4,8.3,8.69424131017045,0.2942413101704485,-0.3942413101704485,0.3942413101704485
2025-12-20 08:00:00,8.3,8.6,8.734091378282836,0.43409137828283406,-0.1340913782828359,0.1340913782828359
2025-12-20 09:00:00,8.6,8.8,9.156793910471968,0.556793910471969,-0.35679391047196773,0.35679391047196773
2025-12-20 10:00:00,8.8,9.0,9.282678244990073,0.4826782449900719,-0.2826782449900733,0.2826782449900733
2025-12-20 11:00:00,9.0,10.3,9.417157048387638,0.41715704838763906,0.8828429516123624,0.8828429516123624
2025-12-20 12:00:00,10.3,10.7,11.027878959944733,0.7278789599447321,-0.3278789599447336,0.3278789599447336
2025-12-20 13:00:00,10.7,10.2,11.07319071883204,0.3731907188320401,-0.8731907188320402,0.8731907188320402
2025-12-20 14:00:00,10.2,9.5,10.141022035480878,-0.05897796451912107,-0.6410220354808782,0.6410220354808782
2025-12-20 15:00:00,9.5,8.8,9.157270439945822,-0.34272956005417765,-0.35727043994582175,0.35727043994582175
2025-12-20 16:00:00,8.8,8.6,8.30969596339865,-0.49030403660135174,0.2903040366013503,0.2903040366013503
2025-12-20 17:00:00,8.6,7.8,8.270297923642623,-0.3297020763573774,-0.47029792364262324,0.47029792364262324
2025-12-20 18:00:00,7.8,7.0,7.261640726875356,-0.5383592731246438,-0.2616407268753562,0.2616407268753562
2025-12-20 19:00:00,7.0,6.2,6.357144857611565,-0.642855142388435,-0.1571448576115646,0.1571448576115646
2025-12-20 20:00:00,6.2,4.9,5.4202900646843135,-0.779709935315687,-0.5202900646843132,0.5202900646843132
2025-12-20 21:00:00,4.9,2.8,3.9912423247060858,-0.9087576752939144,-1.191242324706086,1.191242324706086
2025-12-20 22:00:00,2.8,1.8,1.6144941659115977,-1.1855058340884022,0.18550583408840238,0.18550583408840238
2025-12-20 23:00:00,1.8,1.0,0.9297327031739554,-0.8702672968260446,0.0702672968260446,0.0702672968260446
2025-12-21 00:00:00,1.0,0.3,0.32486202592641356,-0.6751379740735864,-0.024862025926413567,0.024862025926413567
2025-12-21 01:00:00,0.3,-0.4,-0.35599769713501644,-0.6559976971350164,-0.04400230286498358,0.04400230286498358
2025-12-21 02:00:00,-0.4,-0.8,-1.0829887738341544,-0.6829887738341542,0.28298877383415433,0.28298877383415433
2025-12-21 03:00:00,-0.8,-1.2,-1.293812182578892,-0.49381218257889187,0.09381218257889201,0.09381218257889201
2025-12-21 04:00:00,-1.2,-1.7,-1.6241342668778274,-0.42413426687782746,-0.0758657331221726,0.0758657331221726
2025-12-21 05:00:00,-1.7,-2.0,-2.0775161185462543,-0.3775161185462544,0.07751611854625429,0.07751611854625429
2025-12-21 06:00:00,-2.0,-2.4,-2.276091685960377,-0.2760916859603772,-0.12390831403962288,0.12390831403962288
2025-12-21 07:00:00,-2.4,-2.7,-2.632987353330563,-0.23298735333056295,-0.06701264666943718,0.06701264666943718
2025-12-21 08:00:00,-2.7,-2.9,-1.9440153681524956,0.7559846318475045,-0.9559846318475043,0.9559846318475043
2025-12-21 09:00:00,-2.9,-2.2,-2.498366363475558,0.4016336365244422,0.2983663634755578,0.2983663634755578
2025-12-21 10:00:00,-2.2,-0.8,-1.3423710334215726,0.8576289665784275,0.5423710334215726,0.5423710334215726
2025-12-21 11:00:00,-0.8,0.3,0.44939733235731727,1.2493973323573173,-0.14939733235731728,0.14939733235731728
2025-12-21 12:00:00,0.3,0.7,1.1931947491635,0.8931947491635,-0.49319474916350003,0.49319474916350003
2025-12-21 13:00:00,0.7,1.5,1.4015120055854466,0.7015120055854468,0.09848799441455336,0.09848799441455336
2025-12-21 14:00:00,1.5,2.0,1.9200268234007565,0.4200268234007564,0.07997317659924352,0.07997317659924352
2025-12-21 15:00:00,2.0,1.7,1.7646960931172475,-0.2353039068827524,-0.06469609311724756,0.06469609311724756
2025-12-21 16:00:00,1.7,0.5,0.4599822861464309,-1.240017713853569,0.040017713853569115,0.040017713853569115
2025-12-21 17:00:00,0.5,-0.5,-0.513013350220471,-1.013013350220471,0.01301335022047101,0.01301335022047101
2025-12-21 18:00:00,-0.5,-1.0,-1.0969639661022101,-0.5969639661022101,0.09696396610221014,0.09696396610221014
2025-12-21 19:00:00,-1.0,-1.6,-1.427611320803417,-0.4276113208034168,-0.17238867919658318,0.17238867919658318
2025-12-21 20:00:00,-1.6,-1.5,-2.0334455208644058,-0.4334455208644055,0.5334455208644058,0.5334455208644058
2025-12-21 21:00:00,-1.5,-2.0,-1.6814576861160733,-0.18145768611607324,-0.31854231388392673,0.31854231388392673
2025-12-21 22:00:00,-2.0,-2.9,-2.3987709872765284,-0.39877098727652854,-0.5012290127234715,0.5012290127234715
2025-12-21 23:00:00,-2.9,-3.4,-3.500616213898809,-0.6006162138988091,0.10061621389880893,0.10061621389880893
2025-12-22 00:00:00,-3.4,-4.1,-3.7828235670079815,-0.3828235670079817,-0.31717643299201814,0.31717643299201814
2025-12-22 01:00:00,-4.1,-4.4,-4.58757143664915,-0.48757143664915054,0.18757143664914988,0.18757143664914988
2025-12-22 02:00:00,-4.4,-4.9,-4.752674107467544,-0.3526741074675438,-0.14732589253245632,0.14732589253245632
2025-12-22 03:00:00,-4.9,-5.0,-5.291421452771696,-0.39142145277169554,0.2914214527716963,0.2914214527716963
2025-12-22 04:00:00,-5.0,-5.1,-5.24620309615067,-0.24620309615067007,0.1462030961506704,0.1462030961506704
2025-12-22 05:00:00,-5.1,-5.2,-5.264690245539589,-0.16469024553959008,0.06469024553958924,0.06469024553958924
2025-12-22 06:00:00,-5.2,-5.7,-5.367260709560021,-0.1672607095600215,-0.33273929043997885,0.33273929043997885
2025-12-22 07:00:00,-5.7,-5.7,-5.678144066558206,0.021855933441794474,-0.021855933441794484,0.021855933441794484
2025-12-22 08:00:00,-5.7,-4.6,-4.679013578343287,1.0209864216567128,0.0790135783432877,0.0790135783432877
2025-12-22 09:00:00,-4.6,-1.6,-2.183657454865082,2.416342545134918,0.5836574548650817,0.5836574548650817
2025-12-22 10:00:00,-1.6,0.1,0.405426080763037,2.005426080763037,-0.305426080763037,0.305426080763037
2025-12-22 11:00:00,0.1,1.7,1.5919951276027862,1.491995127602786,0.10800487239721379,0.10800487239721379
2025-12-22 12:00:00,1.7,3.0,2.8333734312032686,1.1333734312032688,0.16662656879673143,0.16662656879673143
2025-12-22 13:00:00,3.0,4.0,3.9982350950456924,0.9982350950456922,0.001764904954307589,0.001764904954307589
2025-12-22 14:00:00,4.0,4.7,4.440239471514319,0.44023947151431925,0.259760528485681,0.259760528485681
2025-12-22 15:00:00,4.7,5.0,4.563389421617853,-0.136610578382147,0.43661057838214656,0.43661057838214656
2025-12-22 16:00:00,5.0,3.5,3.7861871304668666,-1.2138128695331334,-0.2861871304668666,0.2861871304668666
2025-12-22 17:00:00,3.5,2.0,2.2934432086432084,-1.2065567913567916,-0.2934432086432084,0.2934432086432084
2025-12-22 18:00:00,2.0,1.0,0.9342446470178487,-1.0657553529821513,0.0657553529821513,0.0657553529821513
2025-12-22 19:00:00,1.0,0.4,0.32920214742637455,-0.6707978525736255,0.07079785257362547,0.07079785257362547
2025-12-22 20:00:00,0.4,0.3,-0.13038268810446108,-0.5303826881044611,0.43038268810446106,0.43038268810446106
2025-12-22 21:00:00,0.3,0.3,-0.02855262759647953,-0.3285526275964795,0.3285526275964795,0.3285526275964795
2025-12-22 22:00:00,0.3,-0.3,0.09403892286471965,-0.20596107713528033,-0.39403892286471964,0.39403892286471964
2025-12-22 23:00:00,-0.3,0.1,-0.7163853838252882,-0.41638538382528817,0.8163853838252881,0.8163853838252881
2025-12-23 00:00:00,0.1,0.4,0.27237851152757986,0.17237851152757985,0.12762148847242016,0.12762148847242016
2025-12-23 01:00:00,0.4,0.3,0.5455840324392939,0.14558403243929385,-0.2455840324392939,0.2455840324392939
2025-12-23 02:00:00,0.3,0.2,0.10170117677358612,-0.19829882322641387,0.0982988232264139,0.0982988232264139
2025-12-23 03:00:00,0.2,0.8,0.0056829391374537686,-0.19431706086254624,0.7943170608625463,0.7943170608625463
2025-12-23 04:00:00,0.8,0.8,1.018163167612236,0.218163167612236,-0.21816316761223598,0.21816316761223598
2025-12-23 05:00:00,0.8,1.4,0.7281521085661127,-0.07184789143388737,0.6718478914338872,0.6718478914338872
2025-12-23 06:00:00,1.4,1.7,1.6483797126191493,0.24837971261914926,0.05162028738085067,0.05162028738085067
2025-12-23 07:00:00,1.7,2.2,2.0337914854919936,0.3337914854919938,0.16620851450800656,0.16620851450800656
2025-12-23 08:00:00,2.2,2.6,3.009079688035068,0.8090796880350679,-0.4090796880350678,0.4090796880350678
2025-12-23 09:00:00,2.6,3.4,3.359645462792966,0.7596454627929662,0.04035453720703375,0.04035453720703375
2025-12-23 10:00:00,3.4,4.0,4.525988615348855,1.1259886153488552,-0.5259886153488553,0.5259886153488553
2025-12-23 11:00:00,4.0,4.1,4.809995759671428,0.8099957596714277,-0.7099957596714281,0.7099957596714281
2025-12-23 12:00:00,4.1,4.3,4.3471940747577165,0.2471940747577169,-0.04719407475771664,0.04719407475771664
2025-12-23 13:00:00,4.3,2.4,4.529950472808698,0.22995047280869893,-2.1299504728086984,2.1299504728086984
2025-12-23 14:00:00,2.4,2.8,2.117970132042124,-0.2820298679578758,0.6820298679578758,0.6820298679578758
2025-12-23 15:00:00,2.8,2.7,2.827527668366746,0.027527668366745927,-0.12752766836674567,0.12752766836674567
2025-12-23 16:00:00,2.7,2.7,2.515831557063686,-0.18416844293631404,0.18416844293631396,0.18416844293631396
2025-12-23 17:00:00,2.7,2.7,2.7802822599299906,0.08028225992999045,-0.08028225992999038,0.08028225992999038
2025-12-23 18:00:00,2.7,2.9,2.698263051713261,-0.0017369482867391056,0.20173694828673883,0.20173694828673883
2025-12-23 19:00:00,2.9,3.1,3.0419802973775933,0.14198029737759363,0.058019702622406744,0.058019702622406744
2025-12-23 20:00:00,3.1,3.2,3.2869454264493663,0.18694542644936613,-0.08694542644936609,0.08694542644936609
2025-12-23 21:00:00,3.2,3.4,3.1645979871404992,-0.03540201285950104,0.2354020128595007,0.2354020128595007
2025-12-23 22:00:00,3.4,3.6,3.3852111131035016,-0.014788886896498148,0.21478888689649844,0.21478888689649844
2025-12-23 23:00:00,3.6,3.6,3.6211506539335137,0.021150653933513407,-0.021150653933513563,0.021150653933513563
2025-12-24 00:00:00,3.6,3.5,3.5468476608822734,-0.053152339117726786,-0.046847660882273434,0.046847660882273434
2025-12-24 01:00:00,3.5,3.5,3.422677027590087,-0.07732297240991293,0.07732297240991315,0.07732297240991315
2025-12-24 02:00:00,3.5,3.5,3.4168352264455804,-0.08316477355441977,0.08316477355441965,0.08316477355441965
2025-12-24 03:00:00,3.5,3.2,3.4657912709231784,-0.034208729076821674,-0.2657912709231782,0.2657912709231782
2025-12-24 04:00:00,3.2,3.0,3.154837264766408,-0.0451627352335923,-0.15483726476640802,0.15483726476640802
2025-12-24 05:00:00,3.0,2.8,2.9652576630866787,-0.034742336913321153,-0.16525766308667889,0.16525766308667889
2025-12-24 06:00:00,2.8,2.7,2.673806231485249,-0.1261937685147506,0.02619376851475108,0.02619376851475108
2025-12-24 07:00:00,2.7,2.4,2.6480117709513173,-0.051988229048682784,-0.24801177095131743,0.24801177095131743
2025-12-24 08:00:00,2.4,2.5,2.5417073470471294,0.14170734704712942,-0.04170734704712942,0.04170734704712942
2025-12-24 09:00:00,2.5,2.6,2.7894074092414898,0.28940740924148994,-0.1894074092414897,0.1894074092414897
2025-12-24 10:00:00,2.6,3.4,2.9100291489095484,0.3100291489095485,0.48997085109045146,0.48997085109045146
2025-12-24 11:00:00,3.4,4.6,4.340366349975025,0.9403663499750253,0.2596336500249743,0.2596336500249743
2025-12-24 12:00:00,4.6,5.1,5.416121891035193,0.816121891035193,-0.31612189103519306,0.31612189103519306
2025-12-24 13:00:00,5.1,5.3,5.4416398866961115,0.34163988669611206,-0.14163988669611172,0.14163988669611172
2025-12-24 14:00:00,5.3,5.9,5.3218840261521265,0.021884026152126295,0.5781159738478738,0.5781159738478738
2025-12-24 15:00:00,5.9,5.5,5.653970794209435,-0.24602920579056553,-0.15397079420943527,0.15397079420943527
2025-12-24 16:00:00,5.5,4.2,4.776436967390155,-0.7235630326098453,-0.5764369673901548,0.5764369673901548
2025-12-24 17:00:00,4.2,3.1,3.264392193213659,-0.9356078067863414,-0.16439219321365872,0.16439219321365872
2025-12-24 18:00:00,3.1,2.2,2.162663845840762,-0.9373361541592381,0.03733615415923808,0.03733615415923808
2025-12-24 19:00:00,2.2,1.5,1.549191662526713,-0.650808337473287,-0.04919166252671303,0.04919166252671303
2025-12-24 20:00:00,1.5,0.7,0.9218716216736524,-0.5781283783263476,-0.22187162167365249,0.22187162167365249
2025-12-24 21:00:00,0.7,0.3,0.184113746314722,-0.515886253685278,0.115886253685278,0.115886253685278
2025-12-24 22:00:00,0.3,-0.4,-0.11310939617623389,-0.4131093961762339,-0.28689060382376613,0.28689060382376613
2025-12-24 23:00:00,-0.4,-0.9,-0.9075793830315362,-0.5075793830315362,0.007579383031536158,0.007579383031536158
2025-12-25 00:00:00,-0.9,-0.9,-1.286596090555001,-0.3865960905550009,0.3865960905550009,0.3865960905550009
2025-12-25 01:00:00,-0.9,-1.4,-1.0827905229136139,-0.18279052291361378,-0.317209477086386,0.317209477086386
2025-12-25 02:00:00,-1.4,-1.7,-1.775462646244248,-0.37546264624424797,0.07546264624424803,0.07546264624424803
2025-12-25 03:00:00,-1.7,-2.2,-1.9563364232960034,-0.25633642329600337,-0.24366357670399674,0.24366357670399674
2025-12-25 04:00:00,-2.2,-2.5,-2.5713814787112863,-0.37138147871128596,0.0713814787112863,0.0713814787112863
2025-12-25 05:00:00,-2.5,-2.8,-2.7522801720747463,-0.25228017207474623,-0.04771982792525353,0.04771982792525353
2025-12-25 06:00:00,-2.8,-3.0,-3.067081106084369,-0.2670811060843689,0.06708110608436879,0.06708110608436879
2025-12-25 07:00:00,-3.0,-3.3,-3.127535800451078,-0.1275358004510777,-0.172464199548922,0.172464199548922
2025-12-25 08:00:00,-3.3,-3.1,-2.6647068323121923,0.6352931676878075,-0.4352931676878078,0.4352931676878078
2025-12-25 09:00:00,-3.1,-2.0,-2.224703275175977,0.8752967248240231,0.224703275175977,0.224703275175977
2025-12-25 10:00:00,-2.0,-1.0,-0.9635861019422405,1.0364138980577595,-0.03641389805775952,0.03641389805775952
2025-12-25 11:00:00,-1.0,-0.3,-0.00895598596988001,0.99104401403012,-0.29104401403012,0.29104401403012
2025-12-25 12:00:00,-0.3,-0.6,0.37395167670740365,0.6739516767074036,-0.9739516767074037,0.9739516767074037
2025-12-25 13:00:00,-0.6,-0.3,-0.5701400755642285,0.029859924435771495,0.27014007556422853,0.27014007556422853
2025-12-25 14:00:00,-0.3,-0.7,-0.21677872390778022,0.08322127609221977,-0.48322127609221976,0.48322127609221976
2025-12-25 15:00:00,-0.7,-1.3,-1.0111754258155214,-0.31117542581552143,-0.2888245741844786,0.2888245741844786
2025-12-25 16:00:00,-1.3,-3.1,-2.235778345154612,-0.9357783451546119,-0.8642216548453883,0.8642216548453883
2025-12-25 17:00:00,-3.1,-4.4,-4.136250196388484,-1.0362501963884836,-0.2637498036115167,0.2637498036115167
2025-12-25 18:00:00,-4.4,-5.3,-5.285536398244807,-0.8855363982448067,-0.014463601755192457,0.014463601755192457
2025-12-25 19:00:00,-5.3,-6.4,-6.093827403513059,-0.7938274035130591,-0.30617259648694173,0.30617259648694173
2025-12-25 20:00:00,-6.4,-7.0,-7.268090634651705,-0.8680906346517052,0.26809063465170535,0.26809063465170535
2025-12-25 21:00:00,-7.0,-7.8,-7.606372397842928,-0.6063723978429282,-0.19362760215707198,0.19362760215707198
2025-12-25 22:00:00,-7.8,-8.3,-8.452508333847316,-0.6525083338473162,0.15250833384731521,0.15250833384731521
2025-12-25 23:00:00,-8.3,-8.9,-8.781956252752856,-0.4819562527528552,-0.11804374724714428,0.11804374724714428
2025-12-26 00:00:00,-8.9,-9.4,-9.39276946628356,-0.4927694662835596,-0.00723053371643978,0.00723053371643978
2025-12-26 01:00:00,-9.4,-9.8,-9.932454974879999,-0.5324549748799988,0.13245497487999813,0.13245497487999813
2025-12-26 02:00:00,-9.8,-10.2,-10.234113010659074,-0.43411301065907276,0.034113010659075016,0.034113010659075016
2025-12-26 03:00:00,-10.2,-10.7,-10.661436419153729,-0.4614364191537288,-0.03856358084627054,0.03856358084627054
2025-12-26 04:00:00,-10.7,-11.0,-11.000499289069717,-0.3004992890697181,0.0004992890697170793,0.0004992890697170793
2025-12-26 05:00:00,-11.0,-11.4,-11.277877078431585,-0.27787707843158466,-0.12212292156841542,0.12212292156841542
2025-12-26 06:00:00,-11.4,-11.6,-11.626115712840095,-0.2261157128400947,0.026115712840095284,0.026115712840095284
2025-12-26 07:00:00,-11.6,-11.8,-11.750500083464159,-0.15050008346415936,-0.04949991653584185,0.04949991653584185
2025-12-26 08:00:00,-11.8,-11.3,-10.970947957316069,0.8290520426839321,-0.32905204268393184,0.32905204268393184
2025-12-26 09:00:00,-11.3,-10.3,-10.078552547143268,1.2214474528567334,-0.22144745285673295,0.22144745285673295
2025-12-26 10:00:00,-10.3,-8.9,-9.167583139192992,1.1324168608070098,0.2675831391929915,0.2675831391929915
2025-12-26 11:00:00,-8.9,-7.6,-7.8627661178147825,1.0372338821852178,0.2627661178147829,0.2627661178147829
2025-12-26 12:00:00,-7.6,-6.4,-6.59057135644802,1.00942864355198,0.1905713564480198,0.1905713564480198
2025-12-26 13:00:00,-6.4,-4.9,-5.524897757544317,0.8751022424556828,0.6248977575443169,0.6248977575443169
2025-12-26 14:00:00,-4.9,-4.0,-4.505587401744708,0.3944125982552926,0.505587401744708,0.505587401744708
2025-12-26 15:00:00,-4.0,-4.2,-3.9099416230778394,0.09005837692216051,-0.29005837692216074,0.29005837692216074
2025-12-26 16:00:00,-4.2,-5.4,-5.253901999862152,-1.0539019998621517,-0.14609800013784824,0.14609800013784824
2025-12-26 17:00:00,-5.4,-6.1,-6.401391005291005,-1.0013910052910053,0.3013910052910056,0.3013910052910056
2025-12-26 18:00:00,-6.1,-6.5,-6.691704267848548,-0.5917042678485488,0.19170426784854833,0.19170426784854833
2025-12-26 19:00:00,-6.5,-6.8,-7.064362092427869,-0.5643620924278688,0.2643620924278691,0.2643620924278691
2025-12-26 20:00:00,-6.8,-7.1,-7.24061809587708,-0.44061809587708056,0.1406180958770804,0.1406180958770804
2025-12-26 21:00:00,-7.1,-7.7,-7.421288822058039,-0.3212888220580391,-0.2787111779419611,0.2787111779419611
2025-12-26 22:00:00,-7.7,-7.9,-8.078976782747379,-0.37897678274737895,0.1789767827473785,0.1789767827473785
2025-12-26 23:00:00,-7.9,-8.2,-8.114799796041552,-0.21479979604155117,-0.08520020395844696,0.08520020395844696
2025-12-27 00:00:00,-8.2,-7.9,-8.458557384386324,-0.2585573843863254,0.5585573843863241,0.5585573843863241
2025-12-27 01:00:00,-7.9,-7.1,-7.737313934779768,0.16268606522023304,0.637313934779768,0.637313934779768
2025-12-27 02:00:00,-7.1,-6.7,-6.813734062850729,0.28626593714927046,0.11373406285072907,0.11373406285072907
2025-12-27 03:00:00,-6.7,-6.5,-6.716816017316018,-0.016816017316017222,0.21681601731601763,0.21681601731601763
2025-12-27 04:00:00,-6.5,-6.7,-6.494993613457045,0.005006386542954786,-0.205006386542955,0.205006386542955
2025-12-27 05:00:00,-6.7,-6.7,-6.942408669466792,-0.24240866946679168,0.24240866946679152,0.24240866946679152
2025-12-27 06:00:00,-6.7,-6.6,-6.87435950891602,-0.17435950891601962,0.27435950891602,0.27435950891602
2025-12-27 07:00:00,-6.6,-6.1,-6.511786922128241,0.08821307787175832,0.41178692212824153,0.41178692212824153
2025-12-27 08:00:00,-6.1,-5.5,-4.872372855032694,1.2276271449673053,-0.6276271449673061,0.6276271449673061
2025-12-27 09:00:00,-5.5,-3.6,-4.198944902830106,1.301055097169894,0.5989449028301057,0.5989449028301057
2025-12-27 10:00:00,-3.6,-2.3,-1.663291322951873,1.936708677048127,-0.6367086770481267,0.6367086770481267
2025-12-27 11:00:00,-2.3,-1.1,-0.9045034327701449,1.395496567229855,-0.1954965672298552,0.1954965672298552
2025-12-27 12:00:00,-1.1,-0.5,-0.0024259451069290616,1.097574054893071,-0.49757405489307094,0.49757405489307094
2025-12-27 13:00:00,-0.5,-0.2,0.15260976770152201,0.652609767701522,-0.352609767701522,0.352609767701522
2025-12-27 14:00:00,-0.2,0.4,0.10203516042633509,0.3020351604263351,0.29796483957366493,0.29796483957366493
2025-12-27 15:00:00,0.4,0.4,0.21865681332953565,-0.18134318667046437,0.18134318667046437,0.18134318667046437
2025-12-27 16:00:00,0.4,0.3,-0.30523017446221556,-0.7052301744622156,0.6052301744622155,0.6052301744622155
2025-12-27 17:00:00,0.3,-0.3,-0.29513894422625425,-0.5951389442262542,-0.004861055773745737,0.004861055773745737
2025-12-27 18:00:00,-0.3,-0.4,-0.7327985891420982,-0.4327985891420982,0.33279858914209814,0.33279858914209814
2025-12-27 19:00:00,-0.4,-0.7,-0.795601286703669,-0.39560128670366895,0.09560128670366907,0.09560128670366907
2025-12-27 20:00:00,-0.7,-0.7,-1.0282757131215434,-0.3282757131215436,0.32827571312154347,0.32827571312154347
2025-12-27 21:00:00,-0.7,-0.4,-0.8880581145220806,-0.18805811452208063,0.4880581145220806,0.4880581145220806
2025-12-27 22:00:00,-0.4,-0.2,-0.3669077945745098,0.033092205425490226,0.16690779457450977,0.16690779457450977
2025-12-27 23:00:00,-0.2,0.0,-0.2217491705977815,-0.021749170597781472,0.2217491705977815,0.2217491705977815
2025-12-28 00:00:00,0.0,0.1,0.02730995548885055,0.02730995548885055,0.07269004451114945,0.07269004451114945
2025-12-28 01:00:00,0.1,0.3,0.10456336518056837,0.00456336518056837,0.19543663481943163,0.19543663481943163
2025-12-28 02:00:00,0.3,0.3,0.2743628673516425,-0.02563713264835747,0.025637132648357486,0.025637132648357486
2025-12-28 03:00:00,0.3,0.5,0.21854824488051816,-0.08145175511948183,0.28145175511948184,0.28145175511948184
2025-12-28 04:00:00,0.5,0.5,0.46638442492266474,-0.03361557507733526,0.03361557507733526,0.03361557507733526
2025-12-28 05:00:00,0.5,0.5,0.43302020249292233,-0.06697979750707768,0.06697979750707767,0.06697979750707767
2025-12-28 06:00:00,0.5,0.5,0.3888078410268955,-0.11119215897310451,0.11119215897310453,0.11119215897310453
2025-12-28 07:00:00,0.5,0.6,0.5560022767649467,0.05600227676494671,0.04399772323505324,0.04399772323505324
2025-12-28 08:00:00,0.6,1.0,1.0843448020931263,0.4843448020931264,-0.08434480209312634,0.08434480209312634
2025-12-28 09:00:00,1.0,2.1,2.107256096960014,1.107256096960014,-0.007256096960013725,0.007256096960013725
2025-12-28 10:00:00,2.1,3.0,3.275436835384369,1.175436835384369,-0.2754368353843688,0.2754368353843688
2025-12-28 11:00:00,3.0,3.8,4.209052173183032,1.2090521731830322,-0.40905217318303233,0.40905217318303233
2025-12-28 12:00:00,3.8,4.5,4.582705000744335,0.7827050007443355,-0.08270500074433507,0.08270500074433507
2025-12-28 13:00:00,4.5,5.3,5.136446513459185,0.6364465134591846,0.16355348654081503,0.16355348654081503
2025-12-28 14:00:00,5.3,5.8,5.590048760222057,0.29004876022205744,0.2099512397779426,0.2099512397779426
2025-12-28 15:00:00,5.8,5.8,6.09020911687966,0.2902091168796609,-0.29020911687966056,0.29020911687966056
2025-12-28 16:00:00,5.8,5.5,5.469268509581128,-0.3307314904188722,0.03073149041887202,0.03073149041887202
2025-12-28 17:00:00,5.5,4.9,5.066734376413362,-0.4332656235866382,-0.16673437641336175,0.16673437641336175
2025-12-28 18:00:00,4.9,4.4,4.501137078844811,-0.39886292115519,-0.10113707884481027,0.10113707884481027
2025-12-28 19:00:00,4.4,4.4,3.9439611995915183,-0.456038800408482,0.4560388004084821,0.4560388004084821
2025-12-28 20:00:00,4.4,4.3,4.261826692784331,-0.13817330721566926,0.03817330721566847,0.03817330721566847
2025-12-28 21:00:00,4.3,4.3,4.150473011157503,-0.14952698884249635,0.1495269888424966,0.1495269888424966
2025-12-28 22:00:00,4.3,5.1,4.178211775405216,-0.12178822459478418,0.9217882245947839,0.9217882245947839
2025-12-28 23:00:00,5.1,5.1,5.50265489905027,0.40265489905027085,-0.40265489905027074,0.40265489905027074
2025-12-29 00:00:00,5.1,4.6,5.052600593541967,-0.047399406458033234,-0.452600593541967,0.452600593541967
2025-12-29 01:00:00,4.6,4.3,4.366360939334274,-0.23363906066572576,-0.0663609393342739,0.0663609393342739
2025-12-29 02:00:00,4.3,4.3,4.0883992278806325,-0.2116007721193674,0.21160077211936734,0.21160077211936734
2025-12-29 03:00:00,4.3,4.1,4.207255010964567,-0.0927449890354326,-0.10725501096456735,0.10725501096456735
2025-12-29 04:00:00,4.1,3.8,4.029498497806599,-0.07050150219340066,-0.22949849780659903,0.22949849780659903
2025-12-29 05:00:00,3.8,3.9,3.711974167696972,-0.08802583230302802,0.18802583230302794,0.18802583230302794
2025-12-29 06:00:00,3.9,4.9,3.9322047087007928,0.03220470870079263,0.9677952912992076,0.9677952912992076
2025-12-29 07:00:00,4.9,5.1,6.761058995231762,1.8610589952317618,-1.6610589952317625,1.6610589952317625
2025-12-29 08:00:00,5.1,5.0,5.615157417784932,0.5151574177849326,-0.6151574177849319,0.6151574177849319
2025-12-29 09:00:00,5.0,6.1,5.48069712401344,0.48069712401343945,0.61930287598656,0.61930287598656
2025-12-29 10:00:00,6.1,7.8,7.476624428708265,1.3766244287082645,0.3233755712917352,0.3233755712917352
2025-12-29 11:00:00,7.8,8.6,9.164754456786731,1.3647544567867311,-0.5647544567867318,0.5647544567867318
2025-12-29 12:00:00,8.6,8.9,9.631836534496493,1.0318365344964937,-0.7318365344964928,0.7318365344964928
2025-12-29 13:00:00,8.9,9.0,9.122827670613345,0.22282767061334416,-0.12282767061334532,0.12282767061334532
2025-12-29 14:00:00,9.0,9.0,9.11441528723112,0.1144152872311201,-0.11441528723111993,0.11441528723111993
2025-12-29 15:00:00,9.0,8.2,8.839337728731909,-0.16066227126809068,-0.6393377287319097,0.6393377287319097
2025-12-29 16:00:00,8.2,7.1,7.359256127638492,-0.8407438723615074,-0.2592561276384924,0.2592561276384924
2025-12-29 17:00:00,7.1,5.8,6.014967916005174,-1.0850320839948258,-0.2149679160051745,0.2149679160051745
2025-12-29 18:00:00,5.8,5.1,4.950226435842627,-0.8497735641573729,0.14977356415737297,0.14977356415737297
2025-12-29 19:00:00,5.1,4.0,4.575176509874138,-0.5248234901258617,-0.5751765098741384,0.5751765098741384
2025-12-29 20:00:00,4.0,2.7,3.0992709366223656,-0.9007290633776345,-0.39927093662236546,0.39927093662236546
2025-12-29 21:00:00,2.7,1.5,1.9399037473804892,-0.7600962526195109,-0.4399037473804892,0.4399037473804892
2025-12-29 22:00:00,1.5,0.4,0.6267345207029336,-0.8732654792970664,-0.22673452070293354,0.22673452070293354
2025-12-29 23:00:00,0.4,-0.1,-0.3004703758874624,-0.7004703758874624,0.2004703758874624,0.2004703758874624
2025-12-30 00:00:00,-0.1,-0.6,-0.6504076468683176,-0.5504076468683177,0.05040764686831767,0.05040764686831767
2025-12-30 01:00:00,-0.6,-1.4,-1.0831242359721753,-0.48312423597217524,-0.3168757640278246,0.3168757640278246
2025-12-30 02:00:00,-1.4,-1.9,-1.95266401416963,-0.5526640141696302,0.05266401416963018,0.05266401416963018
2025-12-30 03:00:00,-1.9,-2.4,-2.2872139363096147,-0.3872139363096147,-0.11278606369038524,0.11278606369038524
2025-12-30 04:00:00,-2.4,-3.2,-2.7328703203124736,-0.33287032031247354,-0.4671296796875266,0.4671296796875266
2025-12-30 05:00:00,-3.2,-3.2,-3.557558848087994,-0.3575588480879939,0.35755884808799365,0.35755884808799365
2025-12-30 06:00:00,-3.2,-3.1,-3.4464608567626236,-0.24646085676262355,0.3464608567626235,0.3464608567626235
2025-12-30 07:00:00,-3.1,-3.6,-3.163923203457366,-0.06392320345736609,-0.436076796542634,0.436076796542634
2025-12-30 08:00:00,-3.6,-3.1,-3.01899374779678,0.5810062522032199,-0.08100625220322,0.08100625220322
2025-12-30 09:00:00,-3.1,-0.8,-1.562030193724694,1.537969806275306,0.762030193724694,0.762030193724694
2025-12-30 10:00:00,-0.8,0.3,0.9907560635390491,1.7907560635390491,-0.6907560635390491,0.6907560635390491
2025-12-30 11:00:00,0.3,1.6,1.5783005026475954,1.2783005026475953,0.02169949735240473,0.02169949735240473
2025-12-30 12:00:00,1.6,2.5,2.675322022241474,1.0753220222414737,-0.17532202224147397,0.17532202224147397
2025-12-30 13:00:00,2.5,2.9,3.3969061075064175,0.8969061075064174,-0.4969061075064176,0.4969061075064176
2025-12-30 14:00:00,2.9,3.4,3.2887645513907753,0.3887645513907756,0.11123544860922463,0.11123544860922463
2025-12-30 15:00:00,3.4,2.7,3.1795286683470994,-0.22047133165290062,-0.4795286683470992,0.4795286683470992
2025-12-30 16:00:00,2.7,1.7,1.756280362467712,-0.9437196375322883,-0.05628036246771195,0.05628036246771195
2025-12-30 17:00:00,1.7,0.5,0.7218705662529192,-0.9781294337470807,-0.22187056625291923,0.22187056625291923
2025-12-30 18:00:00,0.5,-0.2,-0.3693622843603013,-0.8693622843603013,0.16936228436030126,0.16936228436030126
2025-12-30 19:00:00,-0.2,-0.5,-0.7638537069354818,-0.5638537069354818,0.2638537069354818,0.2638537069354818
2025-12-30 20:00:00,-0.5,-0.5,-0.9804794085060407,-0.48047940850604065,0.48047940850604065,0.48047940850604065
2025-12-30 21:00:00,-0.5,-0.8,-0.7139054908618273,-0.2139054908618273,-0.08609450913817274,0.08609450913817274
2025-12-30 22:00:00,-0.8,-1.0,-1.0955538030296823,-0.2955538030296822,0.0955538030296823,0.0955538030296823
2025-12-30 23:00:00,-1.0,-1.2,-1.252340665206176,-0.25234066520617593,0.052340665206175974,0.052340665206175974
