지점,지점명,일시,기온(°C),강수량(mm),풍속(m/s),습도(%),현지기압(hPa),해면기압(hPa)
108,서울,2023.12.31 1:00,2.1,,2.3,98,1000.3,1010.9
108,서울,2023.12.31 2:00,2.2,,1.2,98,1000,1010.6
108,서울,2023.12.31 3:00,2.2,0.8,1.8,99,999.8,1010.4
108,서울,2023.12.31 4:00,2.3,,2.3,99,999.3,1009.9
108,서울,2023.12.31 5:00,2.4,,1.8,99,998.5,1009.1
108,서울,2023.12.31 6:00,2.4,0,1.4,99,998.4,1009
108,서울,2023.12.31 7:00,2.8,,1.9,100,999.2,1009.8
108,서울,2023.12.31 8:00,1.2,,2.7,98,1000.8,1011.5
108,서울,2023.12.31 9:00,1.1,3.9,2.4,98,1002.2,1012.9
108,서울,2023.12.31 10:00,1.5,,2,99,1003.8,1014.5
108,서울,2023.12.31 11:00,1.8,,2.4,97,1005.2,1015.9
108,서울,2023.12.31 12:00,2.2,0,3.3,96,1005.8,1016.5
108,서울,2023.12.31 13:00,2.6,,2.4,92,1006.4,1017.1
108,서울,2023.12.31 14:00,2.6,,2.5,92,1007.3,1018
108,서울,2023.12.31 15:00,3.8,,2.7,90,1008.1,1018.7
108,서울,2023.12.31 16:00,4.3,,2.2,85,1009.1,1019.7
108,서울,2023.12.31 17:00,4,,2.2,86,1010.1,1020.8
108,서울,2023.12.31 18:00,3.1,,0.7,89,1011.2,1021.9
108,서울,2023.12.31 19:00,2.6,,0.8,90,1012,1022.7
108,서울,2023.12.31 20:00,1.9,,2.2,94,1013,1023.8
108,서울,2023.12.31 21:00,1.7,,2.4,96,1013.7,1024.5
108,서울,2023.12.31 22:00,1.3,,0.6,95,1014.1,1024.9
108,서울,2023.12.31 23:00,0.9,,0.8,96,1014.9,1025.8
108,서울,2024.1.1 0:00,0.6,,1.9,97,1015.4,1026.3
108,서울,2024.1.1 1:00,0.5,,2.2,97,1015.6,1026.5
108,서울,2024.1.1 2:00,0.4,,0.4,98,1016.2,1027.1
108,서울,2024.1.1 3:00,-0.1,,1.7,98,1016.6,1027.5
108,서울,2024.1.1 4:00,-0.2,,2.2,98,1016.8,1027.7
108,서울,2024.1.1 5:00,0.3,,1.2,99,1017.2,1028.1
108,서울,2024.1.1 6:00,0.5,,2,99,1017.2,1028.1
108,서울,2024.1.1 7:00,0.4,,2.1,98,1017.5,1028.4
108,서울,2024.1.1 8:00,0.2,,0.8,98,1017.9,1028.8
108,서울,2024.1.1 9:00,0.6,,1.3,99,1018.2,1029.1
108,서울,2024.1.1 10:00,2.4,,1.4,95,1018.6,1029.4
108,서울,2024.1.1 11:00,4.4,,2,82,1018.3,1029
108,서울,2024.1.1 12:00,5.7,,2.3,73,1017.7,1028.4
108,서울,2024.1.1 13:00,7.3,,1.6,70,1016.6,1027.2
108,서울,2024.1.1 14:00,6.5,,2.1,68,1015.8,1026.4
108,서울,2024.1.1 15:00,6.4,,1.2,68,1015.4,1026
108,서울,2024.1.1 16:00,5.8,,2.2,68,1015.3,1026
108,서울,2024.1.1 17:00,5.5,,2.3,71,1015,1025.7
108,서울,2024.1.1 18:00,4.9,,1.1,71,1015,1025.7
108,서울,2024.1.1 19:00,4.6,,1.3,72,1014.7,1025.4
108,서울,2024.1.1 20:00,4.4,,1.3,75,1014.6,1025.3
108,서울,2024.1.1 21:00,4.3,0,1.7,77,1014.5,1025.2
108,서울,2024.1.1 22:00,4.1,,1.5,79,1014.6,1025.3
108,서울,2024.1.1 23:00,3.9,,2,82,1014.4,1025.1
108,서울,2024.1.2 0:00,3.7,0,1.7,82,1014.2,1024.9
108,서울,2024.1.2 1:00,3.5,,1.1,85,1013.6,1024.3
108,서울,2024.1.2 2:00,3.3,,2,86,1013.5,1024.2
108,서울,2024.1.2 3:00,3,0,2.2,80,1013.5,1024.2
108,서울,2024.1.2 4:00,2.8,,0.4,82,1012.9,1023.6
108,서울,2024.1.2 5:00,2.4,,0.1,84,1012.3,1023.1
108,서울,2024.1.2 6:00,2.3,,0.6,84,1012.2,1023
108,서울,2024.1.2 7:00,2.2,,0.3,82,1012.3,1023.1
108,서울,2024.1.2 8:00,2.3,,1.4,77,1012.4,1023.2
108,서울,2024.1.2 9:00,2.3,0,1.8,75,1012.6,1023.4
108,서울,2024.1.2 10:00,2.7,,2.2,74,1012.8,1023.5
108,서울,2024.1.2 11:00,3.1,,1.6,73,1012.4,1023.1
108,서울,2024.1.2 12:00,3.6,,1.7,72,1011.8,1022.5
108,서울,2024.1.2 13:00,4,,1.7,68,1011.2,1021.9
108,서울,2024.1.2 14:00,4.1,,1.7,63,1010.7,1021.4
108,서울,2024.1.2 15:00,3.9,,2.4,62,1010.6,1021.3
108,서울,2024.1.2 16:00,4,,1.9,62,1010.4,1021.1
108,서울,2024.1.2 17:00,3.5,,1.2,63,1010.1,1020.8
108,서울,2024.1.2 18:00,3.2,,1.2,64,1010.4,1021.1
108,서울,2024.1.2 19:00,2.9,,1.6,70,1010.3,1021
108,서울,2024.1.2 20:00,2.4,,1.3,70,1010.4,1021.1
108,서울,2024.1.2 21:00,2.3,,2.1,72,1010.4,1021.1
108,서울,2024.1.2 22:00,2.3,,2,72,1010.1,1020.8
108,서울,2024.1.2 23:00,2.3,,1.2,73,1009.9,1020.6
108,서울,2024.1.3 0:00,2.4,,1.7,72,1009.6,1020.3
108,서울,2024.1.3 1:00,2.3,,1.6,74,1009.3,1020
108,서울,2024.1.3 2:00,2.2,,1,74,1008.9,1019.6
108,서울,2024.1.3 3:00,2.1,,0.3,75,1008.9,1019.6
108,서울,2024.1.3 4:00,2,,0.4,77,1008.3,1019
108,서울,2024.1.3 5:00,2.2,,0.9,77,1007.9,1018.6
108,서울,2024.1.3 6:00,2.2,,0.7,78,1007.7,1018.4
108,서울,2024.1.3 7:00,2.2,,0.8,78,1007.7,1018.4
108,서울,2024.1.3 8:00,2.3,,1.5,80,1007.7,1018.4
108,서울,2024.1.3 9:00,2.1,0.1,2,85,1008.2,1018.9
108,서울,2024.1.3 10:00,1.8,,1,90,1008.3,1019
108,서울,2024.1.3 11:00,2.4,,1.6,89,1007.7,1018.4
108,서울,2024.1.3 12:00,3,0.5,1.4,89,1007.4,1018.1
108,서울,2024.1.3 13:00,3.8,,1,84,1006.6,1017.2
108,서울,2024.1.3 14:00,3.4,,2.8,85,1006.5,1017.1
108,서울,2024.1.3 15:00,3.2,0,2.2,83,1006.7,1017.4
108,서울,2024.1.3 16:00,3.7,,2.5,75,1007.2,1017.8
108,서울,2024.1.3 17:00,3,,2.7,77,1007.8,1018.5
108,서울,2024.1.3 18:00,2.3,,2.5,82,1008.7,1019.4
108,서울,2024.1.3 19:00,1.7,,1,82,1009.2,1020
108,서울,2024.1.3 20:00,1.3,,3,78,1009.7,1020.5
108,서울,2024.1.3 21:00,0.6,,2.1,73,1010.2,1021
108,서울,2024.1.3 22:00,0,,2.6,74,1010.7,1021.5
108,서울,2024.1.3 23:00,-0.5,,1.5,75,1011.1,1022
108,서울,2024.1.4 0:00,-1.1,,0.8,78,1011.3,1022.2
108,서울,2024.1.4 1:00,-1.5,,0.8,79,1011.5,1022.4
108,서울,2024.1.4 2:00,-1.9,,0.9,81,1011.5,1022.4
108,서울,2024.1.4 3:00,-2.2,,0.9,80,1011.7,1022.6
108,서울,2024.1.4 4:00,-2.5,,0,82,1011.4,1022.4
108,서울,2024.1.4 5:00,-2.7,,1.7,79,1011.5,1022.5
108,서울,2024.1.4 6:00,-3.1,,2.1,82,1011.9,1022.9
108,서울,2024.1.4 7:00,-3.2,,2.2,87,1012.2,1023.2
108,서울,2024.1.4 8:00,-2.8,,1.5,87,1012.5,1023.5
108,서울,2024.1.4 9:00,-1.8,,2.6,84,1012.7,1023.6
108,서울,2024.1.4 10:00,-0.7,,2.9,83,1013.4,1024.3
108,서울,2024.1.4 11:00,0.4,,3.1,80,1013.2,1024.1
108,서울,2024.1.4 12:00,1.4,,3,73,1012.4,1023.2
108,서울,2024.1.4 13:00,2.5,,2.4,69,1011.6,1022.3
108,서울,2024.1.4 14:00,3.7,,1.8,66,1011,1021.7
108,서울,2024.1.4 15:00,4,,1.5,65,1010.1,1020.8
108,서울,2024.1.4 16:00,4.7,,2.4,65,1010,1020.6
108,서울,2024.1.4 17:00,4.4,,2.3,65,1010.2,1020.8
108,서울,2024.1.4 18:00,4.5,,2.8,67,1009.9,1020.5
108,서울,2024.1.4 19:00,4.2,,1.8,70,1009.7,1020.3
108,서울,2024.1.4 20:00,4.2,,1.4,69,1009.6,1020.2
108,서울,2024.1.4 21:00,4.4,,2,70,1009.4,1020
108,서울,2024.1.4 22:00,4.5,,2.2,71,1009.2,1019.8
108,서울,2024.1.4 23:00,4.5,,1.8,71,1009.1,1019.7
108,서울,2024.1.5 0:00,4.1,,2.4,73,1008.9,1019.5
108,서울,2024.1.5 1:00,3.7,,1.5,75,1008.8,1019.5
108,서울,2024.1.5 2:00,3.1,,1.6,79,1008.7,1019.4
108,서울,2024.1.5 3:00,2.8,,1.4,80,1008.8,1019.5
108,서울,2024.1.5 4:00,3,,2,82,1008.3,1019
108,서울,2024.1.5 5:00,3.4,,1,83,1008.1,1018.8
108,서울,2024.1.5 6:00,5,0,2.1,87,1008.3,1018.9
108,서울,2024.1.5 7:00,5.4,,2.1,87,1008.9,1019.5
108,서울,2024.1.5 8:00,5,,1.3,88,1009.3,1019.9
108,서울,2024.1.5 9:00,5.1,,0.8,88,1009.7,1020.3
108,서울,2024.1.5 10:00,5.8,,1.3,87,1009.8,1020.4
108,서울,2024.1.5 11:00,7.4,,3.4,77,1010.2,1020.7
108,서울,2024.1.5 12:00,8.1,,2.8,68,1009.5,1020
108,서울,2024.1.5 13:00,8.3,,4.4,64,1008.7,1019.2
108,서울,2024.1.5 14:00,8.9,,4.4,60,1008.1,1018.5
108,서울,2024.1.5 15:00,9,,3.2,60,1008,1018.4
108,서울,2024.1.5 16:00,7.9,,3.2,63,1008.2,1018.7
108,서울,2024.1.5 17:00,6.6,,3.1,63,1008.4,1018.9
108,서울,2024.1.5 18:00,5.4,,2.2,71,1008.8,1019.4
108,서울,2024.1.5 19:00,4.3,,3.1,77,1009,1019.6
108,서울,2024.1.5 20:00,3.6,,2,82,1009.4,1020.1
108,서울,2024.1.5 21:00,3.1,,2.3,83,1009.7,1020.4
108,서울,2024.1.5 22:00,2.7,,2.2,82,1009.8,1020.5
108,서울,2024.1.5 23:00,2,,1.7,82,1010,1020.7
108,서울,2024.1.6 0:00,1.4,,2.4,80,1010.1,1020.9
108,서울,2024.1.6 1:00,0.7,,1.8,79,1010.1,1020.9
108,서울,2024.1.6 2:00,-0.1,,2.1,79,1010.3,1021.1
108,서울,2024.1.6 3:00,-0.7,,2.2,77,1010.7,1021.6
108,서울,2024.1.6 4:00,-1.2,,2,70,1010.7,1021.6
108,서울,2024.1.6 5:00,-1.5,,2.4,69,1010.7,1021.6
108,서울,2024.1.6 6:00,-2,,1.5,68,1010.9,1021.8
108,서울,2024.1.6 7:00,-2,,1.8,65,1011.4,1022.3
108,서울,2024.1.6 8:00,-2.5,,1.5,66,1011.8,1022.8
108,서울,2024.1.6 9:00,-2,,1.9,63,1012.1,1023
108,서울,2024.1.6 10:00,-0.4,,2.9,55,1012.4,1023.3
108,서울,2024.1.6 11:00,1.1,,1.8,49,1011.9,1022.7
108,서울,2024.1.6 12:00,2.9,,2.3,44,1011.3,1022
108,서울,2024.1.6 13:00,3.4,,2.8,44,1010.9,1021.6
108,서울,2024.1.6 14:00,4,,3.3,39,1010.3,1021
108,서울,2024.1.6 15:00,4.9,,3.2,36,1010.1,1020.7
108,서울,2024.1.6 16:00,4.9,,2.1,40,1009.9,1020.5
108,서울,2024.1.6 17:00,3.7,,2.2,42,1010.2,1020.9
108,서울,2024.1.6 18:00,2.9,0,1.6,46,1010.5,1021.2
108,서울,2024.1.6 19:00,1.4,,2.6,74,1011.1,1021.9
108,서울,2024.1.6 20:00,0.5,,0.8,88,1011,1021.8
108,서울,2024.1.6 21:00,0.4,2.4,1.6,91,1011.1,1021.9
108,서울,2024.1.6 22:00,0.4,,1.6,90,1011.2,1022
108,서울,2024.1.6 23:00,-0.1,,1.2,89,1011.7,1022.6
108,서울,2024.1.7 0:00,-0.9,,2.5,86,1012,1022.9
108,서울,2024.1.7 1:00,-2.1,,2.6,80,1012.1,1023
108,서울,2024.1.7 2:00,-2.7,,1.1,79,1012.3,1023.3
108,서울,2024.1.7 3:00,-3.2,,0.1,80,1012.7,1023.7
108,서울,2024.1.7 4:00,-3.3,,1.9,81,1012.9,1023.9
108,서울,2024.1.7 5:00,-3.4,,1.2,81,1012.8,1023.8
108,서울,2024.1.7 6:00,-3.6,,3,79,1013.5,1024.5
108,서울,2024.1.7 7:00,-4.4,,1.5,71,1014,1025.1
108,서울,2024.1.7 8:00,-4.9,,1.7,66,1014.7,1025.8
108,서울,2024.1.7 9:00,-4.6,,3.1,57,1015.5,1026.6
108,서울,2024.1.7 10:00,-3.7,,4.6,50,1016.2,1027.3
108,서울,2024.1.7 11:00,-3.4,,5.3,42,1016.4,1027.4
108,서울,2024.1.7 12:00,-2.5,,4.7,44,1015.7,1026.7
108,서울,2024.1.7 13:00,-3,,6.3,37,1015.2,1026.2
108,서울,2024.1.7 14:00,-2.1,,4,39,1014.9,1025.9
108,서울,2024.1.7 15:00,-1.8,,4.5,37,1015.1,1026.1
108,서울,2024.1.7 16:00,-2,,3.3,37,1015.3,1026.3
108,서울,2024.1.7 17:00,-3.5,,3.6,39,1015.8,1026.8
108,서울,2024.1.7 18:00,-4.6,,3.3,44,1016.1,1027.2
108,서울,2024.1.7 19:00,-5.3,,3.6,46,1016.7,1027.8
108,서울,2024.1.7 20:00,-5.8,,2.8,52,1017.1,1028.2
108,서울,2024.1.7 21:00,-6.7,,4.6,54,1017.4,1028.6
108,서울,2024.1.7 22:00,-7.5,,1,59,1017.7,1028.9
108,서울,2024.1.7 23:00,-8.1,,2.6,64,1017.6,1028.9
108,서울,2024.1.8 0:00,-8.3,,2.9,64,1017.5,1028.8
108,서울,2024.1.8 1:00,-8.5,,3.3,64,1017.4,1028.7
108,서울,2024.1.8 2:00,-8.9,,2.1,65,1017.6,1028.9
108,서울,2024.1.8 3:00,-9.1,,0.7,64,1017.7,1029
108,서울,2024.1.8 4:00,-9.4,,1.7,66,1017.5,1028.8
108,서울,2024.1.8 5:00,-9.7,,0.5,67,1017.2,1028.5
108,서울,2024.1.8 6:00,-10.1,,2.2,65,1017.4,1028.8
108,서울,2024.1.8 7:00,-10.1,,1.7,67,1017.5,1028.9
108,서울,2024.1.8 8:00,-10.1,,1.9,68,1017.5,1028.9
108,서울,2024.1.8 9:00,-9,,2.7,66,1017.8,1029.1
108,서울,2024.1.8 10:00,-6.3,,2,53,1017.9,1029.1
108,서울,2024.1.8 11:00,-3.8,,1.3,48,1017.7,1028.8
108,서울,2024.1.8 12:00,-2.3,,1.7,40,1016.9,1027.9
108,서울,2024.1.8 13:00,-0.8,,2.3,37,1016,1026.9
108,서울,2024.1.8 14:00,-0.6,,1.9,35,1015.2,1026.1
108,서울,2024.1.8 15:00,-0.3,,2.1,34,1014.5,1025.4
108,서울,2024.1.8 16:00,-0.7,,2.9,47,1014.4,1025.3
108,서울,2024.1.8 17:00,-1.5,,1.7,52,1014.7,1025.6
108,서울,2024.1.8 18:00,-2.2,,1.4,61,1014.6,1025.6
108,서울,2024.1.8 19:00,-2.6,,0.6,63,1014.4,1025.4
108,서울,2024.1.8 20:00,-3.1,,1.3,66,1014.1,1025.1
108,서울,2024.1.8 21:00,-2.9,,0.7,68,1013.8,1024.8
108,서울,2024.1.8 22:00,-2.1,,1.1,64,1013.3,1024.3
108,서울,2024.1.8 23:00,-2.2,,1.7,65,1013.2,1024.2
108,서울,2024.1.9 0:00,-1.9,,1.9,64,1013.2,1024.1
108,서울,2024.1.9 1:00,-1.8,,1.2,63,1012.7,1023.6
108,서울,2024.1.9 2:00,-1.7,,1.6,64,1011.9,1022.8
108,서울,2024.1.9 3:00,-1.6,,2.1,63,1011.4,1022.3
108,서울,2024.1.9 4:00,-1.5,,1.6,65,1010.6,1021.5
108,서울,2024.1.9 5:00,-1.3,,1.7,65,1010.1,1021
108,서울,2024.1.9 6:00,-1.1,0,2,66,1009.7,1020.6
108,서울,2024.1.9 7:00,-1,,2.3,71,1009.6,1020.5
108,서울,2024.1.9 8:00,-1.2,,1.9,74,1009.5,1020.4
108,서울,2024.1.9 9:00,-1.5,0.4,1.6,86,1010.1,1021
108,서울,2024.1.9 10:00,-1.3,,2.6,88,1010,1020.9
108,서울,2024.1.9 11:00,-0.7,,2.1,88,1009.7,1020.6
108,서울,2024.1.9 12:00,-0.5,0.2,2.3,89,1008.9,1019.7
108,서울,2024.1.9 13:00,-0.1,,2.1,91,1008,1018.8
108,서울,2024.1.9 14:00,0.1,,1.4,91,1007.3,1018.1
108,서울,2024.1.9 15:00,0.2,0.7,2,92,1007,1017.8
108,서울,2024.1.9 16:00,0.2,,2.1,92,1007.3,1018.1
108,서울,2024.1.9 17:00,0.3,,2.1,93,1007.4,1018.2
108,서울,2024.1.9 18:00,0.2,0.3,2,91,1007.6,1018.4
108,서울,2024.1.9 19:00,0.2,,2,92,1007.9,1018.7
108,서울,2024.1.9 20:00,0.1,,1.4,93,1007.9,1018.7
108,서울,2024.1.9 21:00,0.1,0,1,92,1008,1018.8
108,서울,2024.1.9 22:00,0.1,,1,93,1008.4,1019.2
108,서울,2024.1.9 23:00,0.4,,2.9,95,1008.2,1019
108,서울,2024.1.10 0:00,-0.3,,2.4,93,1008.2,1019
108,서울,2024.1.10 1:00,-1.1,,0.9,92,1008.2,1019.1
108,서울,2024.1.10 2:00,-1.4,,2.1,95,1008.5,1019.4
108,서울,2024.1.10 3:00,-1.9,,1.5,95,1008.7,1019.6
108,서울,2024.1.10 4:00,-2.4,,0.9,94,1008.7,1019.6
108,서울,2024.1.10 5:00,-3.1,,0.4,93,1008.7,1019.6
108,서울,2024.1.10 6:00,-3.6,,0.1,93,1008.9,1019.9
108,서울,2024.1.10 7:00,-4.1,,1.8,94,1009.2,1020.2
108,서울,2024.1.10 8:00,-3.7,,1.7,94,1009.7,1020.7
108,서울,2024.1.10 9:00,-3.7,,1.6,94,1010.3,1021.3
108,서울,2024.1.10 10:00,-2.7,,2.3,94,1010.9,1021.9
108,서울,2024.1.10 11:00,-1.1,,2.5,87,1011.1,1022
108,서울,2024.1.10 12:00,0,,1.8,82,1010.3,1021.1
108,서울,2024.1.10 13:00,1.6,,0.8,75,1009.9,1020.7
108,서울,2024.1.10 14:00,1.5,,2.3,75,1009.8,1020.6
108,서울,2024.1.10 15:00,2.9,,2.2,71,1009.6,1020.3
108,서울,2024.1.10 16:00,3.1,,2.2,69,1009.8,1020.5
108,서울,2024.1.10 17:00,1.9,,2.5,72,1009.9,1020.7
108,서울,2024.1.10 18:00,0.7,,1.7,76,1010.4,1021.2
108,서울,2024.1.10 19:00,0.1,,1.9,78,1010.8,1021.6
108,서울,2024.1.10 20:00,-0.5,,2.3,84,1011.1,1022
108,서울,2024.1.10 21:00,-1,,1.3,87,1010.7,1021.6
108,서울,2024.1.10 22:00,-1.4,,2.1,91,1010.7,1021.6
108,서울,2024.1.10 23:00,-1.4,,1.5,90,1010.5,1021.4
108,서울,2024.1.11 0:00,-1.2,,1.9,89,1010.4,1021.3
108,서울,2024.1.11 1:00,-1.2,,1.1,88,1010.4,1021.3
108,서울,2024.1.11 2:00,-1.2,,2.7,86,1010.4,1021.3
108,서울,2024.1.11 3:00,-1.4,,2.2,85,1010.3,1021.2
108,서울,2024.1.11 4:00,-1.9,,1.5,84,1010.1,1021
108,서울,2024.1.11 5:00,-1.8,,1,85,1009.9,1020.8
108,서울,2024.1.11 6:00,-2.3,,1.6,86,1009.3,1020.2
108,서울,2024.1.11 7:00,-2,,1.4,88,1009.2,1020.1
108,서울,2024.1.11 8:00,-1.7,,0.6,86,1009.2,1020.1
108,서울,2024.1.11 9:00,-1.1,,2.3,86,1008.9,1019.8
108,서울,2024.1.11 10:00,-0.4,,2,83,1008.7,1019.5
108,서울,2024.1.11 11:00,0.6,,1.5,78,1008.4,1019.2
108,서울,2024.1.11 12:00,2.2,,1.5,72,1007.3,1018
108,서울,2024.1.11 13:00,2.9,,2.9,71,1006.6,1017.3
108,서울,2024.1.11 14:00,3.3,,3.2,73,1005.9,1016.5
108,서울,2024.1.11 15:00,4,,3.1,71,1005.2,1015.8
108,서울,2024.1.11 16:00,4.4,,3.4,70,1005.1,1015.7
108,서울,2024.1.11 17:00,4.4,,2.7,72,1004.9,1015.5
108,서울,2024.1.11 18:00,4.3,,2.4,76,1005,1015.6
108,서울,2024.1.11 19:00,4.1,,1.8,78,1005.1,1015.7
108,서울,2024.1.11 20:00,3.9,,1.9,80,1005.2,1015.8
108,서울,2024.1.11 21:00,3.9,,1.8,82,1004.9,1015.5
108,서울,2024.1.11 22:00,3.8,,2.2,82,1005,1015.6
108,서울,2024.1.11 23:00,3.8,,2.1,83,1005,1015.6
108,서울,2024.1.12 0:00,3.6,,2.7,87,1005.3,1015.9
108,서울,2024.1.12 1:00,3.4,,2.4,84,1005.5,1016.1
108,서울,2024.1.12 2:00,2.6,,2.2,84,1006,1016.7
108,서울,2024.1.12 3:00,1.8,,1.2,85,1006.5,1017.2
108,서울,2024.1.12 4:00,1.2,,2.3,87,1006.6,1017.3
108,서울,2024.1.12 5:00,0.4,,1.5,87,1006.4,1017.2
108,서울,2024.1.12 6:00,-0.3,,1.1,88,1006.8,1017.6
108,서울,2024.1.12 7:00,-0.6,,0.9,90,1007.3,1018.1
108,서울,2024.1.12 8:00,-1,,0.7,89,1007.7,1018.5
108,서울,2024.1.12 9:00,-0.6,,1.5,86,1008.2,1019
108,서울,2024.1.12 10:00,0.5,,2.3,72,1008.7,1019.5
108,서울,2024.1.12 11:00,1.4,,3.2,55,1008.6,1019.4
108,서울,2024.1.12 12:00,2.2,,2.8,55,1008.2,1018.9
108,서울,2024.1.12 13:00,3.2,,2.6,43,1007.9,1018.6
108,서울,2024.1.12 14:00,3.4,,3.4,31,1007.8,1018.5
108,서울,2024.1.12 15:00,3.8,,3.4,34,1007.8,1018.4
108,서울,2024.1.12 16:00,4,,3.1,33,1008,1018.6
108,서울,2024.1.12 17:00,2.6,,3,38,1008.6,1019.3
108,서울,2024.1.12 18:00,1.7,,3.4,47,1008.9,1019.6
108,서울,2024.1.12 19:00,1,,2,52,1009.3,1020.1
108,서울,2024.1.12 20:00,0.6,,2.4,53,1009.7,1020.5
108,서울,2024.1.12 21:00,0.3,,2.1,51,1009.8,1020.6
108,서울,2024.1.12 22:00,-0.2,,1.3,49,1010.2,1021.1
108,서울,2024.1.12 23:00,-0.9,,1.5,48,1010.4,1021.3
108,서울,2024.1.13 0:00,-1.4,,0.8,47,1010.9,1021.8
108,서울,2024.1.13 1:00,-1.9,,1.8,47,1010.7,1021.6
108,서울,2024.1.13 2:00,-1.9,,2.1,48,1010.7,1021.6
108,서울,2024.1.13 3:00,-2.5,,1.4,51,1011,1021.9
108,서울,2024.1.13 4:00,-2.5,,1.4,54,1011.5,1022.5
108,서울,2024.1.13 5:00,-2.9,,1,56,1011.8,1022.8
108,서울,2024.1.13 6:00,-3.3,,0.5,55,1012.3,1023.3
108,서울,2024.1.13 7:00,-3.6,,0.7,56,1013.2,1024.2
108,서울,2024.1.13 8:00,-3.8,,0.6,58,1013.7,1024.7
108,서울,2024.1.13 9:00,-3.1,,0.9,58,1014.4,1025.4
108,서울,2024.1.13 10:00,-0.7,,3.5,47,1015.1,1026
108,서울,2024.1.13 11:00,1,,2.5,41,1015.2,1026
108,서울,2024.1.13 12:00,3.2,,1.7,36,1014.9,1025.6
108,서울,2024.1.13 13:00,4.3,,1.3,35,1014.5,1025.2
108,서울,2024.1.13 14:00,4.5,,1.5,31,1013.9,1024.6
108,서울,2024.1.13 15:00,6.1,,2.2,30,1014,1024.6
108,서울,2024.1.13 16:00,6.3,,2,24,1014,1024.6
108,서울,2024.1.13 17:00,5.1,,2.3,26,1013.8,1024.5
108,서울,2024.1.13 18:00,3.2,,1,30,1014.2,1024.9
108,서울,2024.1.13 19:00,2.2,,1.8,35,1014.5,1025.3
108,서울,2024.1.13 20:00,1.2,,0.4,42,1014.5,1025.3
108,서울,2024.1.13 21:00,0.7,,0.9,41,1014.8,1025.7
108,서울,2024.1.13 22:00,0.3,,0.5,45,1015,1025.9
108,서울,2024.1.13 23:00,-0.2,,1.3,51,1014.2,1025.1
108,서울,2024.1.14 0:00,-0.8,,2.1,53,1013.8,1024.7
108,서울,2024.1.14 1:00,-1.2,,2,57,1013.4,1024.3
108,서울,2024.1.14 2:00,-1.2,,1.4,60,1013.6,1024.5
108,서울,2024.1.14 3:00,-1.4,,1.6,62,1013.6,1024.5
108,서울,2024.1.14 4:00,-1.7,,2.4,64,1012.7,1023.6
108,서울,2024.1.14 5:00,-2,,1.7,65,1012.4,1023.3
108,서울,2024.1.14 6:00,-2.3,,1.7,68,1011.8,1022.7
108,서울,2024.1.14 7:00,-2.4,,1.8,69,1011.6,1022.5
108,서울,2024.1.14 8:00,-1.9,,1.2,66,1012.1,1023
108,서울,2024.1.14 9:00,-1,,2.5,69,1011.3,1022.2
108,서울,2024.1.14 10:00,-0.3,,2.5,61,1010.4,1021.2
108,서울,2024.1.14 11:00,0.5,,2.1,61,1009.5,1020.3
108,서울,2024.1.14 12:00,1.2,0,2.1,65,1008.1,1018.9
108,서울,2024.1.14 13:00,1.7,,2,87,1008.1,1018.8
108,서울,2024.1.14 14:00,2,,0.9,92,1007.7,1018.4
108,서울,2024.1.14 15:00,1.7,3,0.8,90,1007.6,1018.3
108,서울,2024.1.14 16:00,2.1,,0.4,92,1008.1,1018.8
108,서울,2024.1.14 17:00,1.6,,3.3,93,1009.3,1020.1
108,서울,2024.1.14 18:00,1.4,0.1,2.7,94,1010,1020.8
108,서울,2024.1.14 19:00,1,,2.4,90,1010.9,1021.7
108,서울,2024.1.14 20:00,-0.2,,2.8,84,1011.4,1022.3
108,서울,2024.1.14 21:00,-0.8,,3.6,80,1012.1,1023
108,서울,2024.1.14 22:00,-1.8,,2.1,78,1012.5,1023.4
108,서울,2024.1.14 23:00,-2.6,,3.7,71,1012.9,1023.9
108,서울,2024.1.15 0:00,-3.3,,2.7,68,1013.1,1024.1
108,서울,2024.1.15 1:00,-3.8,,2.5,66,1013.6,1024.6
108,서울,2024.1.15 2:00,-4.3,,2.8,67,1013.9,1025
108,서울,2024.1.15 3:00,-4.9,,2.3,68,1014.5,1025.6
108,서울,2024.1.15 4:00,-5.3,,2.2,68,1014.7,1025.8
108,서울,2024.1.15 5:00,-5.7,,2.7,66,1015.3,1026.4
108,서울,2024.1.15 6:00,-6.2,,2.4,67,1015.6,1026.7
108,서울,2024.1.15 7:00,-6.5,,2.9,62,1016.3,1027.5
108,서울,2024.1.15 8:00,-6.9,,2.8,65,1016.9,1028.1
108,서울,2024.1.15 9:00,-6.5,,2.4,56,1017.6,1028.8
108,서울,2024.1.15 10:00,-5.2,,2.9,49,1018.1,1029.2
108,서울,2024.1.15 11:00,-3.8,,2.9,44,1018.1,1029.2
108,서울,2024.1.15 12:00,-2.8,,3.1,38,1017.5,1028.5
108,서울,2024.1.15 13:00,-1.6,,2.5,39,1017,1028
108,서울,2024.1.15 14:00,-0.2,,4.7,38,1016.6,1027.5
108,서울,2024.1.15 15:00,0.5,,2.3,38,1016.3,1027.2
108,서울,2024.1.15 16:00,0.8,,3.1,37,1016.9,1027.8
108,서울,2024.1.15 17:00,-0.1,,2.7,36,1017.2,1028.1
108,서울,2024.1.15 18:00,-1.5,,2.1,39,1018.1,1029.1
108,서울,2024.1.15 19:00,-2,,3,41,1018.3,1029.3
108,서울,2024.1.15 20:00,-2.4,,3.6,43,1018.8,1029.8
108,서울,2024.1.15 21:00,-3.5,,3.1,48,1019.4,1030.5
108,서울,2024.1.15 22:00,-4.3,,1.2,52,1019.7,1030.8
108,서울,2024.1.15 23:00,-4.7,,1.5,54,1019.9,1031
108,서울,2024.1.16 0:00,-4.9,,2.5,56,1019.9,1031.1
108,서울,2024.1.16 1:00,-5.2,,2.8,57,1019.7,1030.9
108,서울,2024.1.16 2:00,-5.9,,0.6,56,1020.1,1031.3
108,서울,2024.1.16 3:00,-6.2,,0.6,57,1020.5,1031.7
108,서울,2024.1.16 4:00,-6.5,,0.5,58,1020.3,1031.5
108,서울,2024.1.16 5:00,-6.9,,0.8,57,1020.2,1031.4
108,서울,2024.1.16 6:00,-7,,1.8,57,1020.9,1032.1
108,서울,2024.1.16 7:00,-7,,1.3,59,1021.6,1032.9
108,서울,2024.1.16 8:00,-7.1,,0.7,64,1022.2,1033.5
108,서울,2024.1.16 9:00,-6.3,,2.4,62,1022.5,1033.7
108,서울,2024.1.16 10:00,-3.9,,2.2,52,1023,1034.1
108,서울,2024.1.16 11:00,-1.5,,2,49,1022.9,1033.9
108,서울,2024.1.16 12:00,-0.1,,2.3,41,1022.5,1033.5
108,서울,2024.1.16 13:00,0.9,,1.7,38,1021.9,1032.8
108,서울,2024.1.16 14:00,2,,1.1,37,1021.3,1032.2
108,서울,2024.1.16 15:00,3.4,,1.3,33,1021.1,1031.9
108,서울,2024.1.16 16:00,4,,1.5,32,1020.9,1031.7
108,서울,2024.1.16 17:00,3,,1.3,34,1020.9,1031.7
108,서울,2024.1.16 18:00,1.7,,1.3,39,1021.2,1032.1
108,서울,2024.1.16 19:00,0.8,,0.8,45,1021.2,1032.1
108,서울,2024.1.16 20:00,0.3,,1.1,47,1021.1,1032
108,서울,2024.1.16 21:00,-0.5,,1.9,50,1021,1032
108,서울,2024.1.16 22:00,-0.9,,1.3,53,1020.9,1031.9
108,서울,2024.1.16 23:00,-1.7,,1.8,56,1020.3,1031.3
108,서울,2024.1.17 0:00,-2,,2.4,59,1020,1031
108,서울,2024.1.17 1:00,-2.2,,2.1,61,1019.8,1030.8
108,서울,2024.1.17 2:00,-1.6,,1.5,61,1019.2,1030.2
108,서울,2024.1.17 3:00,-1.1,,1.3,58,1019.1,1030.1
108,서울,2024.1.17 4:00,-0.7,,2.7,56,1018.3,1029.2
108,서울,2024.1.17 5:00,-0.6,,1.1,55,1018.3,1029.2
108,서울,2024.1.17 6:00,-0.6,,1.9,57,1017.9,1028.8
108,서울,2024.1.17 7:00,-0.4,,2.5,58,1017.6,1028.5
108,서울,2024.1.17 8:00,-0.3,,1.2,58,1017.5,1028.4
108,서울,2024.1.17 9:00,0.2,,2.5,57,1017.2,1028.1
108,서울,2024.1.17 10:00,0.9,,2.6,55,1017.6,1028.5
108,서울,2024.1.17 11:00,1.3,,0.5,54,1017.6,1028.5
108,서울,2024.1.17 12:00,1,0.1,1.7,77,1016.6,1027.5
108,서울,2024.1.17 13:00,0.7,,1.7,88,1015.5,1026.4
108,서울,2024.1.17 14:00,0.8,,3,90,1014.2,1025
108,서울,2024.1.17 15:00,0.7,3.2,2.7,92,1013.6,1024.4
108,서울,2024.1.17 16:00,0.9,,3.1,93,1012.9,1023.7
108,서울,2024.1.17 17:00,1.1,,3.1,93,1012.5,1023.3
108,서울,2024.1.17 18:00,1.2,2.4,2.8,94,1012.2,1023
108,서울,2024.1.17 19:00,1.4,,2.8,95,1012.5,1023.3
108,서울,2024.1.17 20:00,1.5,,2.4,95,1012.1,1022.9
108,서울,2024.1.17 21:00,1.7,1.3,3.3,97,1011.3,1022.1
108,서울,2024.1.17 22:00,1.9,,1.2,96,1011.4,1022.2
108,서울,2024.1.17 23:00,1.8,,1.5,95,1010.8,1021.6
108,서울,2024.1.18 0:00,1.8,2.7,1.7,96,1010.4,1021.2
108,서울,2024.1.18 1:00,1.7,,0.4,96,1010.2,1021
108,서울,2024.1.18 2:00,1.7,,0.5,95,1010.1,1020.9
108,서울,2024.1.18 3:00,1.8,0.5,1.1,96,1009.7,1020.5
108,서울,2024.1.18 4:00,1.9,,1.9,97,1009.8,1020.5
108,서울,2024.1.18 5:00,1.9,,1.3,97,1009.6,1020.3
108,서울,2024.1.18 6:00,1.8,,2.3,96,1010.1,1020.9
108,서울,2024.1.18 7:00,1.5,,1.8,95,1010.8,1021.6
108,서울,2024.1.18 8:00,1.5,,2,97,1011.4,1022.2
108,서울,2024.1.18 9:00,1.5,,2.1,94,1012,1022.8
108,서울,2024.1.18 10:00,1.7,,1.3,93,1012.7,1023.5
108,서울,2024.1.18 11:00,2.9,,1.7,93,1012.8,1023.5
108,서울,2024.1.18 12:00,5,,1.5,81,1012,1022.7
108,서울,2024.1.18 13:00,6.5,,2.3,74,1011.8,1022.4
108,서울,2024.1.18 14:00,7.9,,2.9,71,1011.3,1021.8
108,서울,2024.1.18 15:00,8.5,,3.1,69,1011.2,1021.7
108,서울,2024.1.18 16:00,9.2,,3.5,64,1011.4,1021.8
108,서울,2024.1.18 17:00,9,,2.7,64,1012,1022.5
108,서울,2024.1.18 18:00,7.7,,4.1,67,1012.7,1023.2
108,서울,2024.1.18 19:00,6.6,,4,70,1013.9,1024.5
108,서울,2024.1.18 20:00,5.4,,4.1,74,1014.5,1025.2
108,서울,2024.1.18 21:00,5,,5.1,74,1014.9,1025.6
108,서울,2024.1.18 22:00,4.8,,4.3,75,1015.5,1026.2
108,서울,2024.1.18 23:00,4.5,,4.6,75,1015.7,1026.4
108,서울,2024.1.19 0:00,4.4,,3.4,75,1016.1,1026.8
108,서울,2024.1.19 1:00,4.4,,4.1,75,1016.2,1026.9
108,서울,2024.1.19 2:00,4.5,,4.8,75,1016.2,1026.9
108,서울,2024.1.19 3:00,4.5,,4.9,75,1016.4,1027.1
108,서울,2024.1.19 4:00,4.5,,3.1,74,1016.7,1027.4
108,서울,2024.1.19 5:00,4.6,,3.9,73,1016.6,1027.3
108,서울,2024.1.19 6:00,4.6,,3.8,72,1016.7,1027.4
108,서울,2024.1.19 7:00,4.6,,4.3,70,1017,1027.7
108,서울,2024.1.19 8:00,4.2,,3.4,71,1017.3,1028
108,서울,2024.1.19 9:00,4.4,,2.9,71,1017.8,1028.5
108,서울,2024.1.19 10:00,5.7,,5.4,65,1017.9,1028.6
108,서울,2024.1.19 11:00,7.3,,4.6,61,1018.1,1028.7
108,서울,2024.1.19 12:00,7.5,,4.8,60,1017.6,1028.2
108,서울,2024.1.19 13:00,8.2,,3.7,57,1016.7,1027.3
108,서울,2024.1.19 14:00,8.1,,5.4,57,1015.8,1026.3
108,서울,2024.1.19 15:00,8.6,,4.1,54,1015.4,1025.9
108,서울,2024.1.19 16:00,8.5,,4.2,53,1016.1,1026.6
108,서울,2024.1.19 17:00,6.8,,5.6,57,1016.4,1027
108,서울,2024.1.19 18:00,5.3,,6.3,61,1016.7,1027.4
108,서울,2024.1.19 19:00,4.6,,5.6,64,1017.3,1028
108,서울,2024.1.19 20:00,4.2,,4.9,65,1017.6,1028.3
108,서울,2024.1.19 21:00,4.1,,6.1,66,1017.6,1028.3
108,서울,2024.1.19 22:00,4.2,,4.5,63,1017.8,1028.5
108,서울,2024.1.19 23:00,4.2,,3.4,64,1017.7,1028.4
108,서울,2024.1.20 0:00,4.1,,4.5,64,1017.4,1028.1
108,서울,2024.1.20 1:00,3.8,,5.4,66,1017.3,1028
108,서울,2024.1.20 2:00,3.8,,5.6,67,1017.2,1027.9
108,서울,2024.1.20 3:00,3.7,,5,67,1017,1027.7
108,서울,2024.1.20 4:00,3.6,,5.8,67,1016.5,1027.2
108,서울,2024.1.20 5:00,3.6,,6.3,65,1015.9,1026.6
108,서울,2024.1.20 6:00,3.6,,7.2,65,1015.6,1026.3
108,서울,2024.1.20 7:00,3.6,,5.5,64,1015.6,1026.3
108,서울,2024.1.20 8:00,3.6,,6.1,64,1015.3,1026
108,서울,2024.1.20 9:00,3.8,,5.9,62,1015.7,1026.4
108,서울,2024.1.20 10:00,4.1,,5.5,60,1016.2,1026.9
108,서울,2024.1.20 11:00,4.4,,6.3,59,1016,1026.7
108,서울,2024.1.20 12:00,4.7,,5.6,57,1015,1025.7
108,서울,2024.1.20 13:00,4.8,,5.9,60,1014.1,1024.8
108,서울,2024.1.20 14:00,4.5,,6.6,70,1013.3,1024
108,서울,2024.1.20 15:00,4.5,0,6.1,67,1013,1023.7
108,서울,2024.1.20 16:00,4,,5.1,72,1013.2,1023.9
108,서울,2024.1.20 17:00,3.1,,4.5,81,1013.3,1024
108,서울,2024.1.20 18:00,2.3,0.2,4.6,89,1013.2,1024
108,서울,2024.1.20 19:00,2,,5,89,1013.4,1024.2
108,서울,2024.1.20 20:00,2,,4.9,84,1013.7,1024.5
108,서울,2024.1.20 21:00,2.1,0.2,5.1,79,1013.9,1024.7
108,서울,2024.1.20 22:00,2.3,,4.2,75,1014,1024.8
108,서울,2024.1.20 23:00,2.4,,4.9,73,1013.6,1024.4
108,서울,2024.1.21 0:00,2.5,0,3.6,70,1013.5,1024.3
108,서울,2024.1.21 1:00,2.4,,3.8,71,1013.1,1023.9
108,서울,2024.1.21 2:00,2.2,,2.7,71,1013.2,1024
108,서울,2024.1.21 3:00,2,,3,71,1013.2,1024
108,서울,2024.1.21 4:00,2,,2.2,68,1013,1023.8
108,서울,2024.1.21 5:00,2,,1.7,68,1013.3,1024.1
108,서울,2024.1.21 6:00,2,0,1.4,67,1013.4,1024.2
108,서울,2024.1.21 7:00,2,,1.3,68,1014.1,1024.9
108,서울,2024.1.21 8:00,1.9,,0.9,69,1014.4,1025.2
108,서울,2024.1.21 9:00,2.3,0,3,69,1014.3,1025.1
108,서울,2024.1.21 10:00,2.7,,1.5,69,1015,1025.8
108,서울,2024.1.21 11:00,3.4,,1.4,68,1015,1025.7
108,서울,2024.1.21 12:00,4.2,0,1.3,66,1014.5,1025.2
108,서울,2024.1.21 13:00,4.2,,2.5,73,1014.1,1024.8
108,서울,2024.1.21 14:00,3.4,,2.1,85,1014,1024.7
108,서울,2024.1.21 15:00,3,0.2,1.9,88,1014.1,1024.8
108,서울,2024.1.21 16:00,2.6,,1.7,89,1014.2,1025
108,서울,2024.1.21 17:00,2.4,,2.8,88,1014.7,1025.5
108,서울,2024.1.21 18:00,2.3,0.2,2.7,85,1015.1,1025.9
108,서울,2024.1.21 19:00,2.2,,2.4,82,1015,1025.8
108,서울,2024.1.21 20:00,1.5,,4,85,1015.1,1025.9
108,서울,2024.1.21 21:00,-0.1,0,4.7,81,1015.6,1026.5
108,서울,2024.1.21 22:00,-1,,4.4,79,1015.7,1026.6
108,서울,2024.1.21 23:00,-1.9,,4.5,80,1015.9,1026.9
108,서울,2024.1.22 0:00,-2.4,0,3.5,79,1015.8,1026.8
108,서울,2024.1.22 1:00,-3,,3.6,76,1016,1027
108,서울,2024.1.22 2:00,-3.5,,3.5,75,1016,1027
108,서울,2024.1.22 3:00,-4.4,0,3.6,75,1016.4,1027.5
108,서울,2024.1.22 4:00,-5.8,,5.3,71,1016.8,1027.9
108,서울,2024.1.22 5:00,-6.8,,3.4,83,1016.9,1028.1
108,서울,2024.1.22 6:00,-7.7,0.1,3.7,83,1017,1028.2
108,서울,2024.1.22 7:00,-8.2,,3.4,69,1017,1028.3
108,서울,2024.1.22 8:00,-8.6,,4.4,67,1017.1,1028.4
108,서울,2024.1.22 9:00,-8.8,0.1,4.1,66,1017.5,1028.8
108,서울,2024.1.22 10:00,-8.8,,4,65,1018,1029.3
108,서울,2024.1.22 11:00,-8.4,,4.3,60,1017.8,1029.1
108,서울,2024.1.22 12:00,-8.4,,4.8,60,1016.9,1028.2
108,서울,2024.1.22 13:00,-7.1,,3.9,58,1016.4,1027.6
108,서울,2024.1.22 14:00,-7.2,,5.1,57,1015.8,1027
108,서울,2024.1.22 15:00,-7.3,,5.5,58,1015.8,1027
108,서울,2024.1.22 16:00,-7.5,,4,56,1015.9,1027.1
108,서울,2024.1.22 17:00,-8.5,,4.2,58,1016.3,1027.6
108,서울,2024.1.22 18:00,-9.4,,2.6,61,1017,1028.3
108,서울,2024.1.22 19:00,-10.3,,3.5,63,1018,1029.4
108,서울,2024.1.22 20:00,-11,,4.8,63,1018.1,1029.5
108,서울,2024.1.22 21:00,-11.4,,3.2,61,1018.4,1029.8
108,서울,2024.1.22 22:00,-11.5,,3.1,61,1018.3,1029.7
108,서울,2024.1.22 23:00,-11.6,,4.7,61,1017.7,1029.1
108,서울,2024.1.23 0:00,-11.9,,4,61,1017.1,1028.5
108,서울,2024.1.23 1:00,-12.3,,3.8,54,1016.7,1028.1
108,서울,2024.1.23 2:00,-12.7,,3.8,52,1016.9,1028.4
108,서울,2024.1.23 3:00,-13.1,,3.9,52,1016.9,1028.4
108,서울,2024.1.23 4:00,-13.5,,3.4,51,1016.7,1028.2
108,서울,2024.1.23 5:00,-13.7,,2.7,53,1016.5,1028
108,서울,2024.1.23 6:00,-13.9,,3.1,56,1016.4,1027.9
108,서울,2024.1.23 7:00,-13.8,,3.7,57,1016.4,1027.9
108,서울,2024.1.23 8:00,-14,,2.5,61,1016.4,1027.9
108,서울,2024.1.23 9:00,-13.6,,3,60,1016.4,1027.9
108,서울,2024.1.23 10:00,-12.4,,4.6,55,1016.5,1027.9
108,서울,2024.1.23 11:00,-11.2,,3.8,53,1016.5,1027.9
108,서울,2024.1.23 12:00,-10.4,,4,49,1015.2,1026.5
108,서울,2024.1.23 13:00,-10,,5.7,46,1014.2,1025.5
108,서울,2024.1.23 14:00,-8.9,,4,45,1013.2,1024.4
108,서울,2024.1.23 15:00,-8.8,,5.2,47,1012.8,1024
108,서울,2024.1.23 16:00,-8.8,,4.9,49,1012.6,1023.8
108,서울,2024.1.23 17:00,-9.5,,3.6,50,1012.6,1023.9
108,서울,2024.1.23 18:00,-10.7,,5.8,53,1012.8,1024.1
108,서울,2024.1.23 19:00,-11.2,,4.5,56,1013.9,1025.2
108,서울,2024.1.23 20:00,-11.8,,4.9,58,1014.3,1025.7
108,서울,2024.1.23 21:00,-11.9,,4,57,1014.8,1026.2
108,서울,2024.1.23 22:00,-11.8,,3.2,59,1014.8,1026.2
108,서울,2024.1.23 23:00,-11.5,,3.8,58,1014.6,1026
108,서울,2024.1.24 0:00,-11.1,,3.2,55,1014.2,1025.5
108,서울,2024.1.24 1:00,-11.2,,2.2,55,1013.9,1025.2
108,서울,2024.1.24 2:00,-10.9,,2.6,56,1014.3,1025.6
108,서울,2024.1.24 3:00,-10.7,,2.7,57,1014.4,1025.7
108,서울,2024.1.24 4:00,-10.7,,1.8,56,1014.2,1025.5
108,서울,2024.1.24 5:00,-10.8,,3.7,57,1014.3,1025.6
108,서울,2024.1.24 6:00,-11,,2.8,57,1014.3,1025.6
108,서울,2024.1.24 7:00,-11.1,,3.5,58,1014.7,1026.1
108,서울,2024.1.24 8:00,-11.2,,4.2,59,1015,1026.4
108,서울,2024.1.24 9:00,-10.6,,4.8,56,1015.1,1026.4
108,서울,2024.1.24 10:00,-9.7,,5.4,51,1015.9,1027.2
108,서울,2024.1.24 11:00,-8,,3.8,49,1016.2,1027.4
108,서울,2024.1.24 12:00,-6.7,,3.6,45,1015.6,1026.8
108,서울,2024.1.24 13:00,-5.7,,3.9,44,1014.8,1025.9
108,서울,2024.1.24 14:00,-5.2,,4.6,41,1014.3,1025.4
108,서울,2024.1.24 15:00,-4.3,,4.8,42,1013.7,1024.8
108,서울,2024.1.24 16:00,-3.7,,4,41,1013.7,1024.7
108,서울,2024.1.24 17:00,-4.5,,3.6,43,1014,1025.1
108,서울,2024.1.24 18:00,-5.6,,2.8,45,1014.7,1025.8
108,서울,2024.1.24 19:00,-6.3,,2.7,48,1015.5,1026.7
108,서울,2024.1.24 20:00,-6.7,,2.7,52,1016.1,1027.3
108,서울,2024.1.24 21:00,-7.1,,2.4,55,1016.4,1027.6
108,서울,2024.1.24 22:00,-7.5,,2,55,1016.5,1027.7
108,서울,2024.1.24 23:00,-7.9,,1.5,56,1016.8,1028
108,서울,2024.1.25 0:00,-8.3,,0.4,59,1016.8,1028.1
108,서울,2024.1.25 1:00,-8.8,,0.7,61,1016.7,1028
108,서울,2024.1.25 2:00,-8.8,,0.8,59,1016.9,1028.2
108,서울,2024.1.25 3:00,-8.8,,1.2,56,1017,1028.3
108,서울,2024.1.25 4:00,-9,,2.2,55,1016.9,1028.2
108,서울,2024.1.25 5:00,-8.9,,1.6,53,1017,1028.3
108,서울,2024.1.25 6:00,-9.5,,1.6,55,1017,1028.3
108,서울,2024.1.25 7:00,-9.7,,2.1,57,1017.1,1028.4
108,서울,2024.1.25 8:00,-9.4,,2.1,53,1018.1,1029.4
108,서울,2024.1.25 9:00,-8.5,,2.2,53,1018.3,1029.6
108,서울,2024.1.25 10:00,-6.9,,2.4,47,1018.6,1029.8
108,서울,2024.1.25 11:00,-6,,2.5,43,1018.4,1029.6
108,서울,2024.1.25 12:00,-4.2,,1.3,37,1017.7,1028.8
108,서울,2024.1.25 13:00,-2.8,,2.8,34,1017,1028
108,서울,2024.1.25 14:00,-1.6,,2.8,35,1016.6,1027.6
108,서울,2024.1.25 15:00,-1,,3.3,33,1016.5,1027.4
108,서울,2024.1.25 16:00,-0.5,,3.1,31,1016.9,1027.8
108,서울,2024.1.25 17:00,-0.9,,2.6,36,1016.8,1027.7
108,서울,2024.1.25 18:00,-2.2,,2.8,45,1017.4,1028.4
108,서울,2024.1.25 19:00,-2.6,,2.7,48,1017.9,1028.9
108,서울,2024.1.25 20:00,-2.9,,2.1,49,1017.8,1028.8
108,서울,2024.1.25 21:00,-3.4,,2.1,49,1018.1,1029.2
108,서울,2024.1.25 22:00,-3.9,,2.4,50,1018.1,1029.2
108,서울,2024.1.25 23:00,-4.3,,1,52,1018.2,1029.3
108,서울,2024.1.26 0:00,-4.9,,1.2,54,1018.2,1029.3
108,서울,2024.1.26 1:00,-5.1,,2,55,1018.3,1029.4
108,서울,2024.1.26 2:00,-5.5,,0.7,56,1018.4,1029.5
108,서울,2024.1.26 3:00,-5.6,,1.1,58,1018.7,1029.9
108,서울,2024.1.26 4:00,-6,,1.1,59,1018.2,1029.4
108,서울,2024.1.26 5:00,-6.1,,0.9,62,1018.3,1029.5
108,서울,2024.1.26 6:00,-6.3,,0.8,64,1018.1,1029.3
108,서울,2024.1.26 7:00,-6.7,,2.6,64,1018.2,1029.4
108,서울,2024.1.26 8:00,-6.8,,2.1,65,1018.3,1029.5
108,서울,2024.1.26 9:00,-6,,1.8,64,1018.7,1029.9
108,서울,2024.1.26 10:00,-3.2,,1.7,61,1018.8,1029.9
108,서울,2024.1.26 11:00,-0.3,,2.2,51,1019.5,1030.4
108,서울,2024.1.26 12:00,1.3,,1.5,45,1018.5,1029.4
108,서울,2024.1.26 13:00,2.2,,2.9,40,1017.1,1027.9
108,서울,2024.1.26 14:00,2.9,,2.8,43,1016.7,1027.5
108,서울,2024.1.26 15:00,3.8,,3.1,49,1017.1,1027.8
108,서울,2024.1.26 16:00,3.8,,3.3,49,1017.2,1027.9
108,서울,2024.1.26 17:00,2.8,,2.9,55,1016.9,1027.7
108,서울,2024.1.26 18:00,1.5,,2.5,62,1017.1,1027.9
108,서울,2024.1.26 19:00,0.5,,2.9,67,1017.6,1028.5
108,서울,2024.1.26 20:00,-0.2,,1.4,71,1017.6,1028.5
108,서울,2024.1.26 21:00,-0.8,,0.5,75,1017.6,1028.5
108,서울,2024.1.26 22:00,-1.3,,0.2,80,1017.7,1028.7
108,서울,2024.1.26 23:00,-1,,1.9,84,1017.6,1028.6
108,서울,2024.1.27 0:00,-1.6,,0.5,83,1017.5,1028.5
108,서울,2024.1.27 1:00,-2,,0.4,86,1017.2,1028.2
108,서울,2024.1.27 2:00,-2.2,,1,87,1017.1,1028.1
108,서울,2024.1.27 3:00,-2.2,,1.3,88,1017,1028
108,서울,2024.1.27 4:00,-2.7,,1.3,89,1016.7,1027.7
108,서울,2024.1.27 5:00,-3.3,,0.9,81,1016.7,1027.7
108,서울,2024.1.27 6:00,-3.8,,1.9,82,1016.8,1027.9
108,서울,2024.1.27 7:00,-4,,1.2,86,1017.4,1028.5
108,서울,2024.1.27 8:00,-4.5,,0.4,85,1017.4,1028.5
108,서울,2024.1.27 9:00,-4.1,,0.3,84,1017.6,1028.7
108,서울,2024.1.27 10:00,-1.9,,1,71,1017.8,1028.8
108,서울,2024.1.27 11:00,0.4,,1.4,51,1018,1028.9
108,서울,2024.1.27 12:00,2.1,,2.2,43,1017.1,1027.9
108,서울,2024.1.27 13:00,2.7,,4.1,47,1016.4,1027.2
108,서울,2024.1.27 14:00,3.8,,3.3,47,1015.5,1026.2
108,서울,2024.1.27 15:00,4.5,,1.6,44,1015.1,1025.8
108,서울,2024.1.27 16:00,3.6,,3.3,52,1015.2,1025.9
108,서울,2024.1.27 17:00,2.8,,3.6,59,1014.9,1025.7
108,서울,2024.1.27 18:00,1.6,,4.5,64,1015.1,1025.9
108,서울,2024.1.27 19:00,0.6,,2.6,69,1015.1,1026
108,서울,2024.1.27 20:00,-0.1,,2.4,73,1015.1,1026
108,서울,2024.1.27 21:00,-0.6,,1.1,75,1014.9,1025.8
108,서울,2024.1.27 22:00,-0.9,,1.4,80,1015.2,1026.1
108,서울,2024.1.27 23:00,-1.2,,1.8,81,1015.1,1026
108,서울,2024.1.28 0:00,-1.3,,1.7,80,1015.1,1026
108,서울,2024.1.28 1:00,-1.7,,2.8,75,1015.1,1026.1
108,서울,2024.1.28 2:00,-2.6,,2.5,69,1015.3,1026.3
108,서울,2024.1.28 3:00,-3.3,,2.9,63,1015.5,1026.5
108,서울,2024.1.28 4:00,-3.7,,2.4,63,1015.6,1026.7
108,서울,2024.1.28 5:00,-4.1,,2.2,64,1015.4,1026.5
108,서울,2024.1.28 6:00,-4.6,,1.5,70,1015.5,1026.6
108,서울,2024.1.28 7:00,-4.8,,1.3,72,1016.2,1027.3
108,서울,2024.1.28 8:00,-5,,1.1,72,1016.9,1028
108,서울,2024.1.28 9:00,-4.3,,0.7,70,1017.5,1028.6
108,서울,2024.1.28 10:00,-1.6,,1.4,60,1017.7,1028.7
108,서울,2024.1.28 11:00,-0.3,,1.7,53,1018.1,1029
108,서울,2024.1.28 12:00,0.8,,2,51,1018.1,1029
108,서울,2024.1.28 13:00,1.8,,2.9,49,1017.9,1028.7
108,서울,2024.1.28 14:00,2.9,,2.7,48,1017.2,1028
108,서울,2024.1.28 15:00,2.9,,2.4,46,1017.1,1027.9
108,서울,2024.1.28 16:00,3.5,,1.8,46,1017.1,1027.9
108,서울,2024.1.28 17:00,2.6,,2.6,47,1017.6,1028.4
108,서울,2024.1.28 18:00,0.9,,3.5,55,1018.3,1029.2
108,서울,2024.1.28 19:00,-0.2,,2.3,61,1018.7,1029.6
108,서울,2024.1.28 20:00,-0.9,,2,64,1019.2,1030.2
108,서울,2024.1.28 21:00,-1.5,,1.4,67,1019.2,1030.2
108,서울,2024.1.28 22:00,-1.9,,1.6,71,1019.7,1030.7
108,서울,2024.1.28 23:00,-2.3,,1.2,74,1019.6,1030.6
108,서울,2024.1.29 0:00,-2.7,,0.3,76,1019.7,1030.8
108,서울,2024.1.29 1:00,-3.1,,0.4,76,1019.5,1030.6
108,서울,2024.1.29 2:00,-3.3,,0.9,74,1019.4,1030.5
108,서울,2024.1.29 3:00,-3.6,,0.5,78,1019.5,1030.6
108,서울,2024.1.29 4:00,-4,,1.6,77,1019.3,1030.4
108,서울,2024.1.29 5:00,-4.2,,1.9,80,1019.5,1030.6
108,서울,2024.1.29 6:00,-4.4,,1.7,81,1019.9,1031
108,서울,2024.1.29 7:00,-4.6,,1.1,84,1020.3,1031.4
108,서울,2024.1.29 8:00,-4.7,,1.5,85,1020.8,1032
108,서울,2024.1.29 9:00,-4,,1.8,84,1021,1032.1
108,서울,2024.1.29 10:00,-1.4,,2.1,78,1020.8,1031.8
108,서울,2024.1.29 11:00,0.4,,1.8,67,1021.3,1032.2
108,서울,2024.1.29 12:00,2.1,,2.3,52,1020.7,1031.6
108,서울,2024.1.29 13:00,2.6,,3.2,49,1019.9,1030.7
108,서울,2024.1.29 14:00,3.9,,1.6,46,1019.3,1030.1
108,서울,2024.1.29 15:00,4.4,,2.3,44,1019.1,1029.8
108,서울,2024.1.29 16:00,4.5,,2.6,42,1019,1029.7
108,서울,2024.1.29 17:00,3.6,,1.7,46,1019.2,1030
108,서울,2024.1.29 18:00,2.2,,1.2,52,1019.6,1030.4
108,서울,2024.1.29 19:00,1.4,,1.8,58,1019.8,1030.7
108,서울,2024.1.29 20:00,0.8,,2.7,64,1020.2,1031.1
108,서울,2024.1.29 21:00,0.6,,2.4,68,1020,1030.9
108,서울,2024.1.29 22:00,0.2,,0.5,69,1020.4,1031.3
108,서울,2024.1.29 23:00,-0.5,,0.4,71,1020.3,1031.3
108,서울,2024.1.30 0:00,-0.9,,0.6,74,1020.3,1031.3
108,서울,2024.1.30 1:00,-1.3,,1.2,75,1020.2,1031.2
108,서울,2024.1.30 2:00,-1.8,,0.6,76,1020.1,1031.1
108,서울,2024.1.30 3:00,-2,,0.3,81,1020.4,1031.4
108,서울,2024.1.30 4:00,-2.4,,0.5,81,1020,1031
108,서울,2024.1.30 5:00,-2.8,,1.2,82,1019.6,1030.7
108,서울,2024.1.30 6:00,-3.2,,1.1,84,1019.7,1030.8
108,서울,2024.1.30 7:00,-3.8,,2,84,1019.7,1030.8
108,서울,2024.1.30 8:00,-4,,2.6,86,1020,1031.1
108,서울,2024.1.30 9:00,-3.1,,1.7,87,1020.3,1031.4
108,서울,2024.1.30 10:00,-0.3,,1.7,76,1020.3,1031.3
108,서울,2024.1.30 11:00,2,,1.6,59,1020.1,1031
108,서울,2024.1.30 12:00,3.4,,2.1,49,1018.8,1029.6
108,서울,2024.1.30 13:00,5.3,,2,43,1017.8,1028.5
108,서울,2024.1.30 14:00,6.1,,2.2,36,1016.5,1027.2
108,서울,2024.1.30 15:00,7.1,,1.6,32,1015.9,1026.5
108,서울,2024.1.30 16:00,8.1,,1.4,32,1015.6,1026.1
108,서울,2024.1.30 17:00,7.4,,1.1,32,1015.6,1026.2
108,서울,2024.1.30 18:00,5.7,,1.2,38,1015.7,1026.4
108,서울,2024.1.30 19:00,4.3,,0.6,43,1015.6,1026.3
108,서울,2024.1.30 20:00,3.3,,0.4,48,1015.2,1025.9
108,서울,2024.1.30 21:00,2.7,,1.1,48,1015.9,1026.7
108,서울,2024.1.30 22:00,1.8,,0.8,54,1015.6,1026.4
108,서울,2024.1.30 23:00,1,,1.7,54,1015,1025.8
108,서울,2024.1.31 0:00,0.7,,1.4,55,1014.6,1025.5
108,서울,2024.1.31 1:00,1,,1.8,58,1014.5,1025.3
108,서울,2024.1.31 2:00,1.6,,0.7,54,1015.5,1026.3
108,서울,2024.1.31 3:00,1.5,,1.7,56,1014.8,1025.6
108,서울,2024.1.31 4:00,1.4,,2.2,57,1014,1024.8
108,서울,2024.1.31 5:00,1.4,,1.4,58,1013.9,1024.7
108,서울,2024.1.31 6:00,1.5,,0.3,57,1013.9,1024.7
108,서울,2024.1.31 7:00,1.3,,0.4,57,1014.1,1024.9
108,서울,2024.1.31 8:00,1.5,,1.3,58,1014.6,1025.4
108,서울,2024.1.31 9:00,1.7,,1.1,57,1014.6,1025.4
108,서울,2024.1.31 10:00,3.7,,1.8,52,1014.5,1025.2
108,서울,2024.1.31 11:00,5.9,,1.1,44,1014.4,1025
108,서울,2024.1.31 12:00,8,,1.2,40,1013.6,1024.1
108,서울,2024.1.31 13:00,9.7,,1.8,32,1012.6,1023
108,서울,2024.1.31 14:00,9.7,,2.4,30,1011.8,1022.2
108,서울,2024.1.31 15:00,10.4,,2.7,32,1011.4,1021.8
108,서울,2024.1.31 16:00,9.5,,3.4,30,1011.6,1022
108,서울,2024.1.31 17:00,8.9,,2.9,34,1011.6,1022.1
108,서울,2024.1.31 18:00,7.2,,2.7,49,1012,1022.6
108,서울,2024.1.31 19:00,6,,2.7,57,1012.4,1023
108,서울,2024.1.31 20:00,5.3,,2.4,62,1013,1023.7
108,서울,2024.1.31 21:00,4.4,,1.5,66,1013,1023.7
108,서울,2024.1.31 22:00,3.7,,0.7,69,1013,1023.7
108,서울,2024.1.31 23:00,3.6,,3.2,74,1013,1023.7
108,서울,2024.2.1 0:00,2.8,,2.7,76,1013,1023.7
108,서울,2024.2.1 1:00,2.1,,3.1,78,1013.6,1024.4
108,서울,2024.2.1 2:00,1.6,,2,81,1013.6,1024.4
108,서울,2024.2.1 3:00,0.8,,0.8,81,1013.3,1024.1
108,서울,2024.2.1 4:00,0.2,,1.4,81,1013.5,1024.4
108,서울,2024.2.1 5:00,0.1,,3.5,78,1014.1,1025
108,서울,2024.2.1 6:00,-0.6,,2.3,78,1014.5,1025.4
108,서울,2024.2.1 7:00,-1.1,,1.9,77,1014.8,1025.7
108,서울,2024.2.1 8:00,-1.2,,1.3,78,1015.5,1026.4
108,서울,2024.2.1 9:00,-1,,1.2,78,1015.6,1026.5
108,서울,2024.2.1 10:00,0.6,,1.3,77,1015.5,1026.4
108,서울,2024.2.1 11:00,2.6,,1.7,67,1015.5,1026.3
108,서울,2024.2.1 12:00,3.7,,2.3,61,1014.6,1025.3
108,서울,2024.2.1 13:00,4.9,,1.3,54,1013.6,1024.3
108,서울,2024.2.1 14:00,6.2,,1.8,48,1012.9,1023.5
108,서울,2024.2.1 15:00,6.9,,1.6,44,1012.7,1023.3
108,서울,2024.2.1 16:00,7.7,,2.7,47,1013.3,1023.8
108,서울,2024.2.1 17:00,6.6,,2.3,49,1013.1,1023.7
108,서울,2024.2.1 18:00,4.9,,3.4,54,1013.8,1024.5
108,서울,2024.2.1 19:00,3.5,,3.8,57,1014.3,1025
108,서울,2024.2.1 20:00,2.9,,0.7,57,1014.4,1025.2
108,서울,2024.2.1 21:00,2.2,,1.4,60,1014.7,1025.5
108,서울,2024.2.1 22:00,2.4,,3.2,61,1014.9,1025.7
108,서울,2024.2.1 23:00,2.2,,3.8,62,1014.9,1025.7
108,서울,2024.2.2 0:00,2.2,,3.7,63,1014.8,1025.6
108,서울,2024.2.2 1:00,2.1,,3.7,62,1014.9,1025.7
108,서울,2024.2.2 2:00,2,,2.8,63,1014.8,1025.6
108,서울,2024.2.2 3:00,1.9,,3.1,63,1014.6,1025.4
108,서울,2024.2.2 4:00,1.7,,2.4,65,1014.5,1025.3
108,서울,2024.2.2 5:00,1.6,,2.9,64,1014.5,1025.3
108,서울,2024.2.2 6:00,1.2,,2.4,67,1014.7,1025.5
108,서울,2024.2.2 7:00,1.1,,2.2,68,1015.3,1026.1
108,서울,2024.2.2 8:00,1.1,,2,69,1015.9,1026.8
108,서울,2024.2.2 9:00,1.5,,2.4,68,1016.1,1026.9
108,서울,2024.2.2 10:00,2.7,,2.5,64,1016.5,1027.3
108,서울,2024.2.2 11:00,3.8,,2.2,61,1016,1026.7
108,서울,2024.2.2 12:00,5.3,,1.7,57,1016.1,1026.8
108,서울,2024.2.2 13:00,6.7,,1.8,53,1015.8,1026.4
108,서울,2024.2.2 14:00,7.5,,2.6,48,1015.2,1025.8
108,서울,2024.2.2 15:00,7.7,,2.4,50,1015.5,1026.1
108,서울,2024.2.2 16:00,6.8,,2.2,52,1015.5,1026.1
108,서울,2024.2.2 17:00,5.8,,2.2,58,1016.1,1026.8
108,서울,2024.2.2 18:00,4.1,,2.8,66,1016.5,1027.2
108,서울,2024.2.2 19:00,3.2,,3.4,70,1017.6,1028.4
108,서울,2024.2.2 20:00,2.4,,0.8,71,1016.6,1027.4
108,서울,2024.2.2 21:00,1.9,,1.1,74,1017,1027.8
108,서울,2024.2.2 22:00,1.3,,0.9,76,1017.4,1028.3
108,서울,2024.2.2 23:00,1,,0.1,78,1017.9,1028.8
108,서울,2024.2.3 0:00,0.8,,0.5,79,1018.1,1029
108,서울,2024.2.3 1:00,0.2,,1.4,78,1018,1028.9
108,서울,2024.2.3 2:00,-0.1,,2.2,78,1017.8,1028.7
108,서울,2024.2.3 3:00,-0.2,,1.6,78,1018,1028.9
108,서울,2024.2.3 4:00,0.2,,2,75,1017.9,1028.8
108,서울,2024.2.3 5:00,1.2,,3.4,70,1018,1028.9
108,서울,2024.2.3 6:00,1.6,,3,68,1017.8,1028.6
108,서울,2024.2.3 7:00,2,,3.8,66,1017.7,1028.5
108,서울,2024.2.3 8:00,2.3,,3.3,65,1017.9,1028.7
108,서울,2024.2.3 9:00,2.9,,3.6,64,1017.8,1028.6
108,서울,2024.2.3 10:00,4.3,,3.4,60,1018.2,1028.9
108,서울,2024.2.3 11:00,5,,3.4,59,1017.8,1028.5
108,서울,2024.2.3 12:00,6.5,,3.7,55,1016.9,1027.5
108,서울,2024.2.3 13:00,7.7,,2.3,53,1016.2,1026.8
108,서울,2024.2.3 14:00,8.1,,2.7,51,1015.5,1026
108,서울,2024.2.3 15:00,8.2,,1.9,52,1015,1025.5
108,서울,2024.2.3 16:00,7.8,,2.5,53,1014.8,1025.4
108,서울,2024.2.3 17:00,7.5,,1.2,53,1014.9,1025.5
108,서울,2024.2.3 18:00,7.1,,1.6,56,1014.6,1025.2
108,서울,2024.2.3 19:00,6.7,,1.8,58,1015,1025.6
108,서울,2024.2.3 20:00,6.3,,1.6,59,1015.4,1026
108,서울,2024.2.3 21:00,6,0,0.7,67,1015.6,1026.2
108,서울,2024.2.3 22:00,5.5,,0.2,66,1015.7,1026.4
108,서울,2024.2.3 23:00,5.3,,1.1,68,1015.7,1026.4
108,서울,2024.2.4 0:00,5.3,0,0.3,71,1015.4,1026.1
108,서울,2024.2.4 1:00,5.2,,1.2,71,1015.3,1026
108,서울,2024.2.4 2:00,4.9,,0.5,68,1015.2,1025.9
108,서울,2024.2.4 3:00,4.8,,1.3,71,1015.1,1025.8
108,서울,2024.2.4 4:00,4.6,,2,73,1014.9,1025.6
108,서울,2024.2.4 5:00,4.4,,2,71,1014.9,1025.6
108,서울,2024.2.4 6:00,4.2,,2.1,72,1014.8,1025.5
108,서울,2024.2.4 7:00,3.8,,0.7,73,1015.5,1026.2
108,서울,2024.2.4 8:00,3.7,,1,72,1015.7,1026.4
108,서울,2024.2.4 9:00,4.3,,2.4,70,1016.1,1026.8
108,서울,2024.2.4 10:00,5.5,,1.7,67,1016.3,1027
108,서울,2024.2.4 11:00,7.4,,2.4,63,1016,1026.6
108,서울,2024.2.4 12:00,9.1,,1.8,58,1015.5,1026
108,서울,2024.2.4 13:00,10.5,,2.5,52,1014.3,1024.8
108,서울,2024.2.4 14:00,11.7,,2.1,46,1013.4,1023.8
108,서울,2024.2.4 15:00,11.3,,2.8,46,1012.9,1023.3
108,서울,2024.2.4 16:00,10.8,,1.8,46,1012.8,1023.2
108,서울,2024.2.4 17:00,10.2,,1,49,1012.6,1023.1
108,서울,2024.2.4 18:00,9.5,,0.5,52,1012.5,1022.9
108,서울,2024.2.4 19:00,9.2,,2.6,55,1012.4,1022.9
108,서울,2024.2.4 20:00,8.9,,2.4,57,1012.7,1023.2
108,서울,2024.2.4 21:00,8.5,,1.2,58,1012.9,1023.4
108,서울,2024.2.4 22:00,8.3,,2.5,60,1012.8,1023.3
108,서울,2024.2.4 23:00,7.4,,4.5,57,1012.6,1023.1
108,서울,2024.2.5 0:00,6.6,,4.1,60,1012,1022.6
108,서울,2024.2.5 1:00,6,,3.7,62,1012.1,1022.7
108,서울,2024.2.5 2:00,4.9,,4.7,78,1012.1,1022.8
108,서울,2024.2.5 3:00,3.6,1.1,4.9,87,1010.2,1020.9
108,서울,2024.2.5 4:00,3.6,,4.2,85,1008.5,1019.2
108,서울,2024.2.5 5:00,4,,5.3,81,1007.5,1018.1
108,서울,2024.2.5 6:00,4.4,0.1,3.7,77,1007.6,1018.2
108,서울,2024.2.5 7:00,5.1,,5,70,1007.8,1018.4
108,서울,2024.2.5 8:00,4.8,,6.5,70,1008.4,1019
108,서울,2024.2.5 9:00,4.4,0,7,72,1008.8,1019.4
108,서울,2024.2.5 10:00,4,,6.2,74,1008.8,1019.4
108,서울,2024.2.5 11:00,3.6,,6.9,77,1009,1019.7
108,서울,2024.2.5 12:00,3.5,0,6.1,73,1009.2,1019.9
108,서울,2024.2.5 13:00,3.6,,5.7,73,1008.8,1019.5
108,서울,2024.2.5 14:00,4,,4.8,70,1008.6,1019.2
108,서울,2024.2.5 15:00,4,0,5.5,68,1008.9,1019.5
108,서울,2024.2.5 16:00,3.7,,5.6,66,1009.7,1020.4
108,서울,2024.2.5 17:00,2.6,,5.4,69,1011,1021.7
108,서울,2024.2.5 18:00,1.1,0.3,4,89,1012.2,1023
108,서울,2024.2.5 19:00,0.6,,4.1,93,1012.8,1023.6
108,서울,2024.2.5 20:00,0.3,,4.3,94,1013.2,1024.1
108,서울,2024.2.5 21:00,0.2,2,4.6,95,1013.5,1024.4
108,서울,2024.2.5 22:00,0.2,,3.5,93,1013.8,1024.7
108,서울,2024.2.5 23:00,0.1,,3.3,92,1013.9,1024.8
108,서울,2024.2.6 0:00,0.2,0.4,2.3,93,1014,1024.9
108,서울,2024.2.6 1:00,0.2,,2.2,93,1013.9,1024.8
108,서울,2024.2.6 2:00,0,,2.8,92,1014,1024.9
108,서울,2024.2.6 3:00,0,0.2,2.7,91,1013.7,1024.6
108,서울,2024.2.6 4:00,0,,2.5,90,1013.4,1024.3
108,서울,2024.2.6 5:00,0,,2.3,89,1013.8,1024.7
108,서울,2024.2.6 6:00,0.1,,1.2,86,1014.4,1025.3
108,서울,2024.2.6 7:00,0.1,,2.4,88,1014.4,1025.3
108,서울,2024.2.6 8:00,0.2,,1.7,85,1014.9,1025.8
108,서울,2024.2.6 9:00,0.5,0,2,86,1014.9,1025.8
108,서울,2024.2.6 10:00,1.2,,2,80,1014.9,1025.7
108,서울,2024.2.6 11:00,1.8,,1.3,75,1015.2,1026
108,서울,2024.2.6 12:00,2.6,,1,76,1014.5,1025.3
108,서울,2024.2.6 13:00,2.9,,1.9,79,1013.7,1024.4
108,서울,2024.2.6 14:00,2.6,,2.3,78,1013.3,1024.1
108,서울,2024.2.6 15:00,2.4,0,2.2,80,1013,1023.8
108,서울,2024.2.6 16:00,2.6,,3,75,1012.9,1023.6
108,서울,2024.2.6 17:00,2.2,,2.8,73,1012.9,1023.7
108,서울,2024.2.6 18:00,1.7,0,2.5,79,1012.9,1023.7
108,서울,2024.2.6 19:00,1.2,,2.7,79,1013.2,1024
108,서울,2024.2.6 20:00,1.2,,1.8,79,1013.2,1024
108,서울,2024.2.6 21:00,1.1,0,3,84,1013.4,1024.2
108,서울,2024.2.6 22:00,1.1,,1.9,81,1013.4,1024.2
108,서울,2024.2.6 23:00,1.1,,2.9,83,1013.5,1024.3
108,서울,2024.2.7 0:00,0.9,0,2.3,86,1013.3,1024.1
108,서울,2024.2.7 1:00,0.7,,2.4,87,1013.2,1024
108,서울,2024.2.7 2:00,0.3,,2.2,84,1013.1,1024
108,서울,2024.2.7 3:00,0,0,2.6,85,1012.8,1023.7
108,서울,2024.2.7 4:00,-0.3,,2.2,85,1012.6,1023.5
108,서울,2024.2.7 5:00,-0.6,,2.2,87,1012.3,1023.2
108,서울,2024.2.7 6:00,-0.7,0,2.6,88,1012.6,1023.5
108,서울,2024.2.7 7:00,-0.9,,1.1,88,1013,1023.9
108,서울,2024.2.7 8:00,-0.8,,2.1,88,1013.3,1024.2
108,서울,2024.2.7 9:00,-0.4,,1.8,87,1013.4,1024.3
108,서울,2024.2.7 10:00,0.3,,2,85,1013.6,1024.5
108,서울,2024.2.7 11:00,0.7,,1.9,82,1013.4,1024.2
108,서울,2024.2.7 12:00,1.3,,1.6,75,1012.7,1023.5
108,서울,2024.2.7 13:00,1.6,,1.1,67,1012.1,1022.9
108,서울,2024.2.7 14:00,2.2,,2.2,66,1011.6,1022.4
108,서울,2024.2.7 15:00,2.6,,1.8,61,1011.3,1022
108,서울,2024.2.7 16:00,2.3,,2.7,63,1011.4,1022.1
108,서울,2024.2.7 17:00,2,,2.6,67,1011.3,1022.1
108,서울,2024.2.7 18:00,1.8,,2.3,68,1011.5,1022.3
108,서울,2024.2.7 19:00,1.3,,1.9,70,1011.7,1022.5
108,서울,2024.2.7 20:00,0.9,,2.7,72,1012,1022.8
108,서울,2024.2.7 21:00,0.5,,2.9,74,1012.1,1022.9
108,서울,2024.2.7 22:00,0.2,,2.5,72,1012.3,1023.2
108,서울,2024.2.7 23:00,-0.5,,1.2,77,1012.2,1023.1
108,서울,2024.2.8 0:00,-0.7,,1.3,75,1012,1022.9
108,서울,2024.2.8 1:00,-1.3,,1,75,1011.5,1022.4
108,서울,2024.2.8 2:00,-1.7,,1.2,79,1011.2,1022.1
108,서울,2024.2.8 3:00,-2.1,,1,82,1011,1021.9
108,서울,2024.2.8 4:00,-2.5,,1,83,1010.7,1021.6
108,서울,2024.2.8 5:00,-2.6,,1,83,1010.8,1021.8
108,서울,2024.2.8 6:00,-2.7,,0.3,85,1010.7,1021.7
108,서울,2024.2.8 7:00,-2.9,,0.3,85,1011.1,1022.1
108,서울,2024.2.8 8:00,-2.8,,1.2,85,1011.6,1022.6
108,서울,2024.2.8 9:00,-2,,1.3,87,1012,1022.9
108,서울,2024.2.8 10:00,0.2,,2.3,75,1011.8,1022.7
108,서울,2024.2.8 11:00,1.7,,3,63,1011.8,1022.6
108,서울,2024.2.8 12:00,2.9,,2.6,58,1011.5,1022.2
108,서울,2024.2.8 13:00,3.7,,2,51,1010.4,1021.1
108,서울,2024.2.8 14:00,5.3,,2.8,46,1009.5,1020.1
108,서울,2024.2.8 15:00,6,,2.7,45,1009.4,1020
108,서울,2024.2.8 16:00,5.9,,2,43,1008.9,1019.5
108,서울,2024.2.8 17:00,5.4,,2.1,44,1008.9,1019.5
108,서울,2024.2.8 18:00,3.4,,3.6,53,1009.5,1020.2
108,서울,2024.2.8 19:00,1.9,,2.7,55,1010.3,1021.1
108,서울,2024.2.8 20:00,0.8,,2.1,47,1010.4,1021.2
108,서울,2024.2.8 21:00,0.3,,1.8,57,1010.6,1021.4
108,서울,2024.2.8 22:00,-0.2,,1.2,61,1010.6,1021.5
108,서울,2024.2.8 23:00,-0.6,,1.3,64,1010.5,1021.4
108,서울,2024.2.9 0:00,-0.9,,1.1,68,1010.4,1021.3
108,서울,2024.2.9 1:00,-1.3,,0.8,70,1010.4,1021.3
108,서울,2024.2.9 2:00,-1.7,,1.1,71,1010.6,1021.5
108,서울,2024.2.9 3:00,-1.6,,0,71,1010.5,1021.4
108,서울,2024.2.9 4:00,-1.5,,0.8,72,1010.6,1021.5
108,서울,2024.2.9 5:00,-1.7,,0.7,74,1010.6,1021.5
108,서울,2024.2.9 6:00,-2.1,,1.2,75,1010.8,1021.7
108,서울,2024.2.9 7:00,-2.2,,1,75,1010.7,1021.6
108,서울,2024.2.9 8:00,-2.4,,0.7,78,1011.1,1022
108,서울,2024.2.9 9:00,-1.5,,0.7,79,1011.4,1022.3
108,서울,2024.2.9 10:00,0.6,,1.9,81,1011.6,1022.4
108,서울,2024.2.9 11:00,2.4,,1.6,72,1011.8,1022.5
108,서울,2024.2.9 12:00,3.8,,3.2,60,1011.5,1022.2
108,서울,2024.2.9 13:00,4,,3,57,1010.8,1021.5
108,서울,2024.2.9 14:00,5.9,,3.6,46,1010,1020.6
108,서울,2024.2.9 15:00,5.3,,3.6,52,1009.8,1020.4
108,서울,2024.2.9 16:00,5.5,,3.6,44,1009.8,1020.4
108,서울,2024.2.9 17:00,4.4,,3.6,49,1010,1020.6
108,서울,2024.2.9 18:00,2.8,,3,56,1010.2,1020.9
108,서울,2024.2.9 19:00,1.9,,3.3,62,1010.8,1021.6
108,서울,2024.2.9 20:00,1.5,,2.5,65,1011.2,1022
108,서울,2024.2.9 21:00,1.3,,2.7,67,1011.4,1022.2
108,서울,2024.2.9 22:00,1.2,,2.8,73,1011.5,1022.3
108,서울,2024.2.9 23:00,1,,2.7,73,1011.6,1022.4
108,서울,2024.2.10 0:00,0.6,,3,74,1011.8,1022.6
108,서울,2024.2.10 1:00,0.4,,3,73,1011.9,1022.7
108,서울,2024.2.10 2:00,-0.4,,0.9,73,1012.1,1023
108,서울,2024.2.10 3:00,-0.8,,0.9,76,1011.9,1022.8
108,서울,2024.2.10 4:00,-1.1,,0.3,77,1011.4,1022.3
108,서울,2024.2.10 5:00,-1.3,,0.5,79,1011.1,1022
108,서울,2024.2.10 6:00,-1.4,,0.5,82,1011.1,1022
108,서울,2024.2.10 7:00,-1.2,,1.1,82,1011.2,1022.1
108,서울,2024.2.10 8:00,-1.3,,1.9,82,1011.9,1022.8
108,서울,2024.2.10 9:00,-0.7,,1.6,85,1012.4,1023.3
108,서울,2024.2.10 10:00,0.6,,0.8,82,1012.6,1023.4
108,서울,2024.2.10 11:00,2.5,,1.6,76,1012.7,1023.5
108,서울,2024.2.10 12:00,4.1,,2.4,69,1012.5,1023.2
108,서울,2024.2.10 13:00,5.7,,3.9,57,1011.8,1022.4
108,서울,2024.2.10 14:00,6.8,,3.6,43,1011.1,1021.7
108,서울,2024.2.10 15:00,7.2,,3.2,42,1010.7,1021.2
108,서울,2024.2.10 16:00,6.7,,2.9,44,1011,1021.6
108,서울,2024.2.10 17:00,5.5,,3.8,49,1011.5,1022.1
108,서울,2024.2.10 18:00,3.9,,3.3,56,1011.9,1022.6
108,서울,2024.2.10 19:00,2.8,,2.9,62,1012.6,1023.3
108,서울,2024.2.10 20:00,2,,2,67,1012.9,1023.7
108,서울,2024.2.10 21:00,1.4,,1.3,68,1012.8,1023.6
108,서울,2024.2.10 22:00,0.9,,0.9,73,1013.2,1024
108,서울,2024.2.10 23:00,0.4,,0.5,76,1013,1023.9
108,서울,2024.2.11 0:00,-0.3,,1,77,1012.9,1023.8
108,서울,2024.2.11 1:00,-0.2,,1.7,80,1012.7,1023.6
108,서울,2024.2.11 2:00,-0.6,,1.7,81,1012.5,1023.4
108,서울,2024.2.11 3:00,-1.1,,1.9,73,1012.8,1023.7
108,서울,2024.2.11 4:00,-1.6,,2.3,81,1012.5,1023.4
108,서울,2024.2.11 5:00,-2.1,,2.5,77,1012.5,1023.4
108,서울,2024.2.11 6:00,-2.8,,0.7,81,1012.1,1023.1
108,서울,2024.2.11 7:00,-3,,2.1,78,1012.4,1023.4
108,서울,2024.2.11 8:00,-3.1,,1.1,77,1012.6,1023.6
108,서울,2024.2.11 9:00,-2.3,,1.1,77,1013.5,1024.5
108,서울,2024.2.11 10:00,-0.3,,1.3,61,1013.5,1024.4
108,서울,2024.2.11 11:00,2.1,,1.3,50,1013.3,1024.1
108,서울,2024.2.11 12:00,3.7,,2.1,52,1012.8,1023.5
108,서울,2024.2.11 13:00,4.7,,4.2,51,1011.7,1022.3
108,서울,2024.2.11 14:00,5.4,,4,50,1010.9,1021.5
108,서울,2024.2.11 15:00,4.5,0,4.3,54,1010.9,1021.5
108,서울,2024.2.11 16:00,3.6,,3.5,62,1011.8,1022.5
108,서울,2024.2.11 17:00,4,,3.1,64,1011.8,1022.5
108,서울,2024.2.11 18:00,3.6,0,3.4,65,1012.5,1023.2
108,서울,2024.2.11 19:00,2.9,,2.5,69,1013.4,1024.1
108,서울,2024.2.11 20:00,2.4,,2.7,74,1014.1,1024.9
108,서울,2024.2.11 21:00,1.8,,1.7,79,1015.1,1025.9
108,서울,2024.2.11 22:00,1.2,,1.3,81,1015.6,1026.4
108,서울,2024.2.11 23:00,0.9,,1.3,85,1016.2,1027.1
108,서울,2024.2.12 0:00,0.3,,1.5,84,1016.5,1027.4
108,서울,2024.2.12 1:00,-0.5,,1.6,84,1016.6,1027.5
108,서울,2024.2.12 2:00,-1.2,,0.6,83,1016.9,1027.9
108,서울,2024.2.12 3:00,-1.6,,1.4,79,1017,1028
108,서울,2024.2.12 4:00,-1.9,,1.4,71,1016.9,1027.9
108,서울,2024.2.12 5:00,-2.3,,1.7,73,1017.2,1028.2
108,서울,2024.2.12 6:00,-2.5,,1.8,76,1017.4,1028.4
108,서울,2024.2.12 7:00,-2.8,,2.2,78,1018,1029
108,서울,2024.2.12 8:00,-2.7,,1.7,82,1018.9,1029.9
108,서울,2024.2.12 9:00,-1.2,,2.1,85,1019.4,1030.4
108,서울,2024.2.12 10:00,1.5,,2.5,78,1019.5,1030.4
108,서울,2024.2.12 11:00,3.9,,1.7,70,1019.6,1030.4
108,서울,2024.2.12 12:00,6.1,,1.2,57,1019,1029.7
108,서울,2024.2.12 13:00,7.7,,1.4,48,1018.1,1028.7
108,서울,2024.2.12 14:00,8.6,,2.5,38,1017.3,1027.8
108,서울,2024.2.12 15:00,10,,3.1,35,1016.8,1027.3
108,서울,2024.2.12 16:00,10.4,,2.5,31,1016.5,1027
108,서울,2024.2.12 17:00,9.7,,3.1,32,1016.6,1027.1
108,서울,2024.2.12 18:00,7.9,,3,45,1016.7,1027.3
108,서울,2024.2.12 19:00,7.1,,2.6,56,1017.2,1027.8
108,서울,2024.2.12 20:00,6,,1.6,59,1016.8,1027.5
108,서울,2024.2.12 21:00,5.1,,1.6,62,1016.7,1027.4
108,서울,2024.2.12 22:00,4.6,,1.8,64,1016.9,1027.6
108,서울,2024.2.12 23:00,4,,2.1,64,1016.8,1027.5
108,서울,2024.2.13 0:00,3.8,,1.5,63,1016.6,1027.3
108,서울,2024.2.13 1:00,3.6,,0.8,64,1016.6,1027.3
108,서울,2024.2.13 2:00,3.2,,1,68,1016.5,1027.3
108,서울,2024.2.13 3:00,2.9,,1.4,70,1016.3,1027.1
108,서울,2024.2.13 4:00,2.6,,1.3,70,1015.9,1026.7
108,서울,2024.2.13 5:00,2.5,,1.3,72,1015.8,1026.6
108,서울,2024.2.13 6:00,2.2,,1.8,74,1015.4,1026.2
108,서울,2024.2.13 7:00,2.1,,1.5,78,1015.2,1026
108,서울,2024.2.13 8:00,2.1,,1.6,82,1015.5,1026.3
108,서울,2024.2.13 9:00,3.5,,2.2,80,1015.7,1026.4
108,서울,2024.2.13 10:00,6.4,,1.5,72,1015.5,1026.1
108,서울,2024.2.13 11:00,9.9,,1.9,68,1015.3,1025.8
108,서울,2024.2.13 12:00,12.2,,4,61,1014.7,1025.1
108,서울,2024.2.13 13:00,12.5,,4.8,60,1013.9,1024.3
108,서울,2024.2.13 14:00,13.3,,4,58,1013.3,1023.6
108,서울,2024.2.13 15:00,13.2,,5.1,59,1012.8,1023.1
108,서울,2024.2.13 16:00,13.3,,3.5,60,1012.8,1023.1
108,서울,2024.2.13 17:00,12.8,,3.6,63,1012.7,1023
108,서울,2024.2.13 18:00,12.2,,3.2,66,1012.7,1023.1
108,서울,2024.2.13 19:00,11.4,,3.3,70,1013.1,1023.5
108,서울,2024.2.13 20:00,11.2,,3,73,1013.2,1023.6
108,서울,2024.2.13 21:00,10.6,,1.1,74,1013.2,1023.6
108,서울,2024.2.13 22:00,9.6,,2,77,1013.2,1023.6
108,서울,2024.2.13 23:00,8.9,,2.2,79,1013.1,1023.6
108,서울,2024.2.14 0:00,8.8,,1.3,81,1012.9,1023.4
108,서울,2024.2.14 1:00,8.9,,0.9,82,1012.7,1023.2
108,서울,2024.2.14 2:00,9,,1.3,82,1012.4,1022.9
108,서울,2024.2.14 3:00,9.1,,1.4,81,1012,1022.5
108,서울,2024.2.14 4:00,9.2,,1.1,81,1011.5,1021.9
108,서울,2024.2.14 5:00,9.3,,1.4,81,1011.3,1021.7
108,서울,2024.2.14 6:00,9.4,,1.2,80,1011.2,1021.6
108,서울,2024.2.14 7:00,9.6,,1.3,80,1011.1,1021.5
108,서울,2024.2.14 8:00,9.8,,1.2,79,1011.2,1021.7
108,서울,2024.2.14 9:00,10.3,,1.3,77,1011.3,1021.7
108,서울,2024.2.14 10:00,12.1,,0.8,73,1011.1,1021.4
108,서울,2024.2.14 11:00,14.1,,1.3,72,1010.8,1021
108,서울,2024.2.14 12:00,16.4,,2.2,64,1009.8,1020
108,서울,2024.2.14 13:00,17.1,,2.8,64,1009,1019.1
108,서울,2024.2.14 14:00,17,,3.4,64,1008.1,1018.2
108,서울,2024.2.14 15:00,18.2,,3,61,1007.6,1017.6
108,서울,2024.2.14 16:00,16.9,,3.4,67,1007.7,1017.8
108,서울,2024.2.14 17:00,15.9,,3.6,71,1007.7,1017.9
108,서울,2024.2.14 18:00,14.9,,3.4,78,1008.1,1018.3
108,서울,2024.2.14 19:00,14.3,,3.1,80,1008.4,1018.6
108,서울,2024.2.14 20:00,13.6,,3.2,81,1009.1,1019.3
108,서울,2024.2.14 21:00,13.2,,2.5,83,1009.1,1019.4
108,서울,2024.2.14 22:00,13,,2,84,1008.8,1019.1
108,서울,2024.2.14 23:00,12.7,,3.3,85,1008.4,1018.7
108,서울,2024.2.15 0:00,11.6,,3.7,87,1009,1019.3
108,서울,2024.2.15 1:00,11.1,,2.5,91,1008.2,1018.6
108,서울,2024.2.15 2:00,10.7,,3.1,94,1007.8,1018.2
108,서울,2024.2.15 3:00,9.9,0,2.7,96,1007.2,1017.6
108,서울,2024.2.15 4:00,9.6,,2.8,96,1006.8,1017.2
108,서울,2024.2.15 5:00,9.3,,3,94,1006.5,1016.9
108,서울,2024.2.15 6:00,8.7,0,1.2,95,1005.9,1016.3
108,서울,2024.2.15 7:00,8.4,,2.3,97,1005.1,1015.5
108,서울,2024.2.15 8:00,8.2,,2.5,98,1005.5,1015.9
108,서울,2024.2.15 9:00,8.1,0.1,2.7,98,1005.6,1016
108,서울,2024.2.15 10:00,7.5,,4.2,98,1006,1016.5
108,서울,2024.2.15 11:00,4.8,,5.5,93,1006.6,1017.2
108,서울,2024.2.15 12:00,3,4.6,5.2,95,1007.4,1018.1
108,서울,2024.2.15 13:00,1.9,,2.9,97,1007.4,1018.1
108,서울,2024.2.15 14:00,1.2,,3.1,97,1007.7,1018.5
108,서울,2024.2.15 15:00,1.4,6.2,3.5,99,1008.4,1019.2
108,서울,2024.2.15 16:00,2,,3.1,83,1008.5,1019.2
108,서울,2024.2.15 17:00,2.5,,2.7,76,1009.3,1020
108,서울,2024.2.15 18:00,2.4,,3.1,80,1010.5,1021.2
108,서울,2024.2.15 19:00,2.3,,2.1,80,1011.6,1022.4
108,서울,2024.2.15 20:00,2.2,,2.7,80,1012.1,1022.9
108,서울,2024.2.15 21:00,2.1,,2.4,82,1012.7,1023.5
108,서울,2024.2.15 22:00,1.6,,2.8,71,1013.4,1024.2
108,서울,2024.2.15 23:00,1.2,,2.2,72,1014.1,1024.9
108,서울,2024.2.16 0:00,0.6,,1.2,74,1013.8,1024.7
108,서울,2024.2.16 1:00,0.1,,1.1,79,1013.9,1024.8
108,서울,2024.2.16 2:00,-0.3,,0.7,82,1014.3,1025.2
108,서울,2024.2.16 3:00,-0.7,,1.9,84,1014.8,1025.7
108,서울,2024.2.16 4:00,-1.1,,0.7,87,1014.7,1025.6
108,서울,2024.2.16 5:00,-1.2,,1.6,91,1014.7,1025.6
108,서울,2024.2.16 6:00,-1.3,,1.2,92,1014.8,1025.7
108,서울,2024.2.16 7:00,-1.5,,1.9,93,1014.9,1025.8
108,서울,2024.2.16 8:00,-1.4,,2,95,1015.4,1026.3
108,서울,2024.2.16 9:00,0.3,,2.3,92,1015.7,1026.6
108,서울,2024.2.16 10:00,2.5,,1.3,80,1015.9,1026.7
108,서울,2024.2.16 11:00,3.2,,2.4,67,1015.7,1026.5
108,서울,2024.2.16 12:00,3.5,,2.3,62,1014.9,1025.6
108,서울,2024.2.16 13:00,5.4,,2.3,57,1013.9,1024.6
108,서울,2024.2.16 14:00,6.7,,1.4,52,1012.9,1023.5
108,서울,2024.2.16 15:00,7.6,,3.3,47,1012.1,1022.6
108,서울,2024.2.16 16:00,7.8,,3.1,48,1011.7,1022.2
108,서울,2024.2.16 17:00,7.3,,2.5,50,1011.4,1021.9
108,서울,2024.2.16 18:00,5.3,,2.9,55,1011.4,1022
108,서울,2024.2.16 19:00,4,,2.4,61,1011.6,1022.3
108,서울,2024.2.16 20:00,3,,2.6,67,1011.7,1022.4
108,서울,2024.2.16 21:00,2.6,,2.6,70,1011.8,1022.5
108,서울,2024.2.16 22:00,1.8,,1.4,71,1012,1022.8
108,서울,2024.2.16 23:00,1.2,,0.5,76,1011.8,1022.6
108,서울,2024.2.17 0:00,0.8,,1.2,77,1011.4,1022.2
108,서울,2024.2.17 1:00,0.4,,2.5,81,1011.2,1022
108,서울,2024.2.17 2:00,0.1,,1.6,82,1011.1,1021.9
108,서울,2024.2.17 3:00,0,,1.6,85,1010.9,1021.8
108,서울,2024.2.17 4:00,-0.2,,1.2,85,1010.8,1021.7
108,서울,2024.2.17 5:00,-0.6,,1.6,87,1011,1021.9
108,서울,2024.2.17 6:00,-0.9,,1.8,88,1011.3,1022.2
108,서울,2024.2.17 7:00,-1.1,,1.5,89,1011.5,1022.4
108,서울,2024.2.17 8:00,-1.1,,2.1,90,1011.8,1022.7
108,서울,2024.2.17 9:00,0.5,,1.4,89,1012.2,1023
108,서울,2024.2.17 10:00,3.2,,1.6,79,1012.2,1022.9
108,서울,2024.2.17 11:00,4.7,,1.5,73,1012.3,1022.9
108,서울,2024.2.17 12:00,6.2,,2.2,65,1011.3,1021.9
108,서울,2024.2.17 13:00,8.4,,2.4,59,1010.6,1021.1
108,서울,2024.2.17 14:00,9.5,,2.3,54,1010.1,1020.5
108,서울,2024.2.17 15:00,11.1,,1.6,51,1009.9,1020.3
108,서울,2024.2.17 16:00,11.2,,1.4,50,1009.7,1020.1
108,서울,2024.2.17 17:00,11,,1.4,51,1009.6,1020
108,서울,2024.2.17 18:00,8.8,,2.6,58,1009.9,1020.4
108,서울,2024.2.17 19:00,7.3,,2,65,1010.4,1020.9
108,서울,2024.2.17 20:00,6.3,,1.7,70,1010.6,1021.2
108,서울,2024.2.17 21:00,5.6,,0.1,72,1010.6,1021.2
108,서울,2024.2.17 22:00,4.9,,1.8,77,1010.8,1021.5
108,서울,2024.2.17 23:00,4.3,,1.6,76,1010.8,1021.4
108,서울,2024.2.18 0:00,4,,2,80,1010.6,1021.3
108,서울,2024.2.18 1:00,3.6,,2.2,81,1010.2,1020.9
108,서울,2024.2.18 2:00,3.1,,2.2,83,1010.2,1020.9
108,서울,2024.2.18 3:00,2.7,,1.8,84,1010,1020.7
108,서울,2024.2.18 4:00,2.3,,1.6,86,1009.9,1020.6
108,서울,2024.2.18 5:00,1.9,,2,87,1009.4,1020.1
108,서울,2024.2.18 6:00,1.6,,1.7,87,1009.4,1020.2
108,서울,2024.2.18 7:00,1.3,,2,88,1009.7,1020.5
108,서울,2024.2.18 8:00,1.4,,2.2,89,1010.2,1021
108,서울,2024.2.18 9:00,4.1,,2.9,77,1010.3,1021
108,서울,2024.2.18 10:00,5.6,,2.8,70,1009.9,1020.5
108,서울,2024.2.18 11:00,7.2,,3,63,1009.5,1020
108,서울,2024.2.18 12:00,7.6,,2.7,61,1009.1,1019.6
108,서울,2024.2.18 13:00,8.3,,2.8,59,1008.3,1018.8
108,서울,2024.2.18 14:00,8.7,,3.4,56,1007.3,1017.7
108,서울,2024.2.18 15:00,9.1,0,3.1,55,1006.4,1016.8
108,서울,2024.2.18 16:00,8.5,,3.9,73,1006.2,1016.6
108,서울,2024.2.18 17:00,8.1,,3.4,82,1005.9,1016.3
108,서울,2024.2.18 18:00,7.4,5,3.9,92,1005.5,1016
108,서울,2024.2.18 19:00,7.6,,3.8,94,1005,1015.5
108,서울,2024.2.18 20:00,7.7,,3.3,95,1004.3,1014.7
108,서울,2024.2.18 21:00,8,2.7,3.1,95,1004.1,1014.5
108,서울,2024.2.18 22:00,8.5,,4.4,98,1003,1013.4
108,서울,2024.2.18 23:00,8.9,,3.9,100,1002,1012.4
108,서울,2024.2.19 0:00,9.4,9.4,3.3,100,1001.1,1011.4
108,서울,2024.2.19 1:00,9.7,,3.4,99,1000.4,1010.7
108,서울,2024.2.19 2:00,9.9,,2.2,100,1000.1,1010.4
108,서울,2024.2.19 3:00,10.1,5.8,1.7,99,999.5,1009.8
108,서울,2024.2.19 4:00,10.3,,1.8,100,998.7,1009
108,서울,2024.2.19 5:00,10.4,,1.6,99,998.3,1008.6
108,서울,2024.2.19 6:00,10.5,1.5,0.9,99,997.9,1008.2
108,서울,2024.2.19 7:00,10.7,,0.6,99,997.8,1008.1
108,서울,2024.2.19 8:00,10.8,,0.9,99,997.9,1008.2
108,서울,2024.2.19 9:00,11,0.2,1.4,99,998.2,1008.5
108,서울,2024.2.19 10:00,11.4,,0.2,99,998.1,1008.3
108,서울,2024.2.19 11:00,11.9,,1.9,99,998.7,1008.9
108,서울,2024.2.19 12:00,11.8,0.2,2.2,99,998.4,1008.6
108,서울,2024.2.19 13:00,11.4,,2.9,99,998.3,1008.5
108,서울,2024.2.19 14:00,10.8,,4.5,99,998.9,1009.2
108,서울,2024.2.19 15:00,10.6,0.6,1,98,998.4,1008.7
108,서울,2024.2.19 16:00,9.8,,3.5,98,1000.3,1010.6
108,서울,2024.2.19 17:00,9.3,,3,98,1001.2,1011.5
108,서울,2024.2.19 18:00,8.3,0.6,4.4,94,1003,1013.4
108,서울,2024.2.19 19:00,7.4,,2.2,94,1002.9,1013.3
108,서울,2024.2.19 20:00,6.7,,3.1,93,1004.7,1015.2
108,서울,2024.2.19 21:00,5.9,0,2.5,90,1006.3,1016.9
108,서울,2024.2.19 22:00,5.2,,3,90,1006.6,1017.2
108,서울,2024.2.19 23:00,4.8,,2.9,90,1006.8,1017.4
108,서울,2024.2.20 0:00,4.2,0,2.8,88,1008.1,1018.7
108,서울,2024.2.20 1:00,4.3,,2,90,1008.1,1018.7
108,서울,2024.2.20 2:00,3.8,,2.4,92,1009.3,1020
108,서울,2024.2.20 3:00,3.4,0.3,1.7,92,1009.9,1020.6
108,서울,2024.2.20 4:00,3.1,,2,90,1009.5,1020.2
108,서울,2024.2.20 5:00,2.9,,3.3,87,1010.1,1020.8
108,서울,2024.2.20 6:00,2.9,0,1.7,89,1010.4,1021.1
108,서울,2024.2.20 7:00,3.1,,0.6,90,1010.7,1021.4
108,서울,2024.2.20 8:00,3.5,,2.6,91,1011,1021.7
108,서울,2024.2.20 9:00,4.2,,1.2,90,1011.8,1022.5
108,서울,2024.2.20 10:00,4.6,,2.1,87,1012.2,1022.8
108,서울,2024.2.20 11:00,4.6,,3.6,87,1012.5,1023.2
108,서울,2024.2.20 12:00,5,,1.1,88,1012.6,1023.3
108,서울,2024.2.20 13:00,6.2,,3.2,87,1012,1022.6
108,서울,2024.2.20 14:00,6.7,,4.4,79,1011.5,1022.1
108,서울,2024.2.20 15:00,6.7,0,4.8,78,1011.1,1021.7
108,서울,2024.2.20 16:00,6,,4.6,83,1011.4,1022
108,서울,2024.2.20 17:00,5.3,,4.4,88,1011.5,1022.1
108,서울,2024.2.20 18:00,4.5,1.8,5.6,90,1012.3,1023
108,서울,2024.2.20 19:00,4.1,,5.6,89,1013.1,1023.8
108,서울,2024.2.20 20:00,4.1,,5,88,1013.1,1023.8
108,서울,2024.2.20 21:00,3.9,0.5,5.9,84,1013.2,1023.9
108,서울,2024.2.20 22:00,3.9,,5.8,82,1013.7,1024.4
108,서울,2024.2.20 23:00,3.8,,6,81,1012.8,1023.5
108,서울,2024.2.21 0:00,3.8,0,5.4,79,1012.4,1023.1
108,서울,2024.2.21 1:00,3.9,,4.6,76,1012.5,1023.2
108,서울,2024.2.21 2:00,3.9,,5.8,77,1012,1022.7
108,서울,2024.2.21 3:00,3.6,0,6.1,80,1010.9,1021.6
108,서울,2024.2.21 4:00,3.3,,5.3,87,1009.9,1020.6
108,서울,2024.2.21 5:00,2.9,,4.5,92,1010,1020.7
108,서울,2024.2.21 6:00,2.8,3.5,4.5,93,1009.7,1020.4
108,서울,2024.2.21 7:00,2.5,,5.8,94,1009.9,1020.6
108,서울,2024.2.21 8:00,2.4,,6,94,1009.8,1020.5
108,서울,2024.2.21 9:00,2.4,2.9,6.2,92,1010.2,1020.9
108,서울,2024.2.21 10:00,2.5,,5.6,92,1010.5,1021.2
108,서울,2024.2.21 11:00,2.6,,5.2,93,1010.6,1021.3
108,서울,2024.2.21 12:00,2.4,1.9,5.2,93,1010.2,1020.9
108,서울,2024.2.21 13:00,1.8,,5.1,94,1010,1020.8
108,서울,2024.2.21 14:00,1.8,,3.6,97,1009.4,1020.2
108,서울,2024.2.21 15:00,2,2.7,4.8,94,1009,1019.7
108,서울,2024.2.21 16:00,2,,4.7,93,1009,1019.7
108,서울,2024.2.21 17:00,1.9,,5.4,91,1009.1,1019.8
108,서울,2024.2.21 18:00,1.4,0.9,5.6,92,1009.5,1020.3
108,서울,2024.2.21 19:00,0.9,,4.3,96,1010.5,1021.3
108,서울,2024.2.21 20:00,0.6,,4.7,98,1010.9,1021.7
108,서울,2024.2.21 21:00,0.4,3.2,4.8,98,1011.4,1022.2
108,서울,2024.2.21 22:00,0.3,,4.6,98,1011.5,1022.3
108,서울,2024.2.21 23:00,0.2,,4.7,98,1011.8,1022.7
108,서울,2024.2.22 0:00,0,2.7,4.5,98,1012,1022.9
108,서울,2024.2.22 1:00,-0.1,,4.4,99,1012.8,1023.7
108,서울,2024.2.22 2:00,-0.2,,4.5,99,1013,1023.9
108,서울,2024.2.22 3:00,-0.2,4,4.1,99,1013.5,1024.4
108,서울,2024.2.22 4:00,-0.3,,3.8,99,1013.8,1024.7
108,서울,2024.2.22 5:00,-0.5,,4.5,98,1014.2,1025.1
108,서울,2024.2.22 6:00,-0.8,4.3,4.8,97,1014.2,1025.1
108,서울,2024.2.22 7:00,-1.1,,4.9,96,1014.2,1025.1
108,서울,2024.2.22 8:00,-0.9,,5.2,86,1014.8,1025.7
108,서울,2024.2.22 9:00,-0.4,0.5,4.8,84,1015.6,1026.5
108,서울,2024.2.22 10:00,0,,3.6,80,1017.1,1028
108,서울,2024.2.22 11:00,0.3,,5.2,75,1017.2,1028.1
108,서울,2024.2.22 12:00,0.8,0,4.9,76,1017.4,1028.3
108,서울,2024.2.22 13:00,1.3,,3.7,79,1015.8,1026.6
108,서울,2024.2.22 14:00,1.5,,4.2,74,1015.7,1026.5
108,서울,2024.2.22 15:00,1.4,0,4.3,76,1015.8,1026.6
108,서울,2024.2.22 16:00,1.2,,4.7,78,1015.8,1026.6
108,서울,2024.2.22 17:00,1.1,,3.7,78,1015.5,1026.3
108,서울,2024.2.22 18:00,0.7,0,3.7,79,1016.2,1027.1
108,서울,2024.2.22 19:00,0.6,,5,75,1016.7,1027.6
108,서울,2024.2.22 20:00,0.6,,3.9,76,1016.8,1027.7
108,서울,2024.2.22 21:00,0.5,0,2.5,79,1017.7,1028.6
108,서울,2024.2.22 22:00,0.3,,3.3,79,1017.9,1028.8
108,서울,2024.2.22 23:00,0.1,,3.4,84,1017.5,1028.4
108,서울,2024.2.23 0:00,-0.1,0,3.5,86,1017.6,1028.5
108,서울,2024.2.23 1:00,-0.3,,2.9,88,1017.8,1028.7
108,서울,2024.2.23 2:00,-0.6,,3.2,91,1017.6,1028.5
108,서울,2024.2.23 3:00,-0.8,0.4,3.4,91,1017.3,1028.2
108,서울,2024.2.23 4:00,-0.8,,3.7,88,1017.1,1028
108,서울,2024.2.23 5:00,-0.8,,3.2,86,1017.2,1028.1
108,서울,2024.2.23 6:00,-0.8,0,2.7,84,1017.9,1028.8
108,서울,2024.2.23 7:00,-0.9,,3.2,83,1018.8,1029.8
108,서울,2024.2.23 8:00,-0.7,,3.8,81,1019.4,1030.4
108,서울,2024.2.23 9:00,0,,3.8,76,1019.9,1030.8
108,서울,2024.2.23 10:00,1.1,,4.3,67,1019.7,1030.6
108,서울,2024.2.23 11:00,2.4,,3.3,62,1019.6,1030.4
108,서울,2024.2.23 12:00,3.6,,3.9,57,1019.1,1029.9
108,서울,2024.2.23 13:00,4.6,,4.5,55,1018.5,1029.2
108,서울,2024.2.23 14:00,5.5,,3,53,1018.3,1029
108,서울,2024.2.23 15:00,6,,3,53,1018.1,1028.8
108,서울,2024.2.23 16:00,5.5,,2.8,54,1018.5,1029.2
108,서울,2024.2.23 17:00,5.2,,3.4,55,1018.3,1029
108,서울,2024.2.23 18:00,4.5,,2.5,57,1018.6,1029.3
108,서울,2024.2.23 19:00,3.7,,3.9,56,1019.1,1029.9
108,서울,2024.2.23 20:00,2.9,,5.3,59,1019.6,1030.4
108,서울,2024.2.23 21:00,1.8,,4.7,63,1021.1,1032
108,서울,2024.2.23 22:00,1.1,,3.6,66,1021.8,1032.7
108,서울,2024.2.23 23:00,0.6,,4.1,66,1021,1031.9
108,서울,2024.2.24 0:00,0.2,,3.7,69,1020.2,1031.1
108,서울,2024.2.24 1:00,-0.1,,3.2,68,1020.3,1031.3
108,서울,2024.2.24 2:00,-0.2,,3.8,69,1020.5,1031.5
108,서울,2024.2.24 3:00,-0.5,,3.5,69,1021,1032
108,서울,2024.2.24 4:00,-0.6,,3.6,68,1021.3,1032.3
108,서울,2024.2.24 5:00,-0.9,,3.3,69,1020.6,1031.6
108,서울,2024.2.24 6:00,-1,,4,70,1020.5,1031.5
108,서울,2024.2.24 7:00,-1.3,,4.1,70,1020.2,1031.2
108,서울,2024.2.24 8:00,-1.1,,2.6,67,1020.1,1031.1
108,서울,2024.2.24 9:00,-0.1,,3.5,63,1020.4,1031.4
108,서울,2024.2.24 10:00,1.5,,3.2,57,1020.4,1031.3
108,서울,2024.2.24 11:00,2.1,,3.5,54,1019.9,1030.7
108,서울,2024.2.24 12:00,3.9,,3.6,52,1019.4,1030.2
108,서울,2024.2.24 13:00,4.6,,2.7,53,1017.7,1028.4
108,서울,2024.2.24 14:00,5.4,,4.5,50,1016.6,1027.3
108,서울,2024.2.24 15:00,5.6,,2.9,50,1015.5,1026.2
108,서울,2024.2.24 16:00,5.4,,2.8,51,1015.2,1025.9
108,서울,2024.2.24 17:00,5.1,,1.9,53,1015.1,1025.8
108,서울,2024.2.24 18:00,4.5,0,1.8,60,1015.3,1026
108,서울,2024.2.24 19:00,3.3,,2.4,79,1015.9,1026.6
108,서울,2024.2.24 20:00,2.4,,2.1,89,1015.6,1026.4
108,서울,2024.2.24 21:00,2.1,1.3,2.2,91,1015.5,1026.3
108,서울,2024.2.24 22:00,2.1,,2.5,93,1015,1025.8
108,서울,2024.2.24 23:00,1.9,,3,94,1014.5,1025.3
108,서울,2024.2.25 0:00,1.6,1,2.5,94,1014.2,1025
108,서울,2024.2.25 1:00,1.3,,2.7,94,1014,1024.8
108,서울,2024.2.25 2:00,1.1,,2.6,95,1013.5,1024.3
108,서울,2024.2.25 3:00,1.1,0.8,2.5,95,1012.9,1023.7
108,서울,2024.2.25 4:00,1.1,,2.2,94,1012.4,1023.2
108,서울,2024.2.25 5:00,0.9,,2.4,95,1012.5,1023.3
108,서울,2024.2.25 6:00,0.9,0.8,1.3,95,1012.1,1022.9
108,서울,2024.2.25 7:00,0.8,,2.3,95,1012.2,1023
108,서울,2024.2.25 8:00,0.9,,1.1,94,1012.9,1023.7
108,서울,2024.2.25 9:00,1.4,0.2,0.3,93,1012.8,1023.6
108,서울,2024.2.25 10:00,2.4,,1.6,89,1012.6,1023.4
108,서울,2024.2.25 11:00,3.5,,1.1,84,1012.4,1023.1
108,서울,2024.2.25 12:00,4.7,0,1.3,74,1012.1,1022.7
108,서울,2024.2.25 13:00,5.2,,1.3,71,1011.7,1022.3
108,서울,2024.2.25 14:00,4.9,,2.1,76,1011.7,1022.4
108,서울,2024.2.25 15:00,5,,3.4,68,1011.8,1022.5
108,서울,2024.2.25 16:00,5.7,,2.3,64,1011.7,1022.3
108,서울,2024.2.25 17:00,5.3,,2.6,68,1011.8,1022.4
108,서울,2024.2.25 18:00,4.9,,1.2,68,1012.2,1022.9
108,서울,2024.2.25 19:00,4.4,,3,66,1012.8,1023.5
108,서울,2024.2.25 20:00,3.9,,1.5,69,1013.5,1024.2
108,서울,2024.2.25 21:00,3,,2,73,1014.1,1024.8
108,서울,2024.2.25 22:00,2.5,,2.3,75,1014.7,1025.5
108,서울,2024.2.25 23:00,1.7,,1.4,77,1014.8,1025.6
108,서울,2024.2.26 0:00,1.3,,1.7,80,1015.1,1025.9
108,서울,2024.2.26 1:00,0.8,,1.2,81,1015.4,1026.3
108,서울,2024.2.26 2:00,0.3,,0,83,1015.7,1026.6
108,서울,2024.2.26 3:00,-0.2,,1.3,85,1015.5,1026.4
108,서울,2024.2.26 4:00,-0.6,,0.8,88,1015.3,1026.2
108,서울,2024.2.26 5:00,-0.7,,0.4,90,1015.6,1026.5
108,서울,2024.2.26 6:00,-0.9,,1.2,90,1016.2,1027.1
108,서울,2024.2.26 7:00,-1.2,,2.1,90,1016.8,1027.8
108,서울,2024.2.26 8:00,-0.9,,1.8,91,1017.4,1028.3
108,서울,2024.2.26 9:00,1.4,,1,86,1017.7,1028.6
108,서울,2024.2.26 10:00,3.7,,2.7,72,1017.7,1028.4
108,서울,2024.2.26 11:00,5.5,,2.8,61,1017.8,1028.5
108,서울,2024.2.26 12:00,7.1,,2.6,53,1017.3,1027.9
108,서울,2024.2.26 13:00,8.5,,2.2,49,1016.6,1027.1
108,서울,2024.2.26 14:00,8.4,,0.7,45,1016.2,1026.7
108,서울,2024.2.26 15:00,8.5,,1.3,44,1016.2,1026.7
108,서울,2024.2.26 16:00,8.9,,3,43,1015.9,1026.4
108,서울,2024.2.26 17:00,8.4,,2,43,1016,1026.5
108,서울,2024.2.26 18:00,7.2,,3.3,48,1016.4,1027
108,서울,2024.2.26 19:00,6.3,,3.4,49,1016.9,1027.5
108,서울,2024.2.26 20:00,5.4,,2.5,54,1017.1,1027.8
108,서울,2024.2.26 21:00,4.7,,2.3,55,1017.5,1028.2
108,서울,2024.2.26 22:00,3.8,,2.1,57,1018.2,1029
108,서울,2024.2.26 23:00,3.2,,2.2,60,1018.1,1028.9
108,서울,2024.2.27 0:00,2.8,,2.6,61,1018.5,1029.3
108,서울,2024.2.27 1:00,2.2,,2.6,65,1019.4,1030.2
108,서울,2024.2.27 2:00,1.8,,3.3,67,1019.5,1030.4
108,서울,2024.2.27 3:00,2.1,,4.8,64,1019.3,1030.1
108,서울,2024.2.27 4:00,1.9,,4.2,63,1019.2,1030
108,서울,2024.2.27 5:00,1.6,,5.2,63,1019.4,1030.3
108,서울,2024.2.27 6:00,1.3,,4.4,64,1019.7,1030.6
108,서울,2024.2.27 7:00,1.2,,4.3,63,1019.7,1030.6
108,서울,2024.2.27 8:00,1.5,,4.5,63,1019.6,1030.5
108,서울,2024.2.27 9:00,2.3,,3.6,59,1020.3,1031.1
108,서울,2024.2.27 10:00,3.6,,4.2,54,1020.4,1031.2
108,서울,2024.2.27 11:00,5,,3.8,49,1020.3,1031
108,서울,2024.2.27 12:00,6.2,,3.5,46,1020,1030.7
108,서울,2024.2.27 13:00,7.7,,3,44,1018.9,1029.5
108,서울,2024.2.27 14:00,8.2,,2.8,41,1018.4,1029
108,서울,2024.2.27 15:00,9.6,,2.8,38,1017.8,1028.3
108,서울,2024.2.27 16:00,9.5,,2.6,38,1017.6,1028.1
108,서울,2024.2.27 17:00,8.9,,1.5,41,1017.4,1027.9
108,서울,2024.2.27 18:00,8.1,,0.5,45,1017.6,1028.2
108,서울,2024.2.27 19:00,7.5,,1.5,47,1017.7,1028.3
108,서울,2024.2.27 20:00,7.3,,1.8,48,1018,1028.6
108,서울,2024.2.27 21:00,7,,2.1,49,1017.9,1028.5
108,서울,2024.2.27 22:00,6.7,,2.6,48,1018.3,1028.9
108,서울,2024.2.27 23:00,6.3,,2.5,51,1018.7,1029.4
108,서울,2024.2.28 0:00,5.8,,0.9,51,1018.5,1029.2
108,서울,2024.2.28 1:00,5.1,,2.4,54,1018.2,1028.9
108,서울,2024.2.28 2:00,4.7,,2.8,58,1018.2,1028.9
108,서울,2024.2.28 3:00,4.5,,2.6,58,1017.6,1028.3
108,서울,2024.2.28 4:00,3.8,,2.7,61,1017.3,1028
108,서울,2024.2.28 5:00,3.7,,2.5,62,1017.6,1028.3
108,서울,2024.2.28 6:00,3.7,,2.9,62,1017.6,1028.3
108,서울,2024.2.28 7:00,3.3,,2.6,63,1017.8,1028.6
108,서울,2024.2.28 8:00,3.4,,2.9,65,1018,1028.8
108,서울,2024.2.28 9:00,4.4,,2.8,62,1018.7,1029.4
108,서울,2024.2.28 10:00,5.8,,1.9,57,1018.7,1029.4
108,서울,2024.2.28 11:00,7.1,,2,53,1018.7,1029.3
108,서울,2024.2.28 12:00,8.1,,1.7,52,1018.2,1028.8
108,서울,2024.2.28 13:00,9,,1.4,49,1017.7,1028.2
108,서울,2024.2.28 14:00,9.7,,1.5,50,1016.9,1027.4
108,서울,2024.2.28 15:00,9.9,,0.8,49,1016.2,1026.7
108,서울,2024.2.28 16:00,9.8,,2.3,50,1016.2,1026.7
108,서울,2024.2.28 17:00,9.4,,1.5,51,1016.1,1026.6
108,서울,2024.2.28 18:00,8.7,,1.8,54,1015.9,1026.4
108,서울,2024.2.28 19:00,8.1,,1.7,59,1015.9,1026.4
108,서울,2024.2.28 20:00,7.4,,2.2,66,1015.9,1026.5
108,서울,2024.2.28 21:00,6.9,,2,68,1015.9,1026.5
108,서울,2024.2.28 22:00,6.3,,1.7,70,1016.4,1027
108,서울,2024.2.28 23:00,5.7,,0.7,70,1016.4,1027.1
108,서울,2024.2.29 0:00,5.2,,1.1,71,1015.9,1026.6
108,서울,2024.2.29 1:00,5.2,,1.7,72,1016,1026.7
108,서울,2024.2.29 2:00,4.5,,1,76,1015.6,1026.3
108,서울,2024.2.29 3:00,3.9,,0.9,77,1015.2,1025.9
108,서울,2024.2.29 4:00,3.5,,1.2,78,1015,1025.7
108,서울,2024.2.29 5:00,3.7,,1.1,79,1014.8,1025.5
108,서울,2024.2.29 6:00,3.3,,0.3,80,1014.6,1025.3
108,서울,2024.2.29 7:00,3,,2,80,1014,1024.7
108,서울,2024.2.29 8:00,3,,0.1,75,1013.6,1024.3
108,서울,2024.2.29 9:00,3.8,,1.1,78,1014.4,1025.1
108,서울,2024.2.29 10:00,5.1,,1.6,71,1013.9,1024.6
108,서울,2024.2.29 11:00,6,,1.2,64,1013.4,1024
108,서울,2024.2.29 12:00,6.8,,0.8,59,1012.4,1023
108,서울,2024.2.29 13:00,7.4,,1.2,53,1011.3,1021.8
108,서울,2024.2.29 14:00,8.4,,1.2,55,1010.2,1020.7
108,서울,2024.2.29 15:00,8.7,,1.1,54,1009.3,1019.7
108,서울,2024.2.29 16:00,9.3,,2.9,50,1008.8,1019.2
108,서울,2024.2.29 17:00,8.7,,2.9,53,1008.7,1019.1
108,서울,2024.2.29 18:00,7.6,,3.9,50,1009.1,1019.6
108,서울,2024.2.29 19:00,6.6,,3.4,48,1009.4,1020
108,서울,2024.2.29 20:00,5.3,,4.8,62,1009.3,1019.9
108,서울,2024.2.29 21:00,4.1,,6.2,59,1009.4,1020
108,서울,2024.2.29 22:00,2.5,,4.3,43,1009.9,1020.6
108,서울,2024.2.29 23:00,1.5,,3.5,50,1010.4,1021.2
108,서울,2024.3.1 0:00,0.3,,3,52,1011.1,1021.9
108,서울,2024.3.1 1:00,-0.4,,2.9,55,1011.1,1022
108,서울,2024.3.1 2:00,-1.2,,3.5,56,1011.7,1022.6
108,서울,2024.3.1 3:00,-1.9,,4.1,52,1012.2,1023.1
108,서울,2024.3.1 4:00,-2.5,,3.9,43,1012.5,1023.5
108,서울,2024.3.1 5:00,-2.8,,5,36,1012.5,1023.5
108,서울,2024.3.1 6:00,-3.8,,4.2,37,1012.6,1023.6
108,서울,2024.3.1 7:00,-4.8,,4.4,36,1013.2,1024.3
108,서울,2024.3.1 8:00,-5.3,,3.1,38,1013.8,1024.9
108,서울,2024.3.1 9:00,-4.8,,5.2,36,1013.8,1024.9
108,서울,2024.3.1 10:00,-4.5,,5.5,31,1013.9,1025
108,서울,2024.3.1 11:00,-3.3,,3.9,35,1013.8,1024.8
108,서울,2024.3.1 12:00,-3,,4.6,33,1013.6,1024.6
108,서울,2024.3.1 13:00,-2.7,,4.9,29,1013,1024
108,서울,2024.3.1 14:00,-2.3,,7.1,26,1012.5,1023.5
108,서울,2024.3.1 15:00,-2.2,,6.2,27,1012.2,1023.1
108,서울,2024.3.1 16:00,-2.2,,5.7,34,1012,1022.9
108,서울,2024.3.1 17:00,-2.4,,4.4,32,1012.1,1023.1
108,서울,2024.3.1 18:00,-3.9,,6,33,1012.4,1023.4
108,서울,2024.3.1 19:00,-5,,4.7,40,1013.1,1024.2
108,서울,2024.3.1 20:00,-5.6,,2.9,43,1013.9,1025
108,서울,2024.3.1 21:00,-6,,4.4,44,1014.5,1025.6
108,서울,2024.3.1 22:00,-6.5,,3.4,47,1015,1026.2
108,서울,2024.3.1 23:00,-6.8,,3.2,49,1015.2,1026.4
108,서울,2024.3.2 0:00,-7.1,,2.4,49,1015.2,1026.4
108,서울,2024.3.2 1:00,-7.4,,1.5,48,1015.1,1026.3
108,서울,2024.3.2 2:00,-7.7,,0.6,48,1014.8,1026
108,서울,2024.3.2 3:00,-8,,1.5,55,1014.2,1025.4
108,서울,2024.3.2 4:00,-8,,1.2,54,1013.4,1024.6
108,서울,2024.3.2 5:00,-8,,0.8,57,1012.7,1023.9
108,서울,2024.3.2 6:00,-7.9,,1.8,56,1012.3,1023.5
108,서울,2024.3.2 7:00,-8,,1.7,58,1012.1,1023.3
108,서울,2024.3.2 8:00,-7.4,,1.1,60,1012.3,1023.5
108,서울,2024.3.2 9:00,-4.2,,2.3,57,1012.2,1023.2
108,서울,2024.3.2 10:00,-2.1,,2.4,53,1011.5,1022.4
108,서울,2024.3.2 11:00,0.2,,2.3,53,1011,1021.8
108,서울,2024.3.2 12:00,1.9,,4.7,54,1009.7,1020.4
108,서울,2024.3.2 13:00,2.2,,5.4,56,1008.4,1019.1
108,서울,2024.3.2 14:00,2.9,,6.4,52,1007,1017.7
108,서울,2024.3.2 15:00,3.2,0,6.3,53,1006.5,1017.2
108,서울,2024.3.2 16:00,3.1,,6.5,58,1006.3,1017
108,서울,2024.3.2 17:00,3.7,,5.2,58,1005.5,1016.1
108,서울,2024.3.2 18:00,3.4,,5.9,62,1005.3,1015.9
108,서울,2024.3.2 19:00,3.5,,5.2,65,1005.1,1015.7
108,서울,2024.3.2 20:00,3.3,,4.1,68,1005.1,1015.7
108,서울,2024.3.2 21:00,3.3,0,3.1,69,1005.4,1016
108,서울,2024.3.2 22:00,3.4,,3,71,1005.3,1015.9
108,서울,2024.3.2 23:00,3.4,,2.8,72,1005,1015.6
108,서울,2024.3.3 0:00,4.1,,3.2,77,1005.1,1015.7
108,서울,2024.3.3 1:00,4.2,,3.1,78,1004.9,1015.5
108,서울,2024.3.3 2:00,4.1,,4.4,79,1005.4,1016
108,서울,2024.3.3 3:00,3.5,,3.6,79,1005.5,1016.1
108,서울,2024.3.3 4:00,2.4,,2.9,78,1005.9,1016.6
108,서울,2024.3.3 5:00,1.5,,2.1,80,1006,1016.7
108,서울,2024.3.3 6:00,0.9,,2.4,81,1006,1016.8
108,서울,2024.3.3 7:00,0.5,,2.3,83,1006.5,1017.3
108,서울,2024.3.3 8:00,0.7,,2.2,85,1006.9,1017.7
108,서울,2024.3.3 9:00,2,,1.5,79,1007.2,1017.9
108,서울,2024.3.3 10:00,3.5,,2,63,1007.3,1017.9
108,서울,2024.3.3 11:00,4.9,,2.9,49,1007.2,1017.8
108,서울,2024.3.3 12:00,6.7,,2.8,46,1007.2,1017.7
108,서울,2024.3.3 13:00,7.3,,4,50,1006.4,1016.9
108,서울,2024.3.3 14:00,7.3,,4.1,60,1005.7,1016.2
108,서울,2024.3.3 15:00,7.3,,4,62,1005.4,1015.9
108,서울,2024.3.3 16:00,7.2,,3.8,64,1005.3,1015.8
108,서울,2024.3.3 17:00,6.8,,4.8,65,1005.4,1015.9
108,서울,2024.3.3 18:00,6,,2.6,66,1005.7,1016.2
108,서울,2024.3.3 19:00,5,,2.6,71,1006.1,1016.7
108,서울,2024.3.3 20:00,4.4,,3.5,75,1007.2,1017.8
108,서울,2024.3.3 21:00,3.6,,1.9,77,1007.9,1018.6
108,서울,2024.3.3 22:00,2.9,,1.4,79,1008.5,1019.2
108,서울,2024.3.3 23:00,2.5,,1.7,82,1008.7,1019.4
108,서울,2024.3.4 0:00,1.8,,1.1,82,1009.3,1020
108,서울,2024.3.4 1:00,1.4,,1.5,84,1009.5,1020.3
108,서울,2024.3.4 2:00,0.9,,2.1,84,1010.1,1020.9
108,서울,2024.3.4 3:00,0.4,,1.2,86,1010,1020.8
108,서울,2024.3.4 4:00,-0.2,,1.1,87,1010.1,1021
108,서울,2024.3.4 5:00,-0.6,,0.9,76,1010.8,1021.7
108,서울,2024.3.4 6:00,-1.3,,1.7,71,1011.1,1022
108,서울,2024.3.4 7:00,-1.7,,1.6,71,1011.5,1022.4
108,서울,2024.3.4 8:00,-1.4,,2,67,1011.9,1022.8
108,서울,2024.3.4 9:00,1.3,,2.3,50,1012.7,1023.5
108,서울,2024.3.4 10:00,3.8,,2.5,41,1012.6,1023.3
108,서울,2024.3.4 11:00,6.1,,2,29,1012.3,1022.9
108,서울,2024.3.4 12:00,8,,1.8,29,1011.4,1021.9
108,서울,2024.3.4 13:00,10.2,,1.4,23,1010.5,1020.9
108,서울,2024.3.4 14:00,11.1,,2.7,19,1009.6,1020
108,서울,2024.3.4 15:00,11.5,,1.6,23,1008.8,1019.1
108,서울,2024.3.4 16:00,11.1,,2.3,25,1008.5,1018.9
108,서울,2024.3.4 17:00,11.2,,1.8,26,1008.4,1018.8
108,서울,2024.3.4 18:00,9.9,,2.4,29,1008.9,1019.3
108,서울,2024.3.4 19:00,8.4,,1.7,35,1008.9,1019.4
108,서울,2024.3.4 20:00,7.7,,2,39,1008.6,1019.1
108,서울,2024.3.4 21:00,6.9,,1,40,1008.2,1018.7
108,서울,2024.3.4 22:00,6.1,,1.5,40,1008.5,1019.1
108,서울,2024.3.4 23:00,5.8,,1.7,39,1008.1,1018.7
108,서울,2024.3.5 0:00,6.1,,2.5,36,1007.6,1018.2
108,서울,2024.3.5 1:00,6.3,,1.8,35,1007.5,1018
108,서울,2024.3.5 2:00,6.6,,1.9,33,1007,1017.5
108,서울,2024.3.5 3:00,6.4,,2.1,34,1006.6,1017.1
108,서울,2024.3.5 4:00,6.4,,2.3,34,1006.2,1016.7
108,서울,2024.3.5 5:00,6.4,,2.2,34,1006,1016.5
108,서울,2024.3.5 6:00,6.5,,2.7,35,1005.3,1015.8
108,서울,2024.3.5 7:00,6.5,,2.7,36,1005.2,1015.7
108,서울,2024.3.5 8:00,6.4,,2.3,38,1005.5,1016
108,서울,2024.3.5 9:00,6.9,,3.3,40,1006,1016.5
108,서울,2024.3.5 10:00,8.2,,2.5,40,1005.6,1016
108,서울,2024.3.5 11:00,8.8,,2.9,41,1005.1,1015.5
108,서울,2024.3.5 12:00,10.4,,3.2,37,1004.2,1014.6
108,서울,2024.3.5 13:00,10.8,,3.4,37,1002.8,1013.1
108,서울,2024.3.5 14:00,10.9,,2.3,39,1002.4,1012.7
108,서울,2024.3.5 15:00,10.8,,2,41,1002.4,1012.7
108,서울,2024.3.5 16:00,10.7,,2.7,42,1002.4,1012.7
108,서울,2024.3.5 17:00,10.9,,2.4,42,1000.5,1010.8
108,서울,2024.3.5 18:00,10.1,,3.1,50,1001.5,1011.8
108,서울,2024.3.5 19:00,8.9,,4.5,59,1002.3,1012.7
108,서울,2024.3.5 20:00,8.1,,4.1,61,1003.1,1013.5
108,서울,2024.3.5 21:00,7.3,,3.3,60,1004.1,1014.6
108,서울,2024.3.5 22:00,6.3,,3.5,63,1004.4,1014.9
108,서울,2024.3.5 23:00,5.8,,4.2,64,1004.5,1015
108,서울,2024.3.6 0:00,5.5,,3.9,64,1004.6,1015.2
108,서울,2024.3.6 1:00,4.8,,3.5,66,1004.5,1015.1
108,서울,2024.3.6 2:00,4.1,,2.3,68,1004.5,1015.1
108,서울,2024.3.6 3:00,3.6,,2,69,1004.5,1015.1
108,서울,2024.3.6 4:00,3.2,,2.4,72,1004.5,1015.1
108,서울,2024.3.6 5:00,2.8,,2.5,71,1004.9,1015.6
108,서울,2024.3.6 6:00,2.7,,2.5,74,1005,1015.7
108,서울,2024.3.6 7:00,2.5,,2.3,74,1005.9,1016.6
108,서울,2024.3.6 8:00,3.3,,2.5,72,1006.3,1016.9
108,서울,2024.3.6 9:00,4.5,,3.9,68,1006.6,1017.2
108,서울,2024.3.6 10:00,5.8,,3.2,62,1006.6,1017.2
108,서울,2024.3.6 11:00,7.5,,3,56,1006.5,1017
108,서울,2024.3.6 12:00,9.2,,2.2,50,1006.4,1016.8
108,서울,2024.3.6 13:00,9.4,,1.6,49,1005.7,1016.1
108,서울,2024.3.6 14:00,9.6,,2.4,50,1005.3,1015.7
108,서울,2024.3.6 15:00,10,,2.1,48,1005.1,1015.5
108,서울,2024.3.6 16:00,10,,1.4,48,1004.9,1015.3
108,서울,2024.3.6 17:00,9.5,,2.3,48,1004.9,1015.3
108,서울,2024.3.6 18:00,9.1,,2.4,49,1005,1015.4
108,서울,2024.3.6 19:00,8.2,,3,52,1005.7,1016.1
108,서울,2024.3.6 20:00,7.2,,4.8,52,1006.3,1016.8
108,서울,2024.3.6 21:00,6.1,,4,54,1006.8,1017.4
108,서울,2024.3.6 22:00,5.1,,5.1,57,1007.4,1018
108,서울,2024.3.6 23:00,4.6,,4.6,57,1007.5,1018.1
108,서울,2024.3.7 0:00,4.2,,2.9,58,1007.6,1018.2
108,서울,2024.3.7 1:00,4.1,,3.4,58,1007.8,1018.4
108,서울,2024.3.7 2:00,3.6,,3.5,61,1007.5,1018.1
108,서울,2024.3.7 3:00,3.3,,3,62,1007.4,1018.1
108,서울,2024.3.7 4:00,3,,3.4,62,1006.9,1017.6
108,서울,2024.3.7 5:00,2.9,,2.5,65,1006.9,1017.6
108,서울,2024.3.7 6:00,3,0,3.3,64,1006.8,1017.5
108,서울,2024.3.7 7:00,3,,3.2,65,1006.9,1017.6
108,서울,2024.3.7 8:00,3.2,,2.9,64,1006.7,1017.4
108,서울,2024.3.7 9:00,3.8,,1.4,65,1006.6,1017.2
108,서울,2024.3.7 10:00,5.1,,1.6,63,1006.6,1017.2
108,서울,2024.3.7 11:00,5.4,,2.7,68,1006.3,1016.9
108,서울,2024.3.7 12:00,5.4,0,3.1,66,1005.8,1016.4
108,서울,2024.3.7 13:00,8.2,,3.3,54,1004.9,1015.3
108,서울,2024.3.7 14:00,7.6,,4.5,50,1004.3,1014.8
108,서울,2024.3.7 15:00,5.8,0,2.3,75,1004.4,1014.9
108,서울,2024.3.7 16:00,4.3,,2.8,86,1004.4,1015
108,서울,2024.3.7 17:00,5.3,,2,75,1004.3,1014.9
108,서울,2024.3.7 18:00,5.2,2.1,3.2,53,1004.7,1015.3
108,서울,2024.3.7 19:00,4,,3.4,58,1004.9,1015.5
108,서울,2024.3.7 20:00,3.6,,3.3,55,1005.2,1015.8
108,서울,2024.3.7 21:00,3.1,,2.4,60,1005.5,1016.1
108,서울,2024.3.7 22:00,2.5,,2.7,52,1006,1016.7
108,서울,2024.3.7 23:00,1.9,,2.4,47,1006.7,1017.4
108,서울,2024.3.8 0:00,1.2,,3.1,54,1007,1017.8
108,서울,2024.3.8 1:00,0.7,,2.5,60,1006.8,1017.6
108,서울,2024.3.8 2:00,0.2,,2.3,65,1006.5,1017.3
108,서울,2024.3.8 3:00,-0.3,,0.9,67,1006.2,1017
108,서울,2024.3.8 4:00,-0.4,,1.5,71,1005.9,1016.7
108,서울,2024.3.8 5:00,-0.6,,0.6,74,1005.9,1016.7
108,서울,2024.3.8 6:00,-0.4,,2.1,79,1006.5,1017.3
108,서울,2024.3.8 7:00,-0.4,,2,78,1006.6,1017.4
108,서울,2024.3.8 8:00,-0.2,,1.7,74,1007,1017.8
108,서울,2024.3.8 9:00,1.4,,2.3,59,1007.2,1017.9
108,서울,2024.3.8 10:00,3.2,,4.6,43,1007.2,1017.9
108,서울,2024.3.8 11:00,3.9,,5.7,33,1007,1017.6
108,서울,2024.3.8 12:00,4.6,,5.4,32,1006.6,1017.2
108,서울,2024.3.8 13:00,5.9,,5.1,32,1006.2,1016.8
108,서울,2024.3.8 14:00,6,,5.4,31,1005.7,1016.2
108,서울,2024.3.8 15:00,6.1,,5.1,34,1005.8,1016.3
108,서울,2024.3.8 16:00,6.2,,4.7,33,1005.7,1016.2
108,서울,2024.3.8 17:00,5.4,,5.5,28,1006,1016.6
108,서울,2024.3.8 18:00,4.1,,4.9,35,1006.7,1017.3
108,서울,2024.3.8 19:00,2.4,,4.1,44,1007.7,1018.4
108,서울,2024.3.8 20:00,1.5,,2.7,46,1008.5,1019.3
108,서울,2024.3.8 21:00,1,,3.1,49,1009,1019.8
108,서울,2024.3.8 22:00,0.5,,2.5,48,1009.6,1020.4
108,서울,2024.3.8 23:00,0.4,,3.4,47,1010.1,1020.9
108,서울,2024.3.9 0:00,0.1,,3.2,50,1010.5,1021.3
108,서울,2024.3.9 1:00,-0.3,,3.1,51,1010.9,1021.7
108,서울,2024.3.9 2:00,-0.9,,1.4,52,1011.2,1022.1
108,서울,2024.3.9 3:00,-1.4,,1.9,56,1011.2,1022.1
108,서울,2024.3.9 4:00,-1.4,,1.9,57,1011.2,1022.1
108,서울,2024.3.9 5:00,-1.4,,2.3,58,1011.4,1022.3
108,서울,2024.3.9 6:00,-1.8,,3.1,60,1011.7,1022.6
108,서울,2024.3.9 7:00,-2,,2.3,59,1012.2,1023.1
108,서울,2024.3.9 8:00,-1.8,,2.4,58,1012.7,1023.6
108,서울,2024.3.9 9:00,-0.4,,3.2,52,1013.3,1024.2
108,서울,2024.3.9 10:00,0.8,,2.7,44,1013.7,1024.5
108,서울,2024.3.9 11:00,2.3,,2.6,37,1013.7,1024.5
108,서울,2024.3.9 12:00,4.2,,3.2,33,1013.5,1024.2
108,서울,2024.3.9 13:00,5.2,,2.8,29,1012.9,1023.6
108,서울,2024.3.9 14:00,6.1,,3.1,28,1012.2,1022.8
108,서울,2024.3.9 15:00,6.8,,3.2,26,1011.9,1022.5
108,서울,2024.3.9 16:00,6.7,,4.3,30,1012.3,1022.9
108,서울,2024.3.9 17:00,6.2,,3.8,36,1012.4,1023
108,서울,2024.3.9 18:00,5,,3.2,40,1012.8,1023.5
108,서울,2024.3.9 19:00,3.4,,3.4,44,1013.4,1024.1
108,서울,2024.3.9 20:00,2.6,,3.2,57,1014.2,1025
108,서울,2024.3.9 21:00,2.1,,2.5,64,1014.4,1025.2
108,서울,2024.3.9 22:00,1.8,,2.1,70,1014.9,1025.7
108,서울,2024.3.9 23:00,1.4,,1.5,71,1015.3,1026.1
108,서울,2024.3.10 0:00,1.3,,1.1,75,1015.6,1026.4
108,서울,2024.3.10 1:00,1,,1.3,69,1015.9,1026.8
108,서울,2024.3.10 2:00,0.1,,1.8,59,1016,1026.9
108,서울,2024.3.10 3:00,-0.5,,1.7,57,1016.1,1027
108,서울,2024.3.10 4:00,-1,,1.7,60,1016.4,1027.3
108,서울,2024.3.10 5:00,-1.4,,0.5,60,1016.7,1027.7
108,서울,2024.3.10 6:00,-1.7,,0.2,61,1017.1,1028.1
108,서울,2024.3.10 7:00,-1.8,,1.5,61,1017.3,1028.3
108,서울,2024.3.10 8:00,-1.1,,1,66,1017.8,1028.8
108,서울,2024.3.10 9:00,1.6,,2.3,68,1018.2,1029.1
108,서울,2024.3.10 10:00,4.1,,1.4,54,1018.8,1029.5
108,서울,2024.3.10 11:00,6.3,,1.7,42,1018.6,1029.3
108,서울,2024.3.10 12:00,7.8,,3.1,32,1018.3,1028.9
108,서울,2024.3.10 13:00,8.9,,2.9,28,1018,1028.5
108,서울,2024.3.10 14:00,9.9,,4,29,1017.2,1027.7
108,서울,2024.3.10 15:00,10.4,,2.8,31,1016.7,1027.2
108,서울,2024.3.10 16:00,10.4,,2.8,34,1016.7,1027.2
108,서울,2024.3.10 17:00,9.2,,3.7,37,1016.1,1026.6
108,서울,2024.3.10 18:00,7.8,,3.3,40,1016.2,1026.8
108,서울,2024.3.10 19:00,6.3,,3.2,51,1016.4,1027
108,서울,2024.3.10 20:00,5.3,,2.5,61,1017,1027.7
108,서울,2024.3.10 21:00,4.8,,1.6,67,1017.3,1028
108,서울,2024.3.10 22:00,4.4,,0.9,70,1017.3,1028
108,서울,2024.3.10 23:00,3.6,,1.6,74,1016.3,1027
108,서울,2024.3.11 0:00,3.4,,0.5,76,1015.7,1026.4
108,서울,2024.3.11 1:00,3.4,,1.4,76,1015.5,1026.2
108,서울,2024.3.11 2:00,3,,2.3,77,1015.1,1025.9
108,서울,2024.3.11 3:00,2.8,,1.4,75,1014.7,1025.5
108,서울,2024.3.11 4:00,2.7,,,72,1014.1,1024.9
108,서울,2024.3.11 5:00,2.6,,,71,1013.6,1024.4
108,서울,2024.3.11 6:00,2.1,,,73,1013,1023.8
108,서울,2024.3.11 7:00,2.2,,,70,1012.1,1022.9
108,서울,2024.3.11 8:00,2.7,,,70,1011.5,1022.2
108,서울,2024.3.11 9:00,3.7,,,62,1011.1,1021.8
108,서울,2024.3.11 10:00,4.7,,,57,1011.6,1022.2
108,서울,2024.3.11 11:00,5.9,,2.4,52,1010.9,1021.5
108,서울,2024.3.11 12:00,6.8,,2.1,48,1010.6,1021.2
108,서울,2024.3.11 13:00,7.5,,0.7,43,1009.7,1020.2
108,서울,2024.3.11 14:00,8.7,,2.8,36,1008.3,1018.7
108,서울,2024.3.11 15:00,9.7,,2.7,41,1007.5,1017.9
108,서울,2024.3.11 16:00,10.4,,2.6,51,1006.7,1017.1
108,서울,2024.3.11 17:00,10.6,,2.6,53,1006.3,1016.7
108,서울,2024.3.11 18:00,10,,,56,1006.1,1016.5
108,서울,2024.3.11 19:00,9.1,,,62,1006,1016.4
108,서울,2024.3.11 20:00,8.4,,,65,1005.9,1016.3
108,서울,2024.3.11 21:00,7.6,,,67,1005.8,1016.3
108,서울,2024.3.11 22:00,7,,,72,1005.8,1016.3
108,서울,2024.3.11 23:00,6.7,,,76,1005.5,1016
108,서울,2024.3.12 0:00,6.5,,,76,1005.3,1015.8
108,서울,2024.3.12 1:00,7,,,75,1005,1015.5
108,서울,2024.3.12 2:00,6.7,,,75,1004.7,1015.2
108,서울,2024.3.12 3:00,5.8,,,77,1004.1,1014.6
108,서울,2024.3.12 4:00,5.1,,,80,1003.3,1013.9
108,서울,2024.3.12 5:00,5.1,,,83,1003.1,1013.7
108,서울,2024.3.12 6:00,5.3,,,84,1003.5,1014.1
108,서울,2024.3.12 7:00,5.5,,,85,1003.6,1014.1
108,서울,2024.3.12 8:00,5.5,,,86,1004.1,1014.7
108,서울,2024.3.12 9:00,5.7,0.3,,90,1004.3,1014.8
108,서울,2024.3.12 10:00,5.9,,,86,1004.6,1015.1
108,서울,2024.3.12 11:00,7.1,,,82,1004.5,1015
108,서울,2024.3.12 12:00,8.5,0.1,,73,1004.3,1014.7
108,서울,2024.3.12 13:00,7.8,,,76,1004.1,1014.5
108,서울,2024.3.12 14:00,7.9,,,73,1003.6,1014
108,서울,2024.3.12 15:00,9.4,0,,67,1003.3,1013.7
108,서울,2024.3.12 16:00,9.2,,,68,1003.6,1014
108,서울,2024.3.12 17:00,8.5,,,73,1004.2,1014.6
108,서울,2024.3.12 18:00,7.5,1.7,0.7,78,1004.6,1015.1
108,서울,2024.3.12 19:00,6.4,,1.3,86,1005.2,1015.7
108,서울,2024.3.12 20:00,5.8,,1,87,1005.6,1016.2
108,서울,2024.3.12 21:00,5.9,,1.9,87,1006.4,1017
108,서울,2024.3.12 22:00,5.5,,2,71,1006.9,1017.5
108,서울,2024.3.12 23:00,5.1,,2.5,65,1007.6,1018.2
108,서울,2024.3.13 0:00,4.5,,2.1,68,1008,1018.6
108,서울,2024.3.13 1:00,3.7,,0.7,68,1008.1,1018.7
108,서울,2024.3.13 2:00,3.2,,2,69,1008.6,1019.3
108,서울,2024.3.13 3:00,2.9,,3.2,68,1008.7,1019.4
108,서울,2024.3.13 4:00,2.5,,1.9,68,1008.9,1019.6
108,서울,2024.3.13 5:00,2.2,,1.6,69,1009.5,1020.2
108,서울,2024.3.13 6:00,1.6,,1.5,70,1009.5,1020.3
108,서울,2024.3.13 7:00,1.5,,1.4,71,1009.6,1020.4
108,서울,2024.3.13 8:00,2,,0.1,74,1010,1020.7
108,서울,2024.3.13 9:00,4.5,,2.3,67,1010.4,1021
108,서울,2024.3.13 10:00,6.6,,2.8,65,1010.7,1021.3
108,서울,2024.3.13 11:00,8.6,,2.8,58,1010.4,1020.9
108,서울,2024.3.13 12:00,10.6,,2.6,50,1009.7,1020.1
108,서울,2024.3.13 13:00,11.6,,4.4,30,1009.3,1019.6
108,서울,2024.3.13 14:00,11.3,,5.1,32,1008.9,1019.3
108,서울,2024.3.13 15:00,11.5,,4.5,35,1008.6,1018.9
108,서울,2024.3.13 16:00,10.7,,4.7,37,1008.4,1018.8
108,서울,2024.3.13 17:00,10.3,,4.6,37,1008.3,1018.7
108,서울,2024.3.13 18:00,9,,4.9,45,1008.6,1019
108,서울,2024.3.13 19:00,7.7,,3.5,49,1009.2,1019.7
108,서울,2024.3.13 20:00,7,,2.9,52,1009.6,1020.1
108,서울,2024.3.13 21:00,6.5,,2.1,58,1009.8,1020.4
108,서울,2024.3.13 22:00,5.9,,2.1,63,1010.1,1020.7
108,서울,2024.3.13 23:00,5.5,,2.2,66,1010.1,1020.7
108,서울,2024.3.14 0:00,5.1,,1.8,68,1010,1020.6
108,서울,2024.3.14 1:00,4.6,,1.3,70,1009.9,1020.5
108,서울,2024.3.14 2:00,4.7,,0.7,72,1010,1020.6
108,서울,2024.3.14 3:00,4.7,,2.7,75,1009.7,1020.3
108,서울,2024.3.14 4:00,4.5,,0.8,76,1009.2,1019.8
108,서울,2024.3.14 5:00,4,,0.8,79,1009.5,1020.1
108,서울,2024.3.14 6:00,3.7,,0.6,81,1010,1020.7
108,서울,2024.3.14 7:00,3.5,,1.1,84,1010.3,1021
108,서울,2024.3.14 8:00,4.2,,1.2,83,1010.7,1021.4
108,서울,2024.3.14 9:00,5.6,,0.9,80,1011.1,1021.7
108,서울,2024.3.14 10:00,8.2,,1.8,71,1011.4,1021.9
108,서울,2024.3.14 11:00,10.1,,1.5,59,1011.1,1021.5
108,서울,2024.3.14 12:00,11.8,,2.1,47,1010.9,1021.3
108,서울,2024.3.14 13:00,13.1,,0.9,34,1010.4,1020.7
108,서울,2024.3.14 14:00,14.5,,1.3,37,1009.6,1019.8
108,서울,2024.3.14 15:00,15.4,,2.8,26,1009.9,1020.1
108,서울,2024.3.14 16:00,14.9,,3.2,29,1010.1,1020.3
108,서울,2024.3.14 17:00,14.2,,3.2,32,1010,1020.2
108,서울,2024.3.14 18:00,12.7,,2.8,28,1010.2,1020.5
108,서울,2024.3.14 19:00,10.6,,3.6,35,1010.7,1021.1
108,서울,2024.3.14 20:00,9.2,,3.2,42,1011.2,1021.6
108,서울,2024.3.14 21:00,8.1,,2.5,53,1011.7,1022.2
108,서울,2024.3.14 22:00,7.3,,3.2,61,1012.1,1022.6
108,서울,2024.3.14 23:00,6.8,,3,71,1012.4,1023
108,서울,2024.3.15 0:00,6.2,,1.8,76,1012.3,1022.9
108,서울,2024.3.15 1:00,5.8,,1.7,80,1012.6,1023.2
108,서울,2024.3.15 2:00,5.6,,0.9,82,1012.9,1023.5
108,서울,2024.3.15 3:00,5.4,,1.6,81,1012.7,1023.3
108,서울,2024.3.15 4:00,4.9,,1.3,79,1012.8,1023.5
108,서울,2024.3.15 5:00,4.6,,0,81,1012.7,1023.4
108,서울,2024.3.15 6:00,4.2,,0.3,83,1012.8,1023.5
108,서울,2024.3.15 7:00,4.1,,0.5,83,1013.2,1023.9
108,서울,2024.3.15 8:00,5,,1.6,85,1013.7,1024.4
108,서울,2024.3.15 9:00,7.1,,2.4,80,1013.8,1024.4
108,서울,2024.3.15 10:00,9.1,,2.9,70,1014,1024.5
108,서울,2024.3.15 11:00,10.6,,2.7,64,1013.9,1024.3
108,서울,2024.3.15 12:00,12.2,,3.2,53,1013.9,1024.3
108,서울,2024.3.15 13:00,13.2,,3.2,45,1013.3,1023.6
108,서울,2024.3.15 14:00,13.9,,3.9,46,1012.8,1023.1
108,서울,2024.3.15 15:00,14.1,,4.4,44,1012.4,1022.7
108,서울,2024.3.15 16:00,14.1,,4,47,1012.3,1022.6
108,서울,2024.3.15 17:00,13.7,,3.3,48,1012.3,1022.6
108,서울,2024.3.15 18:00,12.1,,3.2,56,1012.7,1023.1
108,서울,2024.3.15 19:00,10.4,,2.6,64,1013.2,1023.7
108,서울,2024.3.15 20:00,9.5,,2.7,69,1013.8,1024.3
108,서울,2024.3.15 21:00,8.8,,1.5,71,1014,1024.5
108,서울,2024.3.15 22:00,8.2,,2,77,1014.4,1024.9
108,서울,2024.3.15 23:00,7.6,,2.1,79,1014.8,1025.4
108,서울,2024.3.16 0:00,7.1,,0.6,80,1015.1,1025.7
108,서울,2024.3.16 1:00,6.6,,1.1,83,1015,1025.6
108,서울,2024.3.16 2:00,6.1,,0.5,84,1015.2,1025.8
108,서울,2024.3.16 3:00,6,,0.2,85,1015.1,1025.7
108,서울,2024.3.16 4:00,5.8,,1.3,86,1014.7,1025.3
108,서울,2024.3.16 5:00,5.2,,1.4,87,1014,1024.7
108,서울,2024.3.16 6:00,4.8,,2.3,89,1013.9,1024.6
108,서울,2024.3.16 7:00,4.6,,2.7,90,1013.4,1024.1
108,서울,2024.3.16 8:00,5.7,,1.9,88,1013.8,1024.4
108,서울,2024.3.16 9:00,7.9,,1.8,78,1013.9,1024.4
108,서울,2024.3.16 10:00,10,,1,68,1013.8,1024.3
108,서울,2024.3.16 11:00,12.5,,1.7,58,1012.8,1023.1
108,서울,2024.3.16 12:00,14.4,,1.7,47,1011.8,1022
108,서울,2024.3.16 13:00,16.2,,1.6,36,1010.6,1020.8
108,서울,2024.3.16 14:00,17.7,,1.4,32,1009.6,1019.7
108,서울,2024.3.16 15:00,17.6,,1.8,28,1008.2,1018.3
108,서울,2024.3.16 16:00,17.9,,3.8,22,1007.7,1017.7
108,서울,2024.3.16 17:00,16.6,,4.2,25,1008,1018.1
108,서울,2024.3.16 18:00,14.8,,4,29,1007.8,1018
108,서울,2024.3.16 19:00,13.5,,2.8,29,1008,1018.2
108,서울,2024.3.16 20:00,12.6,,2.8,32,1008.3,1018.6
108,서울,2024.3.16 21:00,11.2,,2.8,37,1008.2,1018.6
108,서울,2024.3.16 22:00,10.5,,2.3,40,1007.8,1018.2
108,서울,2024.3.16 23:00,10.4,,2.6,44,1007.8,1018.2
108,서울,2024.3.17 0:00,10.2,,2.1,43,1007.5,1017.9
108,서울,2024.3.17 1:00,9.9,,3.2,43,1007.3,1017.7
108,서울,2024.3.17 2:00,9.8,,2,44,1007,1017.4
108,서울,2024.3.17 3:00,9.8,,2.2,46,1006.1,1016.5
108,서울,2024.3.17 4:00,9.6,,2.4,53,1005.6,1016
108,서울,2024.3.17 5:00,9.4,,2.8,73,1005,1015.4
108,서울,2024.3.17 6:00,8.7,0.1,2.3,87,1005.4,1015.8
108,서울,2024.3.17 7:00,8.6,,2.1,90,1005.4,1015.8
108,서울,2024.3.17 8:00,8.7,,3.1,88,1005.7,1016.1
108,서울,2024.3.17 9:00,8.6,0,5.1,75,1006.2,1016.6
108,서울,2024.3.17 10:00,9.2,,5.1,60,1006.1,1016.5
108,서울,2024.3.17 11:00,9.6,,4.2,51,1006.2,1016.6
108,서울,2024.3.17 12:00,9.6,,5.6,39,1005.9,1016.3
108,서울,2024.3.17 13:00,10.7,,4.3,35,1005.9,1016.3
108,서울,2024.3.17 14:00,11.6,,4.4,32,1005.2,1015.5
108,서울,2024.3.17 15:00,11.7,,4.7,30,1005.1,1015.4
108,서울,2024.3.17 16:00,11.4,,5.2,31,1005.5,1015.8
108,서울,2024.3.17 17:00,11.4,,3.7,28,1005.4,1015.7
108,서울,2024.3.17 18:00,10.2,,5.2,29,1005.9,1016.3
108,서울,2024.3.17 19:00,8.9,,4,33,1007.4,1017.8
108,서울,2024.3.17 20:00,7.7,,5.5,39,1008.9,1019.4
108,서울,2024.3.17 21:00,6.6,,4.2,42,1009.7,1020.3
108,서울,2024.3.17 22:00,5.9,,2.7,42,1010.5,1021.1
108,서울,2024.3.17 23:00,5.5,,3.4,41,1010.5,1021.1
108,서울,2024.3.18 0:00,5.4,,3,36,1011.1,1021.7
108,서울,2024.3.18 1:00,5,,3.4,31,1011.5,1022.2
108,서울,2024.3.18 2:00,4,,0.7,34,1012,1022.7
108,서울,2024.3.18 3:00,3.7,,2.1,34,1011.7,1022.4
108,서울,2024.3.18 4:00,3,,2.3,36,1011.9,1022.6
108,서울,2024.3.18 5:00,2.7,,1.3,35,1012.4,1023.1
108,서울,2024.3.18 6:00,1.7,,1.6,38,1012.3,1023.1
108,서울,2024.3.18 7:00,1.6,,1.4,37,1012.9,1023.7
108,서울,2024.3.18 8:00,2.2,,0,39,1013.3,1024.1
108,서울,2024.3.18 9:00,5.1,,1,35,1013.5,1024.2
108,서울,2024.3.18 10:00,7.4,,1.3,28,1013.5,1024.1
108,서울,2024.3.18 11:00,9.6,,2.6,24,1013,1023.4
108,서울,2024.3.18 12:00,11,,2.8,21,1012.3,1022.7
108,서울,2024.3.18 13:00,11.9,,2.5,16,1011.2,1021.6
108,서울,2024.3.18 14:00,13.1,,3.9,17,1010.3,1020.6
108,서울,2024.3.18 15:00,13,,3.2,17,1010,1020.3
108,서울,2024.3.18 16:00,12.8,,3.6,16,1009.7,1020
108,서울,2024.3.18 17:00,11.5,,3.6,14,1009.7,1020.1
108,서울,2024.3.18 18:00,10,,2.7,17,1009.7,1020.1
108,서울,2024.3.18 19:00,8.3,,3.6,18,1009.8,1020.3
108,서울,2024.3.18 20:00,7.3,,2.7,22,1009.9,1020.4
108,서울,2024.3.18 21:00,6.6,,1.9,29,1010.2,1020.8
108,서울,2024.3.18 22:00,6.2,,3,31,1010.3,1020.9
108,서울,2024.3.18 23:00,6,,1.9,33,1009.7,1020.3
108,서울,2024.3.19 0:00,5.4,,1.6,38,1009.5,1020.1
108,서울,2024.3.19 1:00,5.4,,2.1,45,1009.5,1020.1
108,서울,2024.3.19 2:00,5.4,,1.6,48,1009.3,1019.9
108,서울,2024.3.19 3:00,5.6,,1.6,47,1008.8,1019.4
108,서울,2024.3.19 4:00,5.6,,2.8,50,1008.4,1019
108,서울,2024.3.19 5:00,5.4,,1.9,51,1008.1,1018.7
108,서울,2024.3.19 6:00,5.4,,2.3,53,1007,1017.6
108,서울,2024.3.19 7:00,5.4,,1.6,54,1006.5,1017.1
108,서울,2024.3.19 8:00,5.8,,2.2,60,1006.2,1016.8
108,서울,2024.3.19 9:00,7.1,0,2.5,60,1005.3,1015.8
108,서울,2024.3.19 10:00,7.9,,3.1,60,1004.1,1014.5
108,서울,2024.3.19 11:00,8.1,,4.1,73,1003.8,1014.2
108,서울,2024.3.19 12:00,8.6,0.2,4.8,74,1002.9,1013.3
108,서울,2024.3.19 13:00,9.2,,6.5,64,1001.9,1012.2
108,서울,2024.3.19 14:00,9.5,,5.5,65,1001.1,1011.4
108,서울,2024.3.19 15:00,9.8,,6,65,1000.6,1011
108,서울,2024.3.19 16:00,9.2,,6.5,61,1000.4,1010.7
108,서울,2024.3.19 17:00,8.4,,5.7,62,1001.2,1011.6
108,서울,2024.3.19 18:00,7.6,,5.7,68,1001.9,1012.3
108,서울,2024.3.19 19:00,6.9,,5.2,56,1003.2,1013.7
108,서울,2024.3.19 20:00,5.9,,5.6,56,1004.5,1015
108,서울,2024.3.19 21:00,5.3,,3.3,56,1005.4,1016
108,서울,2024.3.19 22:00,5,,3.7,59,1006.1,1016.7
108,서울,2024.3.19 23:00,4.7,,3.9,61,1006.4,1017
108,서울,2024.3.20 0:00,3.9,0,3.5,63,1006.6,1017.2
108,서울,2024.3.20 1:00,3.5,,2,64,1006.6,1017.2
108,서울,2024.3.20 2:00,3,,2,63,1007.3,1018
108,서울,2024.3.20 3:00,2.7,,2.5,63,1008,1018.7
108,서울,2024.3.20 4:00,2.4,,3.1,65,1008.3,1019
108,서울,2024.3.20 5:00,1.9,,2.9,66,1008.9,1019.6
108,서울,2024.3.20 6:00,1.5,,2.3,67,1009.5,1020.3
108,서울,2024.3.20 7:00,1.2,,2.7,65,1010.3,1021.1
108,서울,2024.3.20 8:00,1.9,,2.4,62,1010.8,1021.6
108,서울,2024.3.20 9:00,3.3,,3.6,55,1011.5,1022.2
108,서울,2024.3.20 10:00,4.8,,4.2,43,1011.5,1022.2
108,서울,2024.3.20 11:00,6.2,,5,37,1011.4,1022
108,서울,2024.3.20 12:00,6.6,,3.9,35,1011,1021.6
108,서울,2024.3.20 13:00,6.7,,4.4,35,1010.3,1020.9
108,서울,2024.3.20 14:00,6.8,,5.3,33,1009.3,1019.8
108,서울,2024.3.20 15:00,8.1,,3.6,30,1008.7,1019.2
108,서울,2024.3.20 16:00,7.8,,4.7,29,1008.6,1019.1
108,서울,2024.3.20 17:00,7.7,,4.1,37,1008.4,1018.9
108,서울,2024.3.20 18:00,6.8,,3.9,45,1008.2,1018.7
108,서울,2024.3.20 19:00,5.3,,3,51,1008.6,1019.2
108,서울,2024.3.20 20:00,4.6,,2.8,49,1009,1019.6
108,서울,2024.3.20 21:00,4.2,,4,31,1009.5,1020.1
108,서울,2024.3.20 22:00,3.4,,2.5,35,1010.2,1020.9
108,서울,2024.3.20 23:00,2.8,,2.2,39,1010.2,1020.9
108,서울,2024.3.21 0:00,2,,1.6,46,1010.3,1021.1
108,서울,2024.3.21 1:00,1.5,,1.5,47,1010.1,1020.9
108,서울,2024.3.21 2:00,1.2,,2,50,1010,1020.8
108,서울,2024.3.21 3:00,0.4,,0.5,51,1009.7,1020.5
108,서울,2024.3.21 4:00,0,,1,54,1009.3,1020.1
108,서울,2024.3.21 5:00,-0.2,,1.8,57,1009.1,1019.9
108,서울,2024.3.21 6:00,-0.9,,1,60,1008.9,1019.8
108,서울,2024.3.21 7:00,-0.8,,0.4,60,1009,1019.9
108,서울,2024.3.21 8:00,1,,0.5,58,1009.1,1019.9
108,서울,2024.3.21 9:00,3.3,,1.5,55,1009.2,1019.9
108,서울,2024.3.21 10:00,5.3,,2.8,46,1009.3,1019.9
108,서울,2024.3.21 11:00,7.6,,2,37,1009.2,1019.7
108,서울,2024.3.21 12:00,8.6,,2.1,30,1008.6,1019
108,서울,2024.3.21 13:00,10.4,,2.8,28,1007.8,1018.2
108,서울,2024.3.21 14:00,10.8,,3.1,26,1006.9,1017.3
108,서울,2024.3.21 15:00,11.2,,3.7,33,1006.3,1016.6
108,서울,2024.3.21 16:00,10.9,,3,34,1006,1016.4
108,서울,2024.3.21 17:00,10.1,,3.4,39,1005.8,1016.2
108,서울,2024.3.21 18:00,8.6,,3.7,35,1005.8,1016.2
108,서울,2024.3.21 19:00,7,,3,40,1006,1016.5
108,서울,2024.3.21 20:00,6,,2.5,43,1006.2,1016.7
108,서울,2024.3.21 21:00,5.2,,1.3,50,1006.8,1017.4
108,서울,2024.3.21 22:00,4.6,,0.6,53,1007.3,1017.9
108,서울,2024.3.21 23:00,3.9,,1.7,55,1007.8,1018.4
108,서울,2024.3.22 0:00,3.9,,1.5,58,1007.6,1018.2
108,서울,2024.3.22 1:00,4.1,,2.4,53,1007.4,1018
108,서울,2024.3.22 2:00,4.4,,1.9,52,1007.7,1018.3
108,서울,2024.3.22 3:00,5,,1.9,50,1007.1,1017.7
108,서울,2024.3.22 4:00,4.8,,2.3,50,1006.6,1017.2
108,서울,2024.3.22 5:00,4.5,,3.3,51,1006.2,1016.8
108,서울,2024.3.22 6:00,4.1,,4.1,52,1006.2,1016.8
108,서울,2024.3.22 7:00,4.1,,4.1,53,1006.1,1016.7
108,서울,2024.3.22 8:00,5,,3.8,52,1005.1,1015.7
108,서울,2024.3.22 9:00,7.3,,3.3,46,1004.9,1015.4
108,서울,2024.3.22 10:00,10.4,,3.5,39,1004.4,1014.8
108,서울,2024.3.22 11:00,12.7,,3.2,34,1003.8,1014
108,서울,2024.3.22 12:00,14.2,,3.2,32,1002.7,1012.9
108,서울,2024.3.22 13:00,14.6,,4.7,33,1001.4,1011.5
108,서울,2024.3.22 14:00,14.8,,4.2,33,999.9,1010
108,서울,2024.3.22 15:00,14.9,,3.7,36,999.2,1009.3
108,서울,2024.3.22 16:00,15,,3.4,41,998.3,1008.4
108,서울,2024.3.22 17:00,15.1,,3.7,48,997.6,1007.7
108,서울,2024.3.22 18:00,14,0.1,6.5,66,997.7,1007.8
108,서울,2024.3.22 19:00,12.8,,4.3,75,997.9,1008.1
108,서울,2024.3.22 20:00,12.1,,2.2,84,998.3,1008.5
108,서울,2024.3.22 21:00,11.5,4.8,1.4,85,998.4,1008.6
108,서울,2024.3.22 22:00,11.8,,2.5,83,998.7,1008.9
108,서울,2024.3.22 23:00,12.2,,3.6,82,998.8,1009
108,서울,2024.3.23 0:00,11.9,0.5,3.5,89,999.1,1009.3
108,서울,2024.3.23 1:00,11.5,,3.5,90,999.4,1009.7
108,서울,2024.3.23 2:00,11.1,,3.1,89,999.7,1010
108,서울,2024.3.23 3:00,10.6,0.1,2.6,89,1000.2,1010.5
108,서울,2024.3.23 4:00,10.2,,1.6,89,1000.8,1011.1
108,서울,2024.3.23 5:00,10,,2,87,1001.7,1012.1
108,서울,2024.3.23 6:00,9.8,0,1.6,88,1002.7,1013.1
108,서울,2024.3.23 7:00,9.4,,1.9,89,1003.6,1014
108,서울,2024.3.23 8:00,9.6,,2.1,90,1004.5,1014.9
108,서울,2024.3.23 9:00,10,,3.4,87,1005.3,1015.7
108,서울,2024.3.23 10:00,11.2,,1.6,83,1006,1016.3
108,서울,2024.3.23 11:00,12.9,,2.3,74,1006.3,1016.6
108,서울,2024.3.23 12:00,13.7,,3.6,68,1006.7,1016.9
108,서울,2024.3.23 13:00,15,,3,59,1006.1,1016.3
108,서울,2024.3.23 14:00,15.9,,2.3,54,1005.7,1015.8
108,서울,2024.3.23 15:00,17.7,,1.9,49,1005.1,1015.1
108,서울,2024.3.23 16:00,18,,2.2,45,1004.6,1014.6
108,서울,2024.3.23 17:00,17.8,,2.5,44,1004.6,1014.6
108,서울,2024.3.23 18:00,16.9,,2.9,45,1005.2,1015.3
108,서울,2024.3.23 19:00,15.6,,2.2,47,1006.2,1016.4
108,서울,2024.3.23 20:00,14.7,,2.5,48,1006.7,1016.9
108,서울,2024.3.23 21:00,13.4,,1.3,51,1007.1,1017.3
108,서울,2024.3.23 22:00,12.5,,1,56,1007,1017.3
108,서울,2024.3.23 23:00,11.8,,0.9,54,1007.3,1017.6
108,서울,2024.3.24 0:00,11.5,,2.3,51,1006.7,1017
108,서울,2024.3.24 1:00,10.9,,2,54,1006.7,1017.1
108,서울,2024.3.24 2:00,10.8,,1.9,56,1006.4,1016.8
108,서울,2024.3.24 3:00,10.5,,2.6,58,1006.1,1016.5
108,서울,2024.3.24 4:00,10.7,,2.7,59,1005.7,1016.1
108,서울,2024.3.24 5:00,10.8,,2.9,59,1006,1016.4
108,서울,2024.3.24 6:00,10.8,,3,59,1006.5,1016.9
108,서울,2024.3.24 7:00,10.8,,3.4,58,1007.2,1017.6
108,서울,2024.3.24 8:00,11.8,,2.9,55,1008,1018.3
108,서울,2024.3.24 9:00,13,,3.5,48,1008.4,1018.7
108,서울,2024.3.24 10:00,15.4,,2.7,42,1008.5,1018.7
108,서울,2024.3.24 11:00,17,,3.1,38,1008.6,1018.7
108,서울,2024.3.24 12:00,19.2,,2.4,34,1007.9,1017.9
108,서울,2024.3.24 13:00,20.1,,3,32,1007,1017
108,서울,2024.3.24 14:00,21.7,,2.3,28,1005.7,1015.6
108,서울,2024.3.24 15:00,22.7,,2.3,27,1004.8,1014.6
108,서울,2024.3.24 16:00,23.1,,3.1,22,1004.1,1013.9
108,서울,2024.3.24 17:00,23.2,,1.2,23,1003.7,1013.5
108,서울,2024.3.24 18:00,22.1,,1.9,23,1003.9,1013.8
108,서울,2024.3.24 19:00,19.9,,0.7,28,1004,1014
108,서울,2024.3.24 20:00,17.8,,1.9,39,1004.5,1014.5
108,서울,2024.3.24 21:00,16.8,,2.1,43,1005,1015.1
108,서울,2024.3.24 22:00,16.2,,1.6,45,1005.5,1015.6
108,서울,2024.3.24 23:00,15.5,,1.8,46,1006.2,1016.4
108,서울,2024.3.25 0:00,14.6,,0.6,48,1006.2,1016.4
108,서울,2024.3.25 1:00,13.9,,1.1,47,1006,1016.2
108,서울,2024.3.25 2:00,13.5,,0.9,47,1005.6,1015.8
108,서울,2024.3.25 3:00,12.8,,2.5,50,1005,1015.2
108,서울,2024.3.25 4:00,13.1,,2.1,45,1004.4,1014.6
108,서울,2024.3.25 5:00,13,,0.7,46,1005,1015.2
108,서울,2024.3.25 6:00,12.4,,1.4,46,1005.3,1015.6
108,서울,2024.3.25 7:00,12.1,,3.9,49,1005.1,1015.4
108,서울,2024.3.25 8:00,12.5,,3.8,45,1006.4,1016.7
108,서울,2024.3.25 9:00,12.4,,3.7,41,1006.9,1017.2
108,서울,2024.3.25 10:00,12.6,,3.4,45,1006.8,1017.1
108,서울,2024.3.25 11:00,12.8,,4.3,47,1005.9,1016.2
108,서울,2024.3.25 12:00,13,,5.7,50,1005.8,1016
108,서울,2024.3.25 13:00,12.8,,4.2,51,1006.5,1016.8
108,서울,2024.3.25 14:00,10.4,,4.8,78,1005.7,1016.1
108,서울,2024.3.25 15:00,10.4,2.2,5.1,77,1004.8,1015.2
108,서울,2024.3.25 16:00,9.9,,5,79,1005.2,1015.6
108,서울,2024.3.25 17:00,9.5,,5.6,77,1005.6,1016
108,서울,2024.3.25 18:00,9.2,0.7,4.8,80,1006,1016.4
108,서울,2024.3.25 19:00,8.6,,5.4,81,1005.5,1015.9
108,서울,2024.3.25 20:00,8.3,,5.6,80,1005.7,1016.1
108,서울,2024.3.25 21:00,7.9,1.1,4.5,80,1006.5,1017
108,서울,2024.3.25 22:00,7.3,,5,84,1005.5,1016
108,서울,2024.3.25 23:00,6.8,,6.3,83,1005,1015.5
108,서울,2024.3.26 0:00,6.7,1.1,5.5,80,1004.8,1015.3
108,서울,2024.3.26 1:00,6.3,,3.9,85,1004.7,1015.2
108,서울,2024.3.26 2:00,5.7,,4.5,87,1004.8,1015.3
108,서울,2024.3.26 3:00,5.1,4.1,3.9,90,1004.6,1015.2
108,서울,2024.3.26 4:00,4.3,,4.6,90,1005,1015.6
108,서울,2024.3.26 5:00,3.9,,3.4,91,1005.2,1015.8
108,서울,2024.3.26 6:00,3.5,4.3,3.2,91,1006.3,1016.9
108,서울,2024.3.26 7:00,3.6,,2,90,1008,1018.7
108,서울,2024.3.26 8:00,3.2,,3.5,91,1008.3,1019
108,서울,2024.3.26 9:00,3.7,3.1,2.5,93,1009.2,1019.9
108,서울,2024.3.26 10:00,5.1,,3.5,89,1010,1020.6
108,서울,2024.3.26 11:00,6,,2.8,83,1010.3,1020.9
108,서울,2024.3.26 12:00,7.7,0,2.4,77,1010.4,1020.9
108,서울,2024.3.26 13:00,8.5,,3.1,70,1010.9,1021.4
108,서울,2024.3.26 14:00,10.9,,2.3,61,1010.3,1020.7
108,서울,2024.3.26 15:00,11.9,,2.7,58,1009.9,1020.2
108,서울,2024.3.26 16:00,12.1,,1.9,58,1010,1020.3
108,서울,2024.3.26 17:00,11.4,,1.1,58,1010.3,1020.7
108,서울,2024.3.26 18:00,10.9,,1.6,59,1010.9,1021.3
108,서울,2024.3.26 19:00,10.4,,1.9,63,1011.4,1021.8
108,서울,2024.3.26 20:00,10,,1,65,1011.9,1022.4
108,서울,2024.3.26 21:00,9.2,,1.4,66,1012.3,1022.8
108,서울,2024.3.26 22:00,8.2,,2,74,1013.1,1023.6
108,서울,2024.3.26 23:00,7.5,,1.4,81,1013.7,1024.3
108,서울,2024.3.27 0:00,6.9,,2,84,1013.5,1024.1
108,서울,2024.3.27 1:00,6.4,,1.3,87,1013.7,1024.3
108,서울,2024.3.27 2:00,6.1,,0.8,88,1013.8,1024.4
108,서울,2024.3.27 3:00,5.7,,0.8,88,1014,1024.6
108,서울,2024.3.27 4:00,5.3,,1.7,88,1013.7,1024.4
108,서울,2024.3.27 5:00,5,,2.2,88,1013.8,1024.5
108,서울,2024.3.27 6:00,4.6,,2,88,1013.9,1024.6
108,서울,2024.3.27 7:00,4.5,,2.3,90,1014.2,1024.9
108,서울,2024.3.27 8:00,6.1,,2,84,1014,1024.6
108,서울,2024.3.27 9:00,8.2,,2.3,76,1014.2,1024.7
108,서울,2024.3.27 10:00,10.4,,1.7,68,1014,1024.5
108,서울,2024.3.27 11:00,12.4,,1.8,62,1014.1,1024.5
108,서울,2024.3.27 12:00,13.6,,3.1,56,1013.4,1023.7
108,서울,2024.3.27 13:00,14.4,,1.3,52,1013,1023.2
108,서울,2024.3.27 14:00,15.6,,1.5,50,1011.9,1022.1
108,서울,2024.3.27 15:00,16,,2.5,46,1011.5,1021.7
108,서울,2024.3.27 16:00,15.7,,3.8,50,1011.2,1021.4
108,서울,2024.3.27 17:00,14.2,,3.6,56,1010.9,1021.1
108,서울,2024.3.27 18:00,13.1,,3.3,62,1010.8,1021.1
108,서울,2024.3.27 19:00,12,,2.5,66,1010.3,1020.6
108,서울,2024.3.27 20:00,11.5,,2.1,63,1010.6,1021
108,서울,2024.3.27 21:00,11.1,,1.7,64,1010.5,1020.9
108,서울,2024.3.27 22:00,10.7,,0.8,66,1010,1020.4
108,서울,2024.3.27 23:00,10.9,,1.4,66,1009.5,1019.9
108,서울,2024.3.28 0:00,10.7,,0.1,67,1009,1019.4
108,서울,2024.3.28 1:00,10.5,,0.5,70,1008.7,1019.1
108,서울,2024.3.28 2:00,10.4,,0.8,71,1007.6,1018
108,서울,2024.3.28 3:00,10.3,,0.1,71,1006.7,1017.1
108,서울,2024.3.28 4:00,10.3,,0.5,72,1005.6,1016
108,서울,2024.3.28 5:00,10.2,,1.6,79,1004.7,1015.1
108,서울,2024.3.28 6:00,9.8,1.1,2,87,1003.9,1014.3
108,서울,2024.3.28 7:00,9.5,,2.4,88,1002.9,1013.2
108,서울,2024.3.28 8:00,9.6,,1.7,89,1002.9,1013.2
108,서울,2024.3.28 9:00,10.1,0.4,1.5,88,1002.3,1012.7
108,서울,2024.3.28 10:00,10.6,,0.6,84,1001.4,1011.7
108,서울,2024.3.28 11:00,11,,1,77,1000.4,1010.7
108,서울,2024.3.28 12:00,11.2,0,1.8,76,999.8,1010.1
108,서울,2024.3.28 13:00,11.5,,2.4,76,998.9,1009.1
108,서울,2024.3.28 14:00,11.2,,2.3,79,997.6,1007.8
108,서울,2024.3.28 15:00,11.7,0,0.8,79,996.2,1006.4
108,서울,2024.3.28 16:00,12,,1.1,77,995.6,1005.8
108,서울,2024.3.28 17:00,12.1,,1.7,76,994.9,1005.1
108,서울,2024.3.28 18:00,11.8,,0.3,77,995,1005.2
108,서울,2024.3.28 19:00,11.7,,2.7,79,995.3,1005.5
108,서울,2024.3.28 20:00,10.6,,2.9,89,995.7,1006
108,서울,2024.3.28 21:00,10,0.4,2.1,90,995.9,1006.2
108,서울,2024.3.28 22:00,9.6,,4.3,87,996.5,1006.8
108,서울,2024.3.28 23:00,8.7,,3.5,83,997.1,1007.4
108,서울,2024.3.29 0:00,7.8,,2.7,86,997.2,1007.6
108,서울,2024.3.29 1:00,7.1,,2.5,82,996.8,1007.2
108,서울,2024.3.29 2:00,6.4,,1.8,83,996.6,1007
108,서울,2024.3.29 3:00,5.9,,2.8,84,997.1,1007.6
108,서울,2024.3.29 4:00,5.6,,2.8,82,996.5,1007
108,서울,2024.3.29 5:00,5.4,,2.1,83,995.5,1006
108,서울,2024.3.29 6:00,5.7,,3.1,83,996,1006.5
108,서울,2024.3.29 7:00,5.8,,3,76,993.7,1004.1
108,서울,2024.3.29 8:00,6.1,,2.6,75,993.6,1004
108,서울,2024.3.29 9:00,6.9,,2.7,64,995.1,1005.5
108,서울,2024.3.29 10:00,6.7,,1.6,77,994.9,1005.3
108,서울,2024.3.29 11:00,6.8,,1.8,85,994,1004.4
108,서울,2024.3.29 12:00,7.4,1.4,1.9,90,993.6,1003.9
108,서울,2024.3.29 13:00,9.4,,3.7,97,993.6,1003.9
108,서울,2024.3.29 14:00,9.8,,3.3,94,994,1004.3
108,서울,2024.3.29 15:00,10.8,0,3.6,81,994.5,1004.7
108,서울,2024.3.29 16:00,12,,3.4,70,994.3,1004.5
108,서울,2024.3.29 17:00,12.1,,4.5,60,994.8,1005
108,서울,2024.3.29 18:00,11.2,,4.2,63,995.6,1005.8
108,서울,2024.3.29 19:00,9.7,,3.8,71,997.1,1007.4
108,서울,2024.3.29 20:00,8.4,,3,66,998.9,1009.3
108,서울,2024.3.29 21:00,7.6,,3.8,62,1000.5,1010.9
108,서울,2024.3.29 22:00,6.9,,2.8,55,1001.8,1012.3
108,서울,2024.3.29 23:00,5.9,,1.1,50,1002.4,1012.9
108,서울,2024.3.30 0:00,5.1,,1.6,57,1002.5,1013.1
108,서울,2024.3.30 1:00,4.7,,0.9,59,1003.1,1013.6
108,서울,2024.3.30 2:00,5,,1.5,75,1003.2,1013.8
108,서울,2024.3.30 3:00,4.8,,1.7,77,1003,1013.6
108,서울,2024.3.30 4:00,4,,1.8,79,1002.7,1013.3
108,서울,2024.3.30 5:00,3.6,,1.8,81,1003.1,1013.7
108,서울,2024.3.30 6:00,3,,2.4,82,1002.6,1013.2
108,서울,2024.3.30 7:00,3.3,,2.4,83,1002.7,1013.3
108,서울,2024.3.30 8:00,4.5,,2.8,76,1002.9,1013.5
108,서울,2024.3.30 9:00,6.9,,2.8,63,1003,1013.5
108,서울,2024.3.30 10:00,7.7,,2.9,56,1003.3,1013.7
108,서울,2024.3.30 11:00,9.2,,3.4,48,1001.4,1011.7
108,서울,2024.3.30 12:00,11.5,,2.3,44,1000.9,1011.2
108,서울,2024.3.30 13:00,12.7,,1.6,40,999.8,1010
108,서울,2024.3.30 14:00,15.1,,2.6,35,998.8,1008.9
108,서울,2024.3.30 15:00,15.3,,3.3,31,998.2,1008.3
108,서울,2024.3.30 16:00,14.9,,5.1,44,997.9,1008
108,서울,2024.3.30 17:00,14,,3.2,48,998.2,1008.3
108,서울,2024.3.30 18:00,13.1,,3.2,44,998.3,1008.5
108,서울,2024.3.30 19:00,11.5,,3,44,999.5,1009.8
108,서울,2024.3.30 20:00,10.1,,2.7,56,1001,1011.3
108,서울,2024.3.30 21:00,9,,2.2,62,1002.3,1012.7
108,서울,2024.3.30 22:00,8.1,,1.9,49,1003.2,1013.6
108,서울,2024.3.30 23:00,7.1,,2,52,1004,1014.5
108,서울,2024.3.31 0:00,7,,2.3,49,1004.3,1014.8
108,서울,2024.3.31 1:00,6.2,,0.8,51,1004.9,1015.4
108,서울,2024.3.31 2:00,5.6,,0.8,53,1004.8,1015.4
108,서울,2024.3.31 3:00,4.9,,0.5,57,1004.4,1015
108,서울,2024.3.31 4:00,4.5,,1.3,55,1003.6,1014.2
108,서울,2024.3.31 5:00,3.7,,1.1,61,1003.5,1014.1
108,서울,2024.3.31 6:00,3.5,,1,60,1003.9,1014.5
108,서울,2024.3.31 7:00,3.7,,0.8,62,1005.1,1015.7
108,서울,2024.3.31 8:00,5.1,,2.2,60,1004.7,1015.3
108,서울,2024.3.31 9:00,7.9,,1.2,53,1005.1,1015.5
108,서울,2024.3.31 10:00,9.9,,1.4,36,1004.5,1014.9
108,서울,2024.3.31 11:00,12.3,,2,27,1003.6,1013.9
108,서울,2024.3.31 12:00,14.1,,1.7,26,1003,1013.2
108,서울,2024.3.31 13:00,15.4,,1.2,24,1002,1012.1
108,서울,2024.3.31 14:00,16.1,,3,19,1000.9,1011
108,서울,2024.3.31 15:00,16.6,,4.1,18,1000,1010
108,서울,2024.3.31 16:00,17.2,,2.8,19,999.4,1009.4
108,서울,2024.3.31 17:00,16.7,,3.4,21,999.1,1009.1
108,서울,2024.3.31 18:00,15.4,,3,24,999.4,1009.5
108,서울,2024.3.31 19:00,14.3,,2.4,28,999.8,1009.9
108,서울,2024.3.31 20:00,13.4,,1.5,31,1000,1010.2
108,서울,2024.3.31 21:00,13,,2.5,31,1000.8,1011
108,서울,2024.3.31 22:00,12.2,,2,34,1001.4,1011.6
108,서울,2024.3.31 23:00,10.6,,4,47,1002,1012.3
108,서울,2024.4.1 0:00,9.5,,1.7,50,1002,1012.3
108,서울,2024.4.1 1:00,8.6,,2.1,53,1002.8,1013.2
108,서울,2024.4.1 2:00,7.7,,1.2,53,1002.8,1013.2
108,서울,2024.4.1 3:00,7.2,,0.3,54,1002.7,1013.2
108,서울,2024.4.1 4:00,6.7,,0.3,56,1002.7,1013.2
108,서울,2024.4.1 5:00,6.4,,1.2,57,1003.1,1013.6
108,서울,2024.4.1 6:00,5.8,,1,57,1004,1014.5
108,서울,2024.4.1 7:00,5.7,,0.7,58,1004.9,1015.4
108,서울,2024.4.1 8:00,7.5,,0.4,56,1005.4,1015.9
108,서울,2024.4.1 9:00,10.9,,1,40,1005.6,1015.9
108,서울,2024.4.1 10:00,13.6,,1.8,28,1005.8,1016
108,서울,2024.4.1 11:00,15.6,,2.3,26,1005.6,1015.8
108,서울,2024.4.1 12:00,16.9,,2.7,21,1005.2,1015.3
108,서울,2024.4.1 13:00,17.8,,2.6,16,1004.5,1014.5
108,서울,2024.4.1 14:00,18,,3.2,17,1004.2,1014.2
108,서울,2024.4.1 15:00,18.9,,3.8,20,1004,1014
108,서울,2024.4.1 16:00,18.1,,3.8,20,1004,1014
108,서울,2024.4.1 17:00,17.3,,3.4,19,1004.1,1014.1
108,서울,2024.4.1 18:00,16.2,,2.2,16,1004.3,1014.4
108,서울,2024.4.1 19:00,14.3,,2.4,20,1004.1,1014.3
108,서울,2024.4.1 20:00,12.7,,1.8,20,1004.5,1014.7
108,서울,2024.4.1 21:00,11.8,,2.1,19,1004.5,1014.8
108,서울,2024.4.1 22:00,10.9,,0.5,21,1004.4,1014.7
108,서울,2024.4.1 23:00,10.2,,0.8,24,1004,1014.4
108,서울,2024.4.2 0:00,9.5,,1.3,29,1004.5,1014.9
108,서울,2024.4.2 1:00,8.9,,1,33,1004.6,1015
108,서울,2024.4.2 2:00,8.5,,2.2,35,1004.6,1015
108,서울,2024.4.2 3:00,7.8,,2.3,39,1004.2,1014.6
108,서울,2024.4.2 4:00,7.6,,2,40,1004.1,1014.5
108,서울,2024.4.2 5:00,7.6,,2,42,1004.4,1014.9
108,서울,2024.4.2 6:00,7,,2.3,45,1004.2,1014.7
108,서울,2024.4.2 7:00,7.8,,2.6,42,1004.4,1014.8
108,서울,2024.4.2 8:00,10,,2,36,1005,1015.4
108,서울,2024.4.2 9:00,13.4,,2.8,28,1005,1015.2
108,서울,2024.4.2 10:00,16.4,,2.6,28,1005,1015.1
108,서울,2024.4.2 11:00,18.8,,2.8,23,1004.8,1014.8
108,서울,2024.4.2 12:00,20.5,,1.8,21,1003.8,1013.8
108,서울,2024.4.2 13:00,22.2,,1.7,20,1003,1012.8
108,서울,2024.4.2 14:00,23.5,,2.3,20,1002.1,1011.9
108,서울,2024.4.2 15:00,23.6,,3.6,22,1001.5,1011.3
108,서울,2024.4.2 16:00,21.1,,3.3,32,1001.3,1011.2
108,서울,2024.4.2 17:00,20.3,,2.3,36,1000.8,1010.7
108,서울,2024.4.2 18:00,20,,2.5,42,1000.6,1010.5
108,서울,2024.4.2 19:00,18.6,,0.9,49,1000.2,1010.1
108,서울,2024.4.2 20:00,17.7,,0.7,51,1000.1,1010.1
108,서울,2024.4.2 21:00,16.5,,1.2,50,1000,1010.1
108,서울,2024.4.2 22:00,15.5,,0.7,53,1000.1,1010.2
108,서울,2024.4.2 23:00,14.8,,0.4,54,999.7,1009.8
108,서울,2024.4.3 0:00,14.1,,2.4,53,999.3,1009.4
108,서울,2024.4.3 1:00,14,,1.6,48,998.7,1008.8
108,서울,2024.4.3 2:00,14.1,,2.5,47,998.3,1008.4
108,서울,2024.4.3 3:00,14.5,,2.4,44,997.6,1007.7
108,서울,2024.4.3 4:00,14.6,,2.2,44,996.8,1006.9
108,서울,2024.4.3 5:00,14.6,,1.7,44,996.9,1007
108,서울,2024.4.3 6:00,14.7,,1.8,47,996.5,1006.6
108,서울,2024.4.3 7:00,14.8,,2.1,45,997,1007.1
108,서울,2024.4.3 8:00,15.5,,2,46,996.9,1007
108,서울,2024.4.3 9:00,16.5,,2,43,996.8,1006.8
108,서울,2024.4.3 10:00,17.1,,2.8,42,996.6,1006.6
108,서울,2024.4.3 11:00,17.5,,2.2,46,996.6,1006.6
108,서울,2024.4.3 12:00,18.1,0,2.3,52,996.1,1006
108,서울,2024.4.3 13:00,18.9,0,2.1,52,995.2,1005.1
108,서울,2024.4.3 14:00,19.7,,1.4,50,994.6,1004.4
108,서울,2024.4.3 15:00,19.3,,2.6,54,994,1003.8
108,서울,2024.4.3 16:00,19.1,,1.7,55,993.9,1003.7
108,서울,2024.4.3 17:00,18.6,,1.3,60,994.1,1004
108,서울,2024.4.3 18:00,18.5,,1.6,58,994.5,1004.4
108,서울,2024.4.3 19:00,17.8,,1.6,58,995.5,1005.4
108,서울,2024.4.3 20:00,16.7,,1.4,61,997,1007
108,서울,2024.4.3 21:00,16.1,,1.8,73,998.1,1008.2
108,서울,2024.4.3 22:00,15.7,,1.5,74,999,1009.1
108,서울,2024.4.3 23:00,15.3,,0.3,73,999.5,1009.6
108,서울,2024.4.4 0:00,14.9,,1.2,76,999.3,1009.4
108,서울,2024.4.4 1:00,14.2,,2.4,72,999.4,1009.5
108,서울,2024.4.4 2:00,13.7,,2.5,63,999.7,1009.8
108,서울,2024.4.4 3:00,13.4,,2.5,62,1000.1,1010.3
108,서울,2024.4.4 4:00,12.9,,3,61,1000.6,1010.8
108,서울,2024.4.4 5:00,12.8,,3.2,59,1001.1,1011.3
108,서울,2024.4.4 6:00,12.5,,3.5,59,1002.4,1012.6
108,서울,2024.4.4 7:00,12.5,,4.1,59,1002.9,1013.1
108,서울,2024.4.4 8:00,13.1,,4.3,57,1003.8,1014
108,서울,2024.4.4 9:00,14.5,,4.7,49,1004.2,1014.4
108,서울,2024.4.4 10:00,16.3,,4.1,43,1004.5,1014.6
108,서울,2024.4.4 11:00,18.2,,4.2,41,1004.4,1014.4
108,서울,2024.4.4 12:00,19.3,,2.3,42,1004.8,1014.7
108,서울,2024.4.4 13:00,19.4,,2.9,44,1004.5,1014.4
108,서울,2024.4.4 14:00,20.1,,2.8,43,1004.2,1014.2
108,서울,2024.4.4 15:00,19.3,,2.1,44,1003.8,1013.7
108,서울,2024.4.4 16:00,19.4,,2.4,43,1003.7,1013.6
108,서울,2024.4.4 17:00,18.7,,3.9,45,1004.1,1014.1
108,서울,2024.4.4 18:00,17.5,,3,49,1004.6,1014.6
108,서울,2024.4.4 19:00,16.4,,3.3,50,1005.2,1015.3
108,서울,2024.4.4 20:00,15.4,,2.8,54,1006.2,1016.4
108,서울,2024.4.4 21:00,14.6,,3,56,1007.3,1017.5
108,서울,2024.4.4 22:00,14.1,,3.5,56,1008.1,1018.3
108,서울,2024.4.4 23:00,13.5,,2.4,55,1008,1018.2
108,서울,2024.4.5 0:00,13.1,,2.4,56,1008.2,1018.5
108,서울,2024.4.5 1:00,12.8,,1.5,55,1008.4,1018.7
108,서울,2024.4.5 2:00,12.8,,2.4,54,1008.4,1018.7
108,서울,2024.4.5 3:00,12.7,,2.9,50,1008.3,1018.6
108,서울,2024.4.5 4:00,12.5,,2.7,51,1008.4,1018.7
108,서울,2024.4.5 5:00,12.2,,1.7,51,1008.2,1018.5
108,서울,2024.4.5 6:00,12.1,,2.1,51,1008.5,1018.8
108,서울,2024.4.5 7:00,12.1,,2.3,53,1008.8,1019.1
108,서울,2024.4.5 8:00,12.3,,3.2,52,1009.3,1019.6
108,서울,2024.4.5 9:00,12.4,,2.8,52,1009.9,1020.2
108,서울,2024.4.5 10:00,13.3,,3,50,1009.8,1020.1
108,서울,2024.4.5 11:00,15.9,,1.8,45,1009.3,1019.5
108,서울,2024.4.5 12:00,16.7,,1.8,46,1008.6,1018.7
108,서울,2024.4.5 13:00,17.3,,3.7,48,1008.3,1018.4
108,서울,2024.4.5 14:00,18.1,,3.5,48,1007.6,1017.6
108,서울,2024.4.5 15:00,18.4,,4.5,50,1007,1017
108,서울,2024.4.5 16:00,17.9,,4.5,46,1006.9,1016.9
108,서울,2024.4.5 17:00,17.7,,3.9,41,1007,1017
108,서울,2024.4.5 18:00,16.4,,3.6,40,1007.4,1017.5
108,서울,2024.4.5 19:00,14.9,,1.7,42,1007.6,1017.8
108,서울,2024.4.5 20:00,13.9,,2.8,45,1008.4,1018.6
108,서울,2024.4.5 21:00,12.8,,2.2,54,1009.3,1019.6
108,서울,2024.4.5 22:00,11.6,,2.1,63,1010,1020.4
108,서울,2024.4.5 23:00,10.9,,0.4,63,1009.8,1020.2
108,서울,2024.4.6 0:00,10.2,,0.7,67,1009.5,1019.9
108,서울,2024.4.6 1:00,10.3,,1.3,70,1009.6,1020
108,서울,2024.4.6 2:00,9.7,,1.8,71,1009.6,1020
108,서울,2024.4.6 3:00,9.5,,2.1,73,1009.7,1020.1
108,서울,2024.4.6 4:00,9.2,,1.1,74,1009.9,1020.3
108,서울,2024.4.6 5:00,8.4,,1.5,77,1009.7,1020.2
108,서울,2024.4.6 6:00,8.2,,1.5,80,1010.1,1020.6
108,서울,2024.4.6 7:00,8.3,,1,80,1010.4,1020.9
108,서울,2024.4.6 8:00,9.4,,1.3,76,1010.2,1020.6
108,서울,2024.4.6 9:00,11,,0.6,70,1010.3,1020.7
108,서울,2024.4.6 10:00,12.7,,1.2,49,1010.3,1020.6
108,서울,2024.4.6 11:00,14.1,,1.7,45,1010.5,1020.7
108,서울,2024.4.6 12:00,15.6,,1.5,33,1009.6,1019.8
108,서울,2024.4.6 13:00,18.2,,3.4,34,1008.7,1018.7
108,서울,2024.4.6 14:00,18.2,,3.1,34,1007.9,1017.9
108,서울,2024.4.6 15:00,18.7,,3.7,30,1007.6,1017.6
108,서울,2024.4.6 16:00,17.4,,4.6,32,1007.2,1017.3
108,서울,2024.4.6 17:00,16.7,,3.4,31,1006.9,1017
108,서울,2024.4.6 18:00,16.1,,1.9,30,1006.5,1016.6
108,서울,2024.4.6 19:00,14.3,,2.8,35,1006.6,1016.8
108,서울,2024.4.6 20:00,12.9,,2,37,1007.2,1017.5
108,서울,2024.4.6 21:00,12,,1,38,1007.9,1018.2
108,서울,2024.4.6 22:00,11,,1,36,1008.1,1018.5
108,서울,2024.4.6 23:00,10.6,,1.9,36,1008.3,1018.7
108,서울,2024.4.7 0:00,10.3,,1.5,35,1008.7,1019.1
108,서울,2024.4.7 1:00,9.8,,0.6,38,1008.6,1019
108,서울,2024.4.7 2:00,9.7,,1.6,40,1008.7,1019.1
108,서울,2024.4.7 3:00,9,,1.6,40,1008.5,1018.9
108,서울,2024.4.7 4:00,8.7,,0.4,45,1008.2,1018.6
108,서울,2024.4.7 5:00,8.3,,0.6,43,1008.3,1018.8
108,서울,2024.4.7 6:00,7.9,,2.2,50,1008.1,1018.6
108,서울,2024.4.7 7:00,7.9,,1.7,52,1008.5,1019
108,서울,2024.4.7 8:00,9.8,,1.2,50,1009,1019.4
108,서울,2024.4.7 9:00,12.7,,0.8,43,1009.3,1019.6
108,서울,2024.4.7 10:00,15.6,,1.2,36,1009.1,1019.3
108,서울,2024.4.7 11:00,17.4,,1.8,29,1008.7,1018.8
108,서울,2024.4.7 12:00,19.4,,2.7,25,1008.1,1018.1
108,서울,2024.4.7 13:00,20.3,,2.5,23,1007.4,1017.4
108,서울,2024.4.7 14:00,22,,2,23,1006.4,1016.3
108,서울,2024.4.7 15:00,22.9,,3.3,22,1005.6,1015.4
108,서울,2024.4.7 16:00,23.2,,3,23,1004.9,1014.7
108,서울,2024.4.7 17:00,22.7,,3.3,24,1005,1014.8
108,서울,2024.4.7 18:00,19.9,,5.2,26,1005.8,1015.8
108,서울,2024.4.7 19:00,17.4,,3.4,30,1006.5,1016.6
108,서울,2024.4.7 20:00,15.6,,2.8,31,1007.4,1017.6
108,서울,2024.4.7 21:00,14.3,,2.1,26,1007.5,1017.7
108,서울,2024.4.7 22:00,13.4,,1.7,29,1007.7,1017.9
108,서울,2024.4.7 23:00,12.5,,2,31,1007.6,1017.9
108,서울,2024.4.8 0:00,12,,0.5,35,1008,1018.3
108,서울,2024.4.8 1:00,11.6,,0.2,40,1007.6,1017.9
108,서울,2024.4.8 2:00,11.7,,0.6,41,1007.2,1017.5
108,서울,2024.4.8 3:00,11.5,,1.7,45,1006.9,1017.2
108,서울,2024.4.8 4:00,11.5,,1.1,45,1006.7,1017
108,서울,2024.4.8 5:00,11.3,,0.4,46,1006.9,1017.2
108,서울,2024.4.8 6:00,11.1,,1,50,1007.4,1017.8
108,서울,2024.4.8 7:00,11.1,,1.3,50,1007.6,1018
108,서울,2024.4.8 8:00,12.1,,0.8,49,1007.6,1017.9
108,서울,2024.4.8 9:00,14.2,,1.6,41,1007.3,1017.5
108,서울,2024.4.8 10:00,16.3,,1.8,40,1007.2,1017.3
108,서울,2024.4.8 11:00,17.7,,1.6,37,1007.3,1017.4
108,서울,2024.4.8 12:00,18.8,,2.2,33,1007,1017
108,서울,2024.4.8 13:00,20.4,,1.7,31,1006.2,1016.2
108,서울,2024.4.8 14:00,22,,2.2,29,1005.5,1015.4
108,서울,2024.4.8 15:00,22.5,,2.7,35,1005,1014.8
108,서울,2024.4.8 16:00,21.9,,2.8,37,1004.4,1014.3
108,서울,2024.4.8 17:00,21.3,,3.5,40,1004.8,1014.7
108,서울,2024.4.8 18:00,19.8,,3.8,45,1004.9,1014.9
108,서울,2024.4.8 19:00,18.1,,4.1,51,1005.3,1015.3
108,서울,2024.4.8 20:00,16.8,,4.2,56,1005.7,1015.8
108,서울,2024.4.8 21:00,16.4,,4,59,1006.1,1016.2
108,서울,2024.4.8 22:00,16.2,,3.7,59,1005.8,1015.9
108,서울,2024.4.8 23:00,15.8,,3.6,61,1005.5,1015.6
108,서울,2024.4.9 0:00,14.9,,3.1,64,1005.5,1015.7
108,서울,2024.4.9 1:00,14.3,,0.7,65,1005.4,1015.6
108,서울,2024.4.9 2:00,13.6,,3.3,64,1005.8,1016
108,서울,2024.4.9 3:00,12.8,,3.5,60,1006.3,1016.6
108,서울,2024.4.9 4:00,11.9,,4,61,1006.5,1016.8
108,서울,2024.4.9 5:00,11.5,,4.6,42,1007.4,1017.7
108,서울,2024.4.9 6:00,10.9,,5.6,35,1008.3,1018.7
108,서울,2024.4.9 7:00,10.7,,7.5,36,1009.5,1019.9
108,서울,2024.4.9 8:00,11.5,,6.4,36,1010.6,1021
108,서울,2024.4.9 9:00,12.9,,5.4,34,1010.9,1021.2
108,서울,2024.4.9 10:00,14.6,,4.5,31,1011.2,1021.4
108,서울,2024.4.9 11:00,16.3,,4.4,27,1011.5,1021.7
108,서울,2024.4.9 12:00,17.6,,4.2,24,1011.5,1021.6
108,서울,2024.4.9 13:00,18.9,,4,22,1011.1,1021.1
108,서울,2024.4.9 14:00,20,,3.4,23,1010.7,1020.7
108,서울,2024.4.9 15:00,20.2,,3.3,22,1010.7,1020.7
108,서울,2024.4.9 16:00,20.7,,1.9,22,1009.9,1019.9
108,서울,2024.4.9 17:00,20.5,,2.2,19,1009.8,1019.8
108,서울,2024.4.9 18:00,19.7,,2.4,22,1009.7,1019.7
108,서울,2024.4.9 19:00,17.9,,1.9,23,1010,1020.1
108,서울,2024.4.9 20:00,16.4,,1.4,28,1010.5,1020.7
108,서울,2024.4.9 21:00,15,,2.3,30,1011.5,1021.8
108,서울,2024.4.9 22:00,13.9,,2.1,31,1012,1022.3
108,서울,2024.4.9 23:00,13.4,,4,32,1012.1,1022.4
108,서울,2024.4.10 0:00,13.2,,3.2,32,1012.8,1023.1
108,서울,2024.4.10 1:00,12.2,,2.8,35,1013.2,1023.6
108,서울,2024.4.10 2:00,11.8,,2.4,40,1013.1,1023.5
108,서울,2024.4.10 3:00,11.7,,2.5,47,1013.1,1023.5
108,서울,2024.4.10 4:00,10.8,,1.6,49,1013.2,1023.6
108,서울,2024.4.10 5:00,10.4,,1.9,56,1013.9,1024.4
108,서울,2024.4.10 6:00,10.4,,2.1,61,1014.6,1025.1
108,서울,2024.4.10 7:00,10.8,,2.5,69,1015.3,1025.8
108,서울,2024.4.10 8:00,11.8,,3.3,72,1015.7,1026.1
108,서울,2024.4.10 9:00,12.7,,3.1,71,1015.7,1026.1
108,서울,2024.4.10 10:00,13.9,,2.6,66,1016.1,1026.4
108,서울,2024.4.10 11:00,15.3,,2.8,62,1015.7,1026
108,서울,2024.4.10 12:00,16.5,,2.9,56,1015.3,1025.5
108,서울,2024.4.10 13:00,17.2,,1.6,54,1014.6,1024.8
108,서울,2024.4.10 14:00,18.1,,3.1,50,1013.9,1024
108,서울,2024.4.10 15:00,18,,3.3,50,1013.2,1023.3
108,서울,2024.4.10 16:00,18.1,,2.7,50,1012.9,1023
108,서울,2024.4.10 17:00,17.1,,3.8,55,1013,1023.1
108,서울,2024.4.10 18:00,15.2,,4,64,1013.4,1023.7
108,서울,2024.4.10 19:00,14.1,,2.7,69,1013.5,1023.8
108,서울,2024.4.10 20:00,13.4,,2,73,1013.4,1023.7
108,서울,2024.4.10 21:00,13.2,,1.9,75,1013.9,1024.2
108,서울,2024.4.10 22:00,13.1,,1.5,75,1014,1024.3
108,서울,2024.4.10 23:00,12.8,,1.3,75,1014.1,1024.4
108,서울,2024.4.11 0:00,12.5,,1.9,77,1014.2,1024.6
108,서울,2024.4.11 1:00,12.3,,1.3,77,1014.2,1024.6
108,서울,2024.4.11 2:00,12.1,,1,77,1013.6,1024
108,서울,2024.4.11 3:00,12,,1.3,78,1013.2,1023.6
108,서울,2024.4.11 4:00,11.8,,1.8,80,1013,1023.4
108,서울,2024.4.11 5:00,11.7,,2.2,79,1012.2,1022.6
108,서울,2024.4.11 6:00,11.8,,1.4,80,1012.5,1022.9
108,서울,2024.4.11 7:00,11.9,,1.3,79,1012.5,1022.9
108,서울,2024.4.11 8:00,12.5,0,1.9,80,1012.7,1023
108,서울,2024.4.11 9:00,13.2,0,1.3,77,1012.9,1023.2
108,서울,2024.4.11 10:00,15.3,,1.9,69,1012.8,1023.1
108,서울,2024.4.11 11:00,16.6,,1.4,61,1012.2,1022.4
108,서울,2024.4.11 12:00,17.6,,1.8,55,1011.7,1021.8
108,서울,2024.4.11 13:00,19,,1.2,47,1011,1021
108,서울,2024.4.11 14:00,19.6,,1.2,48,1010.5,1020.5
108,서울,2024.4.11 15:00,19.9,,2.1,46,1009.8,1019.8
108,서울,2024.4.11 16:00,21,,2.1,43,1009,1019
108,서울,2024.4.11 17:00,20.9,,1.9,42,1008.4,1018.4
108,서울,2024.4.11 18:00,20.1,,2.3,44,1008.4,1018.4
108,서울,2024.4.11 19:00,18.7,,2.5,46,1008.7,1018.7
108,서울,2024.4.11 20:00,17.2,,2.4,50,1009.2,1019.3
108,서울,2024.4.11 21:00,15.9,,3.3,52,1010,1020.2
108,서울,2024.4.11 22:00,15.2,,2.6,52,1010.4,1020.6
108,서울,2024.4.11 23:00,14.3,,0.7,54,1010.3,1020.5
108,서울,2024.4.12 0:00,13.4,,1.1,56,1010.4,1020.7
108,서울,2024.4.12 1:00,13.1,,1.2,62,1010.3,1020.6
108,서울,2024.4.12 2:00,12.4,,1.2,66,1010.1,1020.4
108,서울,2024.4.12 3:00,12.1,,1,66,1010,1020.3
108,서울,2024.4.12 4:00,12.2,,1.3,67,1009.8,1020.1
108,서울,2024.4.12 5:00,12.5,,1.4,68,1009.6,1019.9
108,서울,2024.4.12 6:00,12.3,,2.2,71,1009.6,1019.9
108,서울,2024.4.12 7:00,12.3,,2,73,1009.6,1019.9
108,서울,2024.4.12 8:00,13.7,,1.8,70,1009.8,1020
108,서울,2024.4.12 9:00,16,,2.3,64,1009.7,1019.9
108,서울,2024.4.12 10:00,17.6,,1.6,61,1009.7,1019.8
108,서울,2024.4.12 11:00,19.2,,1.9,58,1009.1,1019.1
108,서울,2024.4.12 12:00,20.5,,2.5,50,1008.4,1018.4
108,서울,2024.4.12 13:00,22.2,,3.5,45,1007.7,1017.6
108,서울,2024.4.12 14:00,23.2,,3.1,39,1007.1,1016.9
108,서울,2024.4.12 15:00,24,,2.6,38,1006.5,1016.3
108,서울,2024.4.12 16:00,24,,2.4,31,1006,1015.8
108,서울,2024.4.12 17:00,22.9,,3.7,41,1005.7,1015.5
108,서울,2024.4.12 18:00,21.7,,3.1,47,1005.7,1015.6
108,서울,2024.4.12 19:00,19.6,,2.5,54,1006,1015.9
108,서울,2024.4.12 20:00,17.9,,2.7,62,1006.6,1016.6
108,서울,2024.4.12 21:00,16.7,,2.2,68,1007.1,1017.2
108,서울,2024.4.12 22:00,16,,2.5,69,1007.3,1017.5
108,서울,2024.4.12 23:00,15.3,,2.4,72,1007.6,1017.8
108,서울,2024.4.13 0:00,14.6,,1.5,73,1007.6,1017.8
108,서울,2024.4.13 1:00,14.4,,2.4,67,1007.7,1017.9
108,서울,2024.4.13 2:00,13.6,,1.3,67,1007.6,1017.8
108,서울,2024.4.13 3:00,12.7,,0.3,69,1007.7,1018
108,서울,2024.4.13 4:00,12.3,,1.5,74,1008,1018.3
108,서울,2024.4.13 5:00,11.8,,1.1,78,1008,1018.3
108,서울,2024.4.13 6:00,11.3,,0.7,77,1008.2,1018.6
108,서울,2024.4.13 7:00,11.4,,1.5,79,1008.7,1019.1
108,서울,2024.4.13 8:00,13.6,,0.5,72,1008.9,1019.1
108,서울,2024.4.13 9:00,16.1,,0.8,64,1008.9,1019.1
108,서울,2024.4.13 10:00,19.3,,1.6,53,1008.7,1018.7
108,서울,2024.4.13 11:00,21.8,,1.3,47,1008.5,1018.4
108,서울,2024.4.13 12:00,23.7,,2.4,42,1007.6,1017.4
108,서울,2024.4.13 13:00,25.4,,1.6,35,1006.7,1016.5
108,서울,2024.4.13 14:00,26.6,,2.8,31,1006.2,1015.9
108,서울,2024.4.13 15:00,26.7,,4,27,1005.9,1015.6
108,서울,2024.4.13 16:00,27,,3.6,24,1005.7,1015.4
108,서울,2024.4.13 17:00,26.2,,3.3,28,1005.6,1015.4
108,서울,2024.4.13 18:00,25,,3.9,33,1005.8,1015.6
108,서울,2024.4.13 19:00,23.2,,2.8,39,1006.1,1015.9
108,서울,2024.4.13 20:00,21.1,,1.9,47,1006.5,1016.4
108,서울,2024.4.13 21:00,19.8,,1.6,48,1007,1017
108,서울,2024.4.13 22:00,18.9,,1.4,52,1007,1017
108,서울,2024.4.13 23:00,18.2,,1.7,55,1007.1,1017.1
108,서울,2024.4.14 0:00,17.3,,1.4,59,1007.4,1017.5
108,서울,2024.4.14 1:00,16.7,,0.2,60,1007.6,1017.7
108,서울,2024.4.14 2:00,15.8,,0.5,66,1007.7,1017.9
108,서울,2024.4.14 3:00,15.2,,0.9,66,1007.8,1018
108,서울,2024.4.14 4:00,14.6,,0.8,69,1007.5,1017.7
108,서울,2024.4.14 5:00,14.3,,0.4,71,1007.7,1017.9
108,서울,2024.4.14 6:00,13.7,,0.1,72,1008,1018.2
108,서울,2024.4.14 7:00,13.8,,0.9,72,1008.6,1018.8
108,서울,2024.4.14 8:00,15.9,,2,67,1008.6,1018.8
108,서울,2024.4.14 9:00,18.7,,2.6,57,1008.3,1018.3
108,서울,2024.4.14 10:00,21.5,,2.2,51,1008,1017.9
108,서울,2024.4.14 11:00,23.7,,2.1,39,1007.7,1017.5
108,서울,2024.4.14 12:00,25.8,,2.3,30,1007.1,1016.9
108,서울,2024.4.14 13:00,27.2,,2.4,29,1006.1,1015.8
108,서울,2024.4.14 14:00,28.9,,2.2,29,1005.2,1014.8
108,서울,2024.4.14 15:00,28.7,,4,28,1004.5,1014.1
108,서울,2024.4.14 16:00,27.8,,3,29,1004,1013.7
108,서울,2024.4.14 17:00,27.4,,3.3,28,1004.4,1014.1
108,서울,2024.4.14 18:00,25.5,,4.6,31,1004.6,1014.4
108,서울,2024.4.14 19:00,22.6,,2.5,37,1004.4,1014.2
108,서울,2024.4.14 20:00,21.3,,1.7,40,1004.5,1014.4
108,서울,2024.4.14 21:00,20.7,,1.3,43,1004.6,1014.5
108,서울,2024.4.14 22:00,19.8,,1.8,46,1004.1,1014.1
108,서울,2024.4.14 23:00,18.9,,2.2,48,1003.9,1013.8
108,서울,2024.4.15 0:00,18.2,,2.1,50,1003.5,1013.5
108,서울,2024.4.15 1:00,18.4,,1.6,51,1003.1,1013.1
108,서울,2024.4.15 2:00,18.3,,2.3,50,1002,1012
108,서울,2024.4.15 3:00,18.5,,2.6,47,1001.1,1011
108,서울,2024.4.15 4:00,18.8,,2.4,46,1000.6,1010.5
108,서울,2024.4.15 5:00,19.1,,2.9,46,1000.2,1010.1
108,서울,2024.4.15 6:00,19.2,,2.7,47,999.9,1009.8
108,서울,2024.4.15 7:00,19.5,,2,49,999.6,1009.5
108,서울,2024.4.15 8:00,20,0,2.2,49,999.8,1009.7
108,서울,2024.4.15 9:00,18,1.9,2.5,74,999.8,1009.8
108,서울,2024.4.15 10:00,16.3,7.1,2.8,88,1000.5,1010.6
108,서울,2024.4.15 11:00,15.9,4.2,3.1,90,999.9,1010
108,서울,2024.4.15 12:00,16.8,0.3,3,88,999.5,1009.5
108,서울,2024.4.15 13:00,16.8,0.6,3.1,90,999.6,1009.6
108,서울,2024.4.15 14:00,16.8,2,1.6,92,999.7,1009.7
108,서울,2024.4.15 15:00,16.7,0.3,2.6,91,998.8,1008.8
108,서울,2024.4.15 16:00,16.9,0.2,1.7,91,998.3,1008.3
108,서울,2024.4.15 17:00,15.9,0.4,3.1,91,998.6,1008.7
108,서울,2024.4.15 18:00,14.8,0.1,3.6,92,999.2,1009.3
108,서울,2024.4.15 19:00,13.6,0,3.5,91,999.8,1010
108,서울,2024.4.15 20:00,12.1,,4.2,90,1000.9,1011.1
108,서울,2024.4.15 21:00,11.8,0,2.9,91,1001.7,1012
108,서울,2024.4.15 22:00,11.9,0,1.9,91,1002,1012.3
108,서울,2024.4.15 23:00,12.2,0,0.3,89,1001.6,1011.8
108,서울,2024.4.16 0:00,12.4,,2.4,89,1001.7,1011.9
108,서울,2024.4.16 1:00,12.1,,1.8,89,1001.5,1011.7
108,서울,2024.4.16 2:00,11.7,0,3.3,92,1001.6,1011.9
108,서울,2024.4.16 3:00,11.5,0.4,1.7,93,1001.1,1011.4
108,서울,2024.4.16 4:00,11.6,0.1,3.1,93,1000.8,1011.1
108,서울,2024.4.16 5:00,11.8,0,2.5,92,1000.5,1010.7
108,서울,2024.4.16 6:00,11.9,,1.7,93,1000.8,1011
108,서울,2024.4.16 7:00,11.8,0.3,2.3,95,1001.6,1011.9
108,서울,2024.4.16 8:00,12,0.8,2.1,96,1001.8,1012.1
108,서울,2024.4.16 9:00,12,0.7,2.5,94,1001.9,1012.2
108,서울,2024.4.16 10:00,12.2,0,2.7,92,1002.2,1012.4
108,서울,2024.4.16 11:00,12.4,,3.2,90,1002.4,1012.6
108,서울,2024.4.16 12:00,13.2,,2.8,83,1002.1,1012.3
108,서울,2024.4.16 13:00,15.7,,2.2,73,1001.9,1012
108,서울,2024.4.16 14:00,16.5,,3.2,65,1001.6,1011.7
108,서울,2024.4.16 15:00,17,,3.6,63,1001.4,1011.4
108,서울,2024.4.16 16:00,17.6,,2.3,61,1001.2,1011.2
108,서울,2024.4.16 17:00,17.1,,3.8,64,1001.5,1011.5
108,서울,2024.4.16 18:00,16.2,,2.7,65,1001.6,1011.7
108,서울,2024.4.16 19:00,14.9,,2.5,74,1002.1,1012.3
108,서울,2024.4.16 20:00,13.8,,1.2,78,1002.4,1012.6
108,서울,2024.4.16 21:00,12.9,,2.3,82,1003,1013.2
108,서울,2024.4.16 22:00,12.4,,2,85,1003.2,1013.4
108,서울,2024.4.16 23:00,12,,1.5,86,1002.8,1013.1
108,서울,2024.4.17 0:00,11.5,,1.7,88,1002.8,1013.1
108,서울,2024.4.17 1:00,11.2,,1.7,90,1003.3,1013.6
108,서울,2024.4.17 2:00,10.9,,2.4,91,1003.3,1013.6
108,서울,2024.4.17 3:00,10.6,,2.4,92,1003.6,1013.9
108,서울,2024.4.17 4:00,10.4,,2.1,93,1003.7,1014.1
108,서울,2024.4.17 5:00,10,,2.3,91,1003.8,1014.2
108,서울,2024.4.17 6:00,9.8,,1.4,91,1004,1014.4
108,서울,2024.4.17 7:00,9.9,,1.6,89,1004.4,1014.8
108,서울,2024.4.17 8:00,10.7,,1.5,87,1004,1014.3
108,서울,2024.4.17 9:00,12.8,,1.8,78,1004.1,1014.3
108,서울,2024.4.17 10:00,15.1,,1.3,63,1003.7,1013.9
108,서울,2024.4.17 11:00,17.4,,1.4,57,1003.2,1013.2
108,서울,2024.4.17 12:00,18.6,,2.8,53,1002.7,1012.7
108,서울,2024.4.17 13:00,19.8,,2.8,46,1002,1012
108,서울,2024.4.17 14:00,20.7,,2.6,45,1001.2,1011.1
108,서울,2024.4.17 15:00,21.7,,3.1,36,1000.3,1010.1
108,서울,2024.4.17 16:00,21.2,,2.5,42,999.8,1009.7
108,서울,2024.4.17 17:00,20.7,,3.6,43,999.6,1009.5
108,서울,2024.4.17 18:00,19,,3.5,45,999.4,1009.3
108,서울,2024.4.17 19:00,17.5,,2.6,49,999.7,1009.7
108,서울,2024.4.17 20:00,15.9,,2.3,57,1000.4,1010.5
108,서울,2024.4.17 21:00,14.5,,2.6,60,1000.9,1011
108,서울,2024.4.17 22:00,13.7,,2.2,60,1000.8,1011
108,서울,2024.4.17 23:00,13.3,,2.1,64,1000.7,1010.9
108,서울,2024.4.18 0:00,12.9,,0.5,67,1000.3,1010.5
108,서울,2024.4.18 1:00,12.6,,0,71,1000.4,1010.6
108,서울,2024.4.18 2:00,12.3,,0.5,74,999.9,1010.1
108,서울,2024.4.18 3:00,11.9,,0.9,76,999.4,1009.6
108,서울,2024.4.18 4:00,11.4,,1.3,77,999.2,1009.5
108,서울,2024.4.18 5:00,11.1,,2.2,79,999.5,1009.8
108,서울,2024.4.18 6:00,10.8,,0.5,80,1000,1010.3
108,서울,2024.4.18 7:00,11,,0.5,81,1000.6,1010.9
108,서울,2024.4.18 8:00,13,,1.8,78,1000.9,1011.1
108,서울,2024.4.18 9:00,15.6,,1.5,68,1000.8,1010.9
108,서울,2024.4.18 10:00,17.9,,1.9,62,1001,1011
108,서울,2024.4.18 11:00,19.9,,2.3,56,1001,1011
108,서울,2024.4.18 12:00,21.9,,2.4,48,1000.6,1010.4
108,서울,2024.4.18 13:00,22.4,,3.2,38,1000,1009.8
108,서울,2024.4.18 14:00,24.3,,2.8,38,999.1,1008.8
108,서울,2024.4.18 15:00,24.9,,3.2,34,998.2,1007.9
108,서울,2024.4.18 16:00,24.7,,3.3,34,997.9,1007.6
108,서울,2024.4.18 17:00,23.5,,3.7,32,998.3,1008
108,서울,2024.4.18 18:00,21.2,,4.5,30,998.7,1008.6
108,서울,2024.4.18 19:00,19.2,,3.1,28,999.6,1009.5
108,서울,2024.4.18 20:00,17.7,,3.6,32,1000.3,1010.3
108,서울,2024.4.18 21:00,17,,3.2,36,1000.9,1010.9
108,서울,2024.4.18 22:00,16.1,,2.5,43,1001.4,1011.5
108,서울,2024.4.18 23:00,15.5,,1.3,48,1001.8,1011.9
108,서울,2024.4.19 0:00,14.8,,0.8,54,1002.2,1012.4
108,서울,2024.4.19 1:00,13.9,,1.8,58,1002.1,1012.3
108,서울,2024.4.19 2:00,13.1,,1.7,60,1002.2,1012.4
108,서울,2024.4.19 3:00,12.7,,0.5,63,1001.7,1011.9
108,서울,2024.4.19 4:00,12.1,,0.5,65,1002.1,1012.3
108,서울,2024.4.19 5:00,11.9,,1.5,67,1002,1012.3
108,서울,2024.4.19 6:00,11.7,,1.4,66,1002.5,1012.8
108,서울,2024.4.19 7:00,11.8,,2.2,68,1002.9,1013.2
108,서울,2024.4.19 8:00,14,,2.5,60,1003.3,1013.5
108,서울,2024.4.19 9:00,16.1,,1.4,50,1003.6,1013.7
108,서울,2024.4.19 10:00,18.3,,2.4,45,1003.8,1013.8
108,서울,2024.4.19 11:00,20.2,,2.5,42,1003,1013
108,서울,2024.4.19 12:00,21.8,,1.8,40,1002.4,1012.3
108,서울,2024.4.19 13:00,23.3,,2.8,38,1001.7,1011.5
108,서울,2024.4.19 14:00,23.8,,3.7,38,1001.4,1011.1
108,서울,2024.4.19 15:00,24.1,,2.8,37,1000.7,1010.4
108,서울,2024.4.19 16:00,23.4,,3,35,1000.4,1010.2
108,서울,2024.4.19 17:00,22.6,,3.5,35,1000.5,1010.3
108,서울,2024.4.19 18:00,21.1,,3.1,41,1000.8,1010.7
108,서울,2024.4.19 19:00,19.5,,2.1,52,1001.3,1011.2
108,서울,2024.4.19 20:00,18.2,,2.4,57,1001.9,1011.9
108,서울,2024.4.19 21:00,17.2,,3.1,58,1002.5,1012.5
108,서울,2024.4.19 22:00,16.4,,1.1,52,1002.8,1012.9
108,서울,2024.4.19 23:00,16,,0.8,54,1002.3,1012.4
108,서울,2024.4.20 0:00,15.8,,0.8,59,1002.1,1012.2
108,서울,2024.4.20 1:00,15.7,,0.3,62,1001.8,1011.9
108,서울,2024.4.20 2:00,15.6,,1.2,65,1001.1,1011.2
108,서울,2024.4.20 3:00,15.2,,2.5,66,1000.7,1010.8
108,서울,2024.4.20 4:00,15.4,,1.9,68,1000.6,1010.7
108,서울,2024.4.20 5:00,15.5,,3.1,69,999.8,1009.9
108,서울,2024.4.20 6:00,15.6,,1.9,65,1000,1010.1
108,서울,2024.4.20 7:00,15.6,,2.3,64,1000,1010.1
108,서울,2024.4.20 8:00,16.1,,2.9,62,1000,1010.1
108,서울,2024.4.20 9:00,16.6,,1.4,60,1001.5,1011.6
108,서울,2024.4.20 10:00,17.2,0,0.8,59,1002.2,1012.2
108,서울,2024.4.20 11:00,16.8,0.5,1,73,1001.7,1011.7
108,서울,2024.4.20 12:00,16.9,0,2.9,70,1001.1,1011.1
108,서울,2024.4.20 13:00,16.4,0,2.6,73,1000.6,1010.7
108,서울,2024.4.20 14:00,16.1,0.2,3.3,77,999.5,1009.6
108,서울,2024.4.20 15:00,15,0.5,3.9,86,999.1,1009.2
108,서울,2024.4.20 16:00,14.4,0.8,3.4,89,998.7,1008.8
108,서울,2024.4.20 17:00,14.1,0.9,3.6,91,998.5,1008.6
108,서울,2024.4.20 18:00,13.7,0.3,4.6,92,998.7,1008.8
108,서울,2024.4.20 19:00,13.5,1,3.7,93,999.4,1009.6
108,서울,2024.4.20 20:00,13.3,0.6,4.7,93,999.4,1009.6
108,서울,2024.4.20 21:00,13.2,0,4.4,92,999.8,1010
108,서울,2024.4.20 22:00,13,0,5.2,91,999.9,1010.1
108,서울,2024.4.20 23:00,13,0,4.7,90,999.5,1009.7
108,서울,2024.4.21 0:00,13.3,0,4.5,87,999.5,1009.7
108,서울,2024.4.21 1:00,13.6,,3.5,85,999.6,1009.7
108,서울,2024.4.21 2:00,13.9,,3.5,81,999.5,1009.6
108,서울,2024.4.21 3:00,14,,3.1,80,999.5,1009.6
108,서울,2024.4.21 4:00,13.7,,2.7,79,999.5,1009.6
108,서울,2024.4.21 5:00,13.6,,2.7,78,999.7,1009.9
108,서울,2024.4.21 6:00,13.7,,3.8,78,999.8,1009.9
108,서울,2024.4.21 7:00,14.1,,3.3,77,1000.2,1010.3
108,서울,2024.4.21 8:00,15.1,,3.2,74,1000.6,1010.7
108,서울,2024.4.21 9:00,16.6,,3.1,69,1001.1,1011.2
108,서울,2024.4.21 10:00,17.9,,3.7,65,1001.2,1011.2
108,서울,2024.4.21 11:00,19.6,,4.4,61,1000.8,1010.7
108,서울,2024.4.21 12:00,21.4,,3.9,56,1000.3,1010.2
108,서울,2024.4.21 13:00,21.1,,3.5,57,1000.3,1010.2
108,서울,2024.4.21 14:00,20.7,,3.3,57,1000.6,1010.5
108,서울,2024.4.21 15:00,19.9,,3.7,58,1000.5,1010.5
108,서울,2024.4.21 16:00,19.5,,4.2,58,1000.5,1010.4
108,서울,2024.4.21 17:00,19.2,,4.2,58,1000.8,1010.7
108,서울,2024.4.21 18:00,18.6,,3.9,58,1001,1010.9
108,서울,2024.4.21 19:00,18,,3.9,60,1001.3,1011.3
108,서울,2024.4.21 20:00,17.5,,3.4,61,1001.5,1011.5
108,서울,2024.4.21 21:00,17,,5.1,62,1001.8,1011.8
108,서울,2024.4.21 22:00,16.6,,4.1,63,1002.1,1012.2
108,서울,2024.4.21 23:00,16.4,,3.5,63,1002.5,1012.6
108,서울,2024.4.22 0:00,16.1,,3.4,63,1002.6,1012.7
108,서울,2024.4.22 1:00,15.9,,3.3,62,1002.5,1012.6
108,서울,2024.4.22 2:00,15.6,,3.1,62,1002.3,1012.4
108,서울,2024.4.22 3:00,15.4,,2.6,60,1002.5,1012.6
108,서울,2024.4.22 4:00,15.3,,3.3,58,1002.2,1012.3
108,서울,2024.4.22 5:00,15.1,,3,59,1002.1,1012.3
108,서울,2024.4.22 6:00,15,,2.8,58,1002.7,1012.9
108,서울,2024.4.22 7:00,15.1,,1.7,58,1003.1,1013.3
108,서울,2024.4.22 8:00,16,,2.6,55,1003.3,1013.4
108,서울,2024.4.22 9:00,16.7,,4.1,50,1003.7,1013.8
108,서울,2024.4.22 10:00,17.4,,4.4,48,1003.8,1013.8
108,서울,2024.4.22 11:00,18.1,,3.4,49,1004.1,1014.1
108,서울,2024.4.22 12:00,19.8,,3.6,46,1003.6,1013.6
108,서울,2024.4.22 13:00,21.3,,3.4,44,1003,1012.9
108,서울,2024.4.22 14:00,21.9,,4.1,45,1002.4,1012.3
108,서울,2024.4.22 15:00,23.3,,2.8,41,1001.8,1011.6
108,서울,2024.4.22 16:00,23.9,,2.8,41,1001.4,1011.1
108,서울,2024.4.22 17:00,24,,1.5,39,1001.5,1011.2
108,서울,2024.4.22 18:00,23.4,,2.8,41,1001.6,1011.4
108,서울,2024.4.22 19:00,22.2,,2.1,44,1002,1011.8
108,서울,2024.4.22 20:00,21.4,,2.5,46,1002.8,1012.7
108,서울,2024.4.22 21:00,20.4,,4.6,45,1003.5,1013.5
108,서울,2024.4.22 22:00,19.3,,4,47,1004.4,1014.3
108,서울,2024.4.22 23:00,18,,3.4,50,1004.4,1014.4
108,서울,2024.4.23 0:00,16.6,,4,54,1004.6,1014.7
108,서울,2024.4.23 1:00,15.6,,3.5,57,1004.2,1014.3
108,서울,2024.4.23 2:00,14.8,,3.8,59,1004.2,1014.4
108,서울,2024.4.23 3:00,14.4,,3.6,61,1004,1014.2
108,서울,2024.4.23 4:00,13.9,,2.3,63,1003.9,1014.1
108,서울,2024.4.23 5:00,13.5,,3.3,65,1003.7,1013.9
108,서울,2024.4.23 6:00,13.3,,3.4,66,1003.9,1014.1
108,서울,2024.4.23 7:00,14,,3.9,65,1003.9,1014.1
108,서울,2024.4.23 8:00,15,,3.8,64,1004,1014.2
108,서울,2024.4.23 9:00,16.2,,5,60,1003.2,1013.3
108,서울,2024.4.23 10:00,18.5,,3.1,53,1002.5,1012.5
108,서울,2024.4.23 11:00,20.3,,4.1,50,1002.1,1012
108,서울,2024.4.23 12:00,21.2,,3.2,45,1001.4,1011.3
108,서울,2024.4.23 13:00,22.4,,2.6,42,1000.6,1010.4
108,서울,2024.4.23 14:00,24.1,,2.7,37,999.8,1009.5
108,서울,2024.4.23 15:00,22.6,,2.8,40,998.7,1008.5
108,서울,2024.4.23 16:00,21.6,,3.2,43,998.1,1007.9
108,서울,2024.4.23 17:00,20.8,,3.5,45,997.9,1007.8
108,서울,2024.4.23 18:00,19.9,,3,46,998.3,1008.2
108,서울,2024.4.23 19:00,18.7,0,3.2,48,998.9,1008.8
108,서울,2024.4.23 20:00,17,0,4.3,55,999.1,1009.1
108,서울,2024.4.23 21:00,16.2,0,4,56,999.6,1009.7
108,서울,2024.4.23 22:00,15.4,0,5,57,999.3,1009.4
108,서울,2024.4.23 23:00,14.9,0,3.3,60,999.2,1009.3
108,서울,2024.4.24 0:00,14.2,,3.6,66,998.9,1009
108,서울,2024.4.24 1:00,13.8,,4,67,998.2,1008.3
108,서울,2024.4.24 2:00,13.5,0,4.1,70,997.6,1007.7
108,서울,2024.4.24 3:00,13.3,0,4.1,71,997.1,1007.2
108,서울,2024.4.24 4:00,13.2,0,3.1,73,996.6,1006.7
108,서울,2024.4.24 5:00,12.3,0.5,2.5,85,996.2,1006.4
108,서울,2024.4.24 6:00,11.8,2.7,2.9,91,996.3,1006.5
108,서울,2024.4.24 7:00,11.5,3.3,3.1,93,996.2,1006.4
108,서울,2024.4.24 8:00,11.6,1.5,3,91,996.2,1006.4
108,서울,2024.4.24 9:00,11.9,0.5,2,92,996.7,1006.9
108,서울,2024.4.24 10:00,12.5,0.5,3.7,90,996.7,1006.9
108,서울,2024.4.24 11:00,14.1,,2.5,80,996.7,1006.8
108,서울,2024.4.24 12:00,14.1,,1.5,78,996.9,1007
108,서울,2024.4.24 13:00,14.8,,1.8,72,996.8,1006.9
108,서울,2024.4.24 14:00,16.3,,3,68,996.9,1006.9
108,서울,2024.4.24 15:00,15.8,,3,69,997,1007.1
108,서울,2024.4.24 16:00,16.2,,2.2,68,997,1007
108,서울,2024.4.24 17:00,15.6,,4.3,72,997.4,1007.5
108,서울,2024.4.24 18:00,15.3,,2.8,71,997.7,1007.8
108,서울,2024.4.24 19:00,14.2,,4.5,73,998,1008.1
108,서울,2024.4.24 20:00,13,,2.2,79,998.8,1009
108,서울,2024.4.24 21:00,12.1,,2.5,82,999.6,1009.8
108,서울,2024.4.24 22:00,11.4,,3.4,85,1000.4,1010.7
108,서울,2024.4.24 23:00,11.1,,2.6,86,1000.6,1010.9
108,서울,2024.4.25 0:00,11.1,,2.2,87,1001,1011.3
108,서울,2024.4.25 1:00,11,,2.2,88,1001.5,1011.8
108,서울,2024.4.25 2:00,10.9,,1.6,88,1001.1,1011.4
108,서울,2024.4.25 3:00,10.9,,2.1,86,1001.6,1011.9
108,서울,2024.4.25 4:00,10.8,,2.9,87,1001.7,1012
108,서울,2024.4.25 5:00,10.7,,1.4,88,1001.7,1012
108,서울,2024.4.25 6:00,10.4,,2.5,90,1002.1,1012.4
108,서울,2024.4.25 7:00,10.5,,1,88,1002,1012.3
108,서울,2024.4.25 8:00,10.7,,0.8,88,1002.9,1013.2
108,서울,2024.4.25 9:00,11.1,,1.2,86,1003.1,1013.4
108,서울,2024.4.25 10:00,11.6,,1.6,83,1003.1,1013.4
108,서울,2024.4.25 11:00,12.4,,0.9,81,1003.1,1013.3
108,서울,2024.4.25 12:00,13.8,,1.1,73,1002.4,1012.6
108,서울,2024.4.25 13:00,16.4,,1.8,66,1001.5,1011.6
108,서울,2024.4.25 14:00,18.2,,1.1,59,1000.7,1010.7
108,서울,2024.4.25 15:00,19.9,,1.6,56,1000.2,1010.2
108,서울,2024.4.25 16:00,20.5,,3,48,1000.1,1010
108,서울,2024.4.25 17:00,20.5,,2.5,51,999.8,1009.7
108,서울,2024.4.25 18:00,19.7,,2.1,56,999.8,1009.7
108,서울,2024.4.25 19:00,18,,2.7,61,1000.5,1010.5
108,서울,2024.4.25 20:00,16.4,,2.5,71,1001.1,1011.2
108,서울,2024.4.25 21:00,15.5,,0.7,76,1001.5,1011.6
108,서울,2024.4.25 22:00,14.6,,1.5,78,1001.6,1011.7
108,서울,2024.4.25 23:00,14,,1.1,80,1001.5,1011.6
108,서울,2024.4.26 0:00,13.6,,0.4,82,1001.1,1011.3
108,서울,2024.4.26 1:00,13.3,,0.7,82,1001.3,1011.5
108,서울,2024.4.26 2:00,12.8,,0.3,84,1001.2,1011.4
108,서울,2024.4.26 3:00,12.4,,0.8,85,1001,1011.2
108,서울,2024.4.26 4:00,12,,1.5,86,1000.8,1011
108,서울,2024.4.26 5:00,11.9,,1.3,88,1000.8,1011
108,서울,2024.4.26 6:00,11.5,,1.9,89,1001,1011.3
108,서울,2024.4.26 7:00,11.7,,2,90,1001.1,1011.4
108,서울,2024.4.26 8:00,13.5,,1.7,87,1001.2,1011.4
108,서울,2024.4.26 9:00,15.6,,2,76,1000.7,1010.8
108,서울,2024.4.26 10:00,17.8,,1.2,63,1000.7,1010.7
108,서울,2024.4.26 11:00,19.3,,0.5,56,1000.9,1010.8
108,서울,2024.4.26 12:00,21.3,,1.3,48,1000.5,1010.4
108,서울,2024.4.26 13:00,23.3,,2.3,40,999.6,1009.4
108,서울,2024.4.26 14:00,24.8,,1.8,40,998.8,1008.6
108,서울,2024.4.26 15:00,25.4,,2.5,30,998.2,1007.9
108,서울,2024.4.26 16:00,26,,1.6,25,998,1007.7
108,서울,2024.4.26 17:00,25.8,,1.8,28,997.7,1007.4
108,서울,2024.4.26 18:00,23.8,,3.2,40,997.9,1007.6
108,서울,2024.4.26 19:00,21.5,,3.7,33,998.8,1008.6
108,서울,2024.4.26 20:00,19.3,,3.3,44,999.3,1009.2
108,서울,2024.4.26 21:00,17.4,,2.6,53,1000,1010
108,서울,2024.4.26 22:00,16.4,,2,59,1000.3,1010.4
108,서울,2024.4.26 23:00,15.7,,2,62,1000.8,1010.9
108,서울,2024.4.27 0:00,15,,2.5,68,1000.9,1011
108,서울,2024.4.27 1:00,14.2,,1.7,71,1001.2,1011.3
108,서울,2024.4.27 2:00,13.6,,1.1,74,1000.7,1010.9
108,서울,2024.4.27 3:00,12.9,,1.1,76,1000.4,1010.6
108,서울,2024.4.27 4:00,12.4,,0.7,76,1000.7,1010.9
108,서울,2024.4.27 5:00,11.9,,0.1,77,1001.1,1011.3
108,서울,2024.4.27 6:00,11.6,,1.5,77,1000.9,1011.2
108,서울,2024.4.27 7:00,12.1,,0.3,77,1001.6,1011.8
108,서울,2024.4.27 8:00,14.2,,0.5,74,1001.9,1012
108,서울,2024.4.27 9:00,16.7,,1.6,66,1001.9,1012
108,서울,2024.4.27 10:00,18.8,,2.2,58,1001.9,1011.8
108,서울,2024.4.27 11:00,21,,1.9,49,1001.6,1011.5
108,서울,2024.4.27 12:00,22,,3.1,44,1001.6,1011.4
108,서울,2024.4.27 13:00,23.5,,1.8,41,1001,1010.8
108,서울,2024.4.27 14:00,24.7,,2.7,35,1000.5,1010.2
108,서울,2024.4.27 15:00,25.8,,3.2,34,999.6,1009.3
108,서울,2024.4.27 16:00,26.1,,3.4,35,999.3,1009
108,서울,2024.4.27 17:00,24.8,,4,41,999.6,1009.4
108,서울,2024.4.27 18:00,23.6,,3.5,43,1000,1009.7
108,서울,2024.4.27 19:00,21.1,,3.2,45,1000.9,1010.8
108,서울,2024.4.27 20:00,18.8,,2.9,51,1001.7,1011.6
108,서울,2024.4.27 21:00,17.6,,1.3,50,1002.3,1012.3
108,서울,2024.4.27 22:00,16.9,,1.3,52,1002.8,1012.9
108,서울,2024.4.27 23:00,16,,1.1,56,1002.7,1012.8
108,서울,2024.4.28 0:00,15.6,,1,61,1002.9,1013
108,서울,2024.4.28 1:00,14.8,,1.9,65,1003.5,1013.7
108,서울,2024.4.28 2:00,14.3,,1.1,68,1003.5,1013.7
108,서울,2024.4.28 3:00,14,,1.3,71,1003.1,1013.3
108,서울,2024.4.28 4:00,13.5,,1.1,74,1002.8,1013
108,서울,2024.4.28 5:00,13.5,,0.4,77,1003.1,1013.3
108,서울,2024.4.28 6:00,13,,0.5,79,1003.7,1013.9
108,서울,2024.4.28 7:00,13.4,,1.3,79,1004,1014.2
108,서울,2024.4.28 8:00,16,,1.1,72,1004.4,1014.5
108,서울,2024.4.28 9:00,18.6,,2.1,62,1003.8,1013.8
108,서울,2024.4.28 10:00,20.7,,1.4,54,1004,1013.9
108,서울,2024.4.28 11:00,22.9,,1.4,50,1003.8,1013.6
108,서울,2024.4.28 12:00,24.7,,2.4,41,1003.2,1012.9
108,서울,2024.4.28 13:00,26.3,,1,36,1002.5,1012.2
108,서울,2024.4.28 14:00,27.6,,2.2,30,1002.1,1011.8
108,서울,2024.4.28 15:00,27.9,,2.5,25,1001.5,1011.1
108,서울,2024.4.28 16:00,28.9,,1.1,26,1001.2,1010.8
108,서울,2024.4.28 17:00,27.7,,3,36,1001.3,1010.9
108,서울,2024.4.28 18:00,26.1,,3.1,41,1001.5,1011.2
108,서울,2024.4.28 19:00,24.2,,1.5,49,1001.5,1011.2
108,서울,2024.4.28 20:00,22.6,,2,53,1001.7,1011.5
108,서울,2024.4.28 21:00,21.6,,1.1,54,1002.1,1012
108,서울,2024.4.28 22:00,20.5,,1.5,55,1001.8,1011.7
108,서울,2024.4.28 23:00,20.1,,1.8,57,1001.5,1011.5
108,서울,2024.4.29 0:00,19.4,,2.1,55,1001.3,1011.2
108,서울,2024.4.29 1:00,19,,2.9,53,1001.2,1011.1
108,서울,2024.4.29 2:00,18.4,,3.3,52,1000.9,1010.8
108,서울,2024.4.29 3:00,17.8,,4.2,52,1000.7,1010.7
108,서울,2024.4.29 4:00,17.5,,3.4,52,1000.5,1010.5
108,서울,2024.4.29 5:00,17.3,,2.8,51,1000.8,1010.8
108,서울,2024.4.29 6:00,16.9,,4.1,52,1000.4,1010.4
108,서울,2024.4.29 7:00,17.2,,4.1,51,1000.6,1010.6
108,서울,2024.4.29 8:00,17.7,,4,51,1000.2,1010.2
108,서울,2024.4.29 9:00,18.7,,3.5,48,1000,1009.9
108,서울,2024.4.29 10:00,20.6,,3.7,43,1000,1009.9
108,서울,2024.4.29 11:00,22.6,,4,41,999.4,1009.2
108,서울,2024.4.29 12:00,23.9,,3.8,38,998.5,1008.2
108,서울,2024.4.29 13:00,24.3,,3.2,39,998,1007.7
108,서울,2024.4.29 14:00,25.2,,3.1,38,997.4,1007.1
108,서울,2024.4.29 15:00,26,,2.1,38,996.4,1006.1
108,서울,2024.4.29 16:00,25.2,,2.1,39,995.6,1005.3
108,서울,2024.4.29 17:00,25.6,,2,39,995.5,1005.2
108,서울,2024.4.29 18:00,25.3,,1.8,39,995.5,1005.2
108,서울,2024.4.29 19:00,23.5,,3.5,45,995.8,1005.5
108,서울,2024.4.29 20:00,21.5,,2.6,51,996.7,1006.5
108,서울,2024.4.29 21:00,20.2,,1.6,56,997.4,1007.3
108,서울,2024.4.29 22:00,19.5,,3.2,57,997.7,1007.6
108,서울,2024.4.29 23:00,18.6,,2.2,60,997.5,1007.4
108,서울,2024.4.30 0:00,18,,2.3,61,997,1006.9
108,서울,2024.4.30 1:00,17.7,,1.8,63,996.6,1006.5
108,서울,2024.4.30 2:00,17.1,,1.1,64,995.6,1005.6
108,서울,2024.4.30 3:00,17.6,,1,68,995,1004.9
108,서울,2024.4.30 4:00,17.6,,0.2,67,994.7,1004.6
108,서울,2024.4.30 5:00,17.7,,2.2,71,995,1004.9
108,서울,2024.4.30 6:00,17.6,,1.4,72,995.2,1005.1
108,서울,2024.4.30 7:00,16.5,,4.3,71,996,1006
108,서울,2024.4.30 8:00,17,,1.8,68,995.8,1005.8
108,서울,2024.4.30 9:00,18.2,,2.8,63,995.9,1005.8
108,서울,2024.4.30 10:00,19.1,,2.3,62,995.9,1005.8
108,서울,2024.4.30 11:00,19.9,,2.6,59,996.1,1006
108,서울,2024.4.30 12:00,20.8,,2.6,56,995.8,1005.7
108,서울,2024.4.30 13:00,21.7,,2.4,50,995.4,1005.2
108,서울,2024.4.30 14:00,22.1,,2.6,48,994.9,1004.7
108,서울,2024.4.30 15:00,22,,3.2,48,994.4,1004.2
108,서울,2024.4.30 16:00,21.3,,2.6,46,994.8,1004.6
108,서울,2024.4.30 17:00,20.3,,2.9,52,995.1,1005
108,서울,2024.4.30 18:00,19.6,,2.2,57,995.6,1005.4
108,서울,2024.4.30 19:00,18.5,,3.1,57,996.2,1006.1
108,서울,2024.4.30 20:00,17.8,,2.4,63,997,1006.9
108,서울,2024.4.30 21:00,17.2,,1.5,65,997.8,1007.8
108,서울,2024.4.30 22:00,16.7,,2.2,68,998.2,1008.2
108,서울,2024.4.30 23:00,16.3,,1.1,69,998.5,1008.5
108,서울,2024.5.1 0:00,16,,0.3,71,998.9,1009
108,서울,2024.5.1 1:00,15.8,,2.5,66,998.8,1008.9
108,서울,2024.5.1 2:00,15.5,,3.6,64,998.8,1008.9
108,서울,2024.5.1 3:00,14.7,,3.3,64,999.1,1009.2
108,서울,2024.5.1 4:00,14.3,,3,63,999.5,1009.6
108,서울,2024.5.1 5:00,14.2,,2.3,60,1000,1010.1
108,서울,2024.5.1 6:00,14,,3.4,54,1000.6,1010.7
108,서울,2024.5.1 7:00,14.3,,3.8,49,1001.1,1011.2
108,서울,2024.5.1 8:00,15.1,,3.6,47,1001.7,1011.9
108,서울,2024.5.1 9:00,17.2,,2.9,41,1002,1012
108,서울,2024.5.1 10:00,18.7,,2.4,38,1002.2,1012.1
108,서울,2024.5.1 11:00,19.3,,2.3,35,1002.3,1012.2
108,서울,2024.5.1 12:00,20.5,,1.8,34,1001.8,1011.7
108,서울,2024.5.1 13:00,21.6,,2,34,1001.2,1011.1
108,서울,2024.5.1 14:00,22.4,,2.3,31,1000.8,1010.6
108,서울,2024.5.1 15:00,23.5,,2.1,30,1000.3,1010
108,서울,2024.5.1 16:00,23.8,,1.7,28,1000.2,1009.9
108,서울,2024.5.1 17:00,23.4,,2.1,28,1000.5,1010.3
108,서울,2024.5.1 18:00,23.1,,0.8,29,1000.8,1010.6
108,서울,2024.5.1 19:00,21.8,,2,35,1001.6,1011.5
108,서울,2024.5.1 20:00,19.7,,3.6,51,1002.8,1012.7
108,서울,2024.5.1 21:00,18.6,,1.4,55,1003.9,1013.9
108,서울,2024.5.1 22:00,17.7,,0.9,59,1004.5,1014.5
108,서울,2024.5.1 23:00,16.8,,0.8,58,1005.4,1015.5
108,서울,2024.5.2 0:00,16.1,,0.1,61,1005.8,1015.9
108,서울,2024.5.2 1:00,15.4,,1.2,61,1006,1016.2
108,서울,2024.5.2 2:00,15,,1,60,1005.7,1015.9
108,서울,2024.5.2 3:00,14.3,,1.5,64,1005.9,1016.1
108,서울,2024.5.2 4:00,13.9,,1.7,67,1006.4,1016.6
108,서울,2024.5.2 5:00,13,,2.2,70,1006.7,1017
108,서울,2024.5.2 6:00,12.4,,2,72,1007.1,1017.4
108,서울,2024.5.2 7:00,13,,2.2,73,1007.9,1018.2
108,서울,2024.5.2 8:00,15.6,,1,63,1008.4,1018.6
108,서울,2024.5.2 9:00,17.7,,1,57,1008.6,1018.7
108,서울,2024.5.2 10:00,19.7,,2.7,51,1008.9,1018.9
108,서울,2024.5.2 11:00,20.9,,3.4,45,1009.1,1019.1
108,서울,2024.5.2 12:00,22.4,,3.4,40,1008.8,1018.7
108,서울,2024.5.2 13:00,22.4,,4,36,1008.5,1018.4
108,서울,2024.5.2 14:00,23.1,,4.2,32,1008.2,1018
108,서울,2024.5.2 15:00,23.6,,3.6,32,1007.6,1017.4
108,서울,2024.5.2 16:00,23.3,,3.2,32,1007.4,1017.2
108,서울,2024.5.2 17:00,22.9,,3.4,29,1007.5,1017.4
108,서울,2024.5.2 18:00,21.7,,3.8,32,1007.3,1017.2
108,서울,2024.5.2 19:00,20.1,,3.5,35,1007.2,1017.2
108,서울,2024.5.2 20:00,18.6,,2.5,38,1007.8,1017.8
108,서울,2024.5.2 21:00,17.5,,2.3,41,1008.4,1018.5
108,서울,2024.5.2 22:00,16.6,,2.6,46,1008.4,1018.5
108,서울,2024.5.2 23:00,15.7,,0.7,47,1008.1,1018.3
108,서울,2024.5.3 0:00,15.1,,1.6,49,1008.1,1018.3
108,서울,2024.5.3 1:00,14.3,,1.9,55,1008.3,1018.5
108,서울,2024.5.3 2:00,13.8,,2.4,60,1008.4,1018.6
108,서울,2024.5.3 3:00,13.4,,2.3,63,1008.6,1018.9
108,서울,2024.5.3 4:00,13,,1.4,64,1008.8,1019.1
108,서울,2024.5.3 5:00,12.4,,0.9,69,1009.1,1019.4
108,서울,2024.5.3 6:00,12.2,,0.8,73,1009.6,1019.9
108,서울,2024.5.3 7:00,12.4,,1.5,69,1009.8,1020.1
108,서울,2024.5.3 8:00,14.9,,1.3,64,1009.9,1020.1
108,서울,2024.5.3 9:00,17.9,,1.1,52,1009.5,1019.6
108,서울,2024.5.3 10:00,20.1,,1.3,43,1009.5,1019.5
108,서울,2024.5.3 11:00,21.9,,1.4,38,1009.2,1019.1
108,서울,2024.5.3 12:00,23.4,,1.6,35,1008.4,1018.2
108,서울,2024.5.3 13:00,25.2,,2,33,1007.5,1017.3
108,서울,2024.5.3 14:00,26.5,,1.3,31,1006.6,1016.4
108,서울,2024.5.3 15:00,27.3,,2.9,28,1005.9,1015.6
108,서울,2024.5.3 16:00,27.7,,2.4,27,1005.4,1015.1
108,서울,2024.5.3 17:00,27.7,,2.6,28,1005.3,1015
108,서울,2024.5.3 18:00,26.2,,3.2,32,1005.6,1015.4
108,서울,2024.5.3 19:00,22.8,,2.9,37,1006.3,1016.1
108,서울,2024.5.3 20:00,20.6,,3.2,40,1006.8,1016.8
108,서울,2024.5.3 21:00,19.6,,2.2,41,1007.2,1017.1
108,서울,2024.5.3 22:00,18.7,,0.8,43,1007.2,1017.2
108,서울,2024.5.3 23:00,17.8,,1.8,47,1007.4,1017.4
108,서울,2024.5.4 0:00,17.2,,1.4,51,1007.7,1017.8
108,서울,2024.5.4 1:00,16.7,,1,54,1007.3,1017.4
108,서울,2024.5.4 2:00,16,,0.9,55,1006.8,1016.9
108,서울,2024.5.4 3:00,15.6,,1.9,59,1006.6,1016.8
108,서울,2024.5.4 4:00,15,,1.4,63,1006.4,1016.6
108,서울,2024.5.4 5:00,15.2,,1.2,63,1006.5,1016.7
108,서울,2024.5.4 6:00,14.7,,1.6,65,1007,1017.2
108,서울,2024.5.4 7:00,14.9,,1.1,67,1007.2,1017.4
108,서울,2024.5.4 8:00,17.8,,2,60,1007.1,1017.1
108,서울,2024.5.4 9:00,20,,1.4,53,1007,1017
108,서울,2024.5.4 10:00,22.4,,1.9,44,1007,1016.9
108,서울,2024.5.4 11:00,24.4,,2,35,1006.5,1016.3
108,서울,2024.5.4 12:00,26.1,,1.7,36,1005.8,1015.6
108,서울,2024.5.4 13:00,27.3,,2.8,31,1005.4,1015.1
108,서울,2024.5.4 14:00,28.4,,2.5,28,1004.7,1014.3
108,서울,2024.5.4 15:00,28.1,,3.3,29,1004.4,1014.1
108,서울,2024.5.4 16:00,27.3,,3,31,1004.1,1013.8
108,서울,2024.5.4 17:00,25.9,,3.5,33,1004,1013.8
108,서울,2024.5.4 18:00,25.2,,3.7,34,1004.2,1014
108,서울,2024.5.4 19:00,23.7,,3.3,40,1004.3,1014.1
108,서울,2024.5.4 20:00,21.4,,2.3,40,1005,1014.9
108,서울,2024.5.4 21:00,20.6,,0.7,38,1005,1015
108,서울,2024.5.4 22:00,20.7,,0.7,37,1005.1,1015.1
108,서울,2024.5.4 23:00,20.7,,0.7,38,1005.2,1015.2
108,서울,2024.5.5 0:00,20.6,0,2.1,44,1004.7,1014.7
108,서울,2024.5.5 1:00,19.9,,1.9,47,1004.4,1014.4
108,서울,2024.5.5 2:00,19.9,,1.2,48,1003.7,1013.7
108,서울,2024.5.5 3:00,20.1,0,0.5,50,1003.9,1013.9
108,서울,2024.5.5 4:00,19,0.2,1.2,72,1003.7,1013.6
108,서울,2024.5.5 5:00,17.6,1.7,1.9,85,1003.3,1013.3
108,서울,2024.5.5 6:00,16.8,0.1,2.9,88,1002.6,1012.7
108,서울,2024.5.5 7:00,17,0,2.9,89,1002,1012
108,서울,2024.5.5 8:00,17.4,0,2.6,86,1001.7,1011.7
108,서울,2024.5.5 9:00,17,1.2,2.7,91,1001.6,1011.6
108,서울,2024.5.5 10:00,17.1,2.6,1.8,94,1001,1011
108,서울,2024.5.5 11:00,17.5,4.9,2.6,96,1000.5,1010.5
108,서울,2024.5.5 12:00,18.3,4.5,2.5,95,999.5,1009.4
108,서울,2024.5.5 13:00,18.5,4.2,3,93,998.4,1008.3
108,서울,2024.5.5 14:00,18.5,2,2.4,93,997.4,1007.3
108,서울,2024.5.5 15:00,18.4,7.8,2.8,93,996.2,1006.1
108,서울,2024.5.5 16:00,18.6,3,2,94,994.8,1004.7
108,서울,2024.5.5 17:00,18.8,0.9,2.9,93,994.1,1004
108,서울,2024.5.5 18:00,18.9,1.7,2.6,93,993.9,1003.8
108,서울,2024.5.5 19:00,18.9,2,2.8,94,994.3,1004.2
108,서울,2024.5.5 20:00,18.6,6.7,4.4,95,995,1004.9
108,서울,2024.5.5 21:00,17.4,3,4,94,995.3,1005.3
108,서울,2024.5.5 22:00,16.7,1,3.4,95,995.3,1005.3
108,서울,2024.5.5 23:00,16.2,0.5,4,95,995.2,1005.2
108,서울,2024.5.6 0:00,15.7,0.3,3.8,95,995,1005
108,서울,2024.5.6 1:00,15.2,0.4,3.8,96,995.5,1005.6
108,서울,2024.5.6 2:00,14.7,3.4,2.7,95,995.3,1005.4
108,서울,2024.5.6 3:00,14.4,3.3,3.1,95,995.3,1005.4
108,서울,2024.5.6 4:00,14.2,0.5,3.6,96,995.4,1005.5
108,서울,2024.5.6 5:00,14.1,0.8,3.1,96,995.6,1005.7
108,서울,2024.5.6 6:00,14,0,3.6,95,995.4,1005.5
108,서울,2024.5.6 7:00,14,0.1,2.9,97,996.2,1006.3
108,서울,2024.5.6 8:00,14,0.5,3.8,97,996.4,1006.5
108,서울,2024.5.6 9:00,14,0.5,2.4,96,996.7,1006.8
108,서울,2024.5.6 10:00,14.1,0.4,4,96,997.1,1007.2
108,서울,2024.5.6 11:00,14.1,0.4,3.8,95,997.2,1007.3
108,서울,2024.5.6 12:00,13.9,0.4,4.5,95,997.4,1007.5
108,서울,2024.5.6 13:00,14,0.2,3.2,95,997.4,1007.5
108,서울,2024.5.6 14:00,13.8,0.3,3.6,94,997.5,1007.6
108,서울,2024.5.6 15:00,13.9,0,3.3,93,997.2,1007.3
108,서울,2024.5.6 16:00,13.8,0,3.9,91,997.2,1007.3
108,서울,2024.5.6 17:00,13.6,0,3.3,93,996.9,1007
108,서울,2024.5.6 18:00,13.5,,2.1,90,996.9,1007
108,서울,2024.5.6 19:00,13.4,0,2.1,89,996.9,1007
108,서울,2024.5.6 20:00,13.6,0,2.4,90,997.5,1007.6
108,서울,2024.5.6 21:00,13.7,0,3.4,90,997.7,1007.8
108,서울,2024.5.6 22:00,13.5,0.6,1.9,95,997.9,1008
108,서울,2024.5.6 23:00,13.5,0.5,1.5,95,997.7,1007.8
108,서울,2024.5.7 0:00,13.4,0,3.3,89,997.4,1007.5
108,서울,2024.5.7 1:00,13.4,0,1.8,90,997.3,1007.4
108,서울,2024.5.7 2:00,12.8,0,2.4,91,997.4,1007.6
108,서울,2024.5.7 3:00,12.8,0.1,1.5,93,997.5,1007.7
108,서울,2024.5.7 4:00,12.9,0.1,2.1,91,997.2,1007.4
108,서울,2024.5.7 5:00,12.9,0.3,1.1,94,997.5,1007.7
108,서울,2024.5.7 6:00,12.8,0.9,1.8,95,998.1,1008.3
108,서울,2024.5.7 7:00,12.8,0.5,1.9,95,998.4,1008.6
108,서울,2024.5.7 8:00,13,0,2.8,95,999.1,1009.3
108,서울,2024.5.7 9:00,12.5,0.5,3.7,94,999.9,1010.1
108,서울,2024.5.7 10:00,13.1,0,3.6,86,1000.2,1010.4
108,서울,2024.5.7 11:00,13.2,,4.4,77,1000.7,1010.9
108,서울,2024.5.7 12:00,13.5,,3.2,76,1001.1,1011.3
108,서울,2024.5.7 13:00,14,0,2.9,75,1001.2,1011.3
108,서울,2024.5.7 14:00,14.4,0,3.1,76,1001.6,1011.7
108,서울,2024.5.7 15:00,14.7,0,4,72,1001.6,1011.7
108,서울,2024.5.7 16:00,14.9,0,3.7,69,1001.7,1011.9
108,서울,2024.5.7 17:00,14.9,0,4,65,1001.9,1012.1
108,서울,2024.5.7 18:00,14.5,0,4.8,65,1002.9,1013
108,서울,2024.5.7 19:00,14,0,4,64,1003.6,1013.8
108,서울,2024.5.7 20:00,13.5,0,3.8,64,1004.3,1014.5
108,서울,2024.5.7 21:00,13.3,0,3.6,63,1005.2,1015.4
108,서울,2024.5.7 22:00,12.9,,3.2,63,1005.9,1016.1
108,서울,2024.5.7 23:00,12.6,,2.7,61,1006.2,1016.5
108,서울,2024.5.8 0:00,12.2,,2.7,60,1006.7,1017
108,서울,2024.5.8 1:00,11.5,,3.1,62,1006.6,1016.9
108,서울,2024.5.8 2:00,11,,2.6,66,1007,1017.4
108,서울,2024.5.8 3:00,10.4,,1.4,67,1007.5,1017.9
108,서울,2024.5.8 4:00,9.8,,2.6,70,1007.4,1017.8
108,서울,2024.5.8 5:00,9.4,,2.8,72,1007.7,1018.1
108,서울,2024.5.8 6:00,9,,1.2,73,1008.4,1018.8
108,서울,2024.5.8 7:00,9.5,,0.6,72,1008.9,1019.3
108,서울,2024.5.8 8:00,12.2,,2.4,65,1009.3,1019.6
108,서울,2024.5.8 9:00,13.9,,3.6,57,1009.4,1019.6
108,서울,2024.5.8 10:00,15.7,,2.4,53,1009.2,1019.4
108,서울,2024.5.8 11:00,17.1,,2.2,47,1009.2,1019.3
108,서울,2024.5.8 12:00,17.9,,1.6,45,1008.7,1018.8
108,서울,2024.5.8 13:00,19.6,,2.2,45,1007.9,1017.8
108,서울,2024.5.8 14:00,20,,2.4,45,1007.4,1017.4
108,서울,2024.5.8 15:00,20.7,,3.4,40,1007,1017
108,서울,2024.5.8 16:00,21,,1.6,40,1006.3,1016.2
108,서울,2024.5.8 17:00,21,,3.2,42,1006.1,1016
108,서울,2024.5.8 18:00,18.6,,4.3,53,1006.1,1016.1
108,서울,2024.5.8 19:00,16.7,,4.6,54,1006.5,1016.6
108,서울,2024.5.8 20:00,15.5,,2.2,56,1006.9,1017.1
108,서울,2024.5.8 21:00,14.4,,1.7,60,1007.5,1017.7
108,서울,2024.5.8 22:00,13.8,,2,65,1007.8,1018
108,서울,2024.5.8 23:00,13.3,,2.2,66,1008.1,1018.4
108,서울,2024.5.9 0:00,12.8,,1.5,75,1008.1,1018.4
108,서울,2024.5.9 1:00,12.5,,1.8,78,1008.4,1018.7
108,서울,2024.5.9 2:00,12.1,,1.6,81,1008.4,1018.7
108,서울,2024.5.9 3:00,11.7,,1.2,82,1008.4,1018.7
108,서울,2024.5.9 4:00,11.3,,0.9,84,1008.6,1019
108,서울,2024.5.9 5:00,11.1,,0.3,86,1008.7,1019.1
108,서울,2024.5.9 6:00,10.9,,0.7,89,1008.7,1019.1
108,서울,2024.5.9 7:00,11.4,,1.6,84,1008.8,1019.2
108,서울,2024.5.9 8:00,13.1,,1.2,75,1009.1,1019.4
108,서울,2024.5.9 9:00,15.1,,2.3,63,1008.9,1019.1
108,서울,2024.5.9 10:00,17,,2.6,58,1008.7,1018.8
108,서울,2024.5.9 11:00,18.5,,2.5,55,1008.6,1018.6
108,서울,2024.5.9 12:00,19.6,,3.5,47,1008.2,1018.2
108,서울,2024.5.9 13:00,20.5,,4.6,44,1007.8,1017.8
108,서울,2024.5.9 14:00,20.9,,5.3,43,1007.1,1017.1
108,서울,2024.5.9 15:00,21.6,,4.9,38,1006.6,1016.5
108,서울,2024.5.9 16:00,21.6,,3.2,36,1006.1,1016
108,서울,2024.5.9 17:00,20.4,,5.2,39,1006.2,1016.2
108,서울,2024.5.9 18:00,19.1,,4.2,44,1006.4,1016.4
108,서울,2024.5.9 19:00,17.3,,4.1,54,1006.7,1016.8
108,서울,2024.5.9 20:00,16.4,,3.7,63,1006.8,1016.9
108,서울,2024.5.9 21:00,15.8,,3.4,68,1007.4,1017.6
108,서울,2024.5.9 22:00,15.4,,2.2,74,1008,1018.2
108,서울,2024.5.9 23:00,15.1,,2.9,75,1008,1018.2
108,서울,2024.5.10 0:00,14.7,,3.7,78,1008.3,1018.5
108,서울,2024.5.10 1:00,14.4,,2.2,80,1008.3,1018.5
108,서울,2024.5.10 2:00,14,,1.1,81,1008.2,1018.4
108,서울,2024.5.10 3:00,13.8,,1.3,82,1007.9,1018.1
108,서울,2024.5.10 4:00,13.5,,1.2,80,1008.1,1018.3
108,서울,2024.5.10 5:00,12.9,,0.9,85,1008.2,1018.5
108,서울,2024.5.10 6:00,12.5,,1.4,87,1008.4,1018.7
108,서울,2024.5.10 7:00,13.1,,0.4,86,1008.7,1019
108,서울,2024.5.10 8:00,15,,1.5,77,1008.9,1019.1
108,서울,2024.5.10 9:00,16.9,,1.6,67,1008.7,1018.8
108,서울,2024.5.10 10:00,18.5,,2.9,50,1008.9,1018.9
108,서울,2024.5.10 11:00,20.5,,2.7,45,1008.6,1018.6
108,서울,2024.5.10 12:00,21.2,,4.1,41,1008.2,1018.2
108,서울,2024.5.10 13:00,22.3,,4.3,36,1007.7,1017.6
108,서울,2024.5.10 14:00,23.1,,3.2,38,1007.3,1017.1
108,서울,2024.5.10 15:00,23.7,,3.8,37,1006.5,1016.3
108,서울,2024.5.10 16:00,23.6,,4.4,31,1005.8,1015.6
108,서울,2024.5.10 17:00,22.8,,4.7,32,1005.7,1015.5
108,서울,2024.5.10 18:00,21.4,,4.1,34,1005.7,1015.6
108,서울,2024.5.10 19:00,19.8,,2.7,37,1005.8,1015.8
108,서울,2024.5.10 20:00,18.5,,2.5,43,1005.8,1015.8
108,서울,2024.5.10 21:00,17.5,,1.3,44,1006.1,1016.2
108,서울,2024.5.10 22:00,17.2,,2.8,42,1006.5,1016.6
108,서울,2024.5.10 23:00,16.6,,3.3,47,1006.7,1016.8
108,서울,2024.5.11 0:00,15.9,,2.1,53,1006.5,1016.7
108,서울,2024.5.11 1:00,15.5,,2.5,56,1006,1016.2
108,서울,2024.5.11 2:00,15.3,,2.9,63,1005.8,1016
108,서울,2024.5.11 3:00,15.2,,2.5,70,1005.5,1015.7
108,서울,2024.5.11 4:00,15.3,,2.3,71,1004.8,1015
108,서울,2024.5.11 5:00,15.7,,1.7,72,1004.3,1014.4
108,서울,2024.5.11 6:00,15.8,,1.3,69,1003.8,1013.9
108,서울,2024.5.11 7:00,16.3,,0.9,69,1003.5,1013.6
108,서울,2024.5.11 8:00,17.2,,3.2,69,1003.1,1013.1
108,서울,2024.5.11 9:00,18.2,,2.8,69,1002.6,1012.6
108,서울,2024.5.11 10:00,19.8,,5,66,1002,1012
108,서울,2024.5.11 11:00,20.9,,5.8,63,1001.2,1011.1
108,서울,2024.5.11 12:00,21.6,,6.5,64,1000.7,1010.6
108,서울,2024.5.11 13:00,21.8,,7.1,61,1000,1009.8
108,서울,2024.5.11 14:00,20.8,0.1,5.9,70,999.9,1009.8
108,서울,2024.5.11 15:00,18.4,2.1,4.5,87,999.8,1009.7
108,서울,2024.5.11 16:00,17.7,1.6,4.4,90,998.9,1008.9
108,서울,2024.5.11 17:00,16.9,4,5.7,94,998.5,1008.5
108,서울,2024.5.11 18:00,16.9,7.7,2,95,998,1008
108,서울,2024.5.11 19:00,16.9,5.6,4,96,997.9,1007.9
108,서울,2024.5.11 20:00,16.5,2.5,4.6,96,998.1,1008.1
108,서울,2024.5.11 21:00,15.4,4.8,4,94,999.1,1009.2
108,서울,2024.5.11 22:00,14.4,3.1,2.7,94,999.9,1010
108,서울,2024.5.11 23:00,14,0.2,1.9,93,1000.1,1010.2
108,서울,2024.5.12 0:00,14.1,,0.8,92,1000.1,1010.2
108,서울,2024.5.12 1:00,13.9,,2.3,93,1000.4,1010.5
108,서울,2024.5.12 2:00,13.3,,1.5,92,1000,1010.2
108,서울,2024.5.12 3:00,13,,1.6,93,999.9,1010.1
108,서울,2024.5.12 4:00,12.6,,0.8,92,999.9,1010.1
108,서울,2024.5.12 5:00,12.3,,1.8,93,1000.2,1010.4
108,서울,2024.5.12 6:00,11.9,,2.7,93,1000.7,1010.9
108,서울,2024.5.12 7:00,12.1,,1.7,92,1000.7,1010.9
108,서울,2024.5.12 8:00,13.1,,1.3,91,1000.8,1011
108,서울,2024.5.12 9:00,14.5,,1.5,80,1000.9,1011
108,서울,2024.5.12 10:00,16.2,,2.2,74,1000.8,1010.9
108,서울,2024.5.12 11:00,17.5,,2.7,66,1000.9,1010.9
108,서울,2024.5.12 12:00,18.9,,4.8,52,1000.8,1010.7
108,서울,2024.5.12 13:00,20,,3.6,46,999.9,1009.8
108,서울,2024.5.12 14:00,20.5,,4.1,39,999.7,1009.6
108,서울,2024.5.12 15:00,21.1,,4.2,40,999.1,1009
108,서울,2024.5.12 16:00,21.4,,3.6,47,998.9,1008.8
108,서울,2024.5.12 17:00,21.2,,3.1,46,999.1,1009
108,서울,2024.5.12 18:00,20.8,,3.9,50,999.3,1009.2
108,서울,2024.5.12 19:00,20,,2.9,48,999.8,1009.7
108,서울,2024.5.12 20:00,18.7,,3.8,50,1000.7,1010.6
108,서울,2024.5.12 21:00,17.5,,4.2,53,1001.6,1011.6
108,서울,2024.5.12 22:00,16.6,,2.3,55,1002.2,1012.3
108,서울,2024.5.12 23:00,16.1,,3.4,55,1002.6,1012.7
108,서울,2024.5.13 0:00,15.2,,2,59,1002.8,1013
108,서울,2024.5.13 1:00,14.7,,1.6,62,1002.9,1013
108,서울,2024.5.13 2:00,13.8,,1.1,65,1002.9,1013.1
108,서울,2024.5.13 3:00,13.1,,1,68,1003,1013.2
108,서울,2024.5.13 4:00,12.5,,2.2,71,1003,1013.2
108,서울,2024.5.13 5:00,12.1,,0.2,73,1003.3,1013.6
108,서울,2024.5.13 6:00,12,,1.5,76,1003.8,1014.1
108,서울,2024.5.13 7:00,12.4,,2,76,1004.5,1014.8
108,서울,2024.5.13 8:00,15.4,,1,69,1004.9,1015.1
108,서울,2024.5.13 9:00,17.7,,0.8,64,1004.9,1014.9
108,서울,2024.5.13 10:00,19.6,,2.1,54,1005,1014.9
108,서울,2024.5.13 11:00,21.1,,2.6,46,1004.9,1014.8
108,서울,2024.5.13 12:00,22.2,,2.8,38,1004.5,1014.4
108,서울,2024.5.13 13:00,23.1,,3.3,30,1004,1013.8
108,서울,2024.5.13 14:00,23.9,,3.9,30,1003.5,1013.3
108,서울,2024.5.13 15:00,24.4,,3.3,35,1003.1,1012.8
108,서울,2024.5.13 16:00,24,,3.8,37,1002.8,1012.5
108,서울,2024.5.13 17:00,23.3,,4.8,29,1003,1012.8
108,서울,2024.5.13 18:00,22.2,,3.9,32,1003.3,1013.2
108,서울,2024.5.13 19:00,20.7,,2.3,39,1003.4,1013.3
108,서울,2024.5.13 20:00,19.1,,2.6,44,1003.7,1013.6
108,서울,2024.5.13 21:00,18.4,,2.9,46,1004.6,1014.6
108,서울,2024.5.13 22:00,17.7,,2.6,47,1004.9,1014.9
108,서울,2024.5.13 23:00,17,,2.2,52,1004.8,1014.9
108,서울,2024.5.14 0:00,16.1,,2.2,56,1005.1,1015.2
108,서울,2024.5.14 1:00,15.3,,0.9,59,1004.9,1015.1
108,서울,2024.5.14 2:00,14.6,,0.1,64,1004.7,1014.9
108,서울,2024.5.14 3:00,14.2,,1.4,66,1004.8,1015
108,서울,2024.5.14 4:00,13.7,,0.1,71,1004.9,1015.1
108,서울,2024.5.14 5:00,13.2,,1.5,70,1005,1015.2
108,서울,2024.5.14 6:00,12.7,,1.7,69,1005.6,1015.9
108,서울,2024.5.14 7:00,13.5,,1.2,70,1006.3,1016.5
108,서울,2024.5.14 8:00,16.3,,1.5,64,1006.4,1016.5
108,서울,2024.5.14 9:00,18.7,,1.7,50,1006.3,1016.3
108,서울,2024.5.14 10:00,20.3,,2.1,43,1006.3,1016.3
108,서울,2024.5.14 11:00,21.9,,3.7,37,1006.3,1016.2
108,서울,2024.5.14 12:00,23.2,,4.8,31,1006,1015.8
108,서울,2024.5.14 13:00,23.6,,3.8,31,1005.8,1015.6
108,서울,2024.5.14 14:00,24.3,,3.3,30,1005.1,1014.9
108,서울,2024.5.14 15:00,24.4,,4,27,1004.7,1014.4
108,서울,2024.5.14 16:00,24,,4.2,26,1004.3,1014.1
108,서울,2024.5.14 17:00,23.7,,3.9,25,1004.2,1014
108,서울,2024.5.14 18:00,22.7,,3.5,27,1004.1,1013.9
108,서울,2024.5.14 19:00,20.9,,3.7,31,1004.4,1014.3
108,서울,2024.5.14 20:00,19.1,,2.9,34,1004.9,1014.8
108,서울,2024.5.14 21:00,18.2,,2.9,35,1005.3,1015.3
108,서울,2024.5.14 22:00,17.4,,1.6,39,1005.7,1015.8
108,서울,2024.5.14 23:00,16.8,,1.6,40,1005.5,1015.6
108,서울,2024.5.15 0:00,16.3,,2.3,41,1005.6,1015.7
108,서울,2024.5.15 1:00,15.7,,1.4,44,1005.1,1015.2
108,서울,2024.5.15 2:00,15,,1,48,1004.7,1014.9
108,서울,2024.5.15 3:00,14.7,,0.9,53,1004.5,1014.6
108,서울,2024.5.15 4:00,14.3,,0.6,56,1004.1,1014.3
108,서울,2024.5.15 5:00,13.9,,0.7,58,1003.7,1013.9
108,서울,2024.5.15 6:00,13.8,,1,59,1004.4,1014.6
108,서울,2024.5.15 7:00,14.5,,0.5,58,1004.2,1014.4
108,서울,2024.5.15 8:00,16.3,,1.8,56,1004,1014.1
108,서울,2024.5.15 9:00,17.6,,3.1,57,1003.7,1013.7
108,서울,2024.5.15 10:00,18.7,,2.8,60,1003.4,1013.4
108,서울,2024.5.15 11:00,17.6,,3.7,66,1003.4,1013.4
108,서울,2024.5.15 12:00,16.1,,3.6,66,1002.7,1012.8
108,서울,2024.5.15 13:00,14.1,,4.2,72,1002.1,1012.3
108,서울,2024.5.15 14:00,12.3,0,4.6,86,1001.6,1011.8
108,서울,2024.5.15 15:00,11.8,3,2.8,90,1001.2,1011.5
108,서울,2024.5.15 16:00,11.6,3.1,3.6,91,1000.7,1011
108,서울,2024.5.15 17:00,11.4,3.4,2.2,93,1000.2,1010.5
108,서울,2024.5.15 18:00,11.1,2.4,3.9,90,999.8,1010.1
108,서울,2024.5.15 19:00,10.4,1.1,1.8,89,1000.2,1010.5
108,서울,2024.5.15 20:00,9.1,2,4.5,90,1001.1,1011.4
108,서울,2024.5.15 21:00,7.8,2.6,5.6,90,1001.9,1012.3
108,서울,2024.5.15 22:00,7.3,1,3.6,89,1002.5,1012.9
108,서울,2024.5.15 23:00,7.6,1,1.9,89,1001.8,1012.2
108,서울,2024.5.16 0:00,7.7,1,2,89,1001.3,1011.7
108,서울,2024.5.16 1:00,7.5,0.1,3.4,92,1001,1011.4
108,서울,2024.5.16 2:00,7.3,0,2,89,1000.8,1011.2
108,서울,2024.5.16 3:00,7.4,,2.2,89,1000.7,1011.1
108,서울,2024.5.16 4:00,7.3,,3.3,92,1000.6,1011
108,서울,2024.5.16 5:00,7.2,,2.7,92,1000.4,1010.8
108,서울,2024.5.16 6:00,6.9,,2.5,92,1000.6,1011
108,서울,2024.5.16 7:00,7.7,,2.9,86,1000.7,1011.1
108,서울,2024.5.16 8:00,9.5,,3.5,78,1000.6,1010.9
108,서울,2024.5.16 9:00,11.6,,2.3,70,1000.5,1010.8
108,서울,2024.5.16 10:00,13.5,,2.6,66,1000.4,1010.6
108,서울,2024.5.16 11:00,15.5,,3.2,50,999.8,1009.9
108,서울,2024.5.16 12:00,17,,3.6,45,999,1009
108,서울,2024.5.16 13:00,18.2,,3.7,40,998.1,1008
108,서울,2024.5.16 14:00,18.6,,4.3,40,997.8,1007.7
108,서울,2024.5.16 15:00,19.1,,5,37,997.7,1007.6
108,서울,2024.5.16 16:00,19.5,,4,36,997.4,1007.3
108,서울,2024.5.16 17:00,19,,4.4,33,997.6,1007.5
108,서울,2024.5.16 18:00,18.8,,2.4,33,997.9,1007.8
108,서울,2024.5.16 19:00,17.4,,2.5,35,998.5,1008.5
108,서울,2024.5.16 20:00,15.9,,2.7,42,999.2,1009.3
108,서울,2024.5.16 21:00,15,,2.3,55,999.8,1009.9
108,서울,2024.5.16 22:00,14.4,,2.4,56,1000.5,1010.6
108,서울,2024.5.16 23:00,14,,2.7,62,1000.5,1010.6
108,서울,2024.5.17 0:00,13.4,,1.8,69,1000.9,1011.1
108,서울,2024.5.17 1:00,12.9,,1.5,76,1001.3,1011.5
108,서울,2024.5.17 2:00,12.4,,0.6,78,1001.5,1011.7
108,서울,2024.5.17 3:00,12,,0.8,80,1001.8,1012.1
108,서울,2024.5.17 4:00,11.4,,1.1,84,1002.1,1012.4
108,서울,2024.5.17 5:00,11.1,,1.5,86,1002.4,1012.7
108,서울,2024.5.17 6:00,11.1,,1.7,89,1003,1013.3
108,서울,2024.5.17 7:00,12.5,,2.3,87,1003.5,1013.7
108,서울,2024.5.17 8:00,14.6,,2.3,78,1003.8,1013.9
108,서울,2024.5.17 9:00,16.8,,1.6,72,1004,1014.1
108,서울,2024.5.17 10:00,18.2,,2.8,64,1004,1014
108,서울,2024.5.17 11:00,20,,2.5,58,1004,1014
108,서울,2024.5.17 12:00,21.7,,1.6,55,1003.6,1013.5
108,서울,2024.5.17 13:00,23.7,,2.7,47,1003.1,1012.9
108,서울,2024.5.17 14:00,24.4,,2.9,46,1002.9,1012.6
108,서울,2024.5.17 15:00,24.2,,3.4,47,1002.9,1012.6
108,서울,2024.5.17 16:00,23.4,,3.9,53,1003,1012.8
108,서울,2024.5.17 17:00,23.9,,3.5,44,1002.8,1012.6
108,서울,2024.5.17 18:00,23.3,,2.5,45,1003,1012.8
108,서울,2024.5.17 19:00,22.3,,2,53,1003.5,1013.3
108,서울,2024.5.17 20:00,20.7,,2.6,56,1004.1,1014
108,서울,2024.5.17 21:00,19.6,,2.6,55,1005.2,1015.1
108,서울,2024.5.17 22:00,18.8,,2.5,56,1006,1016
108,서울,2024.5.17 23:00,18.3,,2.7,62,1006.2,1016.2
108,서울,2024.5.18 0:00,17.5,,1.9,66,1006.3,1016.4
108,서울,2024.5.18 1:00,17,,1.4,68,1006.2,1016.3
108,서울,2024.5.18 2:00,16.7,,1.7,71,1006.4,1016.5
108,서울,2024.5.18 3:00,16.7,,0.4,72,1006.2,1016.3
108,서울,2024.5.18 4:00,16.7,,0.1,74,1006.6,1016.7
108,서울,2024.5.18 5:00,16.6,,1.3,74,1006.8,1016.9
108,서울,2024.5.18 6:00,16,,1.8,74,1007.2,1017.4
108,서울,2024.5.18 7:00,16.3,,1.5,74,1007.9,1018
108,서울,2024.5.18 8:00,18.7,,1,66,1007.9,1017.9
108,서울,2024.5.18 9:00,20.4,,1.1,66,1008,1018
108,서울,2024.5.18 10:00,21.9,,2.4,62,1007.9,1017.8
108,서울,2024.5.18 11:00,23,,2.7,59,1007.8,1017.6
108,서울,2024.5.18 12:00,24.3,,2.5,54,1007,1016.8
108,서울,2024.5.18 13:00,25.1,,3.2,50,1006.3,1016.1
108,서울,2024.5.18 14:00,25.8,,2.7,48,1005.8,1015.6
108,서울,2024.5.18 15:00,26.5,,2.4,49,1005.1,1014.8
108,서울,2024.5.18 16:00,26,,3.1,52,1004.7,1014.5
108,서울,2024.5.18 17:00,25.3,,3.8,54,1004.9,1014.7
108,서울,2024.5.18 18:00,23.6,,3.8,59,1005.2,1015
108,서울,2024.5.18 19:00,22.4,,3.1,63,1005.5,1015.4
108,서울,2024.5.18 20:00,20.8,,2.7,67,1006.2,1016.2
108,서울,2024.5.18 21:00,19.9,,2.4,70,1007,1017
108,서울,2024.5.18 22:00,19.4,,1,71,1007.3,1017.3
108,서울,2024.5.18 23:00,18.7,,0.6,73,1007.5,1017.5
108,서울,2024.5.19 0:00,18.3,,0.9,78,1007.3,1017.3
108,서울,2024.5.19 1:00,17.6,,0.4,79,1007,1017.1
108,서울,2024.5.19 2:00,17.2,,1,81,1006.6,1016.7
108,서울,2024.5.19 3:00,16.7,,0.1,82,1006.2,1016.3
108,서울,2024.5.19 4:00,16.4,,1.1,84,1006.2,1016.3
108,서울,2024.5.19 5:00,16.2,,1.3,86,1006.2,1016.3
108,서울,2024.5.19 6:00,15.9,,1.2,88,1006.2,1016.3
108,서울,2024.5.19 7:00,16.7,,1.6,86,1006.4,1016.5
108,서울,2024.5.19 8:00,18.6,,0.7,80,1006.3,1016.3
108,서울,2024.5.19 9:00,21,,0.7,69,1006.2,1016.1
108,서울,2024.5.19 10:00,22.4,,1.9,59,1005.7,1015.6
108,서울,2024.5.19 11:00,24.2,,2,57,1005.5,1015.3
108,서울,2024.5.19 12:00,25.5,,1.5,49,1005.1,1014.9
108,서울,2024.5.19 13:00,26.4,,2.9,40,1004.5,1014.2
108,서울,2024.5.19 14:00,26.8,,2.6,31,1003.6,1013.3
108,서울,2024.5.19 15:00,27.6,,3.3,42,1003.1,1012.8
108,서울,2024.5.19 16:00,27.4,,2.7,46,1003.2,1012.9
108,서울,2024.5.19 17:00,26.3,,4.3,41,1003.3,1013
108,서울,2024.5.19 18:00,25.6,,2.5,41,1002.9,1012.7
108,서울,2024.5.19 19:00,23.5,,2.7,44,1003.1,1012.9
108,서울,2024.5.19 20:00,21.8,,3.3,49,1004,1013.9
108,서울,2024.5.19 21:00,20.8,,4,63,1005.5,1015.5
108,서울,2024.5.19 22:00,19.9,,2.2,68,1005.1,1015.1
108,서울,2024.5.19 23:00,19.1,,0.6,70,1004.5,1014.4
108,서울,2024.5.20 0:00,18.5,,1.1,71,1003.7,1013.7
108,서울,2024.5.20 1:00,17.9,,1.3,74,1003,1013
108,서울,2024.5.20 2:00,18,,1.2,75,1003.1,1013.1
108,서울,2024.5.20 3:00,17.9,,1.6,75,1003.4,1013.4
108,서울,2024.5.20 4:00,17.8,,2,75,1003.7,1013.7
108,서울,2024.5.20 5:00,17.7,,1.8,77,1004,1014
108,서울,2024.5.20 6:00,17.7,,2,76,1004.4,1014.4
108,서울,2024.5.20 7:00,17.9,,2.1,73,1005.2,1015.2
108,서울,2024.5.20 8:00,18.5,,2.1,74,1005.5,1015.5
108,서울,2024.5.20 9:00,19.7,,1.3,72,1005.6,1015.5
108,서울,2024.5.20 10:00,21.2,,2.5,70,1005.5,1015.4
108,서울,2024.5.20 11:00,22.1,,3.6,67,1005.1,1015
108,서울,2024.5.20 12:00,22.3,,4.1,66,1005.1,1015
108,서울,2024.5.20 13:00,22.7,,3.8,63,1004.7,1014.5
108,서울,2024.5.20 14:00,22.4,,2.6,67,1004.4,1014.2
108,서울,2024.5.20 15:00,21.7,,3.3,71,1004.3,1014.2
108,서울,2024.5.20 16:00,21.4,,3.9,71,1004.3,1014.2
108,서울,2024.5.20 17:00,21.3,,3.3,71,1004.6,1014.5
108,서울,2024.5.20 18:00,20.9,,3.3,71,1004.9,1014.8
108,서울,2024.5.20 19:00,20.3,,2.5,72,1005.3,1015.3
108,서울,2024.5.20 20:00,19.4,,1.9,77,1005.8,1015.7
108,서울,2024.5.20 21:00,18.3,,2,82,1006.6,1016.6
108,서울,2024.5.20 22:00,17.5,,2.1,84,1007.2,1017.3
108,서울,2024.5.20 23:00,17,,2,86,1007.6,1017.7
108,서울,2024.5.21 0:00,16.8,,1.8,87,1007.6,1017.7
108,서울,2024.5.21 1:00,16.7,,1.9,88,1007.5,1017.6
108,서울,2024.5.21 2:00,16.7,,2.3,88,1007.4,1017.5
108,서울,2024.5.21 3:00,16.8,,0.5,87,1007.5,1017.6
108,서울,2024.5.21 4:00,16.7,,0.4,87,1007.5,1017.6
108,서울,2024.5.21 5:00,16.5,,1.1,90,1007.8,1017.9
108,서울,2024.5.21 6:00,16.3,,1.4,90,1008.4,1018.5
108,서울,2024.5.21 7:00,16.7,,0.3,89,1009,1019.1
108,서울,2024.5.21 8:00,18.6,,1.5,84,1009.4,1019.4
108,서울,2024.5.21 9:00,20.8,,2.3,74,1009.4,1019.4
108,서울,2024.5.21 10:00,21.4,,2.3,66,1009.5,1019.5
108,서울,2024.5.21 11:00,23.2,,2.1,63,1009.3,1019.2
108,서울,2024.5.21 12:00,24.4,,2,55,1008.9,1018.7
108,서울,2024.5.21 13:00,25.8,,1.7,51,1008.2,1018
108,서울,2024.5.21 14:00,26.6,,1.8,46,1007.5,1017.3
108,서울,2024.5.21 15:00,27.5,,1.1,42,1007,1016.7
108,서울,2024.5.21 16:00,27.9,,2.4,39,1006.2,1015.9
108,서울,2024.5.21 17:00,28.2,,1.4,34,1006,1015.7
108,서울,2024.5.21 18:00,26.1,,3.2,54,1006.3,1016.1
108,서울,2024.5.21 19:00,24.4,,2.7,59,1006.6,1016.4
108,서울,2024.5.21 20:00,22.8,,2.2,64,1007.1,1017
108,서울,2024.5.21 21:00,21.9,,1.7,67,1008,1017.9
108,서울,2024.5.21 22:00,20.9,,2.2,72,1008.4,1018.4
108,서울,2024.5.21 23:00,20.2,,2,72,1008.4,1018.4
108,서울,2024.5.22 0:00,19.4,,1.9,76,1008.3,1018.3
108,서울,2024.5.22 1:00,18.6,,1.9,80,1008.3,1018.3
108,서울,2024.5.22 2:00,18,,2.4,82,1008.2,1018.2
108,서울,2024.5.22 3:00,17.5,,1.1,84,1008.3,1018.4
108,서울,2024.5.22 4:00,17.5,,1.7,85,1008.2,1018.3
108,서울,2024.5.22 5:00,16.7,,2.3,88,1008.1,1018.2
108,서울,2024.5.22 6:00,16.4,,1.3,89,1007.8,1017.9
108,서울,2024.5.22 7:00,16.8,,1.8,89,1007.8,1017.9
108,서울,2024.5.22 8:00,17.8,,1.4,86,1007.6,1017.7
108,서울,2024.5.22 9:00,18.8,,2,81,1007.9,1017.9
108,서울,2024.5.22 10:00,20.6,,2.5,75,1007.5,1017.5
108,서울,2024.5.22 11:00,21.8,,2.8,72,1007.1,1017
108,서울,2024.5.22 12:00,23.4,,2.7,63,1006.6,1016.4
108,서울,2024.5.22 13:00,24.5,,3.5,58,1005.8,1015.5
108,서울,2024.5.22 14:00,25.1,,3.3,51,1004.9,1014.7
108,서울,2024.5.22 15:00,25.3,,3.4,49,1004.5,1014.3
108,서울,2024.5.22 16:00,25.2,,3.8,54,1004.2,1014
108,서울,2024.5.22 17:00,25.1,,3.2,49,1003.7,1013.5
108,서울,2024.5.22 18:00,24.4,,2.9,49,1003.4,1013.1
108,서울,2024.5.22 19:00,22.8,,2.8,57,1003.5,1013.3
108,서울,2024.5.22 20:00,21,,1.8,61,1003.8,1013.7
108,서울,2024.5.22 21:00,19.8,,2,64,1004,1014
108,서울,2024.5.22 22:00,19.2,,1.4,68,1003.9,1013.8
108,서울,2024.5.22 23:00,18.8,,2.1,70,1003.8,1013.8
108,서울,2024.5.23 0:00,18.4,,1.3,72,1003.4,1013.4
108,서울,2024.5.23 1:00,18.1,,1.7,74,1003.1,1013.1
108,서울,2024.5.23 2:00,17.5,,1.4,75,1002.8,1012.8
108,서울,2024.5.23 3:00,17,,1.3,78,1002.3,1012.3
108,서울,2024.5.23 4:00,16.5,,1.6,78,1002.1,1012.2
108,서울,2024.5.23 5:00,16.3,,1.4,81,1002.1,1012.2
108,서울,2024.5.23 6:00,15.9,,1.9,83,1002.4,1012.5
108,서울,2024.5.23 7:00,16.2,,2.2,83,1002.3,1012.4
108,서울,2024.5.23 8:00,17.6,,2,80,1002.1,1012.1
108,서울,2024.5.23 9:00,19.6,,1.6,73,1001.9,1011.8
108,서울,2024.5.23 10:00,21.3,,2.3,65,1001.5,1011.4
108,서울,2024.5.23 11:00,22.6,,3.1,62,1001.5,1011.3
108,서울,2024.5.23 12:00,24.1,,2.6,59,1001.1,1010.8
108,서울,2024.5.23 13:00,24.9,,3.1,53,1000.6,1010.4
108,서울,2024.5.23 14:00,25.4,,3.2,49,999.8,1009.5
108,서울,2024.5.23 15:00,25.8,,3.5,50,999.2,1008.9
108,서울,2024.5.23 16:00,26.3,,3.1,50,999,1008.7
108,서울,2024.5.23 17:00,25.4,,3.4,51,999.1,1008.8
108,서울,2024.5.23 18:00,24.1,,3.8,43,999.4,1009.1
108,서울,2024.5.23 19:00,22.5,,3.5,55,999.5,1009.3
108,서울,2024.5.23 20:00,20.5,,3,68,1000.3,1010.2
108,서울,2024.5.23 21:00,18.6,,2.8,73,1001,1010.9
108,서울,2024.5.23 22:00,17.7,,2.9,79,1001.6,1011.6
108,서울,2024.5.23 23:00,16.8,,3.1,83,1001.6,1011.6
108,서울,2024.5.24 0:00,16.4,,2.7,84,1001.8,1011.9
108,서울,2024.5.24 1:00,16,,2.4,84,1001.7,1011.8
108,서울,2024.5.24 2:00,15.7,,2.5,86,1001,1011.1
108,서울,2024.5.24 3:00,15.8,,1.9,86,1001.4,1011.5
108,서울,2024.5.24 4:00,15.9,,2.2,86,1001.5,1011.6
108,서울,2024.5.24 5:00,15.7,,1.6,86,1001.8,1011.9
108,서울,2024.5.24 6:00,15.8,,2.3,87,1001.7,1011.8
108,서울,2024.5.24 7:00,16.3,,1.4,86,1002.1,1012.2
108,서울,2024.5.24 8:00,17,,1.5,83,1002.6,1012.6
108,서울,2024.5.24 9:00,17.9,,1.8,81,1002.9,1012.9
108,서울,2024.5.24 10:00,19.3,,1.1,76,1002.9,1012.8
108,서울,2024.5.24 11:00,21.4,,1.5,69,1002.4,1012.3
108,서울,2024.5.24 12:00,23.5,,2.1,65,1002.4,1012.2
108,서울,2024.5.24 13:00,23,,3.1,65,1002.8,1012.6
108,서울,2024.5.24 14:00,23,,3,66,1002.6,1012.4
108,서울,2024.5.24 15:00,22.8,,3.3,67,1002,1011.8
108,서울,2024.5.24 16:00,23.6,,2.4,65,1001.6,1011.4
108,서울,2024.5.24 17:00,24.4,,2.1,62,1001.5,1011.2
108,서울,2024.5.24 18:00,24.2,,2.6,63,1001.7,1011.4
108,서울,2024.5.24 19:00,23.1,,2.4,68,1002.3,1012.1
108,서울,2024.5.24 20:00,22.1,,1.7,70,1002.9,1012.8
108,서울,2024.5.24 21:00,21.3,,1.4,72,1003.4,1013.3
108,서울,2024.5.24 22:00,20.8,,1.4,74,1004.2,1014.1
108,서울,2024.5.24 23:00,19.9,,2.2,78,1004.3,1014.3
108,서울,2024.5.25 0:00,19.4,,0.5,80,1004.5,1014.4
108,서울,2024.5.25 1:00,18.8,,1.6,81,1004.5,1014.5
108,서울,2024.5.25 2:00,18.8,,1.4,83,1004.5,1014.5
108,서울,2024.5.25 3:00,18.8,,2.3,82,1004.4,1014.4
108,서울,2024.5.25 4:00,18.9,,1.3,75,1004.8,1014.8
108,서울,2024.5.25 5:00,19,,2,73,1004.8,1014.8
108,서울,2024.5.25 6:00,19,,1.8,73,1005.4,1015.4
108,서울,2024.5.25 7:00,19.2,,2.2,72,1005.8,1015.8
108,서울,2024.5.25 8:00,19.6,,1.3,63,1006.4,1016.3
108,서울,2024.5.25 9:00,19.9,,2,56,1006.6,1016.6
108,서울,2024.5.25 10:00,21.8,,2,56,1006.3,1016.2
108,서울,2024.5.25 11:00,22.8,,1.8,49,1006.3,1016.1
108,서울,2024.5.25 12:00,24.1,,2.1,48,1006.1,1015.9
108,서울,2024.5.25 13:00,24.5,,2.8,47,1005.5,1015.2
108,서울,2024.5.25 14:00,24.6,,2.9,50,1005.3,1015
108,서울,2024.5.25 15:00,24.5,,1.7,50,1005.1,1014.8
108,서울,2024.5.25 16:00,24.5,,1.3,51,1004.7,1014.4
108,서울,2024.5.25 17:00,23.9,,2.4,52,1004.1,1013.9
108,서울,2024.5.25 18:00,23.7,,2.7,57,1003.8,1013.6
108,서울,2024.5.25 19:00,22.9,,2.2,59,1003.7,1013.5
108,서울,2024.5.25 20:00,21.6,,1.6,68,1003.3,1013.2
108,서울,2024.5.25 21:00,20.7,,1.6,72,1003.7,1013.6
108,서울,2024.5.25 22:00,20.3,,0.9,72,1003.7,1013.7
108,서울,2024.5.25 23:00,20.2,,0.8,74,1003.6,1013.6
108,서울,2024.5.26 0:00,20.4,,1.4,64,1002.9,1012.8
108,서울,2024.5.26 1:00,20.5,,2.4,61,1002.6,1012.5
108,서울,2024.5.26 2:00,20.5,,2.5,59,1002.1,1012
108,서울,2024.5.26 3:00,20.2,,1.2,59,1001.5,1011.4
108,서울,2024.5.26 4:00,19.5,,2.3,60,1000.9,1010.8
108,서울,2024.5.26 5:00,18.9,,2,61,1000.3,1010.2
108,서울,2024.5.26 6:00,18.7,,1.5,63,999.7,1009.6
108,서울,2024.5.26 7:00,19.1,,1.5,65,999.5,1009.4
108,서울,2024.5.26 8:00,21.1,,1.7,58,999.2,1009.1
108,서울,2024.5.26 9:00,22.6,,2,54,998.5,1008.3
108,서울,2024.5.26 10:00,23.4,,2.6,49,998,1007.7
108,서울,2024.5.26 11:00,23.5,,2.9,51,997.8,1007.5
108,서울,2024.5.26 12:00,22.9,,3.4,52,997,1006.7
108,서울,2024.5.26 13:00,22.1,0,3.2,57,996.1,1005.9
108,서울,2024.5.26 14:00,20.2,0.6,3.1,79,994.7,1004.6
108,서울,2024.5.26 15:00,19.5,1,1.4,86,993.8,1003.6
108,서울,2024.5.26 16:00,19.3,0.3,1.9,89,992.5,1002.3
108,서울,2024.5.26 17:00,19.3,1.2,1.7,92,991.5,1001.3
108,서울,2024.5.26 18:00,19.4,2.9,3.3,93,991.4,1001.2
108,서울,2024.5.26 19:00,19.4,0,5.1,93,991.4,1001.2
108,서울,2024.5.26 20:00,19.1,0.1,3.7,95,991.3,1001.1
108,서울,2024.5.26 21:00,18.7,0.4,3.3,95,991.3,1001.1
108,서울,2024.5.26 22:00,17.9,2.2,2.4,93,991.7,1001.6
108,서울,2024.5.26 23:00,17.3,0,3.2,93,991.6,1001.5
108,서울,2024.5.27 0:00,17,,3,92,991.8,1001.7
108,서울,2024.5.27 1:00,16.5,,2.4,91,991.9,1001.9
108,서울,2024.5.27 2:00,15.7,,2.9,91,992,1002
108,서울,2024.5.27 3:00,15.1,,3.5,89,992,1002.1
108,서울,2024.5.27 4:00,14.9,,3.5,91,992.2,1002.3
108,서울,2024.5.27 5:00,14.7,,1.9,91,992.7,1002.7
108,서울,2024.5.27 6:00,14.2,,2.8,89,993.5,1003.6
108,서울,2024.5.27 7:00,14.5,,2.7,82,994,1004
108,서울,2024.5.27 8:00,16,,2.9,71,994,1004
108,서울,2024.5.27 9:00,17.6,,3.4,63,993.7,1003.6
108,서울,2024.5.27 10:00,19.3,,3.9,58,993.5,1003.3
108,서울,2024.5.27 11:00,20.1,,3.9,52,993.3,1003.2
108,서울,2024.5.27 12:00,20.8,,4.5,52,993,1002.8
108,서울,2024.5.27 13:00,21.2,,5,51,992.1,1001.9
108,서울,2024.5.27 14:00,22.2,,3.9,52,991.9,1001.6
108,서울,2024.5.27 15:00,22.5,,4.1,41,992.4,1002.1
108,서울,2024.5.27 16:00,22.6,,3.6,44,992.7,1002.4
108,서울,2024.5.27 17:00,21.9,,3.3,44,993.1,1002.9
108,서울,2024.5.27 18:00,21.3,,3.1,46,993.7,1003.5
108,서울,2024.5.27 19:00,20.8,,2.4,47,994.2,1004
108,서울,2024.5.27 20:00,20.1,,2.4,48,994.7,1004.6
108,서울,2024.5.27 21:00,19.1,,3.3,60,994.8,1004.6
108,서울,2024.5.27 22:00,18.1,,2.1,64,995.1,1005
108,서울,2024.5.27 23:00,17.5,,2.7,65,995.2,1005.1
108,서울,2024.5.28 0:00,17,,2.6,67,994.5,1004.5
108,서울,2024.5.28 1:00,16.6,,1.8,68,994.3,1004.3
108,서울,2024.5.28 2:00,16,,1.6,71,994.6,1004.6
108,서울,2024.5.28 3:00,15.5,,1.3,73,995.2,1005.3
108,서울,2024.5.28 4:00,15.2,,1.4,75,995.2,1005.3
108,서울,2024.5.28 5:00,14.7,,0.5,78,995.1,1005.2
108,서울,2024.5.28 6:00,14.3,,2.2,79,995.7,1005.8
108,서울,2024.5.28 7:00,15.1,,2.1,77,996,1006.1
108,서울,2024.5.28 8:00,17.9,,2.6,65,996.2,1006.1
108,서울,2024.5.28 9:00,19.8,,3.6,57,996.3,1006.2
108,서울,2024.5.28 10:00,21.6,,3,49,996.3,1006.1
108,서울,2024.5.28 11:00,22.9,,3.4,45,996.4,1006.1
108,서울,2024.5.28 12:00,23.8,,3.8,42,996.2,1005.9
108,서울,2024.5.28 13:00,24.6,,3.7,38,995.6,1005.2
108,서울,2024.5.28 14:00,24.6,,3.3,38,995.7,1005.3
108,서울,2024.5.28 15:00,24.7,,3.7,40,995.7,1005.3
108,서울,2024.5.28 16:00,24.7,,3.6,41,995.8,1005.4
108,서울,2024.5.28 17:00,25.9,,3.7,34,995.6,1005.3
108,서울,2024.5.28 18:00,25.5,,3.5,33,995.9,1005.6
108,서울,2024.5.28 19:00,24.2,,3.6,33,996.5,1006.2
108,서울,2024.5.28 20:00,22.8,,2.7,37,997.4,1007.2
108,서울,2024.5.28 21:00,20.8,,3.1,50,998.4,1008.3
108,서울,2024.5.28 22:00,19.7,,2.1,60,999.4,1009.3
108,서울,2024.5.28 23:00,19.1,,1.5,61,999.6,1009.5
108,서울,2024.5.29 0:00,18.4,,2.2,64,1000,1009.9
108,서울,2024.5.29 1:00,17.9,,0.7,65,1000.4,1010.4
108,서울,2024.5.29 2:00,17.2,,1.9,68,1000.6,1010.6
108,서울,2024.5.29 3:00,16.8,,0.9,72,1000.9,1010.9
108,서울,2024.5.29 4:00,16.4,,0.9,73,1001.1,1011.2
108,서울,2024.5.29 5:00,15.9,,1.6,76,1001.4,1011.5
108,서울,2024.5.29 6:00,15.5,,1.1,75,1002.3,1012.4
108,서울,2024.5.29 7:00,16.5,,0.8,72,1002.7,1012.8
108,서울,2024.5.29 8:00,19,,0.6,65,1002.9,1012.8
108,서울,2024.5.29 9:00,21.2,,1.7,61,1003,1012.9
108,서울,2024.5.29 10:00,22.7,,2.3,54,1003.2,1013
108,서울,2024.5.29 11:00,24.3,,3.3,46,1003.2,1012.9
108,서울,2024.5.29 12:00,25.2,,3.1,43,1003,1012.8
108,서울,2024.5.29 13:00,26.2,,3.6,36,1002.7,1012.4
108,서울,2024.5.29 14:00,26.5,,3.4,37,1002.3,1012
108,서울,2024.5.29 15:00,26.6,,3.5,35,1002,1011.7
108,서울,2024.5.29 16:00,26.4,,3.3,34,1001.3,1011
108,서울,2024.5.29 17:00,26.2,,3.4,34,1000.8,1010.5
108,서울,2024.5.29 18:00,25.4,,3.5,36,1000.6,1010.3
108,서울,2024.5.29 19:00,24,,3,39,1000.9,1010.6
108,서울,2024.5.29 20:00,22.1,,2.6,43,1001.5,1011.3
108,서울,2024.5.29 21:00,20.8,,2.6,46,1003.2,1013.1
108,서울,2024.5.29 22:00,20,,1.6,47,1003.6,1013.6
108,서울,2024.5.29 23:00,19,,0.9,47,1003.3,1013.2
108,서울,2024.5.30 0:00,17.9,,1,45,1002.8,1012.8
108,서울,2024.5.30 1:00,17.5,,0.6,47,1002.8,1012.8
108,서울,2024.5.30 2:00,17.2,,0.4,44,1002.6,1012.6
108,서울,2024.5.30 3:00,17.1,,1.4,48,1002.3,1012.3
108,서울,2024.5.30 4:00,16.8,,2.3,49,1002,1012.1
108,서울,2024.5.30 5:00,16.3,,1.4,52,1002.4,1012.5
108,서울,2024.5.30 6:00,16.2,,1.5,56,1002.2,1012.3
108,서울,2024.5.30 7:00,17.4,,1.8,55,1001.7,1011.7
108,서울,2024.5.30 8:00,18.6,,2.3,57,1002.2,1012.2
108,서울,2024.5.30 9:00,20.4,,2.3,48,1002.5,1012.4
108,서울,2024.5.30 10:00,21.8,,2.1,45,1002,1011.9
108,서울,2024.5.30 11:00,23.2,,2.1,42,1002.2,1012
108,서울,2024.5.30 12:00,22.8,,1.7,44,1001.9,1011.7
108,서울,2024.5.30 13:00,24,,2,40,1000.9,1010.6
108,서울,2024.5.30 14:00,24.2,,2.6,38,1000.6,1010.3
108,서울,2024.5.30 15:00,24.1,,1.2,40,1000.3,1010
108,서울,2024.5.30 16:00,24.6,,1.6,38,999.7,1009.4
108,서울,2024.5.30 17:00,24.2,,1.1,40,998.9,1008.6
108,서울,2024.5.30 18:00,23.7,,1.7,43,998.6,1008.3
108,서울,2024.5.30 19:00,22.9,,1.5,46,999,1008.8
108,서울,2024.5.30 20:00,22,,1.4,49,999.1,1008.9
108,서울,2024.5.30 21:00,21.4,,0.7,53,999.8,1009.7
108,서울,2024.5.30 22:00,21,,1.7,56,1000.7,1010.6
108,서울,2024.5.30 23:00,20.7,,3.2,59,1000.6,1010.5
108,서울,2024.5.31 0:00,19.9,,1.9,61,1000.5,1010.5
108,서울,2024.5.31 1:00,19.6,,1,61,1000,1009.9
108,서울,2024.5.31 2:00,19.5,,1.3,60,999.4,1009.3
108,서울,2024.5.31 3:00,19,,2,65,999.3,1009.2
108,서울,2024.5.31 4:00,18,,1.9,68,999.4,1009.4
108,서울,2024.5.31 5:00,17.4,,1.8,72,999.7,1009.7
108,서울,2024.5.31 6:00,17,,1,74,1000.1,1010.1
108,서울,2024.5.31 7:00,17.6,,1.7,74,1000.2,1010.2
108,서울,2024.5.31 8:00,19.3,,2,67,1000.3,1010.2
108,서울,2024.5.31 9:00,20.6,,3.2,62,1000.3,1010.2
108,서울,2024.5.31 10:00,21.8,,2.4,59,1000.1,1009.9
108,서울,2024.5.31 11:00,22.5,,2.8,57,1000.3,1010.1
108,서울,2024.5.31 12:00,23.3,,2.7,44,1000.1,1009.9
108,서울,2024.5.31 13:00,23.7,,3.2,39,999.4,1009.1
108,서울,2024.5.31 14:00,24.6,,3.1,42,998.9,1008.6
108,서울,2024.5.31 15:00,25.1,,3.1,41,998.4,1008.1
108,서울,2024.5.31 16:00,24.5,,4.1,44,998.4,1008.1
108,서울,2024.5.31 17:00,23.4,,5.1,43,998.7,1008.4
108,서울,2024.5.31 18:00,21.4,,5.2,45,999.7,1009.6
108,서울,2024.5.31 19:00,18.7,1,2.7,65,999.9,1009.8
108,서울,2024.5.31 20:00,18.4,,1.2,68,999.8,1009.7
108,서울,2024.5.31 21:00,18.7,,2.5,67,1000.1,1010
108,서울,2024.5.31 22:00,18.8,,2.3,73,1000.6,1010.5
108,서울,2024.5.31 23:00,18.4,0,2.8,80,1000.6,1010.5
108,서울,2024.6.1 0:00,18.3,0,2.6,82,999.8,1009.7
108,서울,2024.6.1 1:00,18.3,0,2.7,82,999.6,1009.5
108,서울,2024.6.1 2:00,18.1,,2.6,80,999.4,1009.4
108,서울,2024.6.1 3:00,18,,2.6,81,999.6,1009.6
108,서울,2024.6.1 4:00,17.8,,1.3,81,999.8,1009.8
108,서울,2024.6.1 5:00,17.7,0,2.2,83,1000,1010
108,서울,2024.6.1 6:00,17.6,0,1.7,85,1000.6,1010.6
108,서울,2024.6.1 7:00,17.7,,1.2,81,1000.8,1010.8
108,서울,2024.6.1 8:00,18.2,,1.8,78,1000.9,1010.9
108,서울,2024.6.1 9:00,19.4,,2.4,70,1001,1010.9
108,서울,2024.6.1 10:00,20.5,,2.7,65,1001.1,1011
108,서울,2024.6.1 11:00,21.7,,3.4,60,1001.1,1011
108,서울,2024.6.1 12:00,22.7,,3.1,53,1000.7,1010.5
108,서울,2024.6.1 13:00,23.1,,3.5,48,1000.5,1010.3
108,서울,2024.6.1 14:00,24.2,,3.5,40,999.8,1009.5
108,서울,2024.6.1 15:00,24.8,,3.9,36,999.3,1009.1
108,서울,2024.6.1 16:00,24.8,,3.9,42,998.7,1008.5
108,서울,2024.6.1 17:00,24.5,,3.9,45,998.7,1008.4
108,서울,2024.6.1 18:00,23.8,,2.6,45,998.5,1008.2
108,서울,2024.6.1 19:00,22.3,,3.1,53,998.6,1008.4
108,서울,2024.6.1 20:00,20.8,,2.3,59,998.8,1008.7
108,서울,2024.6.1 21:00,20.3,,3,62,999.7,1009.6
108,서울,2024.6.1 22:00,19.8,,3.5,55,1000,1010
108,서울,2024.6.1 23:00,19.3,,2.5,55,1000.8,1010.7
108,서울,2024.6.2 0:00,18.7,,2.9,58,1000.6,1010.5
108,서울,2024.6.2 1:00,18.2,,3.5,60,1000.8,1010.8
108,서울,2024.6.2 2:00,17.6,,2.5,61,1000.7,1010.7
108,서울,2024.6.2 3:00,16.9,,2.5,64,1000.4,1010.4
108,서울,2024.6.2 4:00,16.1,,1.6,66,1000.7,1010.8
108,서울,2024.6.2 5:00,15.8,,1.9,69,1000.9,1011
108,서울,2024.6.2 6:00,15.7,,1.7,70,1000.6,1010.7
108,서울,2024.6.2 7:00,16.7,,1.8,68,1000.8,1010.8
108,서울,2024.6.2 8:00,18.3,,1.9,61,1000.6,1010.6
108,서울,2024.6.2 9:00,20.3,,1.8,52,1000.3,1010.2
108,서울,2024.6.2 10:00,21.6,,4.3,43,1000.1,1010
108,서울,2024.6.2 11:00,23.1,,2.3,42,999.8,1009.6
108,서울,2024.6.2 12:00,23.8,,3.4,40,999.5,1009.2
108,서울,2024.6.2 13:00,25,,4.4,38,998.9,1008.6
108,서울,2024.6.2 14:00,25.1,,3.8,38,998.5,1008.2
108,서울,2024.6.2 15:00,24.5,,3.8,40,998.1,1007.8
108,서울,2024.6.2 16:00,25.4,,4.4,41,998.1,1007.8
108,서울,2024.6.2 17:00,25.2,,4.1,39,998.1,1007.8
108,서울,2024.6.2 18:00,23.9,,4.5,43,998,1007.7
108,서울,2024.6.2 19:00,22.8,,3,47,998.5,1008.3
108,서울,2024.6.2 20:00,21.4,,2.3,45,999.1,1009
108,서울,2024.6.2 21:00,20.2,,1.4,47,999.6,1009.5
108,서울,2024.6.2 22:00,19.7,,1.1,48,999.9,1009.8
108,서울,2024.6.2 23:00,18.9,,0.7,52,999.9,1009.8
108,서울,2024.6.3 0:00,18.1,,1,59,1000.2,1010.2
108,서울,2024.6.3 1:00,17.6,,1.6,66,1000,1010
108,서울,2024.6.3 2:00,17,,1.7,71,999.9,1009.9
108,서울,2024.6.3 3:00,16.7,,1.3,74,1000,1010
108,서울,2024.6.3 4:00,16.1,,2.4,77,999.9,1010
108,서울,2024.6.3 5:00,15.9,,2,78,1000.1,1010.2
108,서울,2024.6.3 6:00,16,,2.2,79,1000.4,1010.5
108,서울,2024.6.3 7:00,17.3,,2.4,71,1001,1011
108,서울,2024.6.3 8:00,19.6,,2.6,59,1001.1,1011
108,서울,2024.6.3 9:00,21.4,,2.6,52,1001.1,1011
108,서울,2024.6.3 10:00,23,,2.7,44,1001,1010.8
108,서울,2024.6.3 11:00,24.4,,2.3,39,1001,1010.7
108,서울,2024.6.3 12:00,25.4,,2.6,35,1000.4,1010.1
108,서울,2024.6.3 13:00,26.4,,2.8,34,999.9,1009.6
108,서울,2024.6.3 14:00,27.4,,2.3,32,999.5,1009.1
108,서울,2024.6.3 15:00,28.2,,3.7,33,999.2,1008.8
108,서울,2024.6.3 16:00,28.5,,1.2,32,998.9,1008.5
108,서울,2024.6.3 17:00,27.2,,2.6,36,999,1008.6
108,서울,2024.6.3 18:00,26.6,,1.9,35,999.1,1008.8
108,서울,2024.6.3 19:00,26.1,,3,35,999.8,1009.5
108,서울,2024.6.3 20:00,24.4,,3.9,34,1000.6,1010.3
108,서울,2024.6.3 21:00,23.2,,3.6,34,1001.5,1011.3
108,서울,2024.6.3 22:00,22.1,,3.4,35,1002.3,1012.1
108,서울,2024.6.3 23:00,21.1,,3.2,36,1002.9,1012.8
108,서울,2024.6.4 0:00,20.4,,3.9,37,1003.3,1013.3
108,서울,2024.6.4 1:00,19.7,,3,40,1003.6,1013.5
108,서울,2024.6.4 2:00,19.2,,3.7,41,1003.7,1013.6
108,서울,2024.6.4 3:00,18.4,,2.3,45,1003.9,1013.9
108,서울,2024.6.4 4:00,17.6,,2.6,47,1004.2,1014.2
108,서울,2024.6.4 5:00,16.7,,2.1,50,1004.8,1014.9
108,서울,2024.6.4 6:00,16.3,,1.4,55,1005.2,1015.3
108,서울,2024.6.4 7:00,17.9,,2.3,53,1005.7,1015.7
108,서울,2024.6.4 8:00,20.2,,2.9,50,1006,1016
108,서울,2024.6.4 9:00,22.3,,2.1,46,1006.2,1016.1
108,서울,2024.6.4 10:00,23.9,,1.5,40,1006.1,1015.9
108,서울,2024.6.4 11:00,25.6,,1.7,33,1005.9,1015.7
108,서울,2024.6.4 12:00,26.3,,2.2,33,1005.3,1015
108,서울,2024.6.4 13:00,27.6,,1.7,32,1004.7,1014.4
108,서울,2024.6.4 14:00,28.3,,2.4,30,1004.5,1014.2
108,서울,2024.6.4 15:00,28.5,,3.3,30,1004.2,1013.8
108,서울,2024.6.4 16:00,29.1,,2.7,31,1004,1013.6
108,서울,2024.6.4 17:00,28.6,,3.4,35,1004.1,1013.7
108,서울,2024.6.4 18:00,27.7,,3.5,36,1004.3,1014
108,서울,2024.6.4 19:00,25.8,,3.6,38,1004.6,1014.4
108,서울,2024.6.4 20:00,23.7,,1.7,40,1005,1014.8
108,서울,2024.6.4 21:00,22.6,,2.6,42,1006,1015.9
108,서울,2024.6.4 22:00,21.8,,1.4,45,1006.9,1016.8
108,서울,2024.6.4 23:00,21.1,,1.3,47,1007.2,1017.2
108,서울,2024.6.5 0:00,20.5,,1.8,50,1007.1,1017.1
108,서울,2024.6.5 1:00,20.1,,1.8,54,1007.2,1017.2
108,서울,2024.6.5 2:00,19.6,,0.5,55,1007.3,1017.2
108,서울,2024.6.5 3:00,19,,1.3,59,1007.2,1017.2
108,서울,2024.6.5 4:00,18.7,,0.9,62,1007.4,1017.4
108,서울,2024.6.5 5:00,18.3,,0.3,64,1007.7,1017.7
108,서울,2024.6.5 6:00,18.1,,0.9,66,1008.1,1018.1
108,서울,2024.6.5 7:00,19,,1.4,63,1008.3,1018.3
108,서울,2024.6.5 8:00,21.8,,1.4,55,1008.6,1018.5
108,서울,2024.6.5 9:00,24.1,,2,52,1008.7,1018.5
108,서울,2024.6.5 10:00,25.2,,2.2,48,1008.5,1018.3
108,서울,2024.6.5 11:00,26.9,,2.3,47,1008.1,1017.8
108,서울,2024.6.5 12:00,28,,2.3,43,1007.7,1017.4
108,서울,2024.6.5 13:00,29.6,,1.8,42,1007,1016.6
108,서울,2024.6.5 14:00,30,,2.4,38,1006.5,1016.1
108,서울,2024.6.5 15:00,29.5,,2.6,38,1006.2,1015.8
108,서울,2024.6.5 16:00,28.7,,3.8,46,1006.1,1015.7
108,서울,2024.6.5 17:00,27.7,,3.5,49,1005.9,1015.6
108,서울,2024.6.5 18:00,26.2,,2.3,54,1006.1,1015.9
108,서울,2024.6.5 19:00,25,,2,53,1006.5,1016.3
108,서울,2024.6.5 20:00,23.5,,2,52,1006.8,1016.6
108,서울,2024.6.5 21:00,22.6,,0.8,54,1007.4,1017.3
108,서울,2024.6.5 22:00,21.8,,2.2,60,1007.8,1017.7
108,서울,2024.6.5 23:00,21.4,,2.5,64,1007.6,1017.5
108,서울,2024.6.6 0:00,21.1,,1.7,65,1007.6,1017.6
108,서울,2024.6.6 1:00,20.7,,0.5,63,1007.4,1017.4
108,서울,2024.6.6 2:00,20.1,,1.7,65,1007.3,1017.3
108,서울,2024.6.6 3:00,20,,1.3,64,1007,1017
108,서울,2024.6.6 4:00,19.8,,1.4,67,1007.1,1017.1
108,서울,2024.6.6 5:00,19.5,,1.5,68,1007.2,1017.1
108,서울,2024.6.6 6:00,19.4,,1,68,1007.3,1017.3
108,서울,2024.6.6 7:00,19.7,,0.6,67,1007.5,1017.4
108,서울,2024.6.6 8:00,21.8,,1.3,63,1007.5,1017.4
108,서울,2024.6.6 9:00,23.6,,1,59,1007.6,1017.4
108,서울,2024.6.6 10:00,25.7,,1.7,54,1007.2,1017
108,서울,2024.6.6 11:00,27.4,,2.3,49,1007.1,1016.8
108,서울,2024.6.6 12:00,28.2,,1.6,46,1006.5,1016.2
108,서울,2024.6.6 13:00,30.1,,2.3,40,1005.7,1015.3
108,서울,2024.6.6 14:00,29.4,,2.5,40,1004.7,1014.3
108,서울,2024.6.6 15:00,30.6,,1.7,37,1004.1,1013.7
108,서울,2024.6.6 16:00,30.9,,3.6,35,1003.5,1013.1
108,서울,2024.6.6 17:00,29.8,,3.1,44,1003.4,1013
108,서울,2024.6.6 18:00,26.8,,4.2,53,1003.6,1013.3
108,서울,2024.6.6 19:00,26,,3.2,52,1003.9,1013.6
108,서울,2024.6.6 20:00,24.8,,3.1,53,1004.3,1014.1
108,서울,2024.6.6 21:00,23.4,,3.5,54,1005.4,1015.2
108,서울,2024.6.6 22:00,22.1,,2.3,53,1005.6,1015.5
108,서울,2024.6.6 23:00,21.4,,2.5,52,1005.8,1015.7
108,서울,2024.6.7 0:00,20.8,,0.9,53,1005.6,1015.6
108,서울,2024.6.7 1:00,20.3,,1.1,55,1005.6,1015.6
108,서울,2024.6.7 2:00,19.8,,1,57,1005.5,1015.5
108,서울,2024.6.7 3:00,19.3,,1.4,59,1004.7,1014.6
108,서울,2024.6.7 4:00,18.9,,1.6,63,1004.6,1014.6
108,서울,2024.6.7 5:00,18.5,,2.5,68,1005.3,1015.3
108,서울,2024.6.7 6:00,18.3,,0.5,70,1005.3,1015.3
108,서울,2024.6.7 7:00,19.3,,0.4,68,1005.3,1015.2
108,서울,2024.6.7 8:00,20.7,,0.8,61,1005.2,1015.2
108,서울,2024.6.7 9:00,22.4,,1.9,57,1005.1,1015
108,서울,2024.6.7 10:00,23.9,,1.9,51,1004.7,1014.5
108,서울,2024.6.7 11:00,25,,1.7,47,1003.9,1013.7
108,서울,2024.6.7 12:00,25.9,,2.2,44,1003.7,1013.5
108,서울,2024.6.7 13:00,26.3,,2,43,1003.1,1012.8
108,서울,2024.6.7 14:00,27.1,,1.9,42,1002.2,1011.9
108,서울,2024.6.7 15:00,27.7,,3.1,42,1001.7,1011.4
108,서울,2024.6.7 16:00,27.6,,1.9,41,1001.1,1010.7
108,서울,2024.6.7 17:00,27.6,,2.7,42,1000.5,1010.1
108,서울,2024.6.7 18:00,27.6,,1.9,42,1000.4,1010
108,서울,2024.6.7 19:00,25.7,,3.4,50,1000.8,1010.5
108,서울,2024.6.7 20:00,24.1,0,2.6,49,1001.2,1010.9
108,서울,2024.6.7 21:00,23.3,0,1.9,53,1001.6,1011.4
108,서울,2024.6.7 22:00,22.4,0,2.4,60,1001.9,1011.7
108,서울,2024.6.7 23:00,22,0,2,57,1001.9,1011.7
108,서울,2024.6.8 0:00,19.9,0.8,2.3,67,1001.9,1011.9
108,서울,2024.6.8 1:00,19.6,0,0.6,69,1001.4,1011.3
108,서울,2024.6.8 2:00,19.6,0,1,66,1001.2,1011.1
108,서울,2024.6.8 3:00,19.2,0,1.3,75,1000.9,1010.8
108,서울,2024.6.8 4:00,18.3,0.5,1.2,82,1000.4,1010.3
108,서울,2024.6.8 5:00,18,0,1.4,84,1000.4,1010.4
108,서울,2024.6.8 6:00,18,0,2.2,86,1000,1010
108,서울,2024.6.8 7:00,17.9,0.6,1.8,89,1000,1010
108,서울,2024.6.8 8:00,18.2,0.3,1.4,90,999.8,1009.7
108,서울,2024.6.8 9:00,18.1,2.4,1.1,91,999.7,1009.7
108,서울,2024.6.8 10:00,18.2,12.3,0.9,93,999.6,1009.5
108,서울,2024.6.8 11:00,18.9,0.5,0.6,92,999.5,1009.4
108,서울,2024.6.8 12:00,19.5,0.3,1,89,999.3,1009.2
108,서울,2024.6.8 13:00,20.5,,1.6,86,998.7,1008.6
108,서울,2024.6.8 14:00,21.9,,3,81,998.1,1007.9
108,서울,2024.6.8 15:00,23.1,,2.3,75,997.5,1007.2
108,서울,2024.6.8 16:00,24.2,,3.2,69,997.2,1006.9
108,서울,2024.6.8 17:00,24.2,,3.1,61,997,1006.7
108,서울,2024.6.8 18:00,24,,3.3,60,997,1006.7
108,서울,2024.6.8 19:00,23.2,,2.6,64,997.2,1006.9
108,서울,2024.6.8 20:00,22,,1.7,72,997.5,1007.3
108,서울,2024.6.8 21:00,21.2,,1.3,76,997.5,1007.3
108,서울,2024.6.8 22:00,20.6,,1.9,79,998.1,1008
108,서울,2024.6.8 23:00,20.2,,0.5,80,998,1007.9
108,서울,2024.6.9 0:00,19.5,,0.9,84,998.1,1008
108,서울,2024.6.9 1:00,19,,0.9,85,998,1007.9
108,서울,2024.6.9 2:00,18.6,,1.3,88,997.9,1007.8
108,서울,2024.6.9 3:00,18.1,,1,89,998.2,1008.1
108,서울,2024.6.9 4:00,17.7,,1.4,90,998.4,1008.4
108,서울,2024.6.9 5:00,17.7,,1.3,90,998.3,1008.3
108,서울,2024.6.9 6:00,17.4,,2,91,998.2,1008.2
108,서울,2024.6.9 7:00,18.2,,1.7,91,998.5,1008.4
108,서울,2024.6.9 8:00,20.3,,0.6,84,998.5,1008.4
108,서울,2024.6.9 9:00,22.2,,1,73,998.4,1008.2
108,서울,2024.6.9 10:00,23.8,,1.9,68,998.2,1007.9
108,서울,2024.6.9 11:00,25.3,,2.3,61,998.1,1007.8
108,서울,2024.6.9 12:00,26,,2.3,55,997.9,1007.6
108,서울,2024.6.9 13:00,26.8,,2.1,50,997.5,1007.2
108,서울,2024.6.9 14:00,27.8,,2.1,51,997.1,1006.7
108,서울,2024.6.9 15:00,28.8,,2.8,49,996.9,1006.5
108,서울,2024.6.9 16:00,28.5,,4.1,49,996.8,1006.4
108,서울,2024.6.9 17:00,27.4,,4,52,997,1006.6
108,서울,2024.6.9 18:00,26.8,,3,52,996.9,1006.5
108,서울,2024.6.9 19:00,25.3,,2.2,60,997.1,1006.8
108,서울,2024.6.9 20:00,23.4,,2.1,65,997.4,1007.1
108,서울,2024.6.9 21:00,22.8,,2.1,68,998.2,1008
108,서울,2024.6.9 22:00,22,,1.7,69,998.7,1008.5
108,서울,2024.6.9 23:00,21.4,,1.8,72,998.6,1008.4
108,서울,2024.6.10 0:00,21,,0.6,74,998.2,1008.1
108,서울,2024.6.10 1:00,20.4,,1.6,75,998.1,1008
108,서울,2024.6.10 2:00,20,,1.3,78,998.3,1008.2
108,서울,2024.6.10 3:00,19.7,,0.5,79,998.3,1008.1
108,서울,2024.6.10 4:00,19.5,,1.3,81,998.8,1008.7
108,서울,2024.6.10 5:00,19.3,,0.5,83,998.9,1008.8
108,서울,2024.6.10 6:00,19,,1.7,85,998.9,1008.8
108,서울,2024.6.10 7:00,20,,1.6,83,998.8,1008.7
108,서울,2024.6.10 8:00,22,,1.1,75,998.7,1008.5
108,서울,2024.6.10 9:00,23.8,,1.7,64,998.1,1007.8
108,서울,2024.6.10 10:00,25.6,,2.4,53,997.5,1007.2
108,서울,2024.6.10 11:00,26.9,,2.7,52,997.2,1006.8
108,서울,2024.6.10 12:00,28.3,,2.2,52,996.5,1006.1
108,서울,2024.6.10 13:00,29.5,,2.9,48,995.9,1005.4
108,서울,2024.6.10 14:00,30.5,,3.3,46,995.4,1004.9
108,서울,2024.6.10 15:00,30.9,,3.4,44,995.1,1004.6
108,서울,2024.6.10 16:00,29.6,,4.2,51,995.2,1004.7
108,서울,2024.6.10 17:00,29.8,,4.3,51,994.7,1004.2
108,서울,2024.6.10 18:00,28.6,,3.7,54,994.8,1004.3
108,서울,2024.6.10 19:00,26.8,,3.6,62,995.7,1005.3
108,서울,2024.6.10 20:00,24.5,,2.9,71,996,1005.7
108,서울,2024.6.10 21:00,23.8,,2.8,75,996.4,1006.1
108,서울,2024.6.10 22:00,23.2,,2.1,78,997.2,1006.9
108,서울,2024.6.10 23:00,22.9,,2.1,80,997.7,1007.5
108,서울,2024.6.11 0:00,23.1,,3.1,77,997.5,1007.2
108,서울,2024.6.11 1:00,22.9,,3.1,78,997.3,1007.1
108,서울,2024.6.11 2:00,22.6,,2.7,78,997.4,1007.2
108,서울,2024.6.11 3:00,22.4,,2,79,997.6,1007.4
108,서울,2024.6.11 4:00,22.2,,2.3,78,997.9,1007.7
108,서울,2024.6.11 5:00,22,,2.5,78,998.2,1008
108,서울,2024.6.11 6:00,22,,1.3,77,998.3,1008.1
108,서울,2024.6.11 7:00,22.2,,2.6,76,998.5,1008.3
108,서울,2024.6.11 8:00,23.2,,2.2,73,998.5,1008.2
108,서울,2024.6.11 9:00,24.8,,1.5,68,998.4,1008.1
108,서울,2024.6.11 10:00,25.5,,2.7,64,998.1,1007.8
108,서울,2024.6.11 11:00,26.9,,1.6,58,997.2,1006.8
108,서울,2024.6.11 12:00,28.5,,2.1,53,996.8,1006.4
108,서울,2024.6.11 13:00,29.7,,3.3,51,996.2,1005.7
108,서울,2024.6.11 14:00,30.6,,2.7,51,995.8,1005.3
108,서울,2024.6.11 15:00,31.2,,3.9,49,995.6,1005.1
108,서울,2024.6.11 16:00,31.4,,2.8,48,995.4,1004.9
108,서울,2024.6.11 17:00,29.7,,4.3,41,995.5,1005
108,서울,2024.6.11 18:00,28.9,,3,43,995.7,1005.2
108,서울,2024.6.11 19:00,26.7,,2.9,52,996.1,1005.7
108,서울,2024.6.11 20:00,25.2,,2.9,58,996.3,1006
108,서울,2024.6.11 21:00,23.9,,2.8,61,996.9,1006.6
108,서울,2024.6.11 22:00,23,,1.6,66,997,1006.7
108,서울,2024.6.11 23:00,22.3,,1.6,67,996.7,1006.5
108,서울,2024.6.12 0:00,21.7,,1,69,996.4,1006.2
108,서울,2024.6.12 1:00,21.2,,0.3,70,995.8,1005.6
108,서울,2024.6.12 2:00,20.7,,0.9,73,995.2,1005.1
108,서울,2024.6.12 3:00,20.4,,1.6,77,996.3,1006.2
108,서울,2024.6.12 4:00,19.8,,0.6,76,996.3,1006.2
108,서울,2024.6.12 5:00,19.4,,0.7,80,996.9,1006.8
108,서울,2024.6.12 6:00,19.6,,2.2,80,998.4,1008.3
108,서울,2024.6.12 7:00,19.9,,1.4,82,998.2,1008.1
108,서울,2024.6.12 8:00,21.9,,1.6,73,997,1006.8
108,서울,2024.6.12 9:00,24.2,,1.6,62,996.6,1006.3
108,서울,2024.6.12 10:00,26,,2.4,50,996.1,1005.8
108,서울,2024.6.12 11:00,27.9,,2,48,995.7,1005.3
108,서울,2024.6.12 12:00,29.3,,1.9,42,995,1004.5
108,서울,2024.6.12 13:00,30.6,,1.7,39,994.5,1004
108,서울,2024.6.12 14:00,31.5,,2.6,38,994.2,1003.7
108,서울,2024.6.12 15:00,30.9,,3.8,43,994.3,1003.8
108,서울,2024.6.12 16:00,30,,3.4,43,994.2,1003.7
108,서울,2024.6.12 17:00,28.7,,3.9,44,994.1,1003.6
108,서울,2024.6.12 18:00,28,,3.3,50,994.6,1004.2
108,서울,2024.6.12 19:00,25.3,,3.8,56,994.9,1004.6
108,서울,2024.6.12 20:00,24.2,,2.7,63,994.9,1004.6
108,서울,2024.6.12 21:00,23.4,,2.4,65,994.9,1004.6
108,서울,2024.6.12 22:00,22.8,,1.8,65,995,1004.7
108,서울,2024.6.12 23:00,22.5,,1.4,66,995.1,1004.9
108,서울,2024.6.13 0:00,22.2,,2.1,67,994.9,1004.7
108,서울,2024.6.13 1:00,21.8,,0.2,67,995,1004.8
108,서울,2024.6.13 2:00,21.5,,0.2,64,994.9,1004.7
108,서울,2024.6.13 3:00,21,,0.6,65,994.5,1004.3
108,서울,2024.6.13 4:00,20.7,,0.5,69,994.7,1004.5
108,서울,2024.6.13 5:00,20.1,,1.1,69,995.2,1005.1
108,서울,2024.6.13 6:00,20.1,,1.2,71,995.6,1005.5
108,서울,2024.6.13 7:00,21.1,,1.9,72,995.4,1005.2
108,서울,2024.6.13 8:00,23.3,,1.8,66,995.1,1004.8
108,서울,2024.6.13 9:00,25.6,,0.8,59,994.7,1004.4
108,서울,2024.6.13 10:00,27.5,,1.2,53,994.9,1004.5
108,서울,2024.6.13 11:00,29.1,,2.1,46,995,1004.5
108,서울,2024.6.13 12:00,30.6,,2.5,41,994.9,1004.4
108,서울,2024.6.13 13:00,31.5,,3.5,32,994.5,1004
108,서울,2024.6.13 14:00,32.2,,3,36,994.2,1003.7
108,서울,2024.6.13 15:00,32.3,,2.5,38,993.8,1003.2
108,서울,2024.6.13 16:00,32.6,,3.2,33,993.5,1002.9
108,서울,2024.6.13 17:00,31.8,,3.8,35,993.6,1003.1
108,서울,2024.6.13 18:00,31,,3.2,37,993.5,1003
108,서울,2024.6.13 19:00,29.6,,2.7,43,993.9,1003.4
108,서울,2024.6.13 20:00,27.8,,1.7,43,994.2,1003.8
108,서울,2024.6.13 21:00,26.5,,2,47,994.5,1004.1
108,서울,2024.6.13 22:00,25.6,,2.1,51,994.4,1004.1
108,서울,2024.6.13 23:00,24.9,,1.2,53,994.6,1004.3
108,서울,2024.6.14 0:00,23.9,,2.1,53,994.7,1004.4
108,서울,2024.6.14 1:00,23.4,,1.7,57,994.4,1004.1
108,서울,2024.6.14 2:00,23.1,,1.7,58,994.6,1004.3
108,서울,2024.6.14 3:00,22.3,,2.5,60,995.2,1005
108,서울,2024.6.14 4:00,21.9,,1,69,995.8,1005.6
108,서울,2024.6.14 5:00,21.7,,1.1,74,995.9,1005.7
108,서울,2024.6.14 6:00,21.6,,1.7,72,996.3,1006.1
108,서울,2024.6.14 7:00,22.4,,0.5,70,996.8,1006.6
108,서울,2024.6.14 8:00,24.1,,0.9,66,996.6,1006.3
108,서울,2024.6.14 9:00,26.5,,1.4,58,996.1,1005.7
108,서울,2024.6.14 10:00,28.7,,2.2,46,995.4,1004.9
108,서울,2024.6.14 11:00,30.2,,2.5,39,994.7,1004.2
108,서울,2024.6.14 12:00,31.6,,2.7,35,994.1,1003.6
108,서울,2024.6.14 13:00,31.9,,2.8,39,993.7,1003.2
108,서울,2024.6.14 14:00,32.6,,2.7,38,993.4,1002.8
108,서울,2024.6.14 15:00,32.3,,3.8,43,993.7,1003.1
108,서울,2024.6.14 16:00,31.1,,5.5,37,993.9,1003.4
108,서울,2024.6.14 17:00,28.3,,4.4,47,994.4,1004
108,서울,2024.6.14 18:00,27.3,,3.4,55,994.3,1003.9
108,서울,2024.6.14 19:00,26.2,,2.9,55,994.3,1003.9
108,서울,2024.6.14 20:00,25.5,,2.1,57,994.4,1004.1
108,서울,2024.6.14 21:00,24.9,,2.3,60,994.7,1004.4
108,서울,2024.6.14 22:00,24.3,,1.9,67,995.4,1005.1
108,서울,2024.6.14 23:00,24,,1.7,66,995.8,1005.5
108,서울,2024.6.15 0:00,23.8,,0.9,65,995.5,1005.2
108,서울,2024.6.15 1:00,23.6,,1.1,67,995,1004.7
108,서울,2024.6.15 2:00,23.4,0,1.4,68,994.8,1004.5
108,서울,2024.6.15 3:00,23.3,0,0.3,69,994.2,1003.9
108,서울,2024.6.15 4:00,22.4,3.8,1.9,79,994.6,1004.4
108,서울,2024.6.15 5:00,21.9,1.3,0.4,84,994.6,1004.4
108,서울,2024.6.15 6:00,21.9,0.3,0.8,85,994.7,1004.5
108,서울,2024.6.15 7:00,22,0.3,0.9,85,994.3,1004.1
108,서울,2024.6.15 8:00,23.1,,0.5,82,994.8,1004.5
108,서울,2024.6.15 9:00,23.7,,1.4,78,994.4,1004.1
108,서울,2024.6.15 10:00,24.5,,1.7,76,994.3,1003.9
108,서울,2024.6.15 11:00,25,,1.8,72,994.3,1004
108,서울,2024.6.15 12:00,24.9,0,2.1,73,994.3,1004
108,서울,2024.6.15 13:00,25,0.4,1.8,75,993.9,1003.6
108,서울,2024.6.15 14:00,25.9,,2.6,68,993.1,1002.7
108,서울,2024.6.15 15:00,27.2,,2.8,60,992.3,1001.9
108,서울,2024.6.15 16:00,28,,3.4,56,991.9,1001.4
108,서울,2024.6.15 17:00,27.9,,2.8,58,991.6,1001.1
108,서울,2024.6.15 18:00,26.8,,3.6,62,992,1001.6
108,서울,2024.6.15 19:00,25.6,,2.3,66,992.3,1002
108,서울,2024.6.15 20:00,24.6,,2.5,70,992.9,1002.5
108,서울,2024.6.15 21:00,23.8,,2.4,71,993,1002.7
108,서울,2024.6.15 22:00,23.1,,2.3,75,993.7,1003.4
108,서울,2024.6.15 23:00,22.5,,1.9,77,994.1,1003.8
108,서울,2024.6.16 0:00,21.9,,2.1,80,994,1003.8
108,서울,2024.6.16 1:00,21.5,,1.9,83,993.9,1003.7
108,서울,2024.6.16 2:00,21.1,,1.3,85,994.3,1004.1
108,서울,2024.6.16 3:00,20.9,,1.2,87,994.2,1004
108,서울,2024.6.16 4:00,20.4,,2.2,88,994.3,1004.2
108,서울,2024.6.16 5:00,20,,2.1,87,994.6,1004.5
108,서울,2024.6.16 6:00,19.9,,1.9,84,995.4,1005.3
108,서울,2024.6.16 7:00,20.7,,2.4,77,996.1,1006
108,서울,2024.6.16 8:00,22.1,,2.9,70,996.2,1006
108,서울,2024.6.16 9:00,23.4,,2.9,65,996.5,1006.2
108,서울,2024.6.16 10:00,24.8,,2.3,56,996.2,1005.9
108,서울,2024.6.16 11:00,26.2,,3.7,47,996.4,1006.1
108,서울,2024.6.16 12:00,27.4,,3.4,42,996,1005.6
108,서울,2024.6.16 13:00,28.1,,3.3,42,995.7,1005.3
108,서울,2024.6.16 14:00,28.9,,3.6,41,995.6,1005.1
108,서울,2024.6.16 15:00,29.1,,3.3,42,995.4,1004.9
108,서울,2024.6.16 16:00,29,,4.9,46,995.4,1004.9
108,서울,2024.6.16 17:00,28.8,,4.1,42,995.4,1004.9
108,서울,2024.6.16 18:00,27.9,,4.2,43,995.9,1005.5
108,서울,2024.6.16 19:00,26.4,,4.3,47,996.7,1006.4
108,서울,2024.6.16 20:00,24.9,,2.5,49,997.3,1007
108,서울,2024.6.16 21:00,23.8,,2.7,49,998,1007.7
108,서울,2024.6.16 22:00,23,,2.4,49,998.5,1008.3
108,서울,2024.6.16 23:00,22.2,,1.9,53,998.6,1008.4
108,서울,2024.6.17 0:00,21.6,,2.6,55,998.6,1008.4
108,서울,2024.6.17 1:00,21.1,,1.5,55,998.6,1008.5
108,서울,2024.6.17 2:00,20.5,,0.9,59,998.9,1008.8
108,서울,2024.6.17 3:00,20.3,,1.4,64,998.8,1008.7
108,서울,2024.6.17 4:00,19.6,,1,67,998.7,1008.6
108,서울,2024.6.17 5:00,19.2,,0.4,71,999,1008.9
108,서울,2024.6.17 6:00,18.9,,0.8,72,999.4,1009.3
108,서울,2024.6.17 7:00,20.1,,0.6,68,999.2,1009.1
108,서울,2024.6.17 8:00,22.5,,0.6,61,999.3,1009.1
108,서울,2024.6.17 9:00,24.7,,1.5,52,999,1008.7
108,서울,2024.6.17 10:00,26,,1.5,47,998.3,1008
108,서울,2024.6.17 11:00,27.5,,2.3,44,998.1,1007.7
108,서울,2024.6.17 12:00,28.8,,2.8,42,997.7,1007.3
108,서울,2024.6.17 13:00,29.9,,3.5,32,996.9,1006.5
108,서울,2024.6.17 14:00,29.6,,4,31,996.3,1005.8
108,서울,2024.6.17 15:00,30,,3.8,31,996.5,1006.1
108,서울,2024.6.17 16:00,30.1,,3.3,32,996.3,1005.8
108,서울,2024.6.17 17:00,29,,3.3,30,996,1005.5
108,서울,2024.6.17 18:00,28.8,,3.3,28,995.5,1005
108,서울,2024.6.17 19:00,27.3,,3.4,32,995.8,1005.4
108,서울,2024.6.17 20:00,25.8,,2.9,39,996,1005.7
108,서울,2024.6.17 21:00,24.7,,3.6,43,996.4,1006
108,서울,2024.6.17 22:00,23.7,,2.9,44,996.9,1006.6
108,서울,2024.6.17 23:00,23,,3.1,49,996.8,1006.5
108,서울,2024.6.18 0:00,22.5,,1.9,55,996.3,1006.1
108,서울,2024.6.18 1:00,22,,1.8,60,996.3,1006.1
108,서울,2024.6.18 2:00,21.5,,1.8,70,995.9,1005.7
108,서울,2024.6.18 3:00,21.1,,0.9,75,995.9,1005.7
108,서울,2024.6.18 4:00,21.1,,0.9,81,996.2,1006
108,서울,2024.6.18 5:00,20.6,,0.6,82,996.6,1006.5
108,서울,2024.6.18 6:00,20.5,,1.3,83,997.1,1007
108,서울,2024.6.18 7:00,21.2,,0.8,78,997.1,1006.9
108,서울,2024.6.18 8:00,23.6,,1.4,72,997.2,1006.9
108,서울,2024.6.18 9:00,25.2,,1.5,65,996.9,1006.6
108,서울,2024.6.18 10:00,27.1,,1.8,60,996.8,1006.4
108,서울,2024.6.18 11:00,28.4,,2.4,50,996.6,1006.2
108,서울,2024.6.18 12:00,29.9,,2.5,46,996.3,1005.9
108,서울,2024.6.18 13:00,31.3,,2.6,44,995.8,1005.3
108,서울,2024.6.18 14:00,32.7,,2.2,43,995.5,1004.9
108,서울,2024.6.18 15:00,32.6,,3.1,40,995.2,1004.7
108,서울,2024.6.18 16:00,32.4,,3.9,38,995.1,1004.6
108,서울,2024.6.18 17:00,31.9,,3.5,38,995.2,1004.7
108,서울,2024.6.18 18:00,30.5,,3.2,39,995.5,1005
108,서울,2024.6.18 19:00,28.5,,3.6,42,996.1,1005.7
108,서울,2024.6.18 20:00,26.5,,2.9,55,997,1006.7
108,서울,2024.6.18 21:00,25,,3.2,59,997.7,1007.4
108,서울,2024.6.18 22:00,24.4,,2.1,65,998.5,1008.2
108,서울,2024.6.18 23:00,23.8,,1.7,68,998.6,1008.3
108,서울,2024.6.19 0:00,23.4,,1.1,69,998.4,1008.1
108,서울,2024.6.19 1:00,22.9,,1,71,998.7,1008.5
108,서울,2024.6.19 2:00,22.5,,0.1,73,998.7,1008.5
108,서울,2024.6.19 3:00,22.2,,1.2,75,998.8,1008.6
108,서울,2024.6.19 4:00,21.9,,1.1,77,998.6,1008.4
108,서울,2024.6.19 5:00,21.5,,0.4,80,998.9,1008.7
108,서울,2024.6.19 6:00,21.5,,0.4,82,999.7,1009.6
108,서울,2024.6.19 7:00,22.7,,1.7,75,999.9,1009.7
108,서울,2024.6.19 8:00,24.9,,1.8,67,999.8,1009.6
108,서울,2024.6.19 9:00,26.8,,1.3,62,999.7,1009.4
108,서울,2024.6.19 10:00,28.5,,1.1,54,999.3,1008.9
108,서울,2024.6.19 11:00,30.5,,1.6,46,998.8,1008.4
108,서울,2024.6.19 12:00,32.3,,1.4,39,998.3,1007.8
108,서울,2024.6.19 13:00,34,,2.6,38,998,1007.4
108,서울,2024.6.19 14:00,34.7,,1.8,34,997.6,1007
108,서울,2024.6.19 15:00,35.4,,3,34,997,1006.4
108,서울,2024.6.19 16:00,35.6,,2.8,35,996.5,1005.9
108,서울,2024.6.19 17:00,35.3,,3.1,35,996.1,1005.5
108,서울,2024.6.19 18:00,34.8,,2.5,35,995.9,1005.3
108,서울,2024.6.19 19:00,33.6,,2.1,36,995.8,1005.2
108,서울,2024.6.19 20:00,32,,2.2,42,995.9,1005.4
108,서울,2024.6.19 21:00,30.1,,3,49,996.5,1006
108,서울,2024.6.19 22:00,29.1,,0.9,52,997.1,1006.6
108,서울,2024.6.19 23:00,28.3,,1.2,57,996.9,1006.5
108,서울,2024.6.20 0:00,27.6,,1.5,58,997,1006.6
108,서울,2024.6.20 1:00,27,,2.6,53,997.2,1006.8
108,서울,2024.6.20 2:00,26,,1.8,57,996.9,1006.6
108,서울,2024.6.20 3:00,25,,1.5,59,996.5,1006.2
108,서울,2024.6.20 4:00,24.3,,1.2,62,996.5,1006.2
108,서울,2024.6.20 5:00,23.7,,0.8,64,996.4,1006.1
108,서울,2024.6.20 6:00,23.4,,1.3,64,996.4,1006.1
108,서울,2024.6.20 7:00,24.1,,1,62,996.5,1006.2
108,서울,2024.6.20 8:00,26,,0.3,56,996.2,1005.9
108,서울,2024.6.20 9:00,28.4,,2.2,49,996,1005.6
108,서울,2024.6.20 10:00,30.6,,2.3,40,995.2,1004.7
108,서울,2024.6.20 11:00,32,,1.5,38,994.9,1004.4
108,서울,2024.6.20 12:00,33.6,,2.6,35,994.2,1003.6
108,서울,2024.6.20 13:00,34.7,,2.5,33,993.5,1002.9
108,서울,2024.6.20 14:00,35.3,,3.1,32,992.9,1002.3
108,서울,2024.6.20 15:00,35.1,,1.9,29,992.4,1001.8
108,서울,2024.6.20 16:00,34.2,,3.6,29,992,1001.4
108,서울,2024.6.20 17:00,34.3,,2.1,32,991.5,1000.9
108,서울,2024.6.20 18:00,33.4,,1.9,35,991.4,1000.8
108,서울,2024.6.20 19:00,32.7,,2.7,31,991.5,1000.9
108,서울,2024.6.20 20:00,30.9,,2.3,34,992.2,1001.7
108,서울,2024.6.20 21:00,29.7,,2.2,38,992.5,1002
108,서울,2024.6.20 22:00,28.6,,2.1,43,993,1002.5
108,서울,2024.6.20 23:00,27.1,,2.3,48,993.2,1002.8
108,서울,2024.6.21 0:00,26.4,,2.3,52,993.4,1003
108,서울,2024.6.21 1:00,25.5,,1.7,53,992.8,1002.5
108,서울,2024.6.21 2:00,24.4,,1.5,54,992.7,1002.3
108,서울,2024.6.21 3:00,23.8,,1.3,55,992.5,1002.2
108,서울,2024.6.21 4:00,23.5,,1.1,57,992.5,1002.2
108,서울,2024.6.21 5:00,23.1,,0.8,59,992.5,1002.2
108,서울,2024.6.21 6:00,23,,0.6,61,992.6,1002.3
108,서울,2024.6.21 7:00,24,,0.8,59,992.4,1002
108,서울,2024.6.21 8:00,25.9,,0.3,56,992.4,1002
108,서울,2024.6.21 9:00,27.8,,1.3,49,992.2,1001.8
108,서울,2024.6.21 10:00,29.9,,2,43,991.8,1001.3
108,서울,2024.6.21 11:00,31.3,,3.5,40,991.8,1001.3
108,서울,2024.6.21 12:00,33,,2.3,38,991.7,1001.1
108,서울,2024.6.21 13:00,33.7,,2.1,35,991.3,1000.7
108,서울,2024.6.21 14:00,33,,3.5,39,991.1,1000.5
108,서울,2024.6.21 15:00,33.2,,2.8,38,991.1,1000.5
108,서울,2024.6.21 16:00,30.8,,4,40,991.5,1001
108,서울,2024.6.21 17:00,30.2,,3.6,47,991.6,1001.1
108,서울,2024.6.21 18:00,30.3,,3.1,47,991.5,1001
108,서울,2024.6.21 19:00,29.2,,2.2,46,991.5,1001
108,서울,2024.6.21 20:00,28.1,,1.2,49,991.6,1001.1
108,서울,2024.6.21 21:00,27.6,,2.5,50,992.7,1002.3
108,서울,2024.6.21 22:00,26.7,,2.9,53,993.3,1002.9
108,서울,2024.6.21 23:00,26,,2.3,59,993.4,1003
108,서울,2024.6.22 0:00,25.7,,1.2,60,992.9,1002.6
108,서울,2024.6.22 1:00,25.6,,2.1,61,993,1002.7
108,서울,2024.6.22 2:00,25.3,,0.9,61,992.4,1002.1
108,서울,2024.6.22 3:00,25.1,,0.8,61,991.3,1001
108,서울,2024.6.22 4:00,25.2,,1.3,66,991.8,1001.5
108,서울,2024.6.22 5:00,25.3,0,1.6,70,991.4,1001.1
108,서울,2024.6.22 6:00,25.3,,1.1,71,991.5,1001.2
108,서울,2024.6.22 7:00,25.3,,1.8,63,990.8,1000.5
108,서울,2024.6.22 8:00,25.8,0,1.9,66,990.2,999.8
108,서울,2024.6.22 9:00,26,0,2.3,67,990,999.6
108,서울,2024.6.22 10:00,25.2,0.1,1.5,74,989.8,999.4
108,서울,2024.6.22 11:00,23.7,4,2,86,989.6,999.2
108,서울,2024.6.22 12:00,22.9,3.2,2.4,88,988.9,998.6
108,서울,2024.6.22 13:00,22.6,4.1,3.3,91,988.1,997.8
108,서울,2024.6.22 14:00,22.8,2.4,2.9,92,987.2,996.9
108,서울,2024.6.22 15:00,23.5,1.2,2.4,90,986.6,996.2
108,서울,2024.6.22 16:00,23.5,0.9,2.4,90,986.1,995.7
108,서울,2024.6.22 17:00,23.8,0.1,2.9,88,985.3,994.9
108,서울,2024.6.22 18:00,23.9,,2.4,88,985,994.6
108,서울,2024.6.22 19:00,23.8,0,2.5,87,985.6,995.2
108,서울,2024.6.22 20:00,23.5,0.1,2,90,986,995.6
108,서울,2024.6.22 21:00,23.5,0,1.8,89,986.5,996.1
108,서울,2024.6.22 22:00,23.6,0,1.9,87,986.8,996.4
108,서울,2024.6.22 23:00,23.5,0,1.9,87,986.9,996.5
108,서울,2024.6.23 0:00,23.1,0.4,1.9,91,986.8,996.4
108,서울,2024.6.23 1:00,22.9,0.2,1.8,92,986.7,996.3
108,서울,2024.6.23 2:00,22.7,0.1,1.3,92,986.4,996.1
108,서울,2024.6.23 3:00,22.6,0.3,1,92,986.6,996.3
108,서울,2024.6.23 4:00,22.6,0.7,0.4,93,986.8,996.5
108,서울,2024.6.23 5:00,22.6,0.5,0.2,93,987.3,997
108,서울,2024.6.23 6:00,22.6,0.3,0.5,93,987.4,997.1
108,서울,2024.6.23 7:00,22.7,,1,91,987.7,997.4
108,서울,2024.6.23 8:00,23.3,,0.9,89,988.1,997.7
108,서울,2024.6.23 9:00,24,,1.2,86,988.5,998.1
108,서울,2024.6.23 10:00,25,,1.7,82,988.3,997.9
108,서울,2024.6.23 11:00,26.6,,2.6,75,988.2,997.8
108,서울,2024.6.23 12:00,27.8,,2.8,68,988.1,997.6
108,서울,2024.6.23 13:00,28.6,,1.9,63,988,997.5
108,서울,2024.6.23 14:00,30,,2.8,61,987.8,997.3
108,서울,2024.6.23 15:00,29.2,,3.5,62,987.7,997.2
108,서울,2024.6.23 16:00,28.7,,4.5,63,987.8,997.3
108,서울,2024.6.23 17:00,27.8,,4.6,64,988.2,997.7
108,서울,2024.6.23 18:00,27.1,,3.3,69,988.7,998.3
108,서울,2024.6.23 19:00,25.7,,3.1,74,989.3,998.9
108,서울,2024.6.23 20:00,24.9,,4,78,990.1,999.8
108,서울,2024.6.23 21:00,24.7,,2.7,80,990.5,1000.1
108,서울,2024.6.23 22:00,24.1,3,3.6,85,991.1,1000.7
108,서울,2024.6.23 23:00,22.8,0,0.6,86,991.4,1001.1
108,서울,2024.6.24 0:00,22.7,0,2,86,991.4,1001.1
108,서울,2024.6.24 1:00,22.7,,1.1,86,991,1000.7
108,서울,2024.6.24 2:00,22.8,0,0.2,87,990.5,1000.2
108,서울,2024.6.24 3:00,23,,2.9,89,990.4,1000.1
108,서울,2024.6.24 4:00,23,,3,88,990.7,1000.4
108,서울,2024.6.24 5:00,22.8,,2.8,88,991.6,1001.3
108,서울,2024.6.24 6:00,22.8,,2.7,87,992,1001.7
108,서울,2024.6.24 7:00,23.1,,3.2,85,992.4,1002.1
108,서울,2024.6.24 8:00,23.8,,1.6,83,992.5,1002.2
108,서울,2024.6.24 9:00,24.4,,3,79,992.6,1002.2
108,서울,2024.6.24 10:00,25.3,,2.5,73,992.3,1002
108,서울,2024.6.24 11:00,26.6,,2.9,68,992.1,1001.7
108,서울,2024.6.24 12:00,27.1,,3.9,65,992.3,1001.9
108,서울,2024.6.24 13:00,27.6,,3,62,992.5,1002.1
108,서울,2024.6.24 14:00,27.3,,3.6,59,992.8,1002.4
108,서울,2024.6.24 15:00,27.1,,4.2,56,992.8,1002.4
108,서울,2024.6.24 16:00,27.4,,4.1,45,992.7,1002.3
108,서울,2024.6.24 17:00,27,,4.5,57,992.9,1002.5
108,서울,2024.6.24 18:00,26,,4.1,56,993.5,1003.1
108,서울,2024.6.24 19:00,24.7,,3.3,56,994.4,1004
108,서울,2024.6.24 20:00,23.5,,3.3,63,995,1004.7
108,서울,2024.6.24 21:00,22.6,,2.3,68,995.4,1005.2
108,서울,2024.6.24 22:00,22.2,,2.8,71,996.2,1006
108,서울,2024.6.24 23:00,21.7,,2.4,65,996.6,1006.4
108,서울,2024.6.25 0:00,21.2,,2.5,63,996.9,1006.7
108,서울,2024.6.25 1:00,20.8,,2.8,65,997,1006.9
108,서울,2024.6.25 2:00,20.4,,2.2,71,997.2,1007.1
108,서울,2024.6.25 3:00,20,,2.2,72,997.4,1007.3
108,서울,2024.6.25 4:00,19.9,,2.6,75,997.9,1007.8
108,서울,2024.6.25 5:00,19.5,,1.9,77,998.6,1008.5
108,서울,2024.6.25 6:00,19.1,,0.9,75,999.6,1009.5
108,서울,2024.6.25 7:00,19.8,,1.5,72,1000.1,1010.1
108,서울,2024.6.25 8:00,21.7,,2.2,58,1000.2,1010
108,서울,2024.6.25 9:00,23.2,,3.5,51,1000.1,1009.9
108,서울,2024.6.25 10:00,24.1,,2.9,52,1000,1009.7
108,서울,2024.6.25 11:00,24.8,,3.8,50,999.9,1009.7
108,서울,2024.6.25 12:00,25.6,,3.8,48,999.7,1009.4
108,서울,2024.6.25 13:00,27,,2.9,46,999.5,1009.2
108,서울,2024.6.25 14:00,27,,4.3,44,999.7,1009.4
108,서울,2024.6.25 15:00,26.6,,4.6,50,999.3,1009
108,서울,2024.6.25 16:00,26.3,,5.3,51,999.4,1009.1
108,서울,2024.6.25 17:00,26.1,,4.5,56,999.7,1009.4
108,서울,2024.6.25 18:00,25.1,,4.5,59,1000.1,1009.9
108,서울,2024.6.25 19:00,24.8,,4.5,62,1000.8,1010.6
108,서울,2024.6.25 20:00,23.8,,2.2,65,1001.4,1011.1
108,서울,2024.6.25 21:00,22.8,,3.1,69,1002.2,1012
108,서울,2024.6.25 22:00,22.1,,1.9,72,1002.8,1012.7
108,서울,2024.6.25 23:00,21.4,,2.1,72,1002.8,1012.7
108,서울,2024.6.26 0:00,20.9,,0.4,71,1003.3,1013.2
108,서울,2024.6.26 1:00,20.3,,1.4,74,1003.6,1013.6
108,서울,2024.6.26 2:00,20,,0.8,77,1003.8,1013.8
108,서울,2024.6.26 3:00,19.7,,0.5,79,1004.1,1014
108,서울,2024.6.26 4:00,19.4,,1.1,82,1004.5,1014.4
108,서울,2024.6.26 5:00,19.1,,0.3,84,1004.9,1014.8
108,서울,2024.6.26 6:00,19,,0.9,85,1005.5,1015.5
108,서울,2024.6.26 7:00,20.1,,2.1,83,1005.9,1015.9
108,서울,2024.6.26 8:00,22.2,,2.6,75,1005.9,1015.8
108,서울,2024.6.26 9:00,23.8,,1.1,65,1005.8,1015.6
108,서울,2024.6.26 10:00,25.9,,1.2,59,1005.4,1015.2
108,서울,2024.6.26 11:00,26.9,,2.7,57,1005.2,1014.9
108,서울,2024.6.26 12:00,28.6,,2.7,53,1004.8,1014.4
108,서울,2024.6.26 13:00,29.7,,2.1,48,1004.5,1014.1
108,서울,2024.6.26 14:00,29.6,,2.7,44,1004,1013.6
108,서울,2024.6.26 15:00,30.8,,2.3,41,1003.5,1013.1
108,서울,2024.6.26 16:00,31.2,,2,40,1003,1012.6
108,서울,2024.6.26 17:00,31.1,,3.3,43,1002.8,1012.4
108,서울,2024.6.26 18:00,29.4,,4.2,46,1003.1,1012.7
108,서울,2024.6.26 19:00,28.2,,3.5,45,1003.3,1012.9
108,서울,2024.6.26 20:00,26.3,,3.5,51,1003.7,1013.4
108,서울,2024.6.26 21:00,25.1,,2.3,54,1004.3,1014.1
108,서울,2024.6.26 22:00,24.1,,2.3,58,1004.9,1014.7
108,서울,2024.6.26 23:00,23.4,,1.6,62,1004.9,1014.7
108,서울,2024.6.27 0:00,22.7,,2.2,65,1004.6,1014.4
108,서울,2024.6.27 1:00,22.3,,1.6,65,1004.4,1014.3
108,서울,2024.6.27 2:00,21.8,,1.1,67,1004.1,1014
108,서울,2024.6.27 3:00,21.4,,1,69,1004.1,1014
108,서울,2024.6.27 4:00,21.1,,0.6,69,1004.3,1014.2
108,서울,2024.6.27 5:00,20.8,,0.7,69,1004.5,1014.4
108,서울,2024.6.27 6:00,20.6,,1.3,70,1004.4,1014.4
108,서울,2024.6.27 7:00,21.5,,2.3,70,1004.2,1014.1
108,서울,2024.6.27 8:00,24,,2,63,1003.8,1013.6
108,서울,2024.6.27 9:00,26.2,,1.5,56,1003.4,1013.1
108,서울,2024.6.27 10:00,27.5,,1.7,50,1002.6,1012.3
108,서울,2024.6.27 11:00,29.3,,1.1,48,1002.2,1011.8
108,서울,2024.6.27 12:00,30.3,,2.7,42,1001.4,1011
108,서울,2024.6.27 13:00,31.6,,2,39,1001.1,1010.6
108,서울,2024.6.27 14:00,31.3,,2.6,40,1000.5,1010
108,서울,2024.6.27 15:00,31,,3.3,42,1000.2,1009.8
108,서울,2024.6.27 16:00,30.5,,1.9,40,999.4,1009
108,서울,2024.6.27 17:00,30.3,,2.5,43,999,1008.6
108,서울,2024.6.27 18:00,30.5,,1.6,41,998.7,1008.3
108,서울,2024.6.27 19:00,28.9,,2.2,43,998.8,1008.4
108,서울,2024.6.27 20:00,27.8,,1.9,52,999.1,1008.7
108,서울,2024.6.27 21:00,26.5,,1.4,57,999.3,1009
108,서울,2024.6.27 22:00,25.6,,0.9,58,999.4,1009.1
108,서울,2024.6.27 23:00,24.7,,0.9,60,999.3,1009
108,서울,2024.6.28 0:00,24.1,,0.7,63,998.8,1008.5
108,서울,2024.6.28 1:00,23.5,,1.8,64,998.5,1008.2
108,서울,2024.6.28 2:00,22.8,,1,68,998,1007.8
108,서울,2024.6.28 3:00,22.4,,0.5,70,997.9,1007.7
108,서울,2024.6.28 4:00,22,,1.2,71,997.8,1007.6
108,서울,2024.6.28 5:00,21.6,,1,72,997.8,1007.6
108,서울,2024.6.28 6:00,21.4,,1,74,998.3,1008.1
108,서울,2024.6.28 7:00,23,,1.7,72,998.2,1008
108,서울,2024.6.28 8:00,24.7,,0.8,65,998.4,1008.1
108,서울,2024.6.28 9:00,26.7,,1.7,55,998.1,1007.8
108,서울,2024.6.28 10:00,27.4,,1.9,51,998,1007.6
108,서울,2024.6.28 11:00,29,,2,48,997.5,1007.1
108,서울,2024.6.28 12:00,30.5,,2.3,47,996.7,1006.2
108,서울,2024.6.28 13:00,31.5,,3,37,996.2,1005.7
108,서울,2024.6.28 14:00,32.3,,1.9,37,995.5,1005
108,서울,2024.6.28 15:00,32.4,,2.7,39,995.4,1004.9
108,서울,2024.6.28 16:00,31.7,,3.8,41,995.3,1004.8
108,서울,2024.6.28 17:00,31.2,,4.2,40,995.4,1004.9
108,서울,2024.6.28 18:00,30,,3.9,41,995.9,1005.4
108,서울,2024.6.28 19:00,28.7,,3.5,43,996.5,1006.1
108,서울,2024.6.28 20:00,27,,3.2,44,996.7,1006.3
108,서울,2024.6.28 21:00,25.7,,2.2,52,997.2,1006.9
108,서울,2024.6.28 22:00,24.9,,1.1,55,997.1,1006.8
108,서울,2024.6.28 23:00,24.3,,1.9,58,997.2,1006.9
108,서울,2024.6.29 0:00,24,,1.6,59,997.3,1007
108,서울,2024.6.29 1:00,23.7,,1,60,997.6,1007.3
108,서울,2024.6.29 2:00,23.2,,0.8,61,997.6,1007.3
108,서울,2024.6.29 3:00,23,,1.2,63,997.3,1007
108,서울,2024.6.29 4:00,22.2,,1.5,65,997.1,1006.9
108,서울,2024.6.29 5:00,21.7,,2.1,67,997.1,1006.9
108,서울,2024.6.29 6:00,21.8,,1.8,69,997.1,1006.9
108,서울,2024.6.29 7:00,23.3,,1.9,65,996.9,1006.6
108,서울,2024.6.29 8:00,25.3,,1.7,58,997.2,1006.9
108,서울,2024.6.29 9:00,27.1,,2.2,53,996.4,1006
108,서울,2024.6.29 10:00,28.7,,1.7,52,996,1005.6
108,서울,2024.6.29 11:00,30,,1.5,50,995.5,1005
108,서울,2024.6.29 12:00,31.3,,2.6,47,994.9,1004.4
108,서울,2024.6.29 13:00,31.3,,3.6,47,994.2,1003.7
108,서울,2024.6.29 14:00,32,,3.2,46,993,1002.4
108,서울,2024.6.29 15:00,31.2,,2.7,49,992.1,1001.6
108,서울,2024.6.29 16:00,30.6,,1.9,52,991.1,1000.6
108,서울,2024.6.29 17:00,31.3,,3.5,52,990,999.4
108,서울,2024.6.29 18:00,30.3,,4.3,55,989,998.5
108,서울,2024.6.29 19:00,27.8,0,5.5,69,989.2,998.7
108,서울,2024.6.29 20:00,25.1,2.2,3.1,85,988.7,998.3
108,서울,2024.6.29 21:00,24.3,10.9,2.6,91,988.5,998.1
108,서울,2024.6.29 22:00,24.1,13.6,1.8,93,988.4,998
108,서울,2024.6.29 23:00,24.2,8.1,1.1,93,987.6,997.2
108,서울,2024.6.30 0:00,24.4,3.5,2.5,94,986.6,996.2
108,서울,2024.6.30 1:00,24.4,15.1,4.5,95,986,995.6
108,서울,2024.6.30 2:00,24.3,6,4.1,96,985.4,995
108,서울,2024.6.30 3:00,24.2,8.4,4.2,96,984.7,994.3
108,서울,2024.6.30 4:00,24.1,1.4,4.2,94,984.6,994.2
108,서울,2024.6.30 5:00,24,0.6,3.8,95,984.7,994.3
108,서울,2024.6.30 6:00,23.6,0.6,5.5,94,984.9,994.5
108,서울,2024.6.30 7:00,23.3,,4.1,91,984.7,994.3
108,서울,2024.6.30 8:00,22.7,0,5.3,92,985.2,994.8
108,서울,2024.6.30 9:00,22.5,0,4.8,93,985,994.7
108,서울,2024.6.30 10:00,22.1,0.1,5.2,93,985.7,995.4
108,서울,2024.6.30 11:00,22.3,,5.1,91,986.3,996
108,서울,2024.6.30 12:00,22.3,,3.9,90,986.8,996.5
108,서울,2024.6.30 13:00,22.6,,4.2,88,987.1,996.8
108,서울,2024.6.30 14:00,23.2,,3.2,86,987.3,996.9
108,서울,2024.6.30 15:00,23.8,,2.7,84,987.5,997.1
108,서울,2024.6.30 16:00,24.5,,2,82,988,997.6
108,서울,2024.6.30 17:00,24.9,,3.5,80,988.3,997.9
108,서울,2024.6.30 18:00,24.9,,2.5,81,988.6,998.2
108,서울,2024.6.30 19:00,24.7,,2.6,81,989.2,998.8
108,서울,2024.6.30 20:00,24.5,,3.3,82,989.9,999.5
108,서울,2024.6.30 21:00,23.8,,2.1,83,991.1,1000.7
108,서울,2024.6.30 22:00,23.1,,2.9,85,991.8,1001.5
108,서울,2024.6.30 23:00,22.8,,1.3,86,991.7,1001.4
108,서울,2024.7.1 0:00,22.8,,1.6,87,991.8,1001.5
108,서울,2024.7.1 1:00,22.5,,2.6,88,992.4,1002.1
108,서울,2024.7.1 2:00,22.4,,1.2,89,992.4,1002.1
108,서울,2024.7.1 3:00,22.4,,1.9,89,993,1002.7
108,서울,2024.7.1 4:00,22.3,,1.7,88,993.4,1003.1
108,서울,2024.7.1 5:00,22.1,,2,86,993.6,1003.4
108,서울,2024.7.1 6:00,22,,1,85,993.5,1003.3
108,서울,2024.7.1 7:00,22.4,,0.5,84,993.6,1003.3
108,서울,2024.7.1 8:00,23,,1.4,82,994.2,1003.9
108,서울,2024.7.1 9:00,24.9,,1.3,71,994.2,1003.9
108,서울,2024.7.1 10:00,25.2,,1.9,70,994.5,1004.2
108,서울,2024.7.1 11:00,26.8,,1.9,61,994.1,1003.7
108,서울,2024.7.1 12:00,28,,2.7,57,994.3,1003.9
108,서울,2024.7.1 13:00,29,,2.3,55,993.7,1003.2
108,서울,2024.7.1 14:00,30.3,,2.3,52,993.4,1002.9
108,서울,2024.7.1 15:00,30.7,,1.8,51,993.3,1002.8
108,서울,2024.7.1 16:00,31.2,,2.1,48,992.9,1002.4
108,서울,2024.7.1 17:00,31.1,,2.3,49,992.4,1001.9
108,서울,2024.7.1 18:00,30.8,,2,52,992.7,1002.2
108,서울,2024.7.1 19:00,29.5,,2.8,61,993.4,1002.9
108,서울,2024.7.1 20:00,27.8,,2.5,67,994,1003.6
108,서울,2024.7.1 21:00,26.5,,2.6,71,995,1004.6
108,서울,2024.7.1 22:00,25.9,,2.4,74,995.4,1005.1
108,서울,2024.7.1 23:00,25.6,,0.4,76,995.4,1005.1
108,서울,2024.7.2 0:00,25.2,,1.1,77,995.1,1004.8
108,서울,2024.7.2 1:00,24.8,,1.5,78,994.6,1004.3
108,서울,2024.7.2 2:00,24.6,,1.6,80,994.3,1003.9
108,서울,2024.7.2 3:00,24.4,,2.2,81,994.2,1003.8
108,서울,2024.7.2 4:00,24.4,,2.3,82,994.3,1003.9
108,서울,2024.7.2 5:00,24.4,,3.2,81,994.4,1004
108,서울,2024.7.2 6:00,24.4,,2.6,80,994.5,1004.1
108,서울,2024.7.2 7:00,24.4,0,3.2,78,994.5,1004.1
108,서울,2024.7.2 8:00,24,0.3,2.6,82,994.6,1004.3
108,서울,2024.7.2 9:00,23.7,0.7,3.1,85,994.6,1004.3
108,서울,2024.7.2 10:00,23.5,2.5,2.1,89,995.1,1004.8
108,서울,2024.7.2 11:00,23.1,5.5,2.4,91,995.3,1005
108,서울,2024.7.2 12:00,22.1,20.1,3.8,94,994.9,1004.7
108,서울,2024.7.2 13:00,22,21.9,4.1,96,994.7,1004.5
108,서울,2024.7.2 14:00,22,7.2,4.4,97,994.4,1004.2
108,서울,2024.7.2 15:00,22,1.9,3.7,96,994.4,1004.2
108,서울,2024.7.2 16:00,22.1,1.5,3.9,97,994,1003.8
108,서울,2024.7.2 17:00,22.1,1,4.2,96,993.5,1003.3
108,서울,2024.7.2 18:00,22.1,0.2,3.6,95,992.7,1002.5
108,서울,2024.7.2 19:00,22.3,0.1,2.7,95,993.1,1002.8
108,서울,2024.7.2 20:00,22.4,0.1,2.8,95,993.4,1003.1
108,서울,2024.7.2 21:00,22.7,0.2,3,94,993.3,1003
108,서울,2024.7.2 22:00,23.1,0,2,94,993.3,1003
108,서울,2024.7.2 23:00,23.8,0.3,2,93,993.1,1002.8
108,서울,2024.7.3 0:00,24.1,1.6,1.5,95,993.2,1002.8
108,서울,2024.7.3 1:00,24.5,0.8,5.4,94,993.7,1003.3
108,서울,2024.7.3 2:00,24.3,0,3.8,91,993.9,1003.5
108,서울,2024.7.3 3:00,24.1,0,4,90,994.3,1004
108,서울,2024.7.3 4:00,24.1,0,3.4,88,994.5,1004.2
108,서울,2024.7.3 5:00,24,,4,86,995.1,1004.8
108,서울,2024.7.3 6:00,23.7,,4,85,995.9,1005.6
108,서울,2024.7.3 7:00,23.7,0,4.3,85,996.8,1006.5
108,서울,2024.7.3 8:00,23.7,0,3.7,83,997.9,1007.6
108,서울,2024.7.3 9:00,24.3,,3.7,80,998.1,1007.8
108,서울,2024.7.3 10:00,24.8,,3.7,77,998.4,1008.1
108,서울,2024.7.3 11:00,25.5,,4.8,73,998.6,1008.3
108,서울,2024.7.3 12:00,25.9,,4.2,70,998.6,1008.3
108,서울,2024.7.3 13:00,25.2,,3.8,73,998.8,1008.5
108,서울,2024.7.3 14:00,24.9,,4.6,74,998.7,1008.4
108,서울,2024.7.3 15:00,25.4,,3.4,73,998.7,1008.4
108,서울,2024.7.3 16:00,25.4,,4,74,998.6,1008.3
108,서울,2024.7.3 17:00,25.4,,3.3,75,998.6,1008.3
108,서울,2024.7.3 18:00,25.2,,3.3,76,998.9,1008.6
108,서울,2024.7.3 19:00,25.1,,2.8,78,999.1,1008.8
108,서울,2024.7.3 20:00,24.8,,3.2,80,999.4,1009.2
108,서울,2024.7.3 21:00,24.7,,2.7,82,999.8,1009.5
108,서울,2024.7.3 22:00,24.6,,1.9,84,1000.2,1009.9
108,서울,2024.7.3 23:00,24.3,,1.7,84,1000.2,1009.9
108,서울,2024.7.4 0:00,24.1,,3.5,86,1000,1009.7
108,서울,2024.7.4 1:00,24,,2.9,87,999.8,1009.5
108,서울,2024.7.4 2:00,24,,3,86,999.9,1009.6
108,서울,2024.7.4 3:00,23.9,,3.4,86,999.7,1009.4
108,서울,2024.7.4 4:00,23.8,,2.3,86,999.7,1009.4
108,서울,2024.7.4 5:00,23.5,0,2.3,85,999.8,1009.5
108,서울,2024.7.4 6:00,23.4,,2.9,86,1000.3,1010.1
108,서울,2024.7.4 7:00,23.3,,2.4,86,1000.1,1009.9
108,서울,2024.7.4 8:00,23.7,,3.2,82,1000.2,1009.9
108,서울,2024.7.4 9:00,24.5,,2.8,79,999.5,1009.2
108,서울,2024.7.4 10:00,25.2,,1.8,77,999.1,1008.8
108,서울,2024.7.4 11:00,26.5,,3.1,72,998.8,1008.5
108,서울,2024.7.4 12:00,28,,2.5,66,998.2,1007.8
108,서울,2024.7.4 13:00,28.4,,3,65,998,1007.6
108,서울,2024.7.4 14:00,29.7,,3,62,996.6,1006.1
108,서울,2024.7.4 15:00,30.6,,2.7,60,995.5,1005
108,서울,2024.7.4 16:00,30.3,,2.7,57,994.4,1003.9
108,서울,2024.7.4 17:00,29.5,0,2.8,59,993.7,1003.2
108,서울,2024.7.4 18:00,29.3,0,2.7,63,993,1002.5
108,서울,2024.7.4 19:00,29,0,3.3,65,992.4,1001.9
108,서울,2024.7.4 20:00,28.7,0,2.9,69,991.4,1000.9
108,서울,2024.7.4 21:00,29,0,4.8,71,991.9,1001.4
108,서울,2024.7.4 22:00,28.2,0,4.9,76,992.1,1001.6
108,서울,2024.7.4 23:00,26.2,3.6,3.1,85,991.7,1001.3
108,서울,2024.7.5 0:00,25.8,0,4.6,87,991.1,1000.7
108,서울,2024.7.5 1:00,24.7,3.3,5.3,90,990.5,1000.1
108,서울,2024.7.5 2:00,23.6,0.6,6.3,87,991,1000.7
108,서울,2024.7.5 3:00,22.3,0,7,90,991,1000.7
108,서울,2024.7.5 4:00,21.9,0,2.8,90,991.1,1000.8
108,서울,2024.7.5 5:00,21.4,0,5.6,93,991.7,1001.5
108,서울,2024.7.5 6:00,21.3,0.2,3.5,95,992.2,1002
108,서울,2024.7.5 7:00,21.5,0,3.3,94,993.1,1002.9
108,서울,2024.7.5 8:00,22.1,,2.8,92,994,1003.8
108,서울,2024.7.5 9:00,22.2,,3.1,89,994.6,1004.4
108,서울,2024.7.5 10:00,22.4,,3.2,89,994.9,1004.7
108,서울,2024.7.5 11:00,22.8,,3.8,85,995.3,1005
108,서울,2024.7.5 12:00,23.5,,2.6,82,995.5,1005.2
108,서울,2024.7.5 13:00,24.6,,3.8,75,995.2,1004.8
108,서울,2024.7.5 14:00,25,,2.7,74,995.1,1004.8
108,서울,2024.7.5 15:00,25.3,,4,73,995.1,1004.8
108,서울,2024.7.5 16:00,25.5,,2.9,71,995,1004.7
108,서울,2024.7.5 17:00,26.1,,2.4,69,994.8,1004.5
108,서울,2024.7.5 18:00,25.6,,2.3,68,995,1004.7
108,서울,2024.7.5 19:00,25.1,,2.1,70,995.2,1004.9
108,서울,2024.7.5 20:00,24.2,,2.9,70,995.5,1005.2
108,서울,2024.7.5 21:00,24,,0.9,71,996.4,1006.1
108,서울,2024.7.5 22:00,23.5,,1.4,74,996.1,1005.8
108,서울,2024.7.5 23:00,23.3,,1,76,995.7,1005.4
108,서울,2024.7.6 0:00,23.2,,1.2,76,995.5,1005.2
108,서울,2024.7.6 1:00,23,,1.6,78,995.1,1004.8
108,서울,2024.7.6 2:00,22.7,,1.6,80,994.7,1004.4
108,서울,2024.7.6 3:00,22.9,,2.3,81,994.7,1004.4
108,서울,2024.7.6 4:00,22.9,0,0.8,82,995,1004.7
108,서울,2024.7.6 5:00,22.4,1,1.6,89,994.7,1004.5
108,서울,2024.7.6 6:00,22.1,1.5,2.2,92,994.3,1004.1
108,서울,2024.7.6 7:00,22.1,0,2.6,93,994,1003.8
108,서울,2024.7.6 8:00,22.3,,2.9,92,994,1003.8
108,서울,2024.7.6 9:00,22.7,,2.4,91,994.1,1003.8
108,서울,2024.7.6 10:00,23.4,,3,90,993.3,1003
108,서울,2024.7.6 11:00,25.1,,1.5,88,992.9,1002.6
108,서울,2024.7.6 12:00,26.6,,2.3,85,992.3,1001.9
108,서울,2024.7.6 13:00,28.2,,3.8,80,991.4,1000.9
108,서울,2024.7.6 14:00,29.6,,5.4,75,990.7,1000.2
108,서울,2024.7.6 15:00,29.6,,4.1,73,990.7,1000.2
108,서울,2024.7.6 16:00,28.7,,5.6,76,990.8,1000.3
108,서울,2024.7.6 17:00,28.7,,5.4,76,990.6,1000.1
108,서울,2024.7.6 18:00,27.8,0,4.4,79,990.8,1000.3
108,서울,2024.7.6 19:00,27.1,,5.4,81,991.2,1000.8
108,서울,2024.7.6 20:00,26.5,0,5.5,83,991.7,1001.3
108,서울,2024.7.6 21:00,25.3,0.1,5.6,88,992.4,1002.1
108,서울,2024.7.6 22:00,24.5,0.2,3.8,87,993.3,1002.9
108,서울,2024.7.6 23:00,24.3,,2.6,86,993.6,1003.2
108,서울,2024.7.7 0:00,24,,2.9,84,993.9,1003.6
108,서울,2024.7.7 1:00,23.1,,3.1,84,994.1,1003.8
108,서울,2024.7.7 2:00,22.6,,2.6,86,993.8,1003.5
108,서울,2024.7.7 3:00,22.2,,2.1,87,994,1003.8
108,서울,2024.7.7 4:00,21.9,,2.1,89,993.6,1003.4
108,서울,2024.7.7 5:00,21.6,,0.9,89,993.9,1003.7
108,서울,2024.7.7 6:00,21.5,,0.8,90,994.1,1003.9
108,서울,2024.7.7 7:00,22,,0.2,90,994.6,1004.4
108,서울,2024.7.7 8:00,22.7,,0.8,88,995.6,1005.3
108,서울,2024.7.7 9:00,23.6,,1.5,86,994.9,1004.6
108,서울,2024.7.7 10:00,25,,1.2,80,995.1,1004.8
108,서울,2024.7.7 11:00,25.8,,1.3,78,995.4,1005.1
108,서울,2024.7.7 12:00,26,,2.2,75,995.2,1004.9
108,서울,2024.7.7 13:00,27.5,,1,72,994.1,1003.7
108,서울,2024.7.7 14:00,28,,2.5,69,993.6,1003.2
108,서울,2024.7.7 15:00,27.4,,2.3,72,993.7,1003.3
108,서울,2024.7.7 16:00,26.5,,2.9,79,994.2,1003.8
108,서울,2024.7.7 17:00,26.6,,1.7,79,993.9,1003.5
108,서울,2024.7.7 18:00,26,0,2.2,82,993.8,1003.5
108,서울,2024.7.7 19:00,24.5,19.9,1.7,91,994,1003.6
108,서울,2024.7.7 20:00,24.2,7.3,1.5,91,994,1003.6
108,서울,2024.7.7 21:00,24.4,0.6,1.6,94,994.6,1004.2
108,서울,2024.7.7 22:00,24.4,0.8,2.9,94,994.5,1004.1
108,서울,2024.7.7 23:00,24.4,0.1,2.5,94,993.8,1003.4
108,서울,2024.7.8 0:00,24.3,,2.4,95,994,1003.6
108,서울,2024.7.8 1:00,24,0,3,96,994.3,1004
108,서울,2024.7.8 2:00,24,0,2.3,95,993.3,1003
108,서울,2024.7.8 3:00,23.9,0.8,1.7,96,993.1,1002.8
108,서울,2024.7.8 4:00,23.8,1.4,1.6,96,993.2,1002.9
108,서울,2024.7.8 5:00,23.8,6.8,1.5,97,993.6,1003.3
108,서울,2024.7.8 6:00,23.9,0.5,1.3,96,993.1,1002.8
108,서울,2024.7.8 7:00,24.2,0,2,96,993.5,1003.1
108,서울,2024.7.8 8:00,24.2,,3.2,94,993.3,1002.9
108,서울,2024.7.8 9:00,24.2,0,2,93,993.3,1002.9
108,서울,2024.7.8 10:00,24.1,0,2.4,91,993,1002.6
108,서울,2024.7.8 11:00,24.1,0,2.4,90,993.3,1002.9
108,서울,2024.7.8 12:00,23.9,0.3,2.7,92,993.3,1003
108,서울,2024.7.8 13:00,24,0.4,1.9,93,993,1002.6
108,서울,2024.7.8 14:00,23.9,3.2,1.4,94,993,1002.7
108,서울,2024.7.8 15:00,24,1.8,2,94,992.5,1002.1
108,서울,2024.7.8 16:00,24.3,0.2,3.2,93,992.6,1002.2
108,서울,2024.7.8 17:00,24.5,0,2.3,92,991.4,1001
108,서울,2024.7.8 18:00,24.3,0,1.4,90,991.7,1001.3
108,서울,2024.7.8 19:00,23.9,2.7,2.7,93,992.3,1001.9
108,서울,2024.7.8 20:00,23.4,3,1.8,93,991.7,1001.4
108,서울,2024.7.8 21:00,23.1,0,1.3,92,992.1,1001.8
108,서울,2024.7.8 22:00,23.2,,0.7,92,993,1002.7
108,서울,2024.7.8 23:00,23.2,0,0.9,93,993.2,1002.9
108,서울,2024.7.9 0:00,23.2,,1.9,94,993.2,1002.9
108,서울,2024.7.9 1:00,23.3,,0.8,93,992.9,1002.6
108,서울,2024.7.9 2:00,23.2,,0.7,93,992.5,1002.2
108,서울,2024.7.9 3:00,22.9,,0.9,93,992.5,1002.2
108,서울,2024.7.9 4:00,22.9,,0.6,94,992.8,1002.5
108,서울,2024.7.9 5:00,22.8,,0.6,93,993,1002.7
108,서울,2024.7.9 6:00,22.8,,0.4,94,993.7,1003.4
108,서울,2024.7.9 7:00,23,,1.6,93,994.8,1004.5
108,서울,2024.7.9 8:00,23.5,,1.5,92,995.2,1004.9
108,서울,2024.7.9 9:00,24.1,,2.1,87,995.4,1005.1
108,서울,2024.7.9 10:00,25.4,,2.3,83,994.2,1003.9
108,서울,2024.7.9 11:00,26,,1.6,80,994.6,1004.3
108,서울,2024.7.9 12:00,26.2,0,1.7,80,995.3,1005
108,서울,2024.7.9 13:00,26.4,0,2.8,80,995,1004.6
108,서울,2024.7.9 14:00,26.4,,2.5,81,994.3,1003.9
108,서울,2024.7.9 15:00,25.8,0,3.3,83,995.2,1004.9
108,서울,2024.7.9 16:00,25.3,0,3.6,83,995.1,1004.8
108,서울,2024.7.9 17:00,25.2,0.1,1,84,994,1003.7
108,서울,2024.7.9 18:00,25.1,0,2.6,84,993.9,1003.6
108,서울,2024.7.9 19:00,25.1,,1.4,83,993.6,1003.3
108,서울,2024.7.9 20:00,25,,2.4,84,994.2,1003.9
108,서울,2024.7.9 21:00,24.8,0,1.1,84,994.3,1004
108,서울,2024.7.9 22:00,24.6,0,2.4,85,994.5,1004.1
108,서울,2024.7.9 23:00,24.3,0,2.1,87,993.5,1003.1
108,서울,2024.7.10 0:00,23.9,0.2,1.9,90,993.3,1003
108,서울,2024.7.10 1:00,23.6,1.4,2.5,92,991.6,1001.3
108,서울,2024.7.10 2:00,23.4,0,2.2,92,991.9,1001.6
108,서울,2024.7.10 3:00,23.1,0,3.6,93,989.1,998.8
108,서울,2024.7.10 4:00,23,0,3.2,88,990,999.7
108,서울,2024.7.10 5:00,22.8,0,2,87,989.6,999.3
108,서울,2024.7.10 6:00,22.8,,2.3,88,989.7,999.4
108,서울,2024.7.10 7:00,23.4,,1.8,88,990,999.7
108,서울,2024.7.10 8:00,24.9,,1.8,83,989.9,999.6
108,서울,2024.7.10 9:00,26.4,,2.4,77,990.2,999.8
108,서울,2024.7.10 10:00,27.9,,2.5,72,989.7,999.2
108,서울,2024.7.10 11:00,29.1,,1.5,68,989.5,999
108,서울,2024.7.10 12:00,30.3,,2.4,62,989.4,998.9
108,서울,2024.7.10 13:00,30.6,,1.6,60,989.1,998.6
108,서울,2024.7.10 14:00,30.4,,2.1,62,989.2,998.7
108,서울,2024.7.10 15:00,29,0,3.4,71,989.6,999.1
108,서울,2024.7.10 16:00,29.6,0,2.1,67,989.3,998.7
108,서울,2024.7.10 17:00,29.9,,3.1,64,989.4,998.9
108,서울,2024.7.10 18:00,29.5,,1.2,70,989.3,998.8
108,서울,2024.7.10 19:00,28.7,,2.9,72,989.9,999.4
108,서울,2024.7.10 20:00,27.2,,2,76,990.3,999.9
108,서울,2024.7.10 21:00,26.7,,1.3,76,990.9,1000.5
108,서울,2024.7.10 22:00,25.9,,1.4,78,991.4,1001
108,서울,2024.7.10 23:00,25.5,,0.9,79,991.7,1001.4
108,서울,2024.7.11 0:00,25.1,,1.4,80,991.7,1001.4
108,서울,2024.7.11 1:00,24.8,,0.7,81,991.7,1001.4
108,서울,2024.7.11 2:00,24.5,,0.9,83,991.6,1001.2
108,서울,2024.7.11 3:00,24.4,,1,85,991.7,1001.3
108,서울,2024.7.11 4:00,24.2,,0.8,86,991.9,1001.5
108,서울,2024.7.11 5:00,24,,0.6,86,992,1001.6
108,서울,2024.7.11 6:00,23.8,,0.7,87,992.1,1001.8
108,서울,2024.7.11 7:00,23.9,,1.6,87,992.3,1001.9
108,서울,2024.7.11 8:00,24.5,,2.4,86,992.8,1002.4
108,서울,2024.7.11 9:00,24.4,,1.7,87,993,1002.6
108,서울,2024.7.11 10:00,26.1,,2.1,79,992.8,1002.4
108,서울,2024.7.11 11:00,27.2,,2.4,75,992.3,1001.9
108,서울,2024.7.11 12:00,28.3,,2.7,73,991.9,1001.4
108,서울,2024.7.11 13:00,28,,3.4,71,991.9,1001.4
108,서울,2024.7.11 14:00,28.4,,2.7,70,991.9,1001.4
108,서울,2024.7.11 15:00,28.4,,3,69,991.5,1001
108,서울,2024.7.11 16:00,28.7,,2.7,67,991.2,1000.7
108,서울,2024.7.11 17:00,28.3,,3.5,68,991.1,1000.6
108,서울,2024.7.11 18:00,28.3,,1.7,69,990.7,1000.2
108,서울,2024.7.11 19:00,27.2,,2.9,71,991,1000.6
108,서울,2024.7.11 20:00,25.8,,2.8,74,991.4,1001
108,서울,2024.7.11 21:00,24.8,,2.2,81,992.2,1001.9
108,서울,2024.7.11 22:00,24.1,,2.6,82,992.8,1002.4
108,서울,2024.7.11 23:00,23.6,,1.9,84,992.8,1002.5
108,서울,2024.7.12 0:00,23.3,,1.5,86,992.4,1002.1
108,서울,2024.7.12 1:00,23,,1.8,86,992.4,1002.1
108,서울,2024.7.12 2:00,22.7,,2.1,88,992.2,1001.9
108,서울,2024.7.12 3:00,22.5,,1.4,89,992.1,1001.8
108,서울,2024.7.12 4:00,22.3,,0.7,90,992.1,1001.8
108,서울,2024.7.12 5:00,22,,1,90,992.1,1001.9
108,서울,2024.7.12 6:00,21.9,,0.6,90,992.6,1002.4
108,서울,2024.7.12 7:00,22.4,,1.6,90,992.9,1002.6
108,서울,2024.7.12 8:00,23.2,,2,88,993.3,1003
108,서울,2024.7.12 9:00,23.8,,1.3,86,993.1,1002.8
108,서울,2024.7.12 10:00,24.2,,1.4,84,993.2,1002.8
108,서울,2024.7.12 11:00,25,,0.9,81,993,1002.7
108,서울,2024.7.12 12:00,25.9,,0.9,79,992.7,1002.3
108,서울,2024.7.12 13:00,26.6,,0.8,74,992.5,1002.1
108,서울,2024.7.12 14:00,28,,2.3,72,992.4,1001.9
108,서울,2024.7.12 15:00,29,,1.1,66,991.9,1001.4
108,서울,2024.7.12 16:00,29.9,,2,63,991.9,1001.4
108,서울,2024.7.12 17:00,30.1,,2.2,62,991.8,1001.3
108,서울,2024.7.12 18:00,29.9,,2,62,991.9,1001.4
108,서울,2024.7.12 19:00,28.8,,1.8,71,991.8,1001.3
108,서울,2024.7.12 20:00,27.5,,2.5,76,992.6,1002.2
108,서울,2024.7.12 21:00,26.6,,3.2,80,993.3,1002.9
108,서울,2024.7.12 22:00,25.9,,1.9,83,993.8,1003.5
108,서울,2024.7.12 23:00,25.5,,2.4,84,994,1003.7
108,서울,2024.7.13 0:00,25.1,,2.1,84,993.8,1003.5
108,서울,2024.7.13 1:00,24.6,,1.3,86,993.5,1003.1
108,서울,2024.7.13 2:00,24.4,,0,86,993.5,1003.1
108,서울,2024.7.13 3:00,24.1,,1,88,993.4,1003
108,서울,2024.7.13 4:00,23.9,,1.4,89,993.5,1003.2
108,서울,2024.7.13 5:00,23.7,,1.7,91,994.1,1003.8
108,서울,2024.7.13 6:00,23.5,,1.2,91,994.5,1004.2
108,서울,2024.7.13 7:00,24.2,,1.5,92,994.8,1004.5
108,서울,2024.7.13 8:00,25.6,,1.6,87,995,1004.7
108,서울,2024.7.13 9:00,27.2,,2.1,79,995.2,1004.8
108,서울,2024.7.13 10:00,28.3,,1.4,75,995.5,1005.1
108,서울,2024.7.13 11:00,29.5,,1.4,70,995.6,1005.1
108,서울,2024.7.13 12:00,30.6,,1.8,65,995.1,1004.6
108,서울,2024.7.13 13:00,31.8,,3.4,60,995.1,1004.6
108,서울,2024.7.13 14:00,32.5,,2.3,55,994.7,1004.1
108,서울,2024.7.13 15:00,32.6,,2.8,45,994.4,1003.8
108,서울,2024.7.13 16:00,32.9,,3.9,44,994.2,1003.6
108,서울,2024.7.13 17:00,32.5,,3.3,44,994.7,1004.1
108,서울,2024.7.13 18:00,32.2,,1.7,48,994.7,1004.2
108,서울,2024.7.13 19:00,30.2,,2.9,67,995.5,1005
108,서울,2024.7.13 20:00,28.8,,2.3,69,995.9,1005.4
108,서울,2024.7.13 21:00,27.8,,3.3,70,996.8,1006.4
108,서울,2024.7.13 22:00,27,,3.3,71,998.2,1007.8
108,서울,2024.7.13 23:00,26.8,0,2.3,73,998.4,1008.1
108,서울,2024.7.14 0:00,26.7,0,0.8,74,998.1,1007.8
108,서울,2024.7.14 1:00,26.7,0,1.5,78,997.8,1007.5
108,서울,2024.7.14 2:00,26.4,,1.6,80,997.8,1007.5
108,서울,2024.7.14 3:00,26.1,,2.7,75,997.9,1007.6
108,서울,2024.7.14 4:00,25.8,,2.2,75,997.9,1007.6
108,서울,2024.7.14 5:00,25.6,,2.2,76,998.5,1008.2
108,서울,2024.7.14 6:00,25,,2.5,77,998.5,1008.2
108,서울,2024.7.14 7:00,24.9,,2.5,74,999.2,1009
108,서울,2024.7.14 8:00,25.7,,2.9,70,999.2,1008.9
108,서울,2024.7.14 9:00,26.8,,3.2,66,999.8,1009.5
108,서울,2024.7.14 10:00,28.5,,3.3,64,999.4,1009
108,서울,2024.7.14 11:00,29.5,,2.2,63,999.4,1008.9
108,서울,2024.7.14 12:00,30.6,,2.9,59,999.1,1008.7
108,서울,2024.7.14 13:00,30.9,,2.6,58,998.7,1008.2
108,서울,2024.7.14 14:00,31.6,,2.4,56,998.5,1008
108,서울,2024.7.14 15:00,31.3,,2,57,998.5,1008
108,서울,2024.7.14 16:00,31.4,,2.6,56,998.4,1007.9
108,서울,2024.7.14 17:00,32.1,,2.4,55,998.3,1007.8
108,서울,2024.7.14 18:00,31.5,,3,56,998.6,1008.1
108,서울,2024.7.14 19:00,30.5,,2.6,57,999,1008.6
108,서울,2024.7.14 20:00,29.1,0.4,2.8,66,999.5,1009.1
108,서울,2024.7.14 21:00,28.5,,2.6,66,1000.1,1009.7
108,서울,2024.7.14 22:00,28,,1.5,68,1000.8,1010.4
108,서울,2024.7.14 23:00,27.4,,2.2,71,1001.1,1010.8
108,서울,2024.7.15 0:00,27.1,,2.1,71,1001,1010.7
108,서울,2024.7.15 1:00,26.3,,3,73,1001.1,1010.8
108,서울,2024.7.15 2:00,25.6,,2.9,73,1001.4,1011.1
108,서울,2024.7.15 3:00,25.2,,3.6,72,1001.4,1011.2
108,서울,2024.7.15 4:00,25,,2.9,72,1001.3,1011.1
108,서울,2024.7.15 5:00,24.7,,2.3,72,1001.3,1011
108,서울,2024.7.15 6:00,24.6,,2.6,73,1001.7,1011.4
108,서울,2024.7.15 7:00,25.1,,2.4,71,1001.8,1011.6
108,서울,2024.7.15 8:00,26.5,,3.3,67,1002.1,1011.8
108,서울,2024.7.15 9:00,28.2,,2.7,63,1001.9,1011.5
108,서울,2024.7.15 10:00,29,,2.6,60,1002,1011.6
108,서울,2024.7.15 11:00,29.9,,2.8,59,1001.9,1011.5
108,서울,2024.7.15 12:00,30.3,,1.9,60,1001.7,1011.3
108,서울,2024.7.15 13:00,30.5,,2.5,58,1001.5,1011.1
108,서울,2024.7.15 14:00,30.7,,1.7,59,1001.2,1010.8
108,서울,2024.7.15 15:00,30.9,,1.6,57,1000.5,1010.1
108,서울,2024.7.15 16:00,30.8,,2.5,58,1000.1,1009.7
108,서울,2024.7.15 17:00,30.9,,2.4,58,999.7,1009.3
108,서울,2024.7.15 18:00,30.7,,2.7,58,999.5,1009.1
108,서울,2024.7.15 19:00,30.4,,2.3,59,999.7,1009.3
108,서울,2024.7.15 20:00,29.8,,2.5,61,1000.1,1009.7
108,서울,2024.7.15 21:00,29.4,,2.5,64,1000.8,1010.4
108,서울,2024.7.15 22:00,29.1,,2.3,65,1001.1,1010.7
108,서울,2024.7.15 23:00,28.8,,2.2,67,1001.2,1010.8
108,서울,2024.7.16 0:00,28.2,0,3,70,1001.2,1010.8
108,서울,2024.7.16 1:00,27.9,,1.9,70,1000.9,1010.5
108,서울,2024.7.16 2:00,27.6,,2,72,1000.7,1010.3
108,서울,2024.7.16 3:00,27.2,,2,73,1000.2,1009.9
108,서울,2024.7.16 4:00,26.6,,2.2,75,1000.2,1009.9
108,서울,2024.7.16 5:00,25.9,,2.2,77,1000.6,1010.3
108,서울,2024.7.16 6:00,25.8,,2.4,78,1000.8,1010.5
108,서울,2024.7.16 7:00,26,,2.7,77,1001,1010.7
108,서울,2024.7.16 8:00,27.5,,3.2,73,1001.1,1010.8
108,서울,2024.7.16 9:00,28.7,,2.3,68,1000.7,1010.3
108,서울,2024.7.16 10:00,30,,2.1,65,1000.5,1010.1
108,서울,2024.7.16 11:00,29.5,,4,65,1000.1,1009.7
108,서울,2024.7.16 12:00,30.3,,2.6,63,999.8,1009.4
108,서울,2024.7.16 13:00,30.1,,1.6,64,999.5,1009.1
108,서울,2024.7.16 14:00,28.9,0,4.2,69,999.5,1009.1
108,서울,2024.7.16 15:00,28.3,0,3.2,71,999.4,1009
108,서울,2024.7.16 16:00,25.9,3.5,1.7,84,999.7,1009.4
108,서울,2024.7.16 17:00,25.6,2.8,2.2,89,999.2,1008.9
108,서울,2024.7.16 18:00,25.8,0.4,1.4,89,999.1,1008.8
108,서울,2024.7.16 19:00,25.5,0,1.4,87,999,1008.7
108,서울,2024.7.16 20:00,25.1,7.2,0.9,91,999.2,1008.9
108,서울,2024.7.16 21:00,25.4,0.5,2.7,92,999.4,1009.1
108,서울,2024.7.16 22:00,25.4,0.2,2.4,91,1000.3,1010
108,서울,2024.7.16 23:00,24.7,1.9,1.6,92,1000.1,1009.8
108,서울,2024.7.17 0:00,24.6,0.5,2,93,999.7,1009.4
108,서울,2024.7.17 1:00,24.4,0.3,1.2,90,999.7,1009.4
108,서울,2024.7.17 2:00,24.4,1.6,1,93,999.1,1008.8
108,서울,2024.7.17 3:00,24.2,3.4,1.7,94,998.5,1008.2
108,서울,2024.7.17 4:00,24.1,1.1,2,93,997.7,1007.4
108,서울,2024.7.17 5:00,24.3,0.2,1.8,93,997.7,1007.4
108,서울,2024.7.17 6:00,24.7,0,1.2,93,997.5,1007.2
108,서울,2024.7.17 7:00,25,0,2.9,94,997.7,1007.4
108,서울,2024.7.17 8:00,25.2,6.5,3.5,96,998.4,1008.1
108,서울,2024.7.17 9:00,25.2,32.2,2.4,97,998.8,1008.5
108,서울,2024.7.17 10:00,24.4,39,1.5,95,998.6,1008.3
108,서울,2024.7.17 11:00,24.4,0.1,1.6,94,998.8,1008.5
108,서울,2024.7.17 12:00,25.6,0,1.9,92,999.1,1008.8
108,서울,2024.7.17 13:00,26.7,0,3,87,998.9,1008.6
108,서울,2024.7.17 14:00,28,0,6.3,77,997.9,1007.5
108,서울,2024.7.17 15:00,27.1,0,3.1,85,997.8,1007.4
108,서울,2024.7.17 16:00,26.7,0.4,2.8,87,997.2,1006.9
108,서울,2024.7.17 17:00,26.2,1.8,4.1,91,997,1006.7
108,서울,2024.7.17 18:00,25,4,3.9,89,997,1006.7
108,서울,2024.7.17 19:00,24.5,0,2.3,92,996.6,1006.3
108,서울,2024.7.17 20:00,24.9,0,0.9,93,996.3,1006
108,서울,2024.7.17 21:00,25.9,,3.6,90,996.2,1005.9
108,서울,2024.7.17 22:00,26.2,0,2.8,88,996.7,1006.4
108,서울,2024.7.17 23:00,26.1,0.5,3.7,89,996.1,1005.8
108,서울,2024.7.18 0:00,25.6,7.7,1.5,93,995.5,1005.2
108,서울,2024.7.18 1:00,25.5,3,0.9,93,994.6,1004.3
108,서울,2024.7.18 2:00,25.5,0.8,3.3,92,993.9,1003.6
108,서울,2024.7.18 3:00,25.6,0.1,2.2,90,993.2,1002.9
108,서울,2024.7.18 4:00,24.5,9.4,6.9,92,993.9,1003.5
108,서울,2024.7.18 5:00,23.9,5.8,2.2,95,992.9,1002.6
108,서울,2024.7.18 6:00,24.1,9.6,2.2,98,991.8,1001.4
108,서울,2024.7.18 7:00,23.7,10.3,2.7,97,992.1,1001.8
108,서울,2024.7.18 8:00,23.2,14,3.4,96,992.8,1002.5
108,서울,2024.7.18 9:00,23.3,2.7,2.2,95,992.4,1002.1
108,서울,2024.7.18 10:00,23.3,7.3,2.3,97,992.5,1002.2
108,서울,2024.7.18 11:00,23.5,7.7,2.8,98,992.5,1002.2
108,서울,2024.7.18 12:00,23.9,3.7,1.5,97,991.3,1000.9
108,서울,2024.7.18 13:00,23.9,12.9,1.4,98,990.3,999.9
108,서울,2024.7.18 14:00,23.9,14,1.8,97,989.5,999.1
108,서울,2024.7.18 15:00,23.9,18,1.8,98,988.9,998.5
108,서울,2024.7.18 16:00,24.3,9.5,0.4,97,989.3,998.9
108,서울,2024.7.18 17:00,24.5,0,2.5,95,990.4,1000
108,서울,2024.7.18 18:00,24.7,,2,94,990.9,1000.5
108,서울,2024.7.18 19:00,24.6,,1.7,93,992,1001.6
108,서울,2024.7.18 20:00,24.6,,1.4,93,992.6,1002.2
108,서울,2024.7.18 21:00,24.8,0,2.1,95,993.3,1003
108,서울,2024.7.18 22:00,24.5,,2.6,94,993.9,1003.5
108,서울,2024.7.18 23:00,24.4,0,2.1,95,994.3,1003.9
108,서울,2024.7.19 0:00,24.4,0,2.4,95,994.5,1004.1
108,서울,2024.7.19 1:00,24.4,0,1.9,96,994.6,1004.2
108,서울,2024.7.19 2:00,24.4,0,1.1,96,994.5,1004.1
108,서울,2024.7.19 3:00,24.3,0.1,2.3,96,994.4,1004
108,서울,2024.7.19 4:00,24.3,0,1,95,994.3,1003.9
108,서울,2024.7.19 5:00,24.3,,0,94,994.4,1004
108,서울,2024.7.19 6:00,24.3,,1.3,95,994.9,1004.6
108,서울,2024.7.19 7:00,24.4,,1.8,94,995.1,1004.7
108,서울,2024.7.19 8:00,24.8,,2.2,92,995.2,1004.9
108,서울,2024.7.19 9:00,25.8,,2,87,995.3,1005
108,서울,2024.7.19 10:00,26.7,,2.4,83,995.2,1004.8
108,서울,2024.7.19 11:00,28,,3.4,77,995.2,1004.8
108,서울,2024.7.19 12:00,28.4,,3.3,72,995.2,1004.8
108,서울,2024.7.19 13:00,29.1,,2.4,71,994.5,1004
108,서울,2024.7.19 14:00,29.9,,3.1,67,994.4,1003.9
108,서울,2024.7.19 15:00,30.7,,3,62,994.5,1004
108,서울,2024.7.19 16:00,30.7,,3.3,62,994.6,1004.1
108,서울,2024.7.19 17:00,30.2,,3.1,66,994.8,1004.3
108,서울,2024.7.19 18:00,29.8,,3,63,994.9,1004.4
108,서울,2024.7.19 19:00,28.7,,2.7,71,995.6,1005.1
108,서울,2024.7.19 20:00,27.8,,3.1,77,995.9,1005.5
108,서울,2024.7.19 21:00,26.9,,2.7,81,996.3,1005.9
108,서울,2024.7.19 22:00,26.6,,1.9,83,996.7,1006.4
108,서울,2024.7.19 23:00,26.3,,3.3,84,997.5,1007.2
108,서울,2024.7.20 0:00,26,,2.5,85,997.8,1007.5
108,서울,2024.7.20 1:00,25.8,,1.7,85,997.6,1007.3
108,서울,2024.7.20 2:00,25.7,,1.7,84,997.4,1007.1
108,서울,2024.7.20 3:00,25.5,,1.1,84,997,1006.7
108,서울,2024.7.20 4:00,25.3,,1.2,84,997.5,1007.2
108,서울,2024.7.20 5:00,25.1,,1.3,87,997.9,1007.6
108,서울,2024.7.20 6:00,25.2,,0.4,86,998.2,1007.9
108,서울,2024.7.20 7:00,25.3,,1.1,85,997.9,1007.6
108,서울,2024.7.20 8:00,26.3,,1.8,82,997.9,1007.6
108,서울,2024.7.20 9:00,26.5,0,3,79,998.6,1008.3
108,서울,2024.7.20 10:00,25.8,0.4,2.3,83,998.9,1008.6
108,서울,2024.7.20 11:00,26.8,0,3,79,998.2,1007.9
108,서울,2024.7.20 12:00,27.8,,2.1,77,997.7,1007.3
108,서울,2024.7.20 13:00,27.5,,2.7,77,997.2,1006.8
108,서울,2024.7.20 14:00,28.4,,2.5,76,996.1,1005.7
108,서울,2024.7.20 15:00,29.6,,3,74,995.1,1004.6
108,서울,2024.7.20 16:00,30.4,,3.3,69,994.4,1003.9
108,서울,2024.7.20 17:00,29.9,,2.5,70,994.2,1003.7
108,서울,2024.7.20 18:00,29.6,,2.9,73,993.1,1002.6
108,서울,2024.7.20 19:00,27.6,12.1,3.9,88,993.5,1003.1
108,서울,2024.7.20 20:00,26.3,1.7,3.2,87,993.4,1003
108,서울,2024.7.20 21:00,26.6,0.6,4.3,90,993.9,1003.5
108,서울,2024.7.20 22:00,26.7,0.1,4.4,89,994,1003.6
108,서울,2024.7.20 23:00,26.5,,3.8,85,993.7,1003.3
108,서울,2024.7.21 0:00,26.4,,5.4,80,992.9,1002.5
108,서울,2024.7.21 1:00,25.9,0,7.5,80,992.7,1002.3
108,서울,2024.7.21 2:00,25.1,0,5.7,79,993.1,1002.8
108,서울,2024.7.21 3:00,24.4,0,6.4,83,992.3,1001.9
108,서울,2024.7.21 4:00,22.6,2.9,7.3,94,993.4,1003.1
108,서울,2024.7.21 5:00,22.5,3.8,6.7,95,993.8,1003.5
108,서울,2024.7.21 6:00,23,0.7,4.5,93,995.2,1004.9
108,서울,2024.7.21 7:00,23.2,,2,91,996.8,1006.5
108,서울,2024.7.21 8:00,23.7,0,2.7,90,997.5,1007.2
108,서울,2024.7.21 9:00,23.7,0,3.3,90,998.3,1008
108,서울,2024.7.21 10:00,24,1.1,1.5,92,998.1,1007.8
108,서울,2024.7.21 11:00,25.6,,2.4,91,998.2,1007.9
108,서울,2024.7.21 12:00,27,,3.2,80,998,1007.6
108,서울,2024.7.21 13:00,27.6,,3.6,81,997.8,1007.4
108,서울,2024.7.21 14:00,28,,2.5,80,997.6,1007.2
108,서울,2024.7.21 15:00,28.2,,3.7,80,997.2,1006.8
108,서울,2024.7.21 16:00,29.4,,3.1,76,996.8,1006.3
108,서울,2024.7.21 17:00,29.3,,3,73,996.8,1006.3
108,서울,2024.7.21 18:00,29.6,,2.6,75,996.9,1006.4
108,서울,2024.7.21 19:00,29.4,,3.3,77,997.3,1006.8
108,서울,2024.7.21 20:00,28.6,0,3,80,997.7,1007.3
108,서울,2024.7.21 21:00,28.2,,3.7,83,998.1,1007.7
108,서울,2024.7.21 22:00,28.1,,2.1,84,998.2,1007.8
108,서울,2024.7.21 23:00,28.1,,2.5,84,998.6,1008.2
108,서울,2024.7.22 0:00,27.9,,1.6,85,999,1008.6
108,서울,2024.7.22 1:00,27.9,,3.4,84,998.9,1008.5
108,서울,2024.7.22 2:00,27.7,,2.6,85,998.8,1008.4
108,서울,2024.7.22 3:00,27.6,,4,85,998.1,1007.7
108,서울,2024.7.22 4:00,27.2,0,3.4,87,997.8,1007.4
108,서울,2024.7.22 5:00,26.8,0.5,3.1,91,997.6,1007.3
108,서울,2024.7.22 6:00,26.3,10.9,3.2,92,997.3,1007
108,서울,2024.7.22 7:00,26.2,0,2.2,92,997.4,1007.1
108,서울,2024.7.22 8:00,26.5,,2.6,90,997.4,1007.1
108,서울,2024.7.22 9:00,26.5,0,3.2,88,997.5,1007.2
108,서울,2024.7.22 10:00,26.6,0,4.1,87,998,1007.7
108,서울,2024.7.22 11:00,24.4,14.6,5.1,90,997.4,1007.1
108,서울,2024.7.22 12:00,25.4,1.9,0.9,91,996.6,1006.3
108,서울,2024.7.22 13:00,27,,1.8,89,995.9,1005.5
108,서울,2024.7.22 14:00,26.7,1.2,2.7,90,995.7,1005.3
108,서울,2024.7.22 15:00,26,16,3.9,93,995.6,1005.3
108,서울,2024.7.22 16:00,26.7,2.6,0.9,92,994.3,1003.9
108,서울,2024.7.22 17:00,27.2,0,1.7,89,993.3,1002.9
108,서울,2024.7.22 18:00,27.3,,3.3,86,993.5,1003.1
108,서울,2024.7.22 19:00,27.6,,4.1,83,992.6,1002.2
108,서울,2024.7.22 20:00,27.7,,3.7,81,992,1001.6
108,서울,2024.7.22 21:00,27.6,0,2.4,82,992.1,1001.7
108,서울,2024.7.22 22:00,27.8,,4.1,82,992.4,1002
108,서울,2024.7.22 23:00,27.2,0.3,7.2,86,991.2,1000.8
108,서울,2024.7.23 0:00,26,31.9,5.3,95,992.5,1002.1
108,서울,2024.7.23 1:00,26.2,0,5.1,93,993.2,1002.8
108,서울,2024.7.23 2:00,26.2,,4.3,93,993.8,1003.4
108,서울,2024.7.23 3:00,26.2,,4.3,91,993.8,1003.4
108,서울,2024.7.23 4:00,26.1,,3.6,91,994,1003.6
108,서울,2024.7.23 5:00,25.8,0.1,3.2,93,994.2,1003.9
108,서울,2024.7.23 6:00,25.9,0,3.3,93,994.2,1003.9
108,서울,2024.7.23 7:00,25.9,0,3.3,91,994,1003.7
108,서울,2024.7.23 8:00,26.2,,4.4,89,994.7,1004.3
108,서울,2024.7.23 9:00,26.4,,3,87,995.1,1004.7
108,서울,2024.7.23 10:00,26.5,,4.2,84,995.2,1004.8
108,서울,2024.7.23 11:00,25.9,0.8,3.1,91,995.2,1004.9
108,서울,2024.7.23 12:00,26,0.3,1.5,91,994.5,1004.2
108,서울,2024.7.23 13:00,26.3,0.5,2.4,90,994.4,1004
108,서울,2024.7.23 14:00,26.4,0.3,3.2,88,994.5,1004.1
108,서울,2024.7.23 15:00,27,0,3.3,85,994.1,1003.7
108,서울,2024.7.23 16:00,27.2,,2.9,83,993.6,1003.2
108,서울,2024.7.23 17:00,27,,3.2,85,993.9,1003.5
108,서울,2024.7.23 18:00,27.2,,2.7,85,993.7,1003.3
108,서울,2024.7.23 19:00,27.1,,2.3,84,993.4,1003
108,서울,2024.7.23 20:00,26.8,,2.8,81,993.6,1003.2
108,서울,2024.7.23 21:00,26.5,,2.4,83,994.6,1004.2
108,서울,2024.7.23 22:00,26.3,,1.9,82,995.4,1005.1
108,서울,2024.7.23 23:00,26.4,,2.2,86,995.2,1004.8
108,서울,2024.7.24 0:00,26.3,,1.9,88,995.4,1005.1
108,서울,2024.7.24 1:00,26.4,0,1.8,90,995.2,1004.8
108,서울,2024.7.24 2:00,26.4,0.1,2.3,92,994.8,1004.4
108,서울,2024.7.24 3:00,26.1,0.9,1.9,93,994.1,1003.7
108,서울,2024.7.24 4:00,26.2,0,3,94,993.6,1003.2
108,서울,2024.7.24 5:00,26.2,0.2,2.6,94,994,1003.6
108,서울,2024.7.24 6:00,26.1,12.2,3.1,95,994.2,1003.8
108,서울,2024.7.24 7:00,26.2,,1.6,95,994.9,1004.6
108,서울,2024.7.24 8:00,26.4,0,1.7,94,995.3,1004.9
108,서울,2024.7.24 9:00,27.2,0.7,0.3,93,995.2,1004.8
108,서울,2024.7.24 10:00,27.4,0.4,2.9,89,995,1004.6
108,서울,2024.7.24 11:00,28.2,0.2,2.1,89,994.5,1004.1
108,서울,2024.7.24 12:00,29.2,0,3,81,994,1003.5
108,서울,2024.7.24 13:00,30,,3.1,78,993.9,1003.4
108,서울,2024.7.24 14:00,30.9,,3.5,74,993.7,1003.2
108,서울,2024.7.24 15:00,30.8,,3,73,993.8,1003.3
108,서울,2024.7.24 16:00,30.8,,4,73,993.9,1003.4
108,서울,2024.7.24 17:00,30.7,,3.6,73,993.8,1003.3
108,서울,2024.7.24 18:00,29.9,,3.2,76,993.5,1003
108,서울,2024.7.24 19:00,29.2,,3.2,78,994.3,1003.8
108,서울,2024.7.24 20:00,28.5,,3,81,994.8,1004.3
108,서울,2024.7.24 21:00,28.1,,2.9,83,995.3,1004.9
108,서울,2024.7.24 22:00,28,,2.6,85,995.3,1004.9
108,서울,2024.7.24 23:00,27.7,,2.7,85,995.1,1004.7
108,서울,2024.7.25 0:00,27.6,,1.4,86,995.5,1005.1
108,서울,2024.7.25 1:00,27.4,,1.9,88,995.5,1005.1
108,서울,2024.7.25 2:00,27.2,0,2,88,995.2,1004.8
108,서울,2024.7.25 3:00,27,,1.4,88,995,1004.6
108,서울,2024.7.25 4:00,27,,1.7,89,995.2,1004.8
108,서울,2024.7.25 5:00,26.9,,1.1,89,995.1,1004.7
108,서울,2024.7.25 6:00,26.8,,1.7,90,995.6,1005.2
108,서울,2024.7.25 7:00,27.1,0,1.3,89,996,1005.6
108,서울,2024.7.25 8:00,27.6,,1.2,87,996.1,1005.7
108,서울,2024.7.25 9:00,28.5,,1.2,83,996,1005.6
108,서울,2024.7.25 10:00,29.3,,1.5,79,996.1,1005.6
108,서울,2024.7.25 11:00,30.7,,2.4,71,996.3,1005.8
108,서울,2024.7.25 12:00,30.6,0,1.6,73,996.2,1005.7
108,서울,2024.7.25 13:00,29.8,5.9,1.9,81,996.1,1005.7
108,서울,2024.7.25 14:00,31.3,,2,75,995.8,1005.3
108,서울,2024.7.25 15:00,31.5,,2.5,68,995.5,1005
108,서울,2024.7.25 16:00,32.2,,1.8,66,995.1,1004.6
108,서울,2024.7.25 17:00,32,,2,66,995.2,1004.7
108,서울,2024.7.25 18:00,31.6,,2.2,70,995.1,1004.6
108,서울,2024.7.25 19:00,30.9,,2.1,71,995.8,1005.3
108,서울,2024.7.25 20:00,30.2,,1.6,72,996.5,1006
108,서울,2024.7.25 21:00,29.1,,3.7,74,998,1007.6
108,서울,2024.7.25 22:00,26.1,15.1,1.4,88,998.6,1008.3
108,서울,2024.7.25 23:00,25.9,0,3.1,90,998.7,1008.4
108,서울,2024.7.26 0:00,25.4,4.3,2.9,92,998.8,1008.5
108,서울,2024.7.26 1:00,25.3,0.7,1.7,92,998.9,1008.6
108,서울,2024.7.26 2:00,25.2,,2.6,93,998.4,1008.1
108,서울,2024.7.26 3:00,25.2,,2.7,92,998.1,1007.8
108,서울,2024.7.26 4:00,25.3,,2.8,93,998.1,1007.8
108,서울,2024.7.26 5:00,25.3,,2.6,92,998.3,1008
108,서울,2024.7.26 6:00,25.3,,2.3,92,998.8,1008.5
108,서울,2024.7.26 7:00,25.9,,2.3,91,999.1,1008.8
108,서울,2024.7.26 8:00,27.2,,1.6,88,999.3,1008.9
108,서울,2024.7.26 9:00,28.6,,1.2,84,999.3,1008.9
108,서울,2024.7.26 10:00,29.4,,2,80,999.3,1008.9
108,서울,2024.7.26 11:00,31.3,,2.8,72,999.2,1008.7
108,서울,2024.7.26 12:00,32,,3.7,69,999.3,1008.8
108,서울,2024.7.26 13:00,32.2,,3,68,999.1,1008.6
108,서울,2024.7.26 14:00,30.4,2.9,1.1,80,998.9,1008.5
108,서울,2024.7.26 15:00,32.4,,2.8,74,998.4,1007.9
108,서울,2024.7.26 16:00,32.2,,3.9,67,998.1,1007.6
108,서울,2024.7.26 17:00,29.1,1.9,1.7,82,999.3,1008.9
108,서울,2024.7.26 18:00,29.3,,1.2,81,999.8,1009.4
108,서울,2024.7.26 19:00,29.1,,2.7,81,1000.8,1010.4
108,서울,2024.7.26 20:00,29,,1.4,81,1001.4,1011
108,서울,2024.7.26 21:00,28.8,,2,80,1002,1011.6
108,서울,2024.7.26 22:00,28.6,,0.8,82,1002.6,1012.2
108,서울,2024.7.26 23:00,28.5,0,1.2,82,1002.8,1012.4
108,서울,2024.7.27 0:00,28.1,0,1.8,83,1002.7,1012.3
108,서울,2024.7.27 1:00,27.9,0,1.6,83,1002.8,1012.5
108,서울,2024.7.27 2:00,27.8,0,0.8,84,1002.8,1012.5
108,서울,2024.7.27 3:00,27.7,,1.3,84,1002.8,1012.5
108,서울,2024.7.27 4:00,27.7,,0.9,85,1002.8,1012.5
108,서울,2024.7.27 5:00,27.6,,1,85,1003.3,1013
108,서울,2024.7.27 6:00,27.5,,0.8,85,1003.6,1013.3
108,서울,2024.7.27 7:00,27.6,,0.8,85,1004,1013.7
108,서울,2024.7.27 8:00,28.7,,2,81,1004.2,1013.8
108,서울,2024.7.27 9:00,29.2,,2.6,78,1004.5,1014.1
108,서울,2024.7.27 10:00,29.7,,2.4,77,1004.7,1014.3
108,서울,2024.7.27 11:00,30.4,,2.4,74,1004.6,1014.2
108,서울,2024.7.27 12:00,31.2,,2.8,70,1004.4,1014
108,서울,2024.7.27 13:00,31.3,,3.6,69,1004,1013.6
108,서울,2024.7.27 14:00,30.1,1.5,3.1,81,1004.2,1013.8
108,서울,2024.7.27 15:00,30.9,4.8,3.1,79,1003.3,1012.9
108,서울,2024.7.27 16:00,29.2,3.4,2.1,85,1003.5,1013.1
108,서울,2024.7.27 17:00,29.3,5.9,2.2,86,1003.6,1013.2
108,서울,2024.7.27 18:00,28.7,10.1,1.4,90,1003.6,1013.2
108,서울,2024.7.27 19:00,28.3,7.8,0,90,1004.3,1013.9
108,서울,2024.7.27 20:00,28.3,,1.1,89,1004.6,1014.3
108,서울,2024.7.27 21:00,28.1,,0.4,91,1005.3,1015
108,서울,2024.7.27 22:00,27.9,,1.4,91,1005.5,1015.2
108,서울,2024.7.27 23:00,27.7,,1.4,91,1005.4,1015.1
108,서울,2024.7.28 0:00,27.5,,1.6,92,1005.3,1015
108,서울,2024.7.28 1:00,27.5,,1.4,92,1005,1014.7
108,서울,2024.7.28 2:00,27.5,,0.7,91,1004.6,1014.3
108,서울,2024.7.28 3:00,27.5,,1,90,1004.3,1014
108,서울,2024.7.28 4:00,27.4,,0.7,89,1004.2,1013.9
108,서울,2024.7.28 5:00,27.4,,1.5,87,1004.3,1014
108,서울,2024.7.28 6:00,27.3,,1.1,87,1004.3,1014
108,서울,2024.7.28 7:00,27.5,,2.3,85,1003.8,1013.5
108,서울,2024.7.28 8:00,28.6,,1.7,81,1003.8,1013.4
108,서울,2024.7.28 9:00,29.3,,3.9,75,1003.6,1013.2
108,서울,2024.7.28 10:00,30.1,,4,72,1003.2,1012.8
108,서울,2024.7.28 11:00,30.5,,4,70,1003,1012.6
108,서울,2024.7.28 12:00,31,,5.1,65,1002.6,1012.2
108,서울,2024.7.28 13:00,31.7,,4.7,64,1002.2,1011.7
108,서울,2024.7.28 14:00,32,,5.3,61,1001.9,1011.4
108,서울,2024.7.28 15:00,31.9,,5.8,64,1001.7,1011.2
108,서울,2024.7.28 16:00,30.6,0,5.8,68,1001.7,1011.3
108,서울,2024.7.28 17:00,30.5,,4.6,69,1001.2,1010.8
108,서울,2024.7.28 18:00,30.3,,6,69,1000.9,1010.5
108,서울,2024.7.28 19:00,29.7,,4.5,73,1001.2,1010.8
108,서울,2024.7.28 20:00,29.2,,3.6,75,1001.2,1010.8
108,서울,2024.7.28 21:00,28.8,,2.7,77,1001.3,1010.9
108,서울,2024.7.28 22:00,28.3,,3.4,78,1001.2,1010.8
108,서울,2024.7.28 23:00,28,,3.2,79,1001.5,1011.1
108,서울,2024.7.29 0:00,27.8,,4.3,81,1001.3,1010.9
108,서울,2024.7.29 1:00,27.7,,3,82,1001.4,1011
108,서울,2024.7.29 2:00,27.5,,4.1,82,1001.1,1010.8
108,서울,2024.7.29 3:00,27.4,,4.5,83,1000.5,1010.2
108,서울,2024.7.29 4:00,27.3,,3.6,83,1000.4,1010.1
108,서울,2024.7.29 5:00,27.3,,3.6,84,1000.1,1009.8
108,서울,2024.7.29 6:00,27.2,0,3.9,84,999.9,1009.6
108,서울,2024.7.29 7:00,27.3,0,2.8,84,1000,1009.7
108,서울,2024.7.29 8:00,27.4,0,4.3,84,1000.1,1009.7
108,서울,2024.7.29 9:00,27.6,0,3.8,82,999.9,1009.5
108,서울,2024.7.29 10:00,27.5,0,4.8,83,1000.2,1009.8
108,서울,2024.7.29 11:00,27.5,0,4.1,83,1000.1,1009.7
108,서울,2024.7.29 12:00,27.6,0,3.1,84,999.6,1009.2
108,서울,2024.7.29 13:00,27.6,,5,84,999.2,1008.8
108,서울,2024.7.29 14:00,27.7,0,3.8,84,998.9,1008.5
108,서울,2024.7.29 15:00,27.6,0,4.9,84,998.6,1008.2
108,서울,2024.7.29 16:00,27.6,,3.4,84,998.2,1007.8
108,서울,2024.7.29 17:00,27.4,,5,85,997.7,1007.3
108,서울,2024.7.29 18:00,27.4,,3.7,85,997.3,1006.9
108,서울,2024.7.29 19:00,27.4,,3.5,84,997.5,1007.1
108,서울,2024.7.29 20:00,27.2,,4.7,85,997.8,1007.4
108,서울,2024.7.29 21:00,27.2,,2.8,85,998.4,1008
108,서울,2024.7.29 22:00,27.1,,4.3,84,998.5,1008.1
108,서울,2024.7.29 23:00,27,,4.1,84,998.2,1007.8
108,서울,2024.7.30 0:00,26.8,,3.2,85,997.9,1007.6
108,서울,2024.7.30 1:00,26.7,,3.1,86,997.6,1007.3
108,서울,2024.7.30 2:00,26.6,,3.3,86,997.3,1007
108,서울,2024.7.30 3:00,26.5,,3.6,86,997.3,1007
108,서울,2024.7.30 4:00,26.4,,3.6,86,997.3,1007
108,서울,2024.7.30 5:00,26.3,,2.8,85,997.6,1007.3
108,서울,2024.7.30 6:00,26.3,,2.4,85,997.9,1007.6
108,서울,2024.7.30 7:00,26.4,,2.9,86,998.1,1007.8
108,서울,2024.7.30 8:00,26.5,,2,87,998.3,1008
108,서울,2024.7.30 9:00,26.7,,1.9,85,998.2,1007.9
108,서울,2024.7.30 10:00,27.2,,2,84,998.3,1007.9
108,서울,2024.7.30 11:00,29,,1.8,78,997.9,1007.5
108,서울,2024.7.30 12:00,30.2,,2.9,74,997.4,1007
108,서울,2024.7.30 13:00,30.8,,3.6,71,997.1,1006.6
108,서울,2024.7.30 14:00,31.1,,3,70,996.8,1006.3
108,서울,2024.7.30 15:00,31.8,,3.3,66,996.8,1006.3
108,서울,2024.7.30 16:00,31.8,,2.8,68,996.6,1006.1
108,서울,2024.7.30 17:00,30.9,,2.8,71,996.4,1005.9
108,서울,2024.7.30 18:00,31.2,,3.3,69,996.3,1005.8
108,서울,2024.7.30 19:00,30.1,,3.1,73,996.6,1006.1
108,서울,2024.7.30 20:00,29.2,,2.4,78,997,1006.5
108,서울,2024.7.30 21:00,28.6,,2.6,81,997.4,1007
108,서울,2024.7.30 22:00,28.2,,2.4,82,997.5,1007.1
108,서울,2024.7.30 23:00,27.9,,2.1,84,997.2,1006.8
108,서울,2024.7.31 0:00,27.7,,2.3,84,997.5,1007.1
108,서울,2024.7.31 1:00,27.4,,2.6,81,997.5,1007.1
108,서울,2024.7.31 2:00,27.2,,2.1,79,997.3,1006.9
108,서울,2024.7.31 3:00,27.1,,1.9,80,997.3,1006.9
108,서울,2024.7.31 4:00,27,,1.9,80,997.6,1007.2
108,서울,2024.7.31 5:00,27,,1.9,81,997.8,1007.4
108,서울,2024.7.31 6:00,27,,2,82,998.2,1007.8
108,서울,2024.7.31 7:00,27.1,,2,82,998.2,1007.8
108,서울,2024.7.31 8:00,27.7,,2.8,80,998,1007.6
108,서울,2024.7.31 9:00,28.3,,2.5,79,997.7,1007.3
108,서울,2024.7.31 10:00,29.1,,2.6,75,997.5,1007
108,서울,2024.7.31 11:00,30.1,,3,72,997.2,1006.8
108,서울,2024.7.31 12:00,30.7,,3,68,996.7,1006.2
108,서울,2024.7.31 13:00,31.5,,2.7,67,996.5,1006
108,서울,2024.7.31 14:00,32.2,,3.4,64,995.9,1005.4
108,서울,2024.7.31 15:00,32.6,,2.6,64,995.5,1005
108,서울,2024.7.31 16:00,32.6,,3.5,60,995.3,1004.8
108,서울,2024.7.31 17:00,32.7,,4.5,61,995,1004.4
108,서울,2024.7.31 18:00,32.3,,3.1,64,994.9,1004.4
108,서울,2024.7.31 19:00,31.2,,2.8,63,995.3,1004.8
108,서울,2024.7.31 20:00,29.7,,2.5,76,995.4,1004.9
108,서울,2024.7.31 21:00,28.9,,2.6,79,995.9,1005.4
108,서울,2024.7.31 22:00,28.7,,1.8,78,995.8,1005.3
108,서울,2024.7.31 23:00,28.3,,3,78,995.7,1005.3
108,서울,2024.8.1 0:00,27.9,,2.7,80,995.7,1005.3
108,서울,2024.8.1 1:00,27.8,,1.9,81,996.1,1005.7
108,서울,2024.8.1 2:00,27.8,,2.5,82,996.1,1005.7
108,서울,2024.8.1 3:00,27.8,,2.4,82,995.6,1005.2
108,서울,2024.8.1 4:00,27.7,0,2.7,84,995.2,1004.8
108,서울,2024.8.1 5:00,27.3,0.3,2.5,85,994.9,1004.5
108,서울,2024.8.1 6:00,27.5,,2.3,82,995.1,1004.7
108,서울,2024.8.1 7:00,27.6,0,2.5,83,995.4,1005
108,서울,2024.8.1 8:00,28,0,3.3,83,995.5,1005.1
108,서울,2024.8.1 9:00,28.9,,3,80,995,1004.5
108,서울,2024.8.1 10:00,29.5,,2.5,78,995,1004.5
108,서울,2024.8.1 11:00,30.4,,2.6,74,995.1,1004.6
108,서울,2024.8.1 12:00,31.1,,2.3,71,994.7,1004.2
108,서울,2024.8.1 13:00,31.3,,2.4,71,994.5,1004
108,서울,2024.8.1 14:00,32.2,,3.3,67,994,1003.5
108,서울,2024.8.1 15:00,32.7,,2.9,65,993.4,1002.8
108,서울,2024.8.1 16:00,33.1,,2.8,67,992.7,1002.1
108,서울,2024.8.1 17:00,32.6,,2.8,67,992.8,1002.2
108,서울,2024.8.1 18:00,32.6,,2.8,67,992.9,1002.3
108,서울,2024.8.1 19:00,31.7,,2.3,68,993.1,1002.6
108,서울,2024.8.1 20:00,30.4,,2.8,75,993.8,1003.3
108,서울,2024.8.1 21:00,29.6,,2.2,78,994.3,1003.8
108,서울,2024.8.1 22:00,29.2,,1.8,80,994.4,1003.9
108,서울,2024.8.1 23:00,29.1,,2.5,79,994.9,1004.4
108,서울,2024.8.2 0:00,29,,1.7,79,995,1004.5
108,서울,2024.8.2 1:00,28.8,,2.4,80,994.5,1004
108,서울,2024.8.2 2:00,28.7,,2.7,82,993.9,1003.4
108,서울,2024.8.2 3:00,28.5,,3.2,82,994.2,1003.7
108,서울,2024.8.2 4:00,28.4,,3.5,83,994,1003.5
108,서울,2024.8.2 5:00,28.3,,2.7,83,994.2,1003.8
108,서울,2024.8.2 6:00,28.2,,2.6,83,994,1003.6
108,서울,2024.8.2 7:00,28.3,,3.7,83,994.3,1003.9
108,서울,2024.8.2 8:00,28.5,,2.1,83,994.5,1004
108,서울,2024.8.2 9:00,28.9,,2.8,80,994.3,1003.8
108,서울,2024.8.2 10:00,28.9,,2.6,80,994.5,1004
108,서울,2024.8.2 11:00,29.3,,2.7,82,994.5,1004
108,서울,2024.8.2 12:00,29.8,,2.8,78,994.4,1003.9
108,서울,2024.8.2 13:00,30.8,,2.6,76,993.8,1003.3
108,서울,2024.8.2 14:00,31.1,,3,73,993.7,1003.2
108,서울,2024.8.2 15:00,31.7,,3.3,72,993.7,1003.2
108,서울,2024.8.2 16:00,32.2,,2.9,70,993.3,1002.7
108,서울,2024.8.2 17:00,32.4,,2.7,68,993.3,1002.7
108,서울,2024.8.2 18:00,31.7,,2.6,73,993.3,1002.8
108,서울,2024.8.2 19:00,30.9,,2.6,77,994,1003.5
108,서울,2024.8.2 20:00,29.8,,2.3,81,994.7,1004.2
108,서울,2024.8.2 21:00,29.2,,2.4,83,995.1,1004.6
108,서울,2024.8.2 22:00,29.2,,2.9,82,995.8,1005.3
108,서울,2024.8.2 23:00,29,,3.5,82,996.2,1005.7
108,서울,2024.8.3 0:00,28.9,,1.9,84,996.5,1006
108,서울,2024.8.3 1:00,28.3,,1.9,86,996.3,1005.9
108,서울,2024.8.3 2:00,28,,1.2,88,996.3,1005.9
108,서울,2024.8.3 3:00,27.7,,1.4,88,996.5,1006.1
108,서울,2024.8.3 4:00,27.3,,1.8,87,996.5,1006.1
108,서울,2024.8.3 5:00,27.2,,1.7,88,997,1006.6
108,서울,2024.8.3 6:00,27.3,,1.4,88,997.4,1007
108,서울,2024.8.3 7:00,27.4,,2,87,997.8,1007.4
108,서울,2024.8.3 8:00,27.9,,1.7,85,998,1007.6
108,서울,2024.8.3 9:00,28.6,,1.1,83,998.1,1007.7
108,서울,2024.8.3 10:00,29.9,,1.4,79,998.3,1007.9
108,서울,2024.8.3 11:00,31,,2.4,73,998,1007.5
108,서울,2024.8.3 12:00,32,,2.5,69,997.7,1007.2
108,서울,2024.8.3 13:00,32.9,,3,65,997.4,1006.9
108,서울,2024.8.3 14:00,33.2,,2.7,62,997,1006.4
108,서울,2024.8.3 15:00,33.8,,3.6,60,996.9,1006.3
108,서울,2024.8.3 16:00,34,,2.9,60,996.4,1005.8
108,서울,2024.8.3 17:00,33.8,,2.4,62,996,1005.4
108,서울,2024.8.3 18:00,33.4,,2.9,63,996.1,1005.5
108,서울,2024.8.3 19:00,32.3,,2.5,66,996.6,1006.1
108,서울,2024.8.3 20:00,30.7,,2.2,70,997.3,1006.8
108,서울,2024.8.3 21:00,30,,2.9,73,997.9,1007.5
108,서울,2024.8.3 22:00,29.6,,2.7,75,998.3,1007.8
108,서울,2024.8.3 23:00,29.2,,1.5,75,998.1,1007.6
108,서울,2024.8.4 0:00,28.7,,1.2,76,997.9,1007.5
108,서울,2024.8.4 1:00,28.4,,0.3,79,998.1,1007.7
108,서울,2024.8.4 2:00,28.1,,0.5,81,997.9,1007.5
108,서울,2024.8.4 3:00,28,,0.7,83,997.7,1007.3
108,서울,2024.8.4 4:00,27.8,,0.4,84,997.9,1007.5
108,서울,2024.8.4 5:00,27.6,,0.8,85,998.4,1008
108,서울,2024.8.4 6:00,27.3,,1,87,998.5,1008.1
108,서울,2024.8.4 7:00,27.6,,1.4,87,998.3,1007.9
108,서울,2024.8.4 8:00,29.1,,1.4,84,998.6,1008.2
108,서울,2024.8.4 9:00,30.6,,2,77,998.7,1008.3
108,서울,2024.8.4 10:00,31.8,,1,71,998.5,1008
108,서울,2024.8.4 11:00,33.6,,1,63,998.5,1007.9
108,서울,2024.8.4 12:00,35,,1.6,55,998.1,1007.5
108,서울,2024.8.4 13:00,34.2,,1.4,57,997.5,1006.9
108,서울,2024.8.4 14:00,35.5,,2.8,56,997.1,1006.5
108,서울,2024.8.4 15:00,36.1,,3,53,996.7,1006.1
108,서울,2024.8.4 16:00,36,,2.5,53,996.2,1005.6
108,서울,2024.8.4 17:00,35.4,,2.9,56,996.2,1005.6
108,서울,2024.8.4 18:00,34.9,,1.6,57,995.9,1005.3
108,서울,2024.8.4 19:00,33.8,,2.3,62,996,1005.4
108,서울,2024.8.4 20:00,32.6,,2.1,67,996.1,1005.6
108,서울,2024.8.4 21:00,31.8,,1.8,71,997.2,1006.7
108,서울,2024.8.4 22:00,31.3,,1.6,70,997.5,1007
108,서울,2024.8.4 23:00,30.8,,1.6,72,997.5,1007
108,서울,2024.8.5 0:00,30.6,,1.9,71,997.7,1007.2
108,서울,2024.8.5 1:00,30.3,,0.8,71,997.5,1007.1
108,서울,2024.8.5 2:00,29,,1.6,72,997.7,1007.3
108,서울,2024.8.5 3:00,28.9,,1.1,76,997.6,1007.2
108,서울,2024.8.5 4:00,29,0.5,1,79,997.7,1007.3
108,서울,2024.8.5 5:00,28.8,0,2.2,82,998.1,1007.7
108,서울,2024.8.5 6:00,27.5,0,0.7,85,997.7,1007.3
108,서울,2024.8.5 7:00,27.6,,2.8,88,997.8,1007.4
108,서울,2024.8.5 8:00,27.6,,2.4,84,997.7,1007.3
108,서울,2024.8.5 9:00,29.1,,1,82,997.9,1007.5
108,서울,2024.8.5 10:00,30.5,,0.9,78,998.1,1007.6
108,서울,2024.8.5 11:00,31.5,,1.5,71,998.1,1007.6
108,서울,2024.8.5 12:00,32,0,1.8,68,997.8,1007.3
108,서울,2024.8.5 13:00,32.3,0,0.5,67,997.5,1007
108,서울,2024.8.5 14:00,32.7,,2,68,996.9,1006.4
108,서울,2024.8.5 15:00,32.9,,0.9,69,996.1,1005.5
108,서울,2024.8.5 16:00,33.2,,0.7,64,996.4,1005.8
108,서울,2024.8.5 17:00,32.7,0,1.4,69,996.3,1005.8
108,서울,2024.8.5 18:00,33,0,3.5,65,995.8,1005.2
108,서울,2024.8.5 19:00,31.6,,4,64,996.5,1006
108,서울,2024.8.5 20:00,30.4,,2.9,73,997.1,1006.6
108,서울,2024.8.5 21:00,30,,1.4,76,998.2,1007.8
108,서울,2024.8.5 22:00,29.9,,2.5,76,998.7,1008.3
108,서울,2024.8.5 23:00,28.8,0,1.6,77,997.8,1007.4
108,서울,2024.8.6 0:00,26.9,0.8,2,83,996.9,1006.5
108,서울,2024.8.6 1:00,26.6,0,2.3,85,997.2,1006.9
108,서울,2024.8.6 2:00,26.7,,2.1,87,997.1,1006.8
108,서울,2024.8.6 3:00,26.4,,1.4,86,997.4,1007.1
108,서울,2024.8.6 4:00,26.2,,1.3,87,997.7,1007.4
108,서울,2024.8.6 5:00,25.8,,2.3,88,998,1007.7
108,서울,2024.8.6 6:00,25.7,,2.2,87,998.4,1008.1
108,서울,2024.8.6 7:00,26.2,0,1,86,998.7,1008.4
108,서울,2024.8.6 8:00,26.7,0,1.5,83,999.1,1008.8
108,서울,2024.8.6 9:00,27.2,0,1.8,82,999.5,1009.2
108,서울,2024.8.6 10:00,27.8,,2.7,81,999.2,1008.8
108,서울,2024.8.6 11:00,28.8,,2.1,79,999,1008.6
108,서울,2024.8.6 12:00,30.5,,1.8,71,998.9,1008.5
108,서울,2024.8.6 13:00,31.4,,2.1,68,998.3,1007.8
108,서울,2024.8.6 14:00,30.8,,2.2,69,997.6,1007.1
108,서울,2024.8.6 15:00,32.9,,1.9,63,997.4,1006.9
108,서울,2024.8.6 16:00,33.2,,2.4,60,996.9,1006.3
108,서울,2024.8.6 17:00,32.9,,2.8,61,996.6,1006.1
108,서울,2024.8.6 18:00,33.2,,1.8,61,996,1005.4
108,서울,2024.8.6 19:00,32.6,,2.2,64,996.2,1005.7
108,서울,2024.8.6 20:00,31.5,,2.1,67,996.6,1006.1
108,서울,2024.8.6 21:00,30.8,,0.6,69,996.7,1006.2
108,서울,2024.8.6 22:00,30,,2.7,73,996.8,1006.4
108,서울,2024.8.6 23:00,29.2,,2.5,77,997.1,1006.6
108,서울,2024.8.7 0:00,28.9,,2.2,79,997.4,1007
108,서울,2024.8.7 1:00,28.5,,1.2,80,997.3,1006.9
108,서울,2024.8.7 2:00,28.2,,0.5,78,997.5,1007.1
108,서울,2024.8.7 3:00,27.8,,0.9,78,997.3,1006.9
108,서울,2024.8.7 4:00,27.6,,0.7,79,997.1,1006.7
108,서울,2024.8.7 5:00,27.3,,0.9,79,997.5,1007.1
108,서울,2024.8.7 6:00,27.2,,0.2,80,997.4,1007
108,서울,2024.8.7 7:00,27.4,,0.9,80,997.6,1007.2
108,서울,2024.8.7 8:00,28.5,,0.8,79,997.4,1007
108,서울,2024.8.7 9:00,29.8,,1.8,72,997.6,1007.2
108,서울,2024.8.7 10:00,29.5,0,2.5,74,998,1007.5
108,서울,2024.8.7 11:00,28.3,3.4,1.5,80,997.2,1006.8
108,서울,2024.8.7 12:00,30.1,0,1.2,74,996.8,1006.4
108,서울,2024.8.7 13:00,31.4,,2,70,996.2,1005.7
108,서울,2024.8.7 14:00,32.3,,2.4,62,995.6,1005.1
108,서울,2024.8.7 15:00,33.2,,3.2,59,995.1,1004.5
108,서울,2024.8.7 16:00,33.3,,3,58,994.6,1004
108,서울,2024.8.7 17:00,33.1,,3.5,58,994.4,1003.8
108,서울,2024.8.7 18:00,32.3,,2.9,59,994.3,1003.8
108,서울,2024.8.7 19:00,31.2,,2.5,65,994.4,1003.9
108,서울,2024.8.7 20:00,29.6,,2.9,71,994.8,1004.3
108,서울,2024.8.7 21:00,28.7,,2.5,74,995.2,1004.7
108,서울,2024.8.7 22:00,28.2,,2.2,78,995.4,1005
108,서울,2024.8.7 23:00,27.9,,1.4,79,995.3,1004.9
108,서울,2024.8.8 0:00,27.7,,0.6,80,995.2,1004.8
108,서울,2024.8.8 1:00,27.7,,1.5,80,995.3,1004.9
108,서울,2024.8.8 2:00,27.6,,1.2,81,995,1004.6
108,서울,2024.8.8 3:00,27.6,,1.1,81,994.9,1004.5
108,서울,2024.8.8 4:00,27.4,,1.4,84,994.6,1004.2
108,서울,2024.8.8 5:00,27.3,,0.7,84,994.9,1004.5
108,서울,2024.8.8 6:00,27.1,,0.2,85,995.2,1004.8
108,서울,2024.8.8 7:00,27.3,0,0.7,84,995.4,1005
108,서울,2024.8.8 8:00,27.6,,1.3,84,995.4,1005
108,서울,2024.8.8 9:00,27.4,,2.4,80,995.1,1004.7
108,서울,2024.8.8 10:00,28.8,,0.8,77,994.6,1004.1
108,서울,2024.8.8 11:00,29.2,,1.6,76,994.8,1004.3
108,서울,2024.8.8 12:00,29.6,,2,73,994.9,1004.4
108,서울,2024.8.8 13:00,29.6,0,0.8,74,994.8,1004.3
108,서울,2024.8.8 14:00,29.6,0,2.5,74,994.6,1004.1
108,서울,2024.8.8 15:00,30.2,,2.8,74,994.2,1003.7
108,서울,2024.8.8 16:00,30.8,,2.3,71,993.9,1003.4
108,서울,2024.8.8 17:00,31.4,,2.6,65,993.5,1003
108,서울,2024.8.8 18:00,30.8,,2,66,993.5,1003
108,서울,2024.8.8 19:00,30.3,,1.6,69,993.7,1003.2
108,서울,2024.8.8 20:00,29.1,,2.3,74,994.3,1003.8
108,서울,2024.8.8 21:00,28.2,,2.7,78,995,1004.6
108,서울,2024.8.8 22:00,27.7,,1.8,78,994.9,1004.5
108,서울,2024.8.8 23:00,27.2,,0.7,80,995,1004.6
108,서울,2024.8.9 0:00,26.9,,1,83,994.8,1004.4
108,서울,2024.8.9 1:00,26.6,,0.9,83,994.6,1004.2
108,서울,2024.8.9 2:00,26.4,,0.8,85,995,1004.6
108,서울,2024.8.9 3:00,26.2,,0.8,86,994.8,1004.5
108,서울,2024.8.9 4:00,25.9,,0,86,995,1004.7
108,서울,2024.8.9 5:00,25.6,,1.5,88,995,1004.7
108,서울,2024.8.9 6:00,25.6,,0.1,88,995.4,1005.1
108,서울,2024.8.9 7:00,25.8,,0.3,88,995.4,1005.1
108,서울,2024.8.9 8:00,27.1,,1.8,86,995.2,1004.8
108,서울,2024.8.9 9:00,29.1,,1.5,75,995.2,1004.7
108,서울,2024.8.9 10:00,29.4,,1.5,73,995,1004.5
108,서울,2024.8.9 11:00,29.6,,1,73,994.8,1004.3
108,서울,2024.8.9 12:00,30.5,,1.9,69,994.4,1003.9
108,서울,2024.8.9 13:00,31.7,,1.8,64,994,1003.5
108,서울,2024.8.9 14:00,33.2,,2.5,58,993.6,1003
108,서울,2024.8.9 15:00,32.5,,2.6,57,993.2,1002.6
108,서울,2024.8.9 16:00,32.6,,2.3,59,993,1002.4
108,서울,2024.8.9 17:00,32.6,,2.8,63,993,1002.4
108,서울,2024.8.9 18:00,32.2,,2.7,65,992.9,1002.3
108,서울,2024.8.9 19:00,31.3,,2.4,67,993,1002.5
108,서울,2024.8.9 20:00,30.3,,2.8,71,993.2,1002.7
108,서울,2024.8.9 21:00,29.6,,1.7,73,993.7,1003.2
108,서울,2024.8.9 22:00,29.2,,1.3,75,994,1003.5
108,서울,2024.8.9 23:00,28.8,,1.6,78,993.7,1003.2
108,서울,2024.8.10 0:00,28.4,,2.8,80,993.9,1003.4
108,서울,2024.8.10 1:00,27.9,,0.8,81,993.6,1003.2
108,서울,2024.8.10 2:00,27.6,,0.9,84,993.5,1003.1
108,서울,2024.8.10 3:00,27.3,,0.8,84,993.6,1003.2
108,서울,2024.8.10 4:00,26.9,,1.5,85,993.4,1003
108,서울,2024.8.10 5:00,26.5,,1.7,87,993.7,1003.3
108,서울,2024.8.10 6:00,26.4,,2,87,994.1,1003.7
108,서울,2024.8.10 7:00,26.7,,1.7,86,994.3,1003.9
108,서울,2024.8.10 8:00,27.4,,1.8,84,994.3,1003.9
108,서울,2024.8.10 9:00,28.9,,2.2,79,994.1,1003.6
108,서울,2024.8.10 10:00,30.2,,2.2,73,993.8,1003.3
108,서울,2024.8.10 11:00,31.2,,1.5,71,993.6,1003.1
108,서울,2024.8.10 12:00,32.2,,2.5,63,993,1002.4
108,서울,2024.8.10 13:00,32.8,,1.9,62,992.7,1002.1
108,서울,2024.8.10 14:00,33.1,,2.4,56,992.2,1001.6
108,서울,2024.8.10 15:00,33.2,,2.3,57,992.2,1001.6
108,서울,2024.8.10 16:00,33.3,,2.5,60,992,1001.4
108,서울,2024.8.10 17:00,32.6,,1.9,59,991.9,1001.3
108,서울,2024.8.10 18:00,32.8,,2,57,991.8,1001.2
108,서울,2024.8.10 19:00,32.2,,1.6,59,992,1001.4
108,서울,2024.8.10 20:00,31.1,,1,63,992.2,1001.7
108,서울,2024.8.10 21:00,30.2,,1.2,67,992.8,1002.3
108,서울,2024.8.10 22:00,29.8,,1.1,69,992.8,1002.3
108,서울,2024.8.10 23:00,29.3,,1.2,71,993,1002.5
108,서울,2024.8.11 0:00,29,,0.5,72,992.7,1002.2
108,서울,2024.8.11 1:00,28.8,,0.4,75,992.3,1001.8
108,서울,2024.8.11 2:00,28.7,,0.7,74,992.2,1001.7
108,서울,2024.8.11 3:00,28.7,,1.4,73,992.2,1001.7
108,서울,2024.8.11 4:00,28.5,,1.7,73,992.3,1001.8
108,서울,2024.8.11 5:00,28.1,,1.2,74,992.2,1001.7
108,서울,2024.8.11 6:00,27.8,,1.2,75,992.7,1002.3
108,서울,2024.8.11 7:00,28.2,,1.5,78,992.9,1002.4
108,서울,2024.8.11 8:00,28.9,,2.3,77,993.4,1002.9
108,서울,2024.8.11 9:00,30.2,,2.2,75,993.4,1002.9
108,서울,2024.8.11 10:00,31.1,,2.3,71,993.5,1003
108,서울,2024.8.11 11:00,32.2,,1.6,63,992.9,1002.3
108,서울,2024.8.11 12:00,32.6,,2.1,62,992.7,1002.1
108,서울,2024.8.11 13:00,33.4,,2.9,60,992.3,1001.7
108,서울,2024.8.11 14:00,33.9,,3.3,55,992.2,1001.6
108,서울,2024.8.11 15:00,33.8,,2.2,56,991.8,1001.2
108,서울,2024.8.11 16:00,33.7,,2.3,56,991.6,1001
108,서울,2024.8.11 17:00,33.3,,2.9,56,991.7,1001.1
108,서울,2024.8.11 18:00,32.9,,2.6,58,991.7,1001.1
108,서울,2024.8.11 19:00,32.5,,1.7,60,991.7,1001.1
108,서울,2024.8.11 20:00,31.9,,1.4,62,992.2,1001.6
108,서울,2024.8.11 21:00,31,,1.3,68,992.6,1002.1
108,서울,2024.8.11 22:00,30.4,,1,71,992.8,1002.3
108,서울,2024.8.11 23:00,30,,1.2,73,992.9,1002.4
108,서울,2024.8.12 0:00,29.5,,0.9,75,993,1002.5
108,서울,2024.8.12 1:00,29.3,,1.5,77,993.1,1002.6
108,서울,2024.8.12 2:00,29,,0.7,78,992.9,1002.4
108,서울,2024.8.12 3:00,28.9,,0.3,78,993,1002.5
108,서울,2024.8.12 4:00,28.6,,0.8,80,993.1,1002.6
108,서울,2024.8.12 5:00,28.5,,1.1,80,993.5,1003
108,서울,2024.8.12 6:00,28.3,,1.7,82,994.1,1003.7
108,서울,2024.8.12 7:00,28.4,,1.6,82,994.4,1003.9
108,서울,2024.8.12 8:00,29.3,,1.9,79,994.7,1004.2
108,서울,2024.8.12 9:00,30,,2,76,994.7,1004.2
108,서울,2024.8.12 10:00,30.3,,2.4,72,994.7,1004.2
108,서울,2024.8.12 11:00,32.5,,2.3,64,994.5,1003.9
108,서울,2024.8.12 12:00,32.8,,2.1,63,994.2,1003.6
108,서울,2024.8.12 13:00,32.9,,1.8,63,994,1003.4
108,서울,2024.8.12 14:00,32.9,,2.9,63,994,1003.4
108,서울,2024.8.12 15:00,33.8,,2.5,60,993.8,1003.2
108,서울,2024.8.12 16:00,33.6,,2.3,59,993.8,1003.2
108,서울,2024.8.12 17:00,33.7,,2.2,59,993.6,1003
108,서울,2024.8.12 18:00,33.7,,1.9,60,993.8,1003.2
108,서울,2024.8.12 19:00,32.8,,2.5,63,994.3,1003.7
108,서울,2024.8.12 20:00,31.7,,3.3,68,994.9,1004.4
108,서울,2024.8.12 21:00,31,,3.2,71,995.7,1005.2
108,서울,2024.8.12 22:00,30.5,,2.4,71,995.9,1005.4
108,서울,2024.8.12 23:00,30.2,,2.2,71,996.2,1005.7
108,서울,2024.8.13 0:00,29.9,,1.2,74,996.3,1005.9
108,서울,2024.8.13 1:00,29.4,,1.1,77,996.3,1005.8
108,서울,2024.8.13 2:00,29.2,,0.8,78,996.6,1006.1
108,서울,2024.8.13 3:00,28.8,,1.5,80,996.9,1006.5
108,서울,2024.8.13 4:00,28.5,,1.3,82,997.2,1006.8
108,서울,2024.8.13 5:00,28.2,,0.3,83,997.5,1007.1
108,서울,2024.8.13 6:00,28.2,,0.3,82,997.9,1007.5
108,서울,2024.8.13 7:00,28.2,,1.4,83,998.3,1007.9
108,서울,2024.8.13 8:00,29.6,,2.2,79,998.6,1008.1
108,서울,2024.8.13 9:00,30.5,,2.4,74,998.8,1008.4
108,서울,2024.8.13 10:00,32,,1.7,68,998.7,1008.2
108,서울,2024.8.13 11:00,32.5,,1.8,64,998.3,1007.8
108,서울,2024.8.13 12:00,33.8,,1.2,59,997.9,1007.3
108,서울,2024.8.13 13:00,34.9,,1.9,55,997.3,1006.7
108,서울,2024.8.13 14:00,35.6,,1.8,57,997,1006.4
108,서울,2024.8.13 15:00,36.3,,2.2,51,996.5,1005.9
108,서울,2024.8.13 16:00,35.9,,2.8,53,996.2,1005.6
108,서울,2024.8.13 17:00,34.3,0,2.9,60,996.2,1005.6
108,서울,2024.8.13 18:00,32.1,0,1.5,68,996.4,1005.9
108,서울,2024.8.13 19:00,30.8,0,2,74,996.8,1006.3
108,서울,2024.8.13 20:00,31.2,,3.5,66,997.3,1006.8
108,서울,2024.8.13 21:00,30.8,,1.2,70,997.9,1007.4
108,서울,2024.8.13 22:00,30.4,,1.2,73,998,1007.6
108,서울,2024.8.13 23:00,30.1,,1.4,75,997.9,1007.5
108,서울,2024.8.14 0:00,29.8,,0.6,76,997.9,1007.5
108,서울,2024.8.14 1:00,29.5,,0.6,77,998,1007.5
108,서울,2024.8.14 2:00,29.4,,1,78,998.1,1007.6
108,서울,2024.8.14 3:00,29.4,,1.5,79,998.2,1007.7
108,서울,2024.8.14 4:00,29,,1.8,79,998.1,1007.7
108,서울,2024.8.14 5:00,28.6,,1.6,80,998,1007.6
108,서울,2024.8.14 6:00,28.3,,1.7,81,998.1,1007.7
108,서울,2024.8.14 7:00,28.5,,2.3,80,998.4,1008
108,서울,2024.8.14 8:00,29.7,,1.9,75,998.6,1008.1
108,서울,2024.8.14 9:00,31.1,,2.3,72,998.6,1008.1
108,서울,2024.8.14 10:00,32.2,,2.1,65,998.5,1008
108,서울,2024.8.14 11:00,33.2,,2.2,61,998.2,1007.7
108,서울,2024.8.14 12:00,33.1,,1.6,61,997.8,1007.3
108,서울,2024.8.14 13:00,33.3,,1.3,59,997.3,1006.7
108,서울,2024.8.14 14:00,34.6,,2.3,55,996.7,1006.1
108,서울,2024.8.14 15:00,34.7,,1.1,53,996.4,1005.8
108,서울,2024.8.14 16:00,34,,3.4,63,996.3,1005.7
108,서울,2024.8.14 17:00,30.4,2.8,5.5,73,996.3,1005.8
108,서울,2024.8.14 18:00,28,0.2,4.8,79,996.5,1006.1
108,서울,2024.8.14 19:00,27.9,0,1.2,77,996.7,1006.3
108,서울,2024.8.14 20:00,27.4,,2.6,77,997.3,1006.9
108,서울,2024.8.14 21:00,27.5,,1.9,79,997.8,1007.4
108,서울,2024.8.14 22:00,27.6,,0.6,78,997.8,1007.4
108,서울,2024.8.14 23:00,27.6,,1.1,80,998,1007.6
108,서울,2024.8.15 0:00,27.8,,1.3,80,997.7,1007.3
108,서울,2024.8.15 1:00,27.9,0,0.6,80,997.8,1007.4
108,서울,2024.8.15 2:00,27.7,0.2,0.9,85,997.5,1007.1
108,서울,2024.8.15 3:00,27.3,0.1,2.6,85,997.4,1007
108,서울,2024.8.15 4:00,27.2,,2.5,83,997.5,1007.1
108,서울,2024.8.15 5:00,26.9,,2.2,84,997.8,1007.4
108,서울,2024.8.15 6:00,26.7,,1.8,84,998.1,1007.8
108,서울,2024.8.15 7:00,26.9,,1.8,82,998.3,1008
108,서울,2024.8.15 8:00,27.7,,2.1,79,998.6,1008.2
108,서울,2024.8.15 9:00,29.3,,2.3,73,998.7,1008.3
108,서울,2024.8.15 10:00,30.1,,1.8,69,998.7,1008.3
108,서울,2024.8.15 11:00,31.5,,1.3,61,998.2,1007.7
108,서울,2024.8.15 12:00,32,,1.2,62,997.9,1007.4
108,서울,2024.8.15 13:00,32.5,,0.8,60,997.4,1006.9
108,서울,2024.8.15 14:00,33.9,,1,56,996.8,1006.2
108,서울,2024.8.15 15:00,34.2,,0.8,56,996,1005.4
108,서울,2024.8.15 16:00,34.5,,2.3,54,995.9,1005.3
108,서울,2024.8.15 17:00,28.2,6.1,4.4,78,996.2,1005.8
108,서울,2024.8.15 18:00,28.6,0,1.8,78,996.3,1005.9
108,서울,2024.8.15 19:00,28.5,,1.5,80,996.6,1006.2
108,서울,2024.8.15 20:00,28.1,,2.3,80,997,1006.6
108,서울,2024.8.15 21:00,28.1,,1.2,80,997.5,1007.1
108,서울,2024.8.15 22:00,28.1,,1.1,80,997.7,1007.3
108,서울,2024.8.15 23:00,27.9,,1.4,77,997.8,1007.4
108,서울,2024.8.16 0:00,27.5,,1.4,79,997.8,1007.4
108,서울,2024.8.16 1:00,27.4,,1.5,81,997.9,1007.5
108,서울,2024.8.16 2:00,27.1,,2.3,83,997.8,1007.4
108,서울,2024.8.16 3:00,27.2,,1.9,82,998,1007.6
108,서울,2024.8.16 4:00,26.9,,1.8,82,998.2,1007.9
108,서울,2024.8.16 5:00,26.8,,1.4,83,998.2,1007.9
108,서울,2024.8.16 6:00,26.8,,2,80,998.8,1008.5
108,서울,2024.8.16 7:00,27,,1.2,79,999,1008.7
108,서울,2024.8.16 8:00,28.4,,1.9,77,999.2,1008.8
108,서울,2024.8.16 9:00,29.4,,2,71,999.3,1008.9
108,서울,2024.8.16 10:00,30.7,,1.5,66,999.5,1009.1
108,서울,2024.8.16 11:00,31.9,,3.4,61,999.1,1008.6
108,서울,2024.8.16 12:00,31.7,,2.6,61,998.7,1008.2
108,서울,2024.8.16 13:00,33.1,,1.6,59,998.1,1007.6
108,서울,2024.8.16 14:00,33.9,,1.9,53,997.7,1007.1
108,서울,2024.8.16 15:00,33.5,,1.7,54,997.3,1006.7
108,서울,2024.8.16 16:00,33.5,0,3.3,55,997,1006.4
108,서울,2024.8.16 17:00,33.5,,1.8,57,996.9,1006.3
108,서울,2024.8.16 18:00,32.4,,2.3,62,997.1,1006.6
108,서울,2024.8.16 19:00,30.9,,2.5,68,997.8,1007.3
108,서울,2024.8.16 20:00,30.1,,1.8,70,998.5,1008.1
108,서울,2024.8.16 21:00,29,,4.8,70,998.9,1008.5
108,서울,2024.8.16 22:00,28.9,,0.6,74,999.2,1008.8
108,서울,2024.8.16 23:00,28.6,,2.5,74,999.5,1009.1
108,서울,2024.8.17 0:00,28.4,,2,75,999.6,1009.2
108,서울,2024.8.17 1:00,28.1,,0.9,77,999.5,1009.1
108,서울,2024.8.17 2:00,28.1,,2.3,78,999.8,1009.4
108,서울,2024.8.17 3:00,28.2,,1,76,999.8,1009.4
108,서울,2024.8.17 4:00,28.1,,1.4,76,1000.1,1009.7
108,서울,2024.8.17 5:00,27.6,,1.8,78,1000.6,1010.2
108,서울,2024.8.17 6:00,27.2,,1.6,79,1000.7,1010.4
108,서울,2024.8.17 7:00,27.3,,1.6,79,1000.7,1010.4
108,서울,2024.8.17 8:00,28.7,,1,77,1001.1,1010.7
108,서울,2024.8.17 9:00,30,,1.4,69,1001.1,1010.7
108,서울,2024.8.17 10:00,31.1,,1.8,63,1001.2,1010.8
108,서울,2024.8.17 11:00,32.2,,1.5,59,1000.7,1010.2
108,서울,2024.8.17 12:00,32.6,,1.6,57,1000.2,1009.7
108,서울,2024.8.17 13:00,32.8,,1.6,58,999.8,1009.3
108,서울,2024.8.17 14:00,33,0,1.1,57,999.3,1008.8
108,서울,2024.8.17 15:00,33.7,0,1.5,54,998.9,1008.3
108,서울,2024.8.17 16:00,33.6,,2.4,55,998.3,1007.7
108,서울,2024.8.17 17:00,32.2,,3.2,68,998.7,1008.2
108,서울,2024.8.17 18:00,31.4,0,2.2,69,999,1008.5
108,서울,2024.8.17 19:00,27.4,11,2.6,82,998.8,1008.4
108,서울,2024.8.17 20:00,27.5,,1.5,79,999.6,1009.2
108,서울,2024.8.17 21:00,27.6,,0.1,81,1000.1,1009.7
108,서울,2024.8.17 22:00,27.5,,1.5,83,1000,1009.6
108,서울,2024.8.17 23:00,27.5,,1.2,85,1000.5,1010.1
108,서울,2024.8.18 0:00,27.3,,1.5,83,1000.4,1010.1
108,서울,2024.8.18 1:00,27.3,,1.2,84,1000.3,1010
108,서울,2024.8.18 2:00,27.2,,2.3,85,1000.6,1010.3
108,서울,2024.8.18 3:00,27.1,,2.1,84,1000.4,1010.1
108,서울,2024.8.18 4:00,27.1,0,1.6,83,1000.4,1010.1
108,서울,2024.8.18 5:00,27.1,,2.2,83,1000.3,1010
108,서울,2024.8.18 6:00,27,,2.2,84,1000.3,1010
108,서울,2024.8.18 7:00,27.3,,2.4,83,1000.6,1010.3
108,서울,2024.8.18 8:00,27.7,,1.2,82,1000.7,1010.3
108,서울,2024.8.18 9:00,29.5,,2,73,1000.2,1009.8
108,서울,2024.8.18 10:00,30.2,,2.9,69,1000.3,1009.9
108,서울,2024.8.18 11:00,32,,2.2,63,999.9,1009.4
108,서울,2024.8.18 12:00,32.4,,1.8,61,999.3,1008.8
108,서울,2024.8.18 13:00,33.6,,2.1,56,998.8,1008.3
108,서울,2024.8.18 14:00,33.1,,3,62,998.3,1007.8
108,서울,2024.8.18 15:00,31.8,0,3.8,66,998,1007.5
108,서울,2024.8.18 16:00,31.3,0,2.7,73,997.6,1007.1
108,서울,2024.8.18 17:00,31.5,,2.5,66,997.5,1007
108,서울,2024.8.18 18:00,30.8,,2.3,71,997.4,1006.9
108,서울,2024.8.18 19:00,30.5,,1.9,71,997.8,1007.3
108,서울,2024.8.18 20:00,30.2,,1,73,998.4,1008
108,서울,2024.8.18 21:00,29.3,,2,70,999,1008.6
108,서울,2024.8.18 22:00,28.4,,1.2,77,998.9,1008.5
108,서울,2024.8.18 23:00,28.1,,1.6,78,999,1008.6
108,서울,2024.8.19 0:00,27.8,,1.6,81,999.1,1008.7
108,서울,2024.8.19 1:00,27.6,,1.4,82,998.9,1008.5
108,서울,2024.8.19 2:00,27.5,,0.7,82,998.8,1008.4
108,서울,2024.8.19 3:00,27.3,,1.4,83,998.6,1008.2
108,서울,2024.8.19 4:00,27,,2.1,86,998.2,1007.8
108,서울,2024.8.19 5:00,26.7,,1.4,86,998.2,1007.9
108,서울,2024.8.19 6:00,26.4,,2.1,87,998.3,1008
108,서울,2024.8.19 7:00,26.7,,2,88,998.8,1008.5
108,서울,2024.8.19 8:00,28.2,,2.3,83,998.6,1008.2
108,서울,2024.8.19 9:00,29.5,,2.6,76,998.7,1008.2
108,서울,2024.8.19 10:00,30.8,,1.5,68,998.8,1008.3
108,서울,2024.8.19 11:00,32.3,,1.9,64,998.6,1008.1
108,서울,2024.8.19 12:00,33.5,,2.4,57,997.9,1007.3
108,서울,2024.8.19 13:00,34.6,,2.6,53,997.4,1006.8
108,서울,2024.8.19 14:00,35.2,,2.5,49,997,1006.4
108,서울,2024.8.19 15:00,34.4,,2.9,49,996.4,1005.8
108,서울,2024.8.19 16:00,34.4,,3.5,48,996.2,1005.6
108,서울,2024.8.19 17:00,33.6,,2.4,58,996.1,1005.5
108,서울,2024.8.19 18:00,30.8,0,5,62,996.9,1006.4
108,서울,2024.8.19 19:00,27.8,2.3,0.9,81,997.3,1006.9
108,서울,2024.8.19 20:00,27.7,,2.2,84,997.8,1007.4
108,서울,2024.8.19 21:00,27.9,,0.9,82,998.3,1007.9
108,서울,2024.8.19 22:00,27.9,,0.9,82,998.8,1008.4
108,서울,2024.8.19 23:00,27.9,,0.9,80,999.1,1008.7
108,서울,2024.8.20 0:00,27.6,,0.4,82,999.1,1008.7
108,서울,2024.8.20 1:00,27.5,,0.4,83,999.2,1008.8
108,서울,2024.8.20 2:00,27.3,,1.7,82,999.2,1008.8
108,서울,2024.8.20 3:00,27.2,,1.6,84,999.2,1008.8
108,서울,2024.8.20 4:00,27,,1.8,85,999.2,1008.9
108,서울,2024.8.20 5:00,27.1,,2.4,86,999.3,1009
108,서울,2024.8.20 6:00,27,,2.5,83,999.2,1008.9
108,서울,2024.8.20 7:00,27.4,,2.5,82,998.9,1008.5
108,서울,2024.8.20 8:00,29.1,,2.2,76,999,1008.6
108,서울,2024.8.20 9:00,30.4,,2.4,72,999.7,1009.3
108,서울,2024.8.20 10:00,31.6,,2.5,67,999.9,1009.4
108,서울,2024.8.20 11:00,32.8,,3.1,63,999.5,1009
108,서울,2024.8.20 12:00,33.6,,2.5,60,999,1008.5
108,서울,2024.8.20 13:00,34.1,,1.8,58,998.4,1007.8
108,서울,2024.8.20 14:00,35,,2.3,56,998.1,1007.5
108,서울,2024.8.20 15:00,35.1,,2,55,997.8,1007.2
108,서울,2024.8.20 16:00,35.1,,2.5,55,997.4,1006.8
108,서울,2024.8.20 17:00,34.9,,1.8,56,997.3,1006.7
108,서울,2024.8.20 18:00,34.3,,2.8,56,997.1,1006.5
108,서울,2024.8.20 19:00,33.5,,2.8,60,996.9,1006.3
108,서울,2024.8.20 20:00,32.9,,3,62,997.7,1007.2
108,서울,2024.8.20 21:00,32.5,0,2.4,64,998.6,1008.1
108,서울,2024.8.20 22:00,31.7,0,3.4,69,998.6,1008.1
108,서울,2024.8.20 23:00,31.2,,2.8,71,998.5,1008
108,서울,2024.8.21 0:00,30.8,,2.3,72,998.3,1007.8
108,서울,2024.8.21 1:00,30.6,0,2.3,73,998.1,1007.6
108,서울,2024.8.21 2:00,28.8,1.7,2.2,83,998.4,1008
108,서울,2024.8.21 3:00,28.1,5.1,2.4,89,997.4,1007
108,서울,2024.8.21 4:00,27.5,0.4,4.8,90,996.7,1006.3
108,서울,2024.8.21 5:00,27.3,0.1,2.4,91,996.3,1005.9
108,서울,2024.8.21 6:00,27.1,6.4,2.6,93,996,1005.6
108,서울,2024.8.21 7:00,26.9,4.9,2.4,93,996.1,1005.7
108,서울,2024.8.21 8:00,27.1,8.1,3,94,996.5,1006.1
108,서울,2024.8.21 9:00,27,13.3,3,94,996.9,1006.5
108,서울,2024.8.21 10:00,27.2,1.1,3.8,93,997.2,1006.8
108,서울,2024.8.21 11:00,27.4,0.7,3.7,91,997.8,1007.4
108,서울,2024.8.21 12:00,27.9,0.3,3.2,91,997.6,1007.2
108,서울,2024.8.21 13:00,27.9,0.1,3.1,88,997.5,1007.1
108,서울,2024.8.21 14:00,28.3,0,3.5,85,997,1006.6
108,서울,2024.8.21 15:00,29.1,0,4,83,997,1006.5
108,서울,2024.8.21 16:00,29.6,,4.9,79,996.3,1005.8
108,서울,2024.8.21 17:00,29.7,,2.7,79,996.2,1005.7
108,서울,2024.8.21 18:00,29.7,,2.5,80,995.9,1005.4
108,서울,2024.8.21 19:00,29.8,,4,78,995.8,1005.4
108,서울,2024.8.21 20:00,29.6,,2.4,80,996.5,1006
108,서울,2024.8.21 21:00,29.5,,3.8,78,997.1,1006.6
108,서울,2024.8.21 22:00,29.2,,3.4,78,997.6,1007.1
108,서울,2024.8.21 23:00,29,,4.2,78,997.5,1007.1
108,서울,2024.8.22 0:00,28.9,,3.2,79,997.6,1007.2
108,서울,2024.8.22 1:00,28.7,,3.4,81,997.3,1006.9
108,서울,2024.8.22 2:00,28.6,,2.8,81,996.5,1006.1
108,서울,2024.8.22 3:00,28.4,,2.6,81,996.3,1005.9
108,서울,2024.8.22 4:00,28.3,,1.7,82,995.8,1005.4
108,서울,2024.8.22 5:00,28.2,,1.4,82,995.2,1004.8
108,서울,2024.8.22 6:00,28.1,,2.3,84,995,1004.6
108,서울,2024.8.22 7:00,28.1,,1.4,83,994.8,1004.4
108,서울,2024.8.22 8:00,29.2,,1.7,78,994.8,1004.3
108,서울,2024.8.22 9:00,29.9,,2.9,74,993.9,1003.4
108,서울,2024.8.22 10:00,30.2,,3.5,72,993.7,1003.2
108,서울,2024.8.22 11:00,29.8,0,3.6,74,993.1,1002.6
108,서울,2024.8.22 12:00,30.2,,4.6,74,992.7,1002.2
108,서울,2024.8.22 13:00,30.3,0,4,73,991.9,1001.4
108,서울,2024.8.22 14:00,30.2,0,4.2,74,991.3,1000.8
108,서울,2024.8.22 15:00,29.5,0,5.9,80,991.5,1001
108,서울,2024.8.22 16:00,29,0.4,5.8,80,991.4,1000.9
108,서울,2024.8.22 17:00,28.5,0.1,4.4,83,991.8,1001.3
108,서울,2024.8.22 18:00,28.5,,4,80,992,1001.5
108,서울,2024.8.22 19:00,27.9,0.1,5.7,83,992.5,1002.1
108,서울,2024.8.22 20:00,27.7,,3,81,993.6,1003.2
108,서울,2024.8.22 21:00,27.3,0,3,83,994.8,1004.4
108,서울,2024.8.22 22:00,27.2,,3,81,995.4,1005
108,서울,2024.8.22 23:00,27.1,,2.3,81,995.9,1005.5
108,서울,2024.8.23 0:00,27.1,,2.6,83,996.3,1005.9
108,서울,2024.8.23 1:00,27.1,,3.7,82,996.5,1006.1
108,서울,2024.8.23 2:00,27,,4.9,82,996.4,1006
108,서울,2024.8.23 3:00,26.7,,2.3,82,996.7,1006.3
108,서울,2024.8.23 4:00,26.7,,2.5,83,996.7,1006.3
108,서울,2024.8.23 5:00,26.5,,2.5,86,996.6,1006.3
108,서울,2024.8.23 6:00,26.4,,3.5,86,996.9,1006.6
108,서울,2024.8.23 7:00,26.4,0,3.3,87,997.4,1007.1
108,서울,2024.8.23 8:00,26.4,0,3.1,87,997.8,1007.5
108,서울,2024.8.23 9:00,27,,2.7,82,998.2,1007.8
108,서울,2024.8.23 10:00,28.3,,3,74,998.5,1008.1
108,서울,2024.8.23 11:00,29.4,,2.9,70,998.3,1007.8
108,서울,2024.8.23 12:00,30.3,,2.3,66,997.9,1007.5
108,서울,2024.8.23 13:00,30.7,,2.6,65,997.9,1007.4
108,서울,2024.8.23 14:00,31,,3,64,997.6,1007.1
108,서울,2024.8.23 15:00,31.3,,3.1,61,997.1,1006.6
108,서울,2024.8.23 16:00,31.8,,3.4,62,996.9,1006.4
108,서울,2024.8.23 17:00,31.6,,3.3,61,996.8,1006.3
108,서울,2024.8.23 18:00,30.7,,3.4,61,997,1006.5
108,서울,2024.8.23 19:00,29.6,,3.2,65,997.6,1007.1
108,서울,2024.8.23 20:00,28.7,,3.5,70,998,1007.6
108,서울,2024.8.23 21:00,28,,2.2,71,998.7,1008.3
108,서울,2024.8.23 22:00,27.6,,1.5,75,999.1,1008.7
108,서울,2024.8.23 23:00,27.2,,1.8,77,999.6,1009.3
108,서울,2024.8.24 0:00,27,,1.4,79,999.7,1009.4
108,서울,2024.8.24 1:00,26.6,,0.4,81,999.7,1009.4
108,서울,2024.8.24 2:00,26.2,,1,83,999.9,1009.6
108,서울,2024.8.24 3:00,25.9,,1,83,1000.1,1009.8
108,서울,2024.8.24 4:00,25.7,,0.7,85,1000,1009.7
108,서울,2024.8.24 5:00,25.5,,0.9,87,1000,1009.7
108,서울,2024.8.24 6:00,25.2,,1.5,87,1000.6,1010.4
108,서울,2024.8.24 7:00,25.3,,0.9,88,1000.9,1010.7
108,서울,2024.8.24 8:00,26.2,,1.5,87,1001,1010.7
108,서울,2024.8.24 9:00,27.7,,0.9,81,1001.1,1010.7
108,서울,2024.8.24 10:00,29.2,,1.3,76,1001.1,1010.7
108,서울,2024.8.24 11:00,30.1,,1.8,68,1001,1010.6
108,서울,2024.8.24 12:00,29,0.7,2.9,76,1000.6,1010.2
108,서울,2024.8.24 13:00,28.1,0.8,0.3,73,1000.3,1009.9
108,서울,2024.8.24 14:00,28.1,0,2.6,78,1000.3,1009.9
108,서울,2024.8.24 15:00,29.1,0.5,0.3,78,999.4,1009
108,서울,2024.8.24 16:00,30.1,,0.5,75,999,1008.6
108,서울,2024.8.24 17:00,30.4,,2.4,68,998.6,1008.2
108,서울,2024.8.24 18:00,29.8,0,2.3,72,998.5,1008.1
108,서울,2024.8.24 19:00,29.3,0,2.7,75,998.6,1008.2
108,서울,2024.8.24 20:00,28.3,,2.7,72,999,1008.6
108,서울,2024.8.24 21:00,27.8,,1.5,73,999.6,1009.2
108,서울,2024.8.24 22:00,27.3,,1,75,999.7,1009.3
108,서울,2024.8.24 23:00,26.8,,0.4,76,999.7,1009.4
108,서울,2024.8.25 0:00,26.5,,0.7,80,999.7,1009.4
108,서울,2024.8.25 1:00,26.1,,0,80,999.8,1009.5
108,서울,2024.8.25 2:00,25.9,,0.3,83,999.9,1009.6
108,서울,2024.8.25 3:00,25.7,,1.1,83,999.8,1009.5
108,서울,2024.8.25 4:00,25.5,,1,86,999.7,1009.4
108,서울,2024.8.25 5:00,25.2,,1.4,88,999.2,1008.9
108,서울,2024.8.25 6:00,25,,1.7,90,999.6,1009.4
108,서울,2024.8.25 7:00,25.1,,1.6,90,1000.1,1009.9
108,서울,2024.8.25 8:00,26.1,,1.5,89,1000.2,1009.9
108,서울,2024.8.25 9:00,27.4,,1.5,84,1000.1,1009.7
108,서울,2024.8.25 10:00,28.5,,1.2,77,1000,1009.6
108,서울,2024.8.25 11:00,29.4,,0.7,74,999.8,1009.4
108,서울,2024.8.25 12:00,30.7,,1.5,69,999.2,1008.8
108,서울,2024.8.25 13:00,31.5,,1.5,64,998.7,1008.2
108,서울,2024.8.25 14:00,31.5,,2.1,62,998.3,1007.8
108,서울,2024.8.25 15:00,31.7,,1.3,64,997.6,1007.1
108,서울,2024.8.25 16:00,32.6,,2.5,60,997.2,1006.7
108,서울,2024.8.25 17:00,31.8,,3.6,63,997.5,1007
108,서울,2024.8.25 18:00,30.9,,1.4,68,997.4,1006.9
108,서울,2024.8.25 19:00,30.2,,1.1,69,997.4,1007
108,서울,2024.8.25 20:00,29.5,,1.1,74,997.8,1007.3
108,서울,2024.8.25 21:00,28.8,,2.7,74,998.4,1008
108,서울,2024.8.25 22:00,28.3,,2.6,78,998.5,1008.1
108,서울,2024.8.25 23:00,27.9,,0.9,81,998.4,1008
108,서울,2024.8.26 0:00,27.6,,0.2,81,998,1007.6
108,서울,2024.8.26 1:00,27.1,,0.3,81,997.6,1007.2
108,서울,2024.8.26 2:00,26.8,,1,83,997.5,1007.2
108,서울,2024.8.26 3:00,26.6,,0.6,83,997.4,1007.1
108,서울,2024.8.26 4:00,26.3,,1.3,85,997.3,1007
108,서울,2024.8.26 5:00,26,,1.9,87,997.2,1006.9
108,서울,2024.8.26 6:00,25.7,,1.8,88,997.4,1007.1
108,서울,2024.8.26 7:00,25.7,,1.8,88,997.7,1007.4
108,서울,2024.8.26 8:00,26.7,,1.4,86,997.8,1007.5
108,서울,2024.8.26 9:00,27.2,,2,83,997.8,1007.4
108,서울,2024.8.26 10:00,27.8,,2.6,81,998.1,1007.7
108,서울,2024.8.26 11:00,29.1,,2,75,997.9,1007.5
108,서울,2024.8.26 12:00,29.7,,0.8,71,997.2,1006.7
108,서울,2024.8.26 13:00,29.9,,1.9,72,996.4,1006
108,서울,2024.8.26 14:00,29.7,,1.9,70,995.9,1005.4
108,서울,2024.8.26 15:00,30.5,,1.4,69,995.7,1005.2
108,서울,2024.8.26 16:00,30.4,,1.2,68,996,1005.5
108,서울,2024.8.26 17:00,29.5,0,2.8,74,995.9,1005.4
108,서울,2024.8.26 18:00,29.3,,1.6,74,995.7,1005.2
108,서울,2024.8.26 19:00,28.3,,1,62,995.9,1005.5
108,서울,2024.8.26 20:00,28.1,,0.8,70,996.3,1005.9
108,서울,2024.8.26 21:00,28.1,,0.7,76,996.5,1006.1
108,서울,2024.8.26 22:00,27.7,,1.7,75,996.4,1006
108,서울,2024.8.26 23:00,27.5,,0.4,77,996.1,1005.7
108,서울,2024.8.27 0:00,27.3,,1.2,78,996.1,1005.7
108,서울,2024.8.27 1:00,27,,0.8,79,996,1005.6
108,서울,2024.8.27 2:00,26.8,0,0.4,80,995.6,1005.2
108,서울,2024.8.27 3:00,26.5,0,1.4,80,995.2,1004.8
108,서울,2024.8.27 4:00,26.1,0,1.8,81,995.2,1004.9
108,서울,2024.8.27 5:00,25.9,,1.1,78,995.2,1004.9
108,서울,2024.8.27 6:00,25.5,,1.4,74,995.7,1005.4
108,서울,2024.8.27 7:00,25.3,0,1.8,73,996.1,1005.8
108,서울,2024.8.27 8:00,25.2,0,1,69,996.7,1006.4
108,서울,2024.8.27 9:00,25,0,2.7,78,997.2,1006.9
108,서울,2024.8.27 10:00,24.7,0.3,0.9,73,997.8,1007.5
108,서울,2024.8.27 11:00,25.2,,1.8,72,997.3,1007
108,서울,2024.8.27 12:00,25.6,,2.7,72,996.8,1006.5
108,서울,2024.8.27 13:00,26,,2.6,65,996.9,1006.6
108,서울,2024.8.27 14:00,27.4,,2.1,64,996,1005.6
108,서울,2024.8.27 15:00,28.2,,2.9,61,995.6,1005.2
108,서울,2024.8.27 16:00,29.4,,2.2,58,995.5,1005
108,서울,2024.8.27 17:00,30.1,,2.9,53,995.6,1005.1
108,서울,2024.8.27 18:00,29.6,,2.2,55,996,1005.5
108,서울,2024.8.27 19:00,28.4,,2.5,59,996.5,1006.1
108,서울,2024.8.27 20:00,27.1,,2.1,62,997.2,1006.8
108,서울,2024.8.27 21:00,26.3,,2,66,998.1,1007.8
108,서울,2024.8.27 22:00,25.8,,1.9,67,998.4,1008.1
108,서울,2024.8.27 23:00,25.4,,2.2,71,998.5,1008.2
108,서울,2024.8.28 0:00,25,,2.6,72,998.4,1008.1
108,서울,2024.8.28 1:00,24.7,,2.8,74,998.4,1008.1
108,서울,2024.8.28 2:00,24.5,,3.1,74,998.3,1008
108,서울,2024.8.28 3:00,24.1,,2.6,75,998.3,1008
108,서울,2024.8.28 4:00,23.7,,2.6,75,998.3,1008
108,서울,2024.8.28 5:00,23.3,,2.2,76,998.5,1008.2
108,서울,2024.8.28 6:00,23,,2,77,998.9,1008.7
108,서울,2024.8.28 7:00,23.2,,2.8,76,999.2,1009
108,서울,2024.8.28 8:00,25.4,,3.9,69,999.5,1009.2
108,서울,2024.8.28 9:00,27,,3.6,66,999.8,1009.5
108,서울,2024.8.28 10:00,28.7,,3.6,60,999.9,1009.5
108,서울,2024.8.28 11:00,29.9,,3.5,56,999.5,1009.1
108,서울,2024.8.28 12:00,30.7,,3.2,54,999,1008.6
108,서울,2024.8.28 13:00,31.6,,2.9,54,998.5,1008
108,서울,2024.8.28 14:00,32.5,,2,51,997.8,1007.3
108,서울,2024.8.28 15:00,32.5,,2.2,50,997.2,1006.7
108,서울,2024.8.28 16:00,32.8,,2.6,46,997,1006.5
108,서울,2024.8.28 17:00,32.5,,2.1,48,997,1006.5
108,서울,2024.8.28 18:00,32,,3.3,52,997.1,1006.6
108,서울,2024.8.28 19:00,30.9,,2.6,53,997.4,1006.9
108,서울,2024.8.28 20:00,30,,2.9,56,997.7,1007.3
108,서울,2024.8.28 21:00,29.3,,3,59,998.2,1007.7
108,서울,2024.8.28 22:00,28.5,,3.4,61,998.6,1008.2
108,서울,2024.8.28 23:00,27.7,,3.1,63,998.4,1008
108,서울,2024.8.29 0:00,26.9,,3.2,64,998.3,1008
108,서울,2024.8.29 1:00,26.4,,3.3,64,998.3,1008
108,서울,2024.8.29 2:00,25.8,,3.3,65,998.1,1007.8
108,서울,2024.8.29 3:00,25.2,,2.7,67,998.2,1007.9
108,서울,2024.8.29 4:00,24.5,,2.5,70,998.2,1007.9
108,서울,2024.8.29 5:00,24.1,,2,71,998.2,1007.9
108,서울,2024.8.29 6:00,23.6,,2.1,72,998.4,1008.1
108,서울,2024.8.29 7:00,23.7,,2.7,74,998.7,1008.4
108,서울,2024.8.29 8:00,25.6,,2.9,66,998.6,1008.3
108,서울,2024.8.29 9:00,27.2,,2.8,61,998.5,1008.1
108,서울,2024.8.29 10:00,28.8,,3.4,57,998.4,1008
108,서울,2024.8.29 11:00,30.3,,3,56,997.7,1007.3
108,서울,2024.8.29 12:00,31.4,,2.8,54,997.2,1006.7
108,서울,2024.8.29 13:00,32.6,,2.9,53,996.4,1005.9
108,서울,2024.8.29 14:00,33,,3.8,51,995.8,1005.2
108,서울,2024.8.29 15:00,33.3,,3.3,52,995.4,1004.8
108,서울,2024.8.29 16:00,33.2,,3.5,50,995.1,1004.5
108,서울,2024.8.29 17:00,32.8,,3.3,51,995.1,1004.5
108,서울,2024.8.29 18:00,31.7,,3.6,55,995.4,1004.9
108,서울,2024.8.29 19:00,30.2,,3.7,57,995.7,1005.2
108,서울,2024.8.29 20:00,29.1,,3.4,61,995.9,1005.4
108,서울,2024.8.29 21:00,28,,4.8,62,996.2,1005.8
108,서울,2024.8.29 22:00,27.6,,2.6,63,996.4,1006
108,서울,2024.8.29 23:00,27.1,,3,64,996.2,1005.8
108,서울,2024.8.30 0:00,26.7,,2.6,65,996,1005.6
108,서울,2024.8.30 1:00,25.9,,1.7,68,995.8,1005.5
108,서울,2024.8.30 2:00,25.4,,0.8,69,995.7,1005.4
108,서울,2024.8.30 3:00,25,,1,70,995.6,1005.3
108,서울,2024.8.30 4:00,24.7,,0.3,73,995.6,1005.2
108,서울,2024.8.30 5:00,24.1,,2.2,74,995.6,1005.3
108,서울,2024.8.30 6:00,23.8,,1.1,74,995.7,1005.4
108,서울,2024.8.30 7:00,23.8,,2.2,75,996.2,1005.9
108,서울,2024.8.30 8:00,25.6,,2.2,71,996.1,1005.8
108,서울,2024.8.30 9:00,27.5,,2.2,66,996.2,1005.8
108,서울,2024.8.30 10:00,29.3,,1.2,63,996.3,1005.8
108,서울,2024.8.30 11:00,30.3,,3.7,59,995.9,1005.4
108,서울,2024.8.30 12:00,31,,3.8,55,995.3,1004.8
108,서울,2024.8.30 13:00,32,,2.7,54,994.8,1004.3
108,서울,2024.8.30 14:00,32.7,,2.4,52,994.2,1003.6
108,서울,2024.8.30 15:00,32.4,,2.8,51,993.9,1003.3
108,서울,2024.8.30 16:00,32.3,,3.6,49,993.8,1003.2
108,서울,2024.8.30 17:00,32.3,,3.5,47,993.6,1003
108,서울,2024.8.30 18:00,31.4,,3.2,50,993.6,1003.1
108,서울,2024.8.30 19:00,29.6,,3.1,65,994.1,1003.6
108,서울,2024.8.30 20:00,28.1,,3.1,70,994.5,1004.1
108,서울,2024.8.30 21:00,27.2,,3,71,994.8,1004.4
108,서울,2024.8.30 22:00,26.8,,2,73,995.1,1004.7
108,서울,2024.8.30 23:00,26.5,,2.1,73,995.4,1005
108,서울,2024.8.31 0:00,26,,3.1,75,995.3,1005
108,서울,2024.8.31 1:00,25.2,,2.9,76,995.3,1005
108,서울,2024.8.31 2:00,24.7,,2.3,77,995.3,1004.9
108,서울,2024.8.31 3:00,24,,1.9,79,995.5,1005.2
108,서울,2024.8.31 4:00,23.5,,2.4,81,995.6,1005.3
108,서울,2024.8.31 5:00,23.2,,1.8,81,995.9,1005.6
108,서울,2024.8.31 6:00,22.8,,0.6,81,996.4,1006.1
108,서울,2024.8.31 7:00,22.8,,2.2,81,997,1006.8
108,서울,2024.8.31 8:00,23.9,,1.4,77,997.4,1007.1
108,서울,2024.8.31 9:00,25.8,,1.3,74,997.2,1006.9
108,서울,2024.8.31 10:00,27.3,,1.8,65,997.4,1007
108,서울,2024.8.31 11:00,28.8,,1.2,61,997.4,1007
108,서울,2024.8.31 12:00,30.4,,1.5,59,996.7,1006.2
108,서울,2024.8.31 13:00,31.5,,2.4,57,996.2,1005.7
108,서울,2024.8.31 14:00,32.2,,2.6,49,995.7,1005.2
108,서울,2024.8.31 15:00,32.5,,2.8,45,995.2,1004.7
108,서울,2024.8.31 16:00,32.9,,2.5,41,995.2,1004.6
108,서울,2024.8.31 17:00,32.7,,2.4,43,995.1,1004.5
108,서울,2024.8.31 18:00,31.3,,3.4,50,995.5,1005
108,서울,2024.8.31 19:00,29.7,,2.5,53,995.7,1005.2
108,서울,2024.8.31 20:00,28.8,,2.2,56,996.3,1005.8
108,서울,2024.8.31 21:00,27.9,,1.4,66,996.8,1006.4
108,서울,2024.8.31 22:00,27.4,,0.3,72,996.8,1006.4
108,서울,2024.8.31 23:00,26.7,,1.6,70,997.2,1006.9
108,서울,2024.9.1 0:00,26.3,,1.5,71,997.3,1007
108,서울,2024.9.1 1:00,25.7,,1.3,74,997.2,1006.9
108,서울,2024.9.1 2:00,25.3,,0.5,77,997.2,1006.9
108,서울,2024.9.1 3:00,25.1,,0.7,81,997.4,1007.1
108,서울,2024.9.1 4:00,24.8,,0.2,79,997.4,1007.1
108,서울,2024.9.1 5:00,24.7,,1.4,82,997.4,1007.1
108,서울,2024.9.1 6:00,24.6,,1,80,997.4,1007.1
108,서울,2024.9.1 7:00,24.7,,1.3,80,997.5,1007.2
108,서울,2024.9.1 8:00,25.3,,1.3,81,997.7,1007.4
108,서울,2024.9.1 9:00,26.3,,2.3,77,997.6,1007.3
108,서울,2024.9.1 10:00,27.9,,3,70,997.7,1007.3
108,서울,2024.9.1 11:00,28.5,,3.1,62,997.9,1007.5
108,서울,2024.9.1 12:00,29.2,,3.4,54,997.6,1007.1
108,서울,2024.9.1 13:00,30.7,,3.3,51,997.2,1006.7
108,서울,2024.9.1 14:00,30.9,,2.9,48,996.8,1006.3
108,서울,2024.9.1 15:00,31.5,,2.6,44,996.3,1005.8
108,서울,2024.9.1 16:00,30.9,,3.1,41,996.1,1005.6
108,서울,2024.9.1 17:00,29.7,,3,44,996,1005.5
108,서울,2024.9.1 18:00,28.5,,2.4,55,995.9,1005.5
108,서울,2024.9.1 19:00,27.5,,2.5,51,995.9,1005.5
108,서울,2024.9.1 20:00,27,,2.8,53,996.9,1006.5
108,서울,2024.9.1 21:00,26.3,,2.2,62,997.4,1007.1
108,서울,2024.9.1 22:00,25.9,,1.1,63,997.3,1007
108,서울,2024.9.1 23:00,25.5,,0.5,65,997.4,1007.1
108,서울,2024.9.2 0:00,24.9,,1,66,997.3,1007
108,서울,2024.9.2 1:00,24.5,,1.6,67,997.2,1006.9
108,서울,2024.9.2 2:00,24.4,,1.4,68,997.6,1007.3
108,서울,2024.9.2 3:00,24.3,0,0.8,68,997.5,1007.2
108,서울,2024.9.2 4:00,23.9,0,2.1,69,997,1006.7
108,서울,2024.9.2 5:00,23.5,0.4,2,77,997.3,1007
108,서울,2024.9.2 6:00,22.6,1.9,2.8,88,997.4,1007.2
108,서울,2024.9.2 7:00,22.3,0.4,2.3,86,997.9,1007.7
108,서울,2024.9.2 8:00,22.5,,1.9,84,997.9,1007.7
108,서울,2024.9.2 9:00,22.8,0,1.2,75,998.9,1008.7
108,서울,2024.9.2 10:00,23.3,0,1.5,69,999.5,1009.3
108,서울,2024.9.2 11:00,23.8,0,3.3,79,999.7,1009.4
108,서울,2024.9.2 12:00,24,0,3.6,78,999.6,1009.3
108,서울,2024.9.2 13:00,24.5,,2.9,75,999.4,1009.1
108,서울,2024.9.2 14:00,25.2,,2.4,73,999.1,1008.8
108,서울,2024.9.2 15:00,25.6,,2.6,71,999.1,1008.8
108,서울,2024.9.2 16:00,26.6,,3.2,68,998.8,1008.5
108,서울,2024.9.2 17:00,26.8,,3.2,68,998.9,1008.6
108,서울,2024.9.2 18:00,26.8,,2.8,69,999.2,1008.9
108,서울,2024.9.2 19:00,26.3,,3.5,71,999.5,1009.2
108,서울,2024.9.2 20:00,25.8,,3.7,71,1000,1009.7
108,서울,2024.9.2 21:00,25.5,,2.6,72,1000.8,1010.5
108,서울,2024.9.2 22:00,25.2,,2.7,70,1001.3,1011.1
108,서울,2024.9.2 23:00,24.8,,4.1,68,1001.6,1011.4
108,서울,2024.9.3 0:00,24.4,,4,68,1001.9,1011.6
108,서울,2024.9.3 1:00,24.2,,3.9,67,1002,1011.7
108,서울,2024.9.3 2:00,23.7,,3.3,68,1001.8,1011.6
108,서울,2024.9.3 3:00,23.5,,3,67,1002,1011.8
108,서울,2024.9.3 4:00,23.5,,3.6,65,1002.1,1011.9
108,서울,2024.9.3 5:00,23.5,,3.3,62,1002.4,1012.2
108,서울,2024.9.3 6:00,23.3,,3.1,58,1002.8,1012.6
108,서울,2024.9.3 7:00,23.2,,3.2,54,1002.9,1012.7
108,서울,2024.9.3 8:00,24,,3.5,53,1003.3,1013
108,서울,2024.9.3 9:00,25.6,,3.9,51,1003.6,1013.4
108,서울,2024.9.3 10:00,26.9,,3.6,49,1003.7,1013.4
108,서울,2024.9.3 11:00,27.9,,3.6,48,1003.4,1013.1
108,서울,2024.9.3 12:00,29.1,,3.6,48,1002.5,1012.1
108,서울,2024.9.3 13:00,30.1,,2.9,47,1001.9,1011.5
108,서울,2024.9.3 14:00,31.1,,1.6,47,1001.2,1010.8
108,서울,2024.9.3 15:00,31.9,,2.2,45,1000.5,1010
108,서울,2024.9.3 16:00,30.8,,1,48,1000,1009.6
108,서울,2024.9.3 17:00,30.9,,1.2,46,999.8,1009.4
108,서울,2024.9.3 18:00,30,,2.2,51,999.7,1009.3
108,서울,2024.9.3 19:00,29,,2.7,53,999.6,1009.2
108,서울,2024.9.3 20:00,28.1,,2.1,55,1000.2,1009.8
108,서울,2024.9.3 21:00,27.1,,2.5,57,1000.5,1010.2
108,서울,2024.9.3 22:00,26.3,,2.2,58,1000.6,1010.3
108,서울,2024.9.3 23:00,25.9,,2.1,57,1000.7,1010.4
108,서울,2024.9.4 0:00,25.4,,2.5,59,1000.8,1010.5
108,서울,2024.9.4 1:00,24.8,,2.2,62,1000.8,1010.6
108,서울,2024.9.4 2:00,24.4,,2.4,64,1000.9,1010.6
108,서울,2024.9.4 3:00,24.4,,1.5,65,1000.6,1010.3
108,서울,2024.9.4 4:00,24,,1.4,68,1000.3,1010
108,서울,2024.9.4 5:00,23.6,,2.4,70,1000.3,1010
108,서울,2024.9.4 6:00,23.2,,2.3,71,1001,1010.8
108,서울,2024.9.4 7:00,23.4,,2.5,70,1001.1,1010.9
108,서울,2024.9.4 8:00,24.5,,1.8,68,1001,1010.7
108,서울,2024.9.4 9:00,26.1,,2.1,62,1001.3,1011
108,서울,2024.9.4 10:00,27.7,,2.4,56,1001.1,1010.7
108,서울,2024.9.4 11:00,29.1,,2.1,53,1000.5,1010.1
108,서울,2024.9.4 12:00,30.3,,2.6,50,999.8,1009.4
108,서울,2024.9.4 13:00,31.6,,2.7,47,999,1008.5
108,서울,2024.9.4 14:00,32,,2.4,45,998.2,1007.7
108,서울,2024.9.4 15:00,32.6,,2,46,997.4,1006.9
108,서울,2024.9.4 16:00,33.3,,2.7,45,997.1,1006.5
108,서울,2024.9.4 17:00,32.2,,2.5,47,996.9,1006.4
108,서울,2024.9.4 18:00,31.7,,2.7,55,996.7,1006.2
108,서울,2024.9.4 19:00,30.1,,1.4,59,997.1,1006.7
108,서울,2024.9.4 20:00,28.8,,2.8,64,997.6,1007.2
108,서울,2024.9.4 21:00,28,,2.3,68,998.2,1007.8
108,서울,2024.9.4 22:00,27.6,,1.8,72,998.5,1008.1
108,서울,2024.9.4 23:00,27.2,,2,74,998.4,1008
108,서울,2024.9.5 0:00,27,,0.9,74,998.3,1007.9
108,서울,2024.9.5 1:00,26.8,,0.3,72,997.8,1007.5
108,서울,2024.9.5 2:00,26.5,,0.6,74,997.5,1007.2
108,서울,2024.9.5 3:00,26.4,,2.1,67,997.5,1007.2
108,서울,2024.9.5 4:00,26,,1.4,70,997.1,1006.8
108,서울,2024.9.5 5:00,26.1,,2.3,72,997.3,1007
108,서울,2024.9.5 6:00,26.2,,3.1,76,997.2,1006.9
108,서울,2024.9.5 7:00,26.3,,2.8,78,997.6,1007.3
108,서울,2024.9.5 8:00,26.7,,2.4,78,997.4,1007.1
108,서울,2024.9.5 9:00,27.5,,4.1,71,997.5,1007.1
108,서울,2024.9.5 10:00,28.1,,4.2,67,997.4,1007
108,서울,2024.9.5 11:00,28.6,,4.4,66,997.1,1006.7
108,서울,2024.9.5 12:00,26.6,0.3,3.4,81,997.1,1006.8
108,서울,2024.9.5 13:00,26.1,1.1,2.7,87,996.7,1006.4
108,서울,2024.9.5 14:00,26.1,2.5,3.3,90,996.4,1006.1
108,서울,2024.9.5 15:00,25.9,2.8,2.9,89,996,1005.7
108,서울,2024.9.5 16:00,26.2,0.2,2.5,91,995.9,1005.6
108,서울,2024.9.5 17:00,26.2,,2.6,88,996,1005.7
108,서울,2024.9.5 18:00,26.2,,2.2,85,996.3,1006
108,서울,2024.9.5 19:00,25.7,,2.6,79,996.6,1006.3
108,서울,2024.9.5 20:00,25.6,,2.3,79,997.4,1007.1
108,서울,2024.9.5 21:00,25.7,,1.7,80,998,1007.7
108,서울,2024.9.5 22:00,25.7,,1.3,83,998.2,1007.9
108,서울,2024.9.5 23:00,25.8,,1.5,85,998,1007.7
108,서울,2024.9.6 0:00,25.7,0,1.6,84,998.2,1007.9
108,서울,2024.9.6 1:00,25.5,0,1.4,85,998.4,1008.1
108,서울,2024.9.6 2:00,25.3,0,1.3,85,998.6,1008.3
108,서울,2024.9.6 3:00,25.1,0,1.6,88,998.7,1008.4
108,서울,2024.9.6 4:00,24.6,0.3,1.1,90,998.9,1008.6
108,서울,2024.9.6 5:00,24.1,0.1,1.9,89,999.4,1009.1
108,서울,2024.9.6 6:00,23.8,0,2.4,90,999.8,1009.5
108,서울,2024.9.6 7:00,23.9,0,3.3,89,1000.2,1009.9
108,서울,2024.9.6 8:00,24.1,,3.2,85,1000.5,1010.2
108,서울,2024.9.6 9:00,24.6,,2.7,83,1001.3,1011
108,서울,2024.9.6 10:00,24.6,0,3.8,84,1001.8,1011.5
108,서울,2024.9.6 11:00,24.1,0.1,2.7,89,1002.1,1011.8
108,서울,2024.9.6 12:00,23.5,0.1,3.5,86,1002.1,1011.9
108,서울,2024.9.6 13:00,23.4,0.1,3.6,85,1001.9,1011.7
108,서울,2024.9.6 14:00,23.4,0,4.3,80,1001.7,1011.5
108,서울,2024.9.6 15:00,24,,3.7,74,1001.2,1010.9
108,서울,2024.9.6 16:00,24.4,,2.8,72,1001.4,1011.1
108,서울,2024.9.6 17:00,24.3,,3,70,1001.5,1011.2
108,서울,2024.9.6 18:00,24.1,,3.2,70,1001.7,1011.4
108,서울,2024.9.6 19:00,23.8,,3.2,70,1001.6,1011.3
108,서울,2024.9.6 20:00,23.7,,2.5,69,1002.2,1012
108,서울,2024.9.6 21:00,23.7,,2.1,70,1002.8,1012.6
108,서울,2024.9.6 22:00,23.5,0,2.9,72,1002.9,1012.7
108,서울,2024.9.6 23:00,23.4,,2.5,72,1002.6,1012.4
108,서울,2024.9.7 0:00,23.3,0,2.7,73,1002.6,1012.4
108,서울,2024.9.7 1:00,23.1,0,2.2,74,1002.6,1012.4
108,서울,2024.9.7 2:00,23.1,0,2.1,75,1002.6,1012.4
108,서울,2024.9.7 3:00,23.1,,1.7,75,1002.7,1012.5
108,서울,2024.9.7 4:00,23.1,,2.1,78,1002.8,1012.6
108,서울,2024.9.7 5:00,23,,2.2,78,1002.9,1012.7
108,서울,2024.9.7 6:00,23,,1.6,78,1003.2,1013
108,서울,2024.9.7 7:00,22.9,,1.2,81,1003.6,1013.4
108,서울,2024.9.7 8:00,23.6,,1.8,79,1003.7,1013.5
108,서울,2024.9.7 9:00,25,,2.1,76,1003.8,1013.6
108,서울,2024.9.7 10:00,25.9,,0.8,74,1003.9,1013.7
108,서울,2024.9.7 11:00,27.7,,1.1,69,1003.8,1013.5
108,서울,2024.9.7 12:00,29,,1.2,61,1003.3,1012.9
108,서울,2024.9.7 13:00,30.1,,2,56,1002.9,1012.5
108,서울,2024.9.7 14:00,30.1,,1.9,56,1002.4,1012
108,서울,2024.9.7 15:00,31,,2.9,52,1002.1,1011.7
108,서울,2024.9.7 16:00,30.9,,2.9,54,1001.8,1011.4
108,서울,2024.9.7 17:00,30.8,,2.9,54,1002,1011.6
108,서울,2024.9.7 18:00,29.5,,2.6,60,1002.3,1011.9
108,서울,2024.9.7 19:00,28.1,,2.3,65,1002.5,1012.1
108,서울,2024.9.7 20:00,27.1,,1,67,1003,1012.7
108,서울,2024.9.7 21:00,26.4,,1,69,1003.2,1012.9
108,서울,2024.9.7 22:00,25.5,,1.9,72,1003.5,1013.3
108,서울,2024.9.7 23:00,24.9,,2.2,80,1003.8,1013.6
108,서울,2024.9.8 0:00,24.8,,0.2,80,1004,1013.8
108,서울,2024.9.8 1:00,24.4,,0.2,81,1004.1,1013.8
108,서울,2024.9.8 2:00,24,,0.3,83,1004,1013.8
108,서울,2024.9.8 3:00,23.8,,1.1,84,1003.8,1013.6
108,서울,2024.9.8 4:00,23.5,,1.4,83,1003.7,1013.5
108,서울,2024.9.8 5:00,23.1,,1.4,85,1004,1013.8
108,서울,2024.9.8 6:00,22.8,,1.5,86,1004.3,1014.1
108,서울,2024.9.8 7:00,22.7,,1.1,87,1004.7,1014.5
108,서울,2024.9.8 8:00,23.9,,1.1,85,1004.7,1014.5
108,서울,2024.9.8 9:00,25.7,,1.2,76,1004.8,1014.6
108,서울,2024.9.8 10:00,27.3,,1.1,72,1004.6,1014.3
108,서울,2024.9.8 11:00,29,,1.9,63,1004.1,1013.7
108,서울,2024.9.8 12:00,30.1,,1.9,60,1003.4,1013
108,서울,2024.9.8 13:00,31.4,,2.6,55,1002.9,1012.5
108,서울,2024.9.8 14:00,31.2,,1.7,53,1002.4,1012
108,서울,2024.9.8 15:00,32.3,,1.9,49,1002,1011.5
108,서울,2024.9.8 16:00,32.4,,2.2,51,1001.8,1011.3
108,서울,2024.9.8 17:00,31.6,,2.3,56,1001.8,1011.3
108,서울,2024.9.8 18:00,30,,2.5,62,1002,1011.6
108,서울,2024.9.8 19:00,28.4,,3,68,1002,1011.6
108,서울,2024.9.8 20:00,27.7,,2.7,68,1002.6,1012.3
108,서울,2024.9.8 21:00,27.2,,2.7,67,1002.8,1012.5
108,서울,2024.9.8 22:00,26.6,,0.6,69,1003,1012.7
108,서울,2024.9.8 23:00,26.3,,1,72,1002.9,1012.6
108,서울,2024.9.9 0:00,25.7,,0.9,73,1002.8,1012.6
108,서울,2024.9.9 1:00,25.4,,0.9,75,1002.6,1012.4
108,서울,2024.9.9 2:00,25.1,,1,76,1002.8,1012.6
108,서울,2024.9.9 3:00,24.7,,1.1,77,1002.9,1012.6
108,서울,2024.9.9 4:00,24.2,,1.9,80,1002.8,1012.5
108,서울,2024.9.9 5:00,24.1,,2.2,81,1003,1012.7
108,서울,2024.9.9 6:00,24.2,,2.1,82,1003.2,1012.9
108,서울,2024.9.9 7:00,24.6,,2.4,81,1003.7,1013.4
108,서울,2024.9.9 8:00,26,,2.1,78,1003.8,1013.5
108,서울,2024.9.9 9:00,27.9,,1.8,72,1003.8,1013.5
108,서울,2024.9.9 10:00,29.5,,2.1,68,1003.7,1013.3
108,서울,2024.9.9 11:00,30.2,,2.8,63,1003.4,1013
108,서울,2024.9.9 12:00,30.8,,1.2,63,1002.7,1012.3
108,서울,2024.9.9 13:00,32.2,,2.5,57,1002.2,1011.7
108,서울,2024.9.9 14:00,33.6,,2.2,54,1001.7,1011.2
108,서울,2024.9.9 15:00,33.5,,1.5,52,1001.5,1011
108,서울,2024.9.9 16:00,32.5,,2.1,58,1001.4,1010.9
108,서울,2024.9.9 17:00,31.7,,2.6,59,1001.4,1010.9
108,서울,2024.9.9 18:00,31.2,,2.7,61,1001.5,1011.1
108,서울,2024.9.9 19:00,30,,2.6,65,1001.8,1011.4
108,서울,2024.9.9 20:00,29.1,,2.5,68,1002.3,1011.9
108,서울,2024.9.9 21:00,28.6,,2.8,70,1002.8,1012.4
108,서울,2024.9.9 22:00,28.2,,0.3,70,1003,1012.6
108,서울,2024.9.9 23:00,27.7,,0.8,72,1002.7,1012.4
108,서울,2024.9.10 0:00,27.3,,0.8,75,1002.6,1012.3
108,서울,2024.9.10 1:00,27.1,,1.7,76,1002.6,1012.3
108,서울,2024.9.10 2:00,26.7,,2,78,1002.4,1012.1
108,서울,2024.9.10 3:00,26.3,,1.4,79,1002.5,1012.2
108,서울,2024.9.10 4:00,26.2,,1.5,80,1002.8,1012.5
108,서울,2024.9.10 5:00,25.9,,1.6,82,1002.9,1012.6
108,서울,2024.9.10 6:00,25.6,,1.6,83,1003.2,1013
108,서울,2024.9.10 7:00,25.7,,1.1,83,1003.7,1013.5
108,서울,2024.9.10 8:00,27,,2,81,1003.7,1013.4
108,서울,2024.9.10 9:00,28.8,,1.8,75,1003.7,1013.3
108,서울,2024.9.10 10:00,30.1,,0.8,70,1003.7,1013.3
108,서울,2024.9.10 11:00,31.5,,1.4,63,1003.5,1013.1
108,서울,2024.9.10 12:00,32.6,,1.5,60,1003,1012.5
108,서울,2024.9.10 13:00,32.6,,2.2,58,1002.6,1012.1
108,서울,2024.9.10 14:00,32.5,,3.3,59,1002.4,1011.9
108,서울,2024.9.10 15:00,33.4,,2.8,54,1002,1011.5
108,서울,2024.9.10 16:00,33.8,,2.9,54,1001.8,1011.3
108,서울,2024.9.10 17:00,33.3,,2.9,52,1001.7,1011.2
108,서울,2024.9.10 18:00,32.2,,2.7,57,1002.1,1011.6
108,서울,2024.9.10 19:00,30.4,,3.4,60,1002.4,1012
108,서울,2024.9.10 20:00,29.6,,1.2,60,1003,1012.6
108,서울,2024.9.10 21:00,28.9,,1.2,63,1003.9,1013.5
108,서울,2024.9.10 22:00,28.7,,2,62,1004,1013.6
108,서울,2024.9.10 23:00,28.2,,0.4,64,1004.3,1014
108,서울,2024.9.11 0:00,27.7,,0.9,67,1004.3,1014
108,서울,2024.9.11 1:00,27.1,,0.6,69,1004.1,1013.8
108,서울,2024.9.11 2:00,26.8,,1.7,72,1004.2,1013.9
108,서울,2024.9.11 3:00,26.4,,1.2,73,1004.8,1014.5
108,서울,2024.9.11 4:00,26.1,,0.9,73,1005.1,1014.9
108,서울,2024.9.11 5:00,25.7,,1.6,76,1005.3,1015.1
108,서울,2024.9.11 6:00,25.5,,1.6,78,1005.7,1015.5
108,서울,2024.9.11 7:00,25.7,,1.6,79,1006.1,1015.9
108,서울,2024.9.11 8:00,27.3,,2.3,75,1006,1015.7
108,서울,2024.9.11 9:00,29.3,,1.6,71,1006.1,1015.7
108,서울,2024.9.11 10:00,31.4,,1.8,63,1006.1,1015.7
108,서울,2024.9.11 11:00,32.5,,2.1,59,1006,1015.6
108,서울,2024.9.11 12:00,33.6,,2.2,55,1005.3,1014.8
108,서울,2024.9.11 13:00,34.5,,1.9,52,1004.6,1014.1
108,서울,2024.9.11 14:00,33.9,,1.7,51,1003.9,1013.4
108,서울,2024.9.11 15:00,32.8,0,2.2,58,1003.9,1013.4
108,서울,2024.9.11 16:00,31.6,0,2.6,64,1003.9,1013.5
108,서울,2024.9.11 17:00,29.7,,3.3,71,1004.3,1013.9
108,서울,2024.9.11 18:00,29.1,,3.4,73,1004.5,1014.1
108,서울,2024.9.11 19:00,28.8,,1.9,75,1004.9,1014.5
108,서울,2024.9.11 20:00,28.5,,2,77,1005.5,1015.2
108,서울,2024.9.11 21:00,28.3,,2.1,79,1006.1,1015.8
108,서울,2024.9.11 22:00,28.4,,1.8,78,1006.4,1016.1
108,서울,2024.9.11 23:00,27.9,0,2.5,80,1006.1,1015.8
108,서울,2024.9.12 0:00,27.1,0.4,1,85,1006,1015.7
108,서울,2024.9.12 1:00,26.7,0.1,1.8,88,1006,1015.7
108,서울,2024.9.12 2:00,26.2,4.9,1.6,91,1005.5,1015.3
108,서울,2024.9.12 3:00,26,1.2,2.3,92,1005.4,1015.2
108,서울,2024.9.12 4:00,26,1.2,1.2,93,1005.2,1015
108,서울,2024.9.12 5:00,25.8,1.9,1.7,93,1005.4,1015.2
108,서울,2024.9.12 6:00,25.3,7.8,2.3,94,1005.3,1015.1
108,서울,2024.9.12 7:00,25.3,7,0.2,94,1005.6,1015.4
108,서울,2024.9.12 8:00,25.4,1.8,2.1,94,1005.7,1015.5
108,서울,2024.9.12 9:00,25.5,0.3,2.5,93,1005.7,1015.5
108,서울,2024.9.12 10:00,25.4,0.2,2.4,92,1005.8,1015.6
108,서울,2024.9.12 11:00,25.6,0.2,2.8,93,1005.6,1015.4
108,서울,2024.9.12 12:00,26,0,2.8,90,1005,1014.8
108,서울,2024.9.12 13:00,26.3,0,2.8,88,1004.7,1014.4
108,서울,2024.9.12 14:00,26,0.7,2.6,89,1004.4,1014.2
108,서울,2024.9.12 15:00,25.5,3.2,2.1,91,1004,1013.8
108,서울,2024.9.12 16:00,25.3,2,2.2,92,1004,1013.8
108,서울,2024.9.12 17:00,25.3,0.1,2.2,91,1003.9,1013.7
108,서울,2024.9.12 18:00,25.2,0.1,2.4,91,1003.6,1013.4
108,서울,2024.9.12 19:00,25.1,0,2.1,91,1003.6,1013.4
108,서울,2024.9.12 20:00,25,0,2.1,91,1003.9,1013.7
108,서울,2024.9.12 21:00,24.9,0,2.3,91,1004,1013.8
108,서울,2024.9.12 22:00,24.8,,2.1,90,1003.8,1013.6
108,서울,2024.9.12 23:00,24.8,0,2.4,90,1003.4,1013.2
108,서울,2024.9.13 0:00,24.8,0,1.8,90,1003,1012.8
108,서울,2024.9.13 1:00,24.6,,2.4,91,1002.3,1012
108,서울,2024.9.13 2:00,24.5,0.2,2.6,92,1001.9,1011.6
108,서울,2024.9.13 3:00,24.3,0.2,2.4,92,1001.4,1011.1
108,서울,2024.9.13 4:00,24.3,0,2.2,93,1001,1010.7
108,서울,2024.9.13 5:00,24.2,0.2,2.1,94,1000.6,1010.3
108,서울,2024.9.13 6:00,24.2,0,2,94,1000.6,1010.3
108,서울,2024.9.13 7:00,24.4,0,1.5,95,1000.8,1010.5
108,서울,2024.9.13 8:00,25,0,1.2,94,1000.6,1010.4
108,서울,2024.9.13 9:00,25.7,,1.1,92,1000.4,1010.1
108,서울,2024.9.13 10:00,26.7,,1.5,88,1000.2,1009.9
108,서울,2024.9.13 11:00,27.3,0,1.3,85,999.8,1009.4
108,서울,2024.9.13 12:00,27.5,0.3,1.4,87,998.9,1008.5
108,서울,2024.9.13 13:00,27.9,0,2.4,83,998.3,1007.9
108,서울,2024.9.13 14:00,27.3,0.5,3.3,86,997.9,1007.5
108,서울,2024.9.13 15:00,26.9,0.6,2.9,89,997.6,1007.2
108,서울,2024.9.13 16:00,26.1,2.5,2.7,90,997.3,1007
108,서울,2024.9.13 17:00,26.4,0.4,2.6,91,996.9,1006.6
108,서울,2024.9.13 18:00,26.7,0,2,91,996.7,1006.3
108,서울,2024.9.13 19:00,26.6,0.2,3.9,90,996.4,1006
108,서울,2024.9.13 20:00,26.2,0,3,90,996.6,1006.3
108,서울,2024.9.13 21:00,26.1,0.3,1.8,92,996.9,1006.6
108,서울,2024.9.13 22:00,26,1.8,2.2,94,997,1006.7
108,서울,2024.9.13 23:00,26.1,0.3,3.3,95,996.9,1006.6
108,서울,2024.9.14 0:00,26.1,0.1,2.7,94,996.5,1006.2
108,서울,2024.9.14 1:00,26.1,0,2.1,94,996.4,1006.1
108,서울,2024.9.14 2:00,26,,1.7,93,995.9,1005.6
108,서울,2024.9.14 3:00,25.8,,2.2,92,995.9,1005.6
108,서울,2024.9.14 4:00,25.5,,2.1,92,995.8,1005.5
108,서울,2024.9.14 5:00,25.5,,0.6,92,995.7,1005.4
108,서울,2024.9.14 6:00,25.3,,1.2,92,996.1,1005.8
108,서울,2024.9.14 7:00,25.2,,0.3,92,996.2,1005.9
108,서울,2024.9.14 8:00,25.5,,1.3,92,996.3,1006
108,서울,2024.9.14 9:00,27.1,,1.3,88,996.4,1006
108,서울,2024.9.14 10:00,27.9,,0.9,84,996.7,1006.3
108,서울,2024.9.14 11:00,29.4,,2.3,74,996.7,1006.2
108,서울,2024.9.14 12:00,29.9,,2.3,70,995.9,1005.4
108,서울,2024.9.14 13:00,29.1,,2.1,72,995.7,1005.2
108,서울,2024.9.14 14:00,30.2,,1.7,70,995.1,1004.6
108,서울,2024.9.14 15:00,31.3,,2,63,994.6,1004.1
108,서울,2024.9.14 16:00,31.7,,2.2,60,994.2,1003.7
108,서울,2024.9.14 17:00,31.1,,2.5,62,994.3,1003.8
108,서울,2024.9.14 18:00,30.3,,2.8,69,994.8,1004.3
108,서울,2024.9.14 19:00,29,,1.9,73,995.1,1004.6
108,서울,2024.9.14 20:00,28.1,,2,77,996.1,1005.7
108,서울,2024.9.14 21:00,27.6,,1.9,82,996.5,1006.1
108,서울,2024.9.14 22:00,27.2,,1.2,83,996.9,1006.5
108,서울,2024.9.14 23:00,26.9,,0.5,83,996.9,1006.5
108,서울,2024.9.15 0:00,26.5,,2.2,86,997,1006.7
108,서울,2024.9.15 1:00,26.2,,0.7,87,996.9,1006.6
108,서울,2024.9.15 2:00,26,,0.6,87,997.2,1006.9
108,서울,2024.9.15 3:00,25.7,,1.1,88,997,1006.7
108,서울,2024.9.15 4:00,25.4,,0.9,89,997.6,1007.3
108,서울,2024.9.15 5:00,25.3,,0.5,90,997.9,1007.6
108,서울,2024.9.15 6:00,25,,1.3,91,998,1007.7
108,서울,2024.9.15 7:00,25.1,,1.2,92,998.6,1008.3
108,서울,2024.9.15 8:00,26.3,,2.4,90,998.9,1008.6
108,서울,2024.9.15 9:00,27.3,,2.1,84,999.2,1008.8
108,서울,2024.9.15 10:00,28.8,,2.5,79,999.5,1009.1
108,서울,2024.9.15 11:00,29.4,,2.9,75,999.6,1009.2
108,서울,2024.9.15 12:00,30.7,,2.9,68,999.1,1008.7
108,서울,2024.9.15 13:00,31.1,,3.2,65,998.8,1008.3
108,서울,2024.9.15 14:00,32,,3.7,62,998.6,1008.1
108,서울,2024.9.15 15:00,32.1,,3.7,62,998.7,1008.2
108,서울,2024.9.15 16:00,31.8,,3.9,60,998.8,1008.3
108,서울,2024.9.15 17:00,30.8,,3.6,60,999.4,1009
108,서울,2024.9.15 18:00,28.9,,4,62,1000,1009.6
108,서울,2024.9.15 19:00,27.7,,4.4,64,1000.6,1010.2
108,서울,2024.9.15 20:00,26.6,,4.3,65,1001.5,1011.2
108,서울,2024.9.15 21:00,25.8,,4.1,66,1002.5,1012.2
108,서울,2024.9.15 22:00,25.1,,4.1,67,1003.1,1012.9
108,서울,2024.9.15 23:00,24.6,,4.6,68,1003.3,1013
108,서울,2024.9.16 0:00,24.2,,4.7,68,1003.6,1013.3
108,서울,2024.9.16 1:00,23.8,,3.8,69,1003.6,1013.4
108,서울,2024.9.16 2:00,23.6,,3.8,70,1003.8,1013.6
108,서울,2024.9.16 3:00,23.5,,3.6,70,1003.9,1013.7
108,서울,2024.9.16 4:00,23.6,,4.1,71,1003.9,1013.7
108,서울,2024.9.16 5:00,23.6,,4.4,70,1004.2,1014
108,서울,2024.9.16 6:00,22,6.4,3,87,1005,1014.9
108,서울,2024.9.16 7:00,21.4,1.6,4,91,1005.3,1015.2
108,서울,2024.9.16 8:00,21.5,1.5,3.2,91,1005.3,1015.2
108,서울,2024.9.16 9:00,22.6,0,2.7,90,1005.7,1015.6
108,서울,2024.9.16 10:00,23.3,,2.5,84,1006,1015.8
108,서울,2024.9.16 11:00,26.1,,3.9,72,1005.8,1015.6
108,서울,2024.9.16 12:00,27.8,,4,68,1005.6,1015.3
108,서울,2024.9.16 13:00,28.8,,2.3,65,1005.5,1015.1
108,서울,2024.9.16 14:00,31.1,,1.4,61,1004.9,1014.5
108,서울,2024.9.16 15:00,32.2,,1.9,60,1004.6,1014.2
108,서울,2024.9.16 16:00,31.7,,2.5,61,1004.4,1014
108,서울,2024.9.16 17:00,31.5,,2.4,63,1004.5,1014.1
108,서울,2024.9.16 18:00,30.6,,2.2,65,1004.6,1014.2
108,서울,2024.9.16 19:00,29.4,,2.4,70,1004.8,1014.4
108,서울,2024.9.16 20:00,28.8,,1.6,72,1005.5,1015.1
108,서울,2024.9.16 21:00,28.3,,1.9,74,1005.8,1015.5
108,서울,2024.9.16 22:00,28.1,,1.4,76,1005.9,1015.6
108,서울,2024.9.16 23:00,27.8,,1.7,77,1006.1,1015.8
108,서울,2024.9.17 0:00,27.6,,1,78,1005.8,1015.5
108,서울,2024.9.17 1:00,27.3,,1.4,79,1005.7,1015.4
108,서울,2024.9.17 2:00,26.9,,1.7,81,1005.6,1015.3
108,서울,2024.9.17 3:00,26.7,,0.8,82,1005.4,1015.1
108,서울,2024.9.17 4:00,26.3,,1.3,83,1005.3,1015
108,서울,2024.9.17 5:00,26.1,,1.7,85,1005.3,1015.1
108,서울,2024.9.17 6:00,25.8,,0.9,85,1005.4,1015.2
108,서울,2024.9.17 7:00,25.9,,1.4,86,1005.8,1015.6
108,서울,2024.9.17 8:00,26.3,,0.9,85,1006,1015.8
108,서울,2024.9.17 9:00,27,,1.6,83,1006,1015.7
108,서울,2024.9.17 10:00,28.2,,0.8,80,1006.1,1015.8
108,서울,2024.9.17 11:00,29.7,,1.1,73,1005.8,1015.4
108,서울,2024.9.17 12:00,31.7,,1,66,1005.1,1014.7
108,서울,2024.9.17 13:00,32.4,,2.1,63,1004.6,1014.1
108,서울,2024.9.17 14:00,33.1,,3,61,1004,1013.5
108,서울,2024.9.17 15:00,32.8,,2.1,64,1003.6,1013.1
108,서울,2024.9.17 16:00,32,,2.9,66,1003.3,1012.8
108,서울,2024.9.17 17:00,31.3,,3.2,68,1003.6,1013.2
108,서울,2024.9.17 18:00,29.6,,2.8,74,1003.7,1013.3
108,서울,2024.9.17 19:00,28.7,,2.6,78,1003.6,1013.2
108,서울,2024.9.17 20:00,28.3,,1.4,80,1004,1013.6
108,서울,2024.9.17 21:00,28.2,,1.8,78,1004.4,1014.1
108,서울,2024.9.17 22:00,27.9,,0.5,79,1003.9,1013.6
108,서울,2024.9.17 23:00,27.5,,1.2,82,1003.7,1013.4
108,서울,2024.9.18 0:00,27.1,,1.6,84,1003.7,1013.4
108,서울,2024.9.18 1:00,26.9,,1.4,84,1003.5,1013.2
108,서울,2024.9.18 2:00,26.8,,0.9,87,1003.4,1013.1
108,서울,2024.9.18 3:00,26.7,,1,87,1003.3,1013
108,서울,2024.9.18 4:00,26.6,,0.8,87,1003.3,1013
108,서울,2024.9.18 5:00,26.5,,0.5,88,1003.5,1013.2
108,서울,2024.9.18 6:00,26.5,,1.1,88,1003.7,1013.4
108,서울,2024.9.18 7:00,26.7,,0.8,88,1003.8,1013.5
108,서울,2024.9.18 8:00,27.3,,0.8,87,1003.8,1013.5
108,서울,2024.9.18 9:00,28,,1,84,1004.1,1013.8
108,서울,2024.9.18 10:00,30.1,,0.8,76,1004.3,1013.9
108,서울,2024.9.18 11:00,31.5,,1.6,69,1003.8,1013.4
108,서울,2024.9.18 12:00,31.7,,1.4,69,1003.4,1013
108,서울,2024.9.18 13:00,32.4,,3,61,1002.8,1012.3
108,서울,2024.9.18 14:00,32.8,,2.9,63,1002.4,1011.9
108,서울,2024.9.18 15:00,32.9,,3.3,62,1002,1011.5
108,서울,2024.9.18 16:00,33,,2.9,63,1001.5,1011
108,서울,2024.9.18 17:00,33.1,,2.3,62,1001.6,1011.1
108,서울,2024.9.18 18:00,31.7,,1.7,66,1002.1,1011.6
108,서울,2024.9.18 19:00,30.7,,1.9,68,1002.6,1012.2
108,서울,2024.9.18 20:00,30.2,,1,71,1003.2,1012.8
108,서울,2024.9.18 21:00,29.9,,0.8,73,1003.9,1013.5
108,서울,2024.9.18 22:00,29.5,,1.1,75,1003.9,1013.5
108,서울,2024.9.18 23:00,28.4,0.7,2.4,83,1004,1013.6
108,서울,2024.9.19 0:00,27.9,,1.2,85,1003.8,1013.5
108,서울,2024.9.19 1:00,27.4,,1.3,86,1004.1,1013.8
108,서울,2024.9.19 2:00,26.8,,2,86,1004,1013.7
108,서울,2024.9.19 3:00,26.3,,1.4,87,1004,1013.7
108,서울,2024.9.19 4:00,26.1,,1.4,88,1004,1013.7
108,서울,2024.9.19 5:00,25.9,,2,88,1004,1013.8
108,서울,2024.9.19 6:00,25.8,,1.9,88,1004.3,1014.1
108,서울,2024.9.19 7:00,25.7,,1.9,87,1004.7,1014.5
108,서울,2024.9.19 8:00,26.2,,1.8,87,1004.9,1014.6
108,서울,2024.9.19 9:00,27.2,,2.2,83,1005,1014.7
108,서울,2024.9.19 10:00,28.1,,1.5,79,1005.3,1015
108,서울,2024.9.19 11:00,29.5,,1.3,75,1004.6,1014.2
108,서울,2024.9.19 12:00,31.1,,1,71,1004.4,1014
108,서울,2024.9.19 13:00,31.3,,1.3,69,1003.9,1013.5
108,서울,2024.9.19 14:00,31.7,,2.2,67,1003.2,1012.8
108,서울,2024.9.19 15:00,32.3,,1.4,65,1002.6,1012.1
108,서울,2024.9.19 16:00,31.9,,2.4,66,1002.4,1011.9
108,서울,2024.9.19 17:00,31.9,,2.1,65,1002.3,1011.8
108,서울,2024.9.19 18:00,31.5,,1.7,67,1002.4,1012
108,서울,2024.9.19 19:00,30.6,,1.4,71,1002.7,1012.3
108,서울,2024.9.19 20:00,30.1,,1.7,74,1003.1,1012.7
108,서울,2024.9.19 21:00,29.6,,1.1,77,1003.4,1013
108,서울,2024.9.19 22:00,29.4,,0.8,79,1003.6,1013.2
108,서울,2024.9.19 23:00,29.1,,0.9,80,1003.2,1012.8
108,서울,2024.9.20 0:00,28.7,,1.6,81,1003,1012.6
108,서울,2024.9.20 1:00,28.5,,1.3,82,1002.6,1012.2
108,서울,2024.9.20 2:00,28.2,,1.7,83,1001.9,1011.5
108,서울,2024.9.20 3:00,28.2,0,1.6,84,1002.6,1012.2
108,서울,2024.9.20 4:00,26,5.1,0.9,90,1002.3,1012
108,서울,2024.9.20 5:00,25.8,2,1.6,91,1001.9,1011.6
108,서울,2024.9.20 6:00,25.5,0.3,1.7,92,1001.7,1011.4
108,서울,2024.9.20 7:00,25.6,0.1,1.9,93,1001.4,1011.1
108,서울,2024.9.20 8:00,25.8,,2.5,91,1001.1,1010.8
108,서울,2024.9.20 9:00,26.3,,2.3,90,1000.9,1010.6
108,서울,2024.9.20 10:00,27.2,,2,87,1001.2,1010.9
108,서울,2024.9.20 11:00,27.1,1.5,1,88,1000.8,1010.5
108,서울,2024.9.20 12:00,27.3,0.4,2.1,88,1000.2,1009.9
108,서울,2024.9.20 13:00,27.8,,3.4,82,999.2,1008.8
108,서울,2024.9.20 14:00,26.9,0.5,3.4,86,998.6,1008.3
108,서울,2024.9.20 15:00,26,3.4,2.6,92,998.4,1008.1
108,서울,2024.9.20 16:00,25.8,4.7,1.2,92,997.7,1007.4
108,서울,2024.9.20 17:00,25.8,4,2,94,998,1007.7
108,서울,2024.9.20 18:00,25.8,4.6,2.3,95,997.6,1007.3
108,서울,2024.9.20 19:00,26,3.2,0.2,94,997.4,1007.1
108,서울,2024.9.20 20:00,25.9,2.7,1.9,95,997.4,1007.1
108,서울,2024.9.20 21:00,23.3,0.3,6.7,82,998.2,1007.9
108,서울,2024.9.20 22:00,20.2,1.9,3.7,91,998.6,1008.5
108,서울,2024.9.20 23:00,18.6,14.4,5.6,95,998.6,1008.5
108,서울,2024.9.21 0:00,17.9,5.4,5.4,95,998,1007.9
108,서울,2024.9.21 1:00,17.8,0.1,4.5,92,997.8,1007.8
108,서울,2024.9.21 2:00,17.6,1,5.8,94,997.4,1007.4
108,서울,2024.9.21 3:00,17.4,1.5,6.6,93,996.8,1006.8
108,서울,2024.9.21 4:00,17.7,0,4.7,90,996.4,1006.3
108,서울,2024.9.21 5:00,17.4,2.1,4.3,95,996.9,1006.9
108,서울,2024.9.21 6:00,17.3,1.7,4.8,97,996.9,1006.9
108,서울,2024.9.21 7:00,17.2,6.5,4.8,98,997.7,1007.7
108,서울,2024.9.21 8:00,17.1,6,5.7,98,998.1,1008.1
108,서울,2024.9.21 9:00,17.2,7.5,4.7,98,997.9,1007.9
108,서울,2024.9.21 10:00,17.8,0.6,5.6,94,998.3,1008.3
108,서울,2024.9.21 11:00,18.6,0,5.8,88,998.5,1008.4
108,서울,2024.9.21 12:00,20.2,,4.9,80,997.5,1007.4
108,서울,2024.9.21 13:00,21.1,,5,74,997.4,1007.3
108,서울,2024.9.21 14:00,21.6,,4.2,74,997.1,1006.9
108,서울,2024.9.21 15:00,21.7,,4,74,996.6,1006.4
108,서울,2024.9.21 16:00,21.9,,4.2,72,996.5,1006.3
108,서울,2024.9.21 17:00,21.8,,3.5,72,996.5,1006.3
108,서울,2024.9.21 18:00,21.5,,3.2,72,996.8,1006.6
108,서울,2024.9.21 19:00,20.7,,4.4,72,997,1006.9
108,서울,2024.9.21 20:00,20.3,,3.2,72,997.5,1007.4
108,서울,2024.9.21 21:00,20,,3.5,71,998,1007.9
108,서울,2024.9.21 22:00,19.7,,2.8,71,998.6,1008.5
108,서울,2024.9.21 23:00,19.2,,2.5,72,999,1008.9
108,서울,2024.9.22 0:00,18.8,,1.8,73,998.8,1008.7
108,서울,2024.9.22 1:00,18.3,,0.6,76,998.9,1008.8
108,서울,2024.9.22 2:00,17.9,,0.5,78,999.2,1009.2
108,서울,2024.9.22 3:00,17.8,,0.6,79,999.6,1009.6
108,서울,2024.9.22 4:00,17.3,,1.3,80,1000.1,1010.1
108,서울,2024.9.22 5:00,17.1,,1.1,82,1000.5,1010.5
108,서울,2024.9.22 6:00,17.1,,1.2,83,1000.9,1010.9
108,서울,2024.9.22 7:00,17.2,,1,84,1001.7,1011.7
108,서울,2024.9.22 8:00,18.4,,1.9,80,1002.2,1012.2
108,서울,2024.9.22 9:00,20.5,,2.6,72,1002.5,1012.4
108,서울,2024.9.22 10:00,21.9,,3.4,67,1003,1012.9
108,서울,2024.9.22 11:00,23.5,,3,62,1003,1012.8
108,서울,2024.9.22 12:00,23.9,,3.3,60,1002.8,1012.6
108,서울,2024.9.22 13:00,25.1,,2.9,57,1002.2,1012
108,서울,2024.9.22 14:00,25.6,,3,54,1001.9,1011.6
108,서울,2024.9.22 15:00,26.1,,3.4,54,1001.8,1011.5
108,서울,2024.9.22 16:00,26.2,,4.5,57,1002,1011.7
108,서울,2024.9.22 17:00,25.6,,3.7,57,1002.2,1011.9
108,서울,2024.9.22 18:00,23.6,,3.2,58,1002.8,1012.6
108,서울,2024.9.22 19:00,22.2,,3.6,65,1003.4,1013.3
108,서울,2024.9.22 20:00,21.1,,4,66,1004.4,1014.3
108,서울,2024.9.22 21:00,20.5,,3.8,65,1005.5,1015.5
108,서울,2024.9.22 22:00,19.9,,3.8,66,1006,1016
108,서울,2024.9.22 23:00,19.5,,4.5,67,1006.5,1016.4
108,서울,2024.9.23 0:00,18.8,,4,68,1006.9,1016.9
108,서울,2024.9.23 1:00,18.3,,3.9,68,1007,1017
108,서울,2024.9.23 2:00,17.9,,3.2,70,1007.2,1017.2
108,서울,2024.9.23 3:00,17.6,,3.9,68,1007.5,1017.6
108,서울,2024.9.23 4:00,17.2,,2.9,69,1007.7,1017.8
108,서울,2024.9.23 5:00,16.8,,2.8,71,1008.2,1018.3
108,서울,2024.9.23 6:00,16.7,,3.5,71,1008.3,1018.4
108,서울,2024.9.23 7:00,16.7,,3.5,72,1008.8,1018.9
108,서울,2024.9.23 8:00,18.2,,3.4,65,1009,1019
108,서울,2024.9.23 9:00,19.9,,4,59,1009.1,1019.1
108,서울,2024.9.23 10:00,21.3,,3.6,56,1009.2,1019.2
108,서울,2024.9.23 11:00,22.7,,2.8,55,1008.9,1018.8
108,서울,2024.9.23 12:00,23.9,,3.8,51,1008.1,1017.9
108,서울,2024.9.23 13:00,24.5,,3.4,48,1007.2,1017
108,서울,2024.9.23 14:00,25.2,,2.9,48,1006.4,1016.2
108,서울,2024.9.23 15:00,25.9,,3,45,1005.9,1015.7
108,서울,2024.9.23 16:00,25.9,,2.5,44,1005.8,1015.6
108,서울,2024.9.23 17:00,25.3,,2.7,43,1006.1,1015.9
108,서울,2024.9.23 18:00,24,,2.3,47,1006.2,1016
108,서울,2024.9.23 19:00,22.2,,2.1,53,1006.6,1016.5
108,서울,2024.9.23 20:00,21,,2.4,57,1007,1017
108,서울,2024.9.23 21:00,20.2,,2.8,60,1007.5,1017.5
108,서울,2024.9.23 22:00,19.5,,2.9,62,1007.7,1017.7
108,서울,2024.9.23 23:00,18.8,,2.4,64,1007.7,1017.7
108,서울,2024.9.24 0:00,18.5,,3.1,65,1007.8,1017.8
108,서울,2024.9.24 1:00,18,,2.5,66,1007.9,1017.9
108,서울,2024.9.24 2:00,17.5,,2.8,69,1007.6,1017.7
108,서울,2024.9.24 3:00,16.9,,3,71,1007.6,1017.7
108,서울,2024.9.24 4:00,16.5,,2.8,72,1007.4,1017.5
108,서울,2024.9.24 5:00,16.1,,3,74,1007.4,1017.5
108,서울,2024.9.24 6:00,15.8,,3.1,75,1007.4,1017.6
108,서울,2024.9.24 7:00,15.7,,2.6,75,1007.8,1018
108,서울,2024.9.24 8:00,17.4,,2.6,70,1007.9,1018
108,서울,2024.9.24 9:00,19.4,,2.7,62,1007.8,1017.8
108,서울,2024.9.24 10:00,21.2,,2.2,57,1007.9,1017.9
108,서울,2024.9.24 11:00,22.9,,2.5,53,1007.3,1017.1
108,서울,2024.9.24 12:00,23.9,,2.6,48,1006.4,1016.2
108,서울,2024.9.24 13:00,25,,2.8,44,1005.7,1015.5
108,서울,2024.9.24 14:00,25.7,,2.2,42,1005,1014.8
108,서울,2024.9.24 15:00,26.6,,2.2,43,1004.3,1014
108,서울,2024.9.24 16:00,26.5,,2.1,41,1004,1013.7
108,서울,2024.9.24 17:00,26.3,,2.6,40,1004.1,1013.8
108,서울,2024.9.24 18:00,24.9,,1.9,44,1004.1,1013.9
108,서울,2024.9.24 19:00,23.3,,0.8,50,1004.4,1014.2
108,서울,2024.9.24 20:00,22.2,,1.7,52,1004.8,1014.7
108,서울,2024.9.24 21:00,21.1,,1.6,55,1004.9,1014.8
108,서울,2024.9.24 22:00,20.3,,1.8,59,1004.6,1014.6
108,서울,2024.9.24 23:00,19.8,,1.6,62,1004.9,1014.9
108,서울,2024.9.25 0:00,19.3,,1.4,65,1004.8,1014.7
108,서울,2024.9.25 1:00,19.1,,1.4,67,1004.8,1014.7
108,서울,2024.9.25 2:00,19,,1.2,68,1004.9,1014.9
108,서울,2024.9.25 3:00,18.7,,1.6,71,1004.8,1014.8
108,서울,2024.9.25 4:00,18.9,,1.4,71,1004.5,1014.5
108,서울,2024.9.25 5:00,19.1,,2.6,71,1004.3,1014.2
108,서울,2024.9.25 6:00,19.2,,3,73,1004.1,1014
108,서울,2024.9.25 7:00,19.2,,2.1,74,1004.5,1014.4
108,서울,2024.9.25 8:00,20.5,,2.1,73,1004.6,1014.6
108,서울,2024.9.25 9:00,22,,1.9,69,1005.3,1015.2
108,서울,2024.9.25 10:00,22.8,,1.4,69,1005.5,1015.3
108,서울,2024.9.25 11:00,24.1,,2.2,67,1005,1014.8
108,서울,2024.9.25 12:00,26.2,,1.3,61,1004.3,1014
108,서울,2024.9.25 13:00,26.8,,1.3,57,1003.4,1013.1
108,서울,2024.9.25 14:00,26.3,,1.9,58,1002.9,1012.6
108,서울,2024.9.25 15:00,26.7,,1.9,57,1002.6,1012.3
108,서울,2024.9.25 16:00,27,,2.5,56,1002.2,1011.9
108,서울,2024.9.25 17:00,27,,1.8,56,1002.4,1012.1
108,서울,2024.9.25 18:00,26.2,,1.4,57,1002.6,1012.3
108,서울,2024.9.25 19:00,25.1,,1.3,62,1003.1,1012.9
108,서울,2024.9.25 20:00,24.4,,2.1,65,1003.1,1012.8
108,서울,2024.9.25 21:00,24,,1,66,1003.4,1013.2
108,서울,2024.9.25 22:00,23.8,,0.4,67,1003.5,1013.3
108,서울,2024.9.25 23:00,23.5,0,0.7,70,1003.3,1013.1
108,서울,2024.9.26 0:00,23.1,0,1,71,1003.3,1013.1
108,서울,2024.9.26 1:00,22.6,0.1,1.6,75,1003.2,1013
108,서울,2024.9.26 2:00,22.2,,1.1,77,1003,1012.8
108,서울,2024.9.26 3:00,21.9,,1.5,78,1002.7,1012.6
108,서울,2024.9.26 4:00,21.9,,1.1,79,1002.6,1012.5
108,서울,2024.9.26 5:00,21.7,0,2,82,1002.4,1012.3
108,서울,2024.9.26 6:00,21.4,1,1.2,85,1003,1012.9
108,서울,2024.9.26 7:00,21.2,0.1,0.3,86,1003.1,1013
108,서울,2024.9.26 8:00,21.5,0,1.9,87,1003.6,1013.5
108,서울,2024.9.26 9:00,22,,1.5,86,1003.7,1013.6
108,서울,2024.9.26 10:00,24,,1.9,78,1003.8,1013.6
108,서울,2024.9.26 11:00,24.9,,1.5,73,1003.5,1013.3
108,서울,2024.9.26 12:00,25.7,,1.8,67,1002.9,1012.7
108,서울,2024.9.26 13:00,26.2,,1.7,63,1002.2,1011.9
108,서울,2024.9.26 14:00,27.2,,1.6,62,1001.4,1011.1
108,서울,2024.9.26 15:00,27.9,,2.7,58,1001,1010.6
108,서울,2024.9.26 16:00,27,,3.3,61,1000.9,1010.6
108,서울,2024.9.26 17:00,26.7,,3.7,61,1001,1010.7
108,서울,2024.9.26 18:00,25.4,,2.3,68,1001.1,1010.8
108,서울,2024.9.26 19:00,24.2,,2,71,1001.5,1011.2
108,서울,2024.9.26 20:00,23.4,,0.8,74,1002.4,1012.2
108,서울,2024.9.26 21:00,22.7,,1.4,76,1002.6,1012.4
108,서울,2024.9.26 22:00,22.3,,0.9,80,1002.7,1012.5
108,서울,2024.9.26 23:00,21.9,,1,82,1002.8,1012.7
108,서울,2024.9.27 0:00,21.5,,0.3,83,1002.7,1012.6
108,서울,2024.9.27 1:00,21.2,,0.9,86,1002.6,1012.5
108,서울,2024.9.27 2:00,20.9,,1.6,87,1002.5,1012.4
108,서울,2024.9.27 3:00,20.3,,1.7,87,1002.2,1012.1
108,서울,2024.9.27 4:00,20,,2.2,89,1002.2,1012.2
108,서울,2024.9.27 5:00,19.7,,1.1,89,1002.6,1012.5
108,서울,2024.9.27 6:00,19.3,,1.5,90,1002.9,1012.8
108,서울,2024.9.27 7:00,19.2,,1.7,89,1003.5,1013.4
108,서울,2024.9.27 8:00,20.1,,2.3,89,1003.9,1013.9
108,서울,2024.9.27 9:00,21.6,,2,82,1004.2,1014.1
108,서울,2024.9.27 10:00,22.8,,2.7,77,1004.3,1014.1
108,서울,2024.9.27 11:00,23.4,,2.6,72,1004.2,1014
108,서울,2024.9.27 12:00,24.8,,2,71,1003.8,1013.6
108,서울,2024.9.27 13:00,26.3,,2.5,62,1003.1,1012.8
108,서울,2024.9.27 14:00,26.7,,1.7,61,1002.6,1012.3
108,서울,2024.9.27 15:00,27.6,,2.1,55,1002.3,1012
108,서울,2024.9.27 16:00,27.9,,2.2,52,1002.2,1011.8
108,서울,2024.9.27 17:00,27.3,,2.7,53,1002.5,1012.2
108,서울,2024.9.27 18:00,25.6,,4.1,59,1003.1,1012.9
108,서울,2024.9.27 19:00,23.9,,4.1,65,1003.7,1013.5
108,서울,2024.9.27 20:00,22.8,,4.3,67,1004.4,1014.2
108,서울,2024.9.27 21:00,22,,3.4,68,1005.1,1015
108,서울,2024.9.27 22:00,21.4,,3.6,69,1005.1,1015
108,서울,2024.9.27 23:00,20.9,,3.6,70,1005.4,1015.3
108,서울,2024.9.28 0:00,20.7,,3,70,1005.4,1015.4
108,서울,2024.9.28 1:00,20.6,,3.6,70,1005.6,1015.6
108,서울,2024.9.28 2:00,20.3,,3.5,71,1005.9,1015.9
108,서울,2024.9.28 3:00,20.2,,3.3,70,1005.9,1015.9
108,서울,2024.9.28 4:00,19.9,,3.9,70,1006.1,1016.1
108,서울,2024.9.28 5:00,20,,3.5,68,1006.6,1016.6
108,서울,2024.9.28 6:00,19.3,,2.6,71,1007.3,1017.3
108,서울,2024.9.28 7:00,19.4,,3.4,69,1007.7,1017.7
108,서울,2024.9.28 8:00,20.7,,3.2,66,1008.1,1018.1
108,서울,2024.9.28 9:00,22.3,,4,55,1008.3,1018.2
108,서울,2024.9.28 10:00,23.8,,4.3,53,1008.7,1018.5
108,서울,2024.9.28 11:00,25.2,,3.6,52,1008.4,1018.2
108,서울,2024.9.28 12:00,26.1,,3.8,51,1008,1017.8
108,서울,2024.9.28 13:00,27.1,,3.7,51,1007.5,1017.2
108,서울,2024.9.28 14:00,27.9,,3,50,1007.2,1016.9
108,서울,2024.9.28 15:00,27,,3.3,51,1007.2,1016.9
108,서울,2024.9.28 16:00,27.3,,3,51,1007.2,1016.9
108,서울,2024.9.28 17:00,26.8,,2,53,1007.4,1017.1
108,서울,2024.9.28 18:00,25.8,,3.5,55,1007.7,1017.5
108,서울,2024.9.28 19:00,24.6,,2.9,58,1008.1,1017.9
108,서울,2024.9.28 20:00,23.8,,3.4,58,1008.6,1018.4
108,서울,2024.9.28 21:00,23.2,,3.7,58,1009.1,1019
108,서울,2024.9.28 22:00,22.4,,3.1,59,1009.6,1019.5
108,서울,2024.9.28 23:00,21.8,,2.8,61,1010,1019.9
108,서울,2024.9.29 0:00,21.3,,2.7,63,1009.9,1019.9
108,서울,2024.9.29 1:00,20.9,,3,64,1009.9,1019.9
108,서울,2024.9.29 2:00,20.5,,3.4,64,1009.9,1019.9
108,서울,2024.9.29 3:00,20.2,,2.9,66,1010,1020
108,서울,2024.9.29 4:00,19.6,,2.7,68,1009.9,1019.9
108,서울,2024.9.29 5:00,19.4,,2.7,68,1010.3,1020.3
108,서울,2024.9.29 6:00,19.3,,2.7,68,1010.9,1020.9
108,서울,2024.9.29 7:00,19.2,,2.4,68,1011.4,1021.4
108,서울,2024.9.29 8:00,19.7,,3.2,69,1011.2,1021.2
108,서울,2024.9.29 9:00,21.2,,3.9,66,1011.2,1021.2
108,서울,2024.9.29 10:00,23.6,,2.7,61,1010.8,1020.6
108,서울,2024.9.29 11:00,25,,3.8,57,1010.2,1020.1
108,서울,2024.9.29 12:00,26.8,,2.5,56,1009.8,1019.6
108,서울,2024.9.29 13:00,27.6,,3.3,53,1008.7,1018.4
108,서울,2024.9.29 14:00,28.5,,2.6,50,1007.9,1017.6
108,서울,2024.9.29 15:00,28.9,,2.3,48,1007.5,1017.2
108,서울,2024.9.29 16:00,27.8,,2.5,49,1007.2,1016.9
108,서울,2024.9.29 17:00,27.3,,2.1,54,1007.6,1017.3
108,서울,2024.9.29 18:00,26.3,,2.2,57,1007.7,1017.5
108,서울,2024.9.29 19:00,25.3,,2.2,59,1008.3,1018.1
108,서울,2024.9.29 20:00,24.5,,2.6,61,1008.7,1018.5
108,서울,2024.9.29 21:00,23.5,,2.4,63,1009,1018.8
108,서울,2024.9.29 22:00,22.8,,2.7,65,1009.1,1019
108,서울,2024.9.29 23:00,22.1,,2.9,67,1008.9,1018.8
108,서울,2024.9.30 0:00,21.6,,2,68,1008.6,1018.5
108,서울,2024.9.30 1:00,21,,2.4,70,1008.6,1018.6
108,서울,2024.9.30 2:00,20.4,,2.2,71,1008.6,1018.6
108,서울,2024.9.30 3:00,19.8,,2.3,73,1008.4,1018.4
108,서울,2024.9.30 4:00,19.3,,2.2,74,1008.3,1018.3
108,서울,2024.9.30 5:00,18.9,,2.6,75,1008,1018
108,서울,2024.9.30 6:00,18.5,,2.3,75,1007.9,1017.9
108,서울,2024.9.30 7:00,18.5,,2,75,1007.9,1017.9
108,서울,2024.9.30 8:00,19.8,,2,70,1007.7,1017.7
108,서울,2024.9.30 9:00,21.7,,2.6,63,1007.5,1017.4
108,서울,2024.9.30 10:00,23.5,,1.8,56,1007.2,1017
108,서울,2024.9.30 11:00,24.5,,2.1,55,1006.6,1016.4
108,서울,2024.9.30 12:00,26.5,,2.2,48,1005.8,1015.5
108,서울,2024.9.30 13:00,27.9,,2.5,45,1004.9,1014.6
108,서울,2024.9.30 14:00,27.2,,2,48,1004.1,1013.8
108,서울,2024.9.30 15:00,28.1,,1.4,49,1003.4,1013
108,서울,2024.9.30 16:00,28.1,,3,48,1002.8,1012.4
108,서울,2024.9.30 17:00,26.3,,3.8,53,1002.6,1012.3
108,서울,2024.9.30 18:00,24.6,,2.8,58,1002.7,1012.4
108,서울,2024.9.30 19:00,23.6,,2.1,60,1002.7,1012.5
108,서울,2024.9.30 20:00,23.1,,1.9,63,1003,1012.8
108,서울,2024.9.30 21:00,22.6,,2.4,66,1003.3,1013.1
108,서울,2024.9.30 22:00,22.1,,1.3,69,1003.1,1013
108,서울,2024.9.30 23:00,21.8,,0.4,70,1002.6,1012.5
108,서울,2024.10.1 0:00,21.8,,0.9,72,1001.8,1011.7
108,서울,2024.10.1 1:00,21.6,,1.2,74,1001.2,1011.1
108,서울,2024.10.1 2:00,21.3,,0.2,75,1000.8,1010.7
108,서울,2024.10.1 3:00,21,,0.6,77,1000.1,1010
108,서울,2024.10.1 4:00,21.2,,1.2,76,999.3,1009.2
108,서울,2024.10.1 5:00,21,,1.4,78,998.9,1008.8
108,서울,2024.10.1 6:00,20.7,1.6,1.3,88,999,1008.9
108,서울,2024.10.1 7:00,20.5,0.5,2.6,87,999.3,1009.2
108,서울,2024.10.1 8:00,20.6,0.1,2.1,89,999.3,1009.2
108,서울,2024.10.1 9:00,20.5,0,2.7,88,999.7,1009.6
108,서울,2024.10.1 10:00,18.6,0.3,3.2,85,1000.5,1010.4
108,서울,2024.10.1 11:00,18.7,,4.4,79,1000.4,1010.3
108,서울,2024.10.1 12:00,18.8,,4.1,69,1001.1,1011
108,서울,2024.10.1 13:00,18.6,0,3.5,66,1000.9,1010.8
108,서울,2024.10.1 14:00,19.2,0,3.1,64,1000.4,1010.3
108,서울,2024.10.1 15:00,19,,3.9,54,1000.4,1010.3
108,서울,2024.10.1 16:00,19.6,,3.1,55,1000.3,1010.2
108,서울,2024.10.1 17:00,19.6,,3.7,43,1000.9,1010.8
108,서울,2024.10.1 18:00,18.3,,2,41,1001.8,1011.8
108,서울,2024.10.1 19:00,17,,3.2,45,1002.6,1012.6
108,서울,2024.10.1 20:00,15.9,,2.7,52,1003.3,1013.4
108,서울,2024.10.1 21:00,15.1,,4.8,57,1004.4,1014.6
108,서울,2024.10.1 22:00,14.4,,3.2,62,1005.1,1015.3
108,서울,2024.10.1 23:00,14,,2,64,1005.2,1015.4
108,서울,2024.10.2 0:00,13.3,,0.8,66,1005.4,1015.6
108,서울,2024.10.2 1:00,12.8,,1.4,72,1004.9,1015.1
108,서울,2024.10.2 2:00,12.5,,0.8,74,1005.5,1015.8
108,서울,2024.10.2 3:00,12.6,,1.5,74,1005.7,1016
108,서울,2024.10.2 4:00,12.3,,1,74,1005.9,1016.2
108,서울,2024.10.2 5:00,12.3,,2.3,69,1006.3,1016.6
108,서울,2024.10.2 6:00,12.1,,2.9,58,1006.5,1016.8
108,서울,2024.10.2 7:00,11.7,,1.9,56,1007.4,1017.7
108,서울,2024.10.2 8:00,11.7,,2.1,60,1008.3,1018.6
108,서울,2024.10.2 9:00,13.2,,3,54,1008.5,1018.8
108,서울,2024.10.2 10:00,14.6,,4.6,52,1008.7,1018.9
108,서울,2024.10.2 11:00,16.2,,3,47,1009,1019.2
108,서울,2024.10.2 12:00,17.2,,3.7,42,1008.6,1018.7
108,서울,2024.10.2 13:00,18.1,,4,38,1008,1018
108,서울,2024.10.2 14:00,18.7,,3.6,34,1007.8,1017.8
108,서울,2024.10.2 15:00,19.2,,3.5,33,1007.5,1017.5
108,서울,2024.10.2 16:00,19.3,,3.6,33,1007.5,1017.5
108,서울,2024.10.2 17:00,18.9,,2.4,35,1008,1018
108,서울,2024.10.2 18:00,17.1,,3.6,37,1008.4,1018.5
108,서울,2024.10.2 19:00,16.3,,3.2,39,1009.2,1019.4
108,서울,2024.10.2 20:00,15.7,,3.4,37,1009.8,1020
108,서울,2024.10.2 21:00,14.9,,2.3,39,1010.5,1020.8
108,서울,2024.10.2 22:00,14,,0.8,42,1011,1021.2
108,서울,2024.10.2 23:00,12.9,,1.7,48,1011.2,1021.5
108,서울,2024.10.3 0:00,12.6,,0.7,53,1011.4,1021.7
108,서울,2024.10.3 1:00,11.6,,2.1,55,1011.5,1021.9
108,서울,2024.10.3 2:00,11.5,,1.4,57,1011.4,1021.8
108,서울,2024.10.3 3:00,11.1,,1.7,60,1011.4,1021.8
108,서울,2024.10.3 4:00,11.1,,1.6,64,1011.3,1021.7
108,서울,2024.10.3 5:00,10.9,,1.8,68,1011.4,1021.8
108,서울,2024.10.3 6:00,10.9,,1.6,72,1012,1022.4
108,서울,2024.10.3 7:00,10.9,,1,73,1012.3,1022.7
108,서울,2024.10.3 8:00,12.5,,1.4,72,1012.3,1022.6
108,서울,2024.10.3 9:00,16.1,,2.4,62,1012.3,1022.5
108,서울,2024.10.3 10:00,18.3,,3.1,57,1012.3,1022.4
108,서울,2024.10.3 11:00,20,,3.4,49,1012,1022.1
108,서울,2024.10.3 12:00,21.1,,2.1,46,1011.5,1021.5
108,서울,2024.10.3 13:00,22.1,,2.5,41,1010.9,1020.8
108,서울,2024.10.3 14:00,21.4,,2.7,41,1010.4,1020.4
108,서울,2024.10.3 15:00,21.2,,2,41,1010.3,1020.3
108,서울,2024.10.3 16:00,20.7,,1.4,43,1010.3,1020.3
108,서울,2024.10.3 17:00,20.6,,1.3,45,1010.6,1020.6
108,서울,2024.10.3 18:00,19.5,,2.9,51,1010.7,1020.7
108,서울,2024.10.3 19:00,18.7,,3,57,1010.9,1020.9
108,서울,2024.10.3 20:00,17.7,,1.9,61,1011.5,1021.6
108,서울,2024.10.3 21:00,16.6,,2,67,1011.7,1021.9
108,서울,2024.10.3 22:00,15.9,,1.9,68,1011.9,1022.1
108,서울,2024.10.3 23:00,15.3,,2.1,72,1012,1022.2
108,서울,2024.10.4 0:00,14.6,,2.1,73,1012.1,1022.3
108,서울,2024.10.4 1:00,14.1,,1.4,77,1012,1022.3
108,서울,2024.10.4 2:00,13.7,,2.1,81,1012.5,1022.8
108,서울,2024.10.4 3:00,13.3,,1.3,81,1012.8,1023.1
108,서울,2024.10.4 4:00,13.2,,1.3,82,1013.3,1023.6
108,서울,2024.10.4 5:00,12.7,,1.6,83,1013.6,1023.9
108,서울,2024.10.4 6:00,12.3,,1.1,84,1014,1024.4
108,서울,2024.10.4 7:00,11.9,,1.6,85,1014.2,1024.6
108,서울,2024.10.4 8:00,13.3,,2.5,81,1014.5,1024.8
108,서울,2024.10.4 9:00,15.9,,1.5,69,1014.6,1024.8
108,서울,2024.10.4 10:00,18.1,,1.3,63,1014.5,1024.6
108,서울,2024.10.4 11:00,20.2,,2,49,1014.5,1024.6
108,서울,2024.10.4 12:00,21.3,,1.5,45,1014,1024
108,서울,2024.10.4 13:00,22.4,,1.8,40,1013.1,1023
108,서울,2024.10.4 14:00,23.8,,2.6,39,1012.6,1022.5
108,서울,2024.10.4 15:00,24,,2.2,36,1012.3,1022.1
108,서울,2024.10.4 16:00,23.6,,1.7,36,1012.1,1022
108,서울,2024.10.4 17:00,23,,2.2,37,1012.1,1022
108,서울,2024.10.4 18:00,20.8,,2,42,1012.1,1022.1
108,서울,2024.10.4 19:00,19.6,,3.4,48,1012.5,1022.5
108,서울,2024.10.4 20:00,18.8,,2.8,51,1013,1023
108,서울,2024.10.4 21:00,17.6,,1.8,57,1013.6,1023.7
108,서울,2024.10.4 22:00,17.6,,2.2,58,1013.7,1023.8
108,서울,2024.10.4 23:00,16.5,,0.7,61,1013.8,1024
108,서울,2024.10.5 0:00,15.7,,0.8,66,1013.7,1023.9
108,서울,2024.10.5 1:00,14.9,,2,67,1013.8,1024.1
108,서울,2024.10.5 2:00,14,,1.8,73,1013.7,1024
108,서울,2024.10.5 3:00,13.3,,1.9,75,1013.6,1023.9
108,서울,2024.10.5 4:00,12.8,,1.3,77,1013.3,1023.6
108,서울,2024.10.5 5:00,12.2,,2.3,78,1013.4,1023.8
108,서울,2024.10.5 6:00,11.7,,2.3,81,1013.4,1023.8
108,서울,2024.10.5 7:00,11.6,,2.1,82,1013.6,1024
108,서울,2024.10.5 8:00,12.7,,0.9,78,1013.9,1024.2
108,서울,2024.10.5 9:00,15.7,,1.8,67,1014,1024.2
108,서울,2024.10.5 10:00,17.6,,1.4,62,1014.1,1024.2
108,서울,2024.10.5 11:00,20.2,,1.7,53,1013.5,1023.6
108,서울,2024.10.5 12:00,21.6,,1.6,45,1013,1023
108,서울,2024.10.5 13:00,22.8,,1.1,42,1012.2,1022.1
108,서울,2024.10.5 14:00,23.6,,1.5,40,1011.4,1021.3
108,서울,2024.10.5 15:00,24,,2.5,41,1011,1020.8
108,서울,2024.10.5 16:00,23.9,,2.1,42,1011.2,1021
108,서울,2024.10.5 17:00,22.7,,2.1,44,1011,1020.9
108,서울,2024.10.5 18:00,20.8,,2.2,49,1011.2,1021.2
108,서울,2024.10.5 19:00,19.3,,0.4,53,1010.9,1020.9
108,서울,2024.10.5 20:00,17.9,,1.1,59,1011.5,1021.6
108,서울,2024.10.5 21:00,17.1,,1,63,1011.7,1021.8
108,서울,2024.10.5 22:00,16.4,,0.3,64,1011.8,1022
108,서울,2024.10.5 23:00,15.9,,1.3,62,1012,1022.2
108,서울,2024.10.6 0:00,15.4,,1,62,1011.8,1022
108,서울,2024.10.6 1:00,14.7,,1.6,65,1011.5,1021.7
108,서울,2024.10.6 2:00,13.9,,1.7,68,1011.4,1021.7
108,서울,2024.10.6 3:00,13.6,,1.6,69,1011.2,1021.5
108,서울,2024.10.6 4:00,13.1,,1.5,72,1010.7,1021
108,서울,2024.10.6 5:00,12.5,,1.3,74,1010.8,1021.1
108,서울,2024.10.6 6:00,12.4,,1.4,76,1011,1021.3
108,서울,2024.10.6 7:00,12.7,,1.6,77,1011,1021.3
108,서울,2024.10.6 8:00,13.6,,0.5,75,1011.3,1021.6
108,서울,2024.10.6 9:00,14.6,,1.8,75,1011.8,1022
108,서울,2024.10.6 10:00,15.4,,0.6,72,1012,1022.2
108,서울,2024.10.6 11:00,16.2,,2,70,1011.5,1021.7
108,서울,2024.10.6 12:00,16.6,,2.6,69,1010.4,1020.5
108,서울,2024.10.6 13:00,16.9,,2.3,69,1009.3,1019.4
108,서울,2024.10.6 14:00,17.4,0,1.7,69,1008.8,1018.9
108,서울,2024.10.6 15:00,17.9,0,1.1,68,1009,1019.1
108,서울,2024.10.6 16:00,17.3,0,1.2,76,1009.6,1019.7
108,서울,2024.10.6 17:00,16.9,0,1.6,74,1009.6,1019.7
108,서울,2024.10.6 18:00,16.9,,1.3,77,1009.3,1019.4
108,서울,2024.10.6 19:00,16.6,,1.9,78,1009,1019.1
108,서울,2024.10.6 20:00,16.6,,1.1,79,1009.2,1019.3
108,서울,2024.10.6 21:00,16.4,,0.7,78,1009,1019.1
108,서울,2024.10.6 22:00,15.8,,1.6,73,1009.1,1019.3
108,서울,2024.10.6 23:00,15,,0.5,75,1008.7,1018.9
108,서울,2024.10.7 0:00,14.7,,1.1,76,1008.6,1018.8
108,서울,2024.10.7 1:00,14.6,,1.2,78,1008.5,1018.7
108,서울,2024.10.7 2:00,14.3,,1.4,77,1008.6,1018.8
108,서울,2024.10.7 3:00,14.3,,0.8,76,1008.1,1018.3
108,서울,2024.10.7 4:00,14.3,,0.7,78,1008,1018.2
108,서울,2024.10.7 5:00,14.2,,0.6,81,1008.1,1018.3
108,서울,2024.10.7 6:00,14.2,,0.3,81,1007.9,1018.1
108,서울,2024.10.7 7:00,14,,1.5,83,1007.6,1017.8
108,서울,2024.10.7 8:00,14.3,,1.8,83,1007.9,1018.1
108,서울,2024.10.7 9:00,15.7,,0,81,1007.9,1018.1
108,서울,2024.10.7 10:00,17.7,,1.6,74,1007.6,1017.7
108,서울,2024.10.7 11:00,18.8,,2.4,69,1007.4,1017.4
108,서울,2024.10.7 12:00,19.4,,2.4,66,1007.2,1017.2
108,서울,2024.10.7 13:00,20.5,,1.7,61,1006.2,1016.2
108,서울,2024.10.7 14:00,20.3,,2.5,62,1005.4,1015.4
108,서울,2024.10.7 15:00,20.4,,2.7,59,1005.6,1015.6
108,서울,2024.10.7 16:00,19.6,,2.7,58,1005.5,1015.4
108,서울,2024.10.7 17:00,19.3,,1.7,66,1005.6,1015.5
108,서울,2024.10.7 18:00,18.7,,1.4,67,1005.8,1015.8
108,서울,2024.10.7 19:00,18.2,,1.1,70,1005.9,1015.9
108,서울,2024.10.7 20:00,17.6,,0.6,74,1006.2,1016.2
108,서울,2024.10.7 21:00,16.9,,0.6,77,1006.6,1016.7
108,서울,2024.10.7 22:00,16.4,,1,79,1006.6,1016.7
108,서울,2024.10.7 23:00,15.9,,1,82,1006.7,1016.9
108,서울,2024.10.8 0:00,15.6,,0.9,84,1006.5,1016.7
108,서울,2024.10.8 1:00,15.1,,0.8,86,1006.3,1016.5
108,서울,2024.10.8 2:00,14.8,,0.8,87,1006.2,1016.4
108,서울,2024.10.8 3:00,14.4,,0.6,89,1006.2,1016.4
108,서울,2024.10.8 4:00,14,,1.5,89,1006.1,1016.3
108,서울,2024.10.8 5:00,13.5,,1.4,91,1006.3,1016.5
108,서울,2024.10.8 6:00,13.1,,1.9,91,1006.3,1016.5
108,서울,2024.10.8 7:00,12.8,,1.8,93,1006.5,1016.8
108,서울,2024.10.8 8:00,13.3,,2.1,94,1007,1017.2
108,서울,2024.10.8 9:00,15.1,,1.2,89,1007.4,1017.6
108,서울,2024.10.8 10:00,17.2,,1.5,78,1007.3,1017.4
108,서울,2024.10.8 11:00,19.5,,1.4,70,1007,1016.9
108,서울,2024.10.8 12:00,20.7,,1.4,62,1006.6,1016.6
108,서울,2024.10.8 13:00,22.2,,1.4,57,1005.8,1015.7
108,서울,2024.10.8 14:00,22.9,,1.5,54,1005.2,1015
108,서울,2024.10.8 15:00,23.8,,2.1,52,1004.9,1014.7
108,서울,2024.10.8 16:00,22,,2.9,57,1005,1014.9
108,서울,2024.10.8 17:00,21.3,,1.8,60,1005.1,1015
108,서울,2024.10.8 18:00,20.3,,1.9,64,1005.3,1015.3
108,서울,2024.10.8 19:00,19,,2.3,68,1005.9,1015.9
108,서울,2024.10.8 20:00,18.6,,3.2,69,1006.6,1016.6
108,서울,2024.10.8 21:00,17.8,,3.1,71,1007.1,1017.1
108,서울,2024.10.8 22:00,17.1,,2.5,71,1007.5,1017.6
108,서울,2024.10.8 23:00,16.7,,2.4,71,1007.6,1017.7
108,서울,2024.10.9 0:00,16.3,,2.8,73,1007.4,1017.5
108,서울,2024.10.9 1:00,15.9,,2.4,74,1007.3,1017.5
108,서울,2024.10.9 2:00,15.4,,2.8,76,1007.3,1017.5
108,서울,2024.10.9 3:00,15.2,,2.6,77,1007,1017.2
108,서울,2024.10.9 4:00,14.8,,2.1,78,1006.9,1017.1
108,서울,2024.10.9 5:00,14.4,,2,80,1007.1,1017.3
108,서울,2024.10.9 6:00,14.1,,2,82,1007.3,1017.5
108,서울,2024.10.9 7:00,13.9,,1.3,83,1007.7,1017.9
108,서울,2024.10.9 8:00,14.9,,2.9,81,1007.6,1017.8
108,서울,2024.10.9 9:00,17.4,,2.5,71,1007.6,1017.7
108,서울,2024.10.9 10:00,19.3,,2.8,63,1007.5,1017.5
108,서울,2024.10.9 11:00,21.2,,3.1,59,1006.9,1016.8
108,서울,2024.10.9 12:00,22.4,,2.4,51,1006.3,1016.2
108,서울,2024.10.9 13:00,23.1,,2.7,49,1005.4,1015.2
108,서울,2024.10.9 14:00,24.3,,2.2,46,1004.6,1014.3
108,서울,2024.10.9 15:00,23.6,,1.8,46,1004.3,1014.1
108,서울,2024.10.9 16:00,23.5,,2.5,46,1003.9,1013.7
108,서울,2024.10.9 17:00,22.9,,1.5,50,1003.8,1013.6
108,서울,2024.10.9 18:00,21.9,,1.4,51,1003.9,1013.8
108,서울,2024.10.9 19:00,20,,2.4,58,1004,1014
108,서울,2024.10.9 20:00,19.2,,1.8,62,1004.4,1014.3
108,서울,2024.10.9 21:00,18.4,,1.8,65,1004.5,1014.5
108,서울,2024.10.9 22:00,18.2,,2.5,68,1004.7,1014.7
108,서울,2024.10.9 23:00,17.9,,2.5,69,1004.7,1014.7
108,서울,2024.10.10 0:00,17.7,,2.6,70,1004.4,1014.4
108,서울,2024.10.10 1:00,17.2,,2.4,71,1004.2,1014.3
108,서울,2024.10.10 2:00,16.6,,2.6,74,1004.4,1014.5
108,서울,2024.10.10 3:00,16.3,,2.2,75,1004.5,1014.6
108,서울,2024.10.10 4:00,16.2,,1.8,75,1004.1,1014.2
108,서울,2024.10.10 5:00,15.9,,2.1,76,1004.3,1014.4
108,서울,2024.10.10 6:00,15.5,,1.9,77,1004.6,1014.8
108,서울,2024.10.10 7:00,15.4,,2.6,77,1004.8,1015
108,서울,2024.10.10 8:00,15.9,,2.6,76,1005.1,1015.2
108,서울,2024.10.10 9:00,17.1,,2.6,72,1005.4,1015.5
108,서울,2024.10.10 10:00,19.2,,1.7,63,1005.5,1015.4
108,서울,2024.10.10 11:00,19.8,,1.4,58,1005.3,1015.3
108,서울,2024.10.10 12:00,20.7,,1.5,57,1004.8,1014.7
108,서울,2024.10.10 13:00,21.7,0,1.4,57,1004,1013.9
108,서울,2024.10.10 14:00,23.1,,1.7,50,1003.2,1013
108,서울,2024.10.10 15:00,23.2,,1.9,50,1002.9,1012.7
108,서울,2024.10.10 16:00,23.7,,1.5,48,1002.9,1012.7
108,서울,2024.10.10 17:00,23.4,,1.6,49,1003.1,1012.9
108,서울,2024.10.10 18:00,21.8,,1.9,54,1003.5,1013.4
108,서울,2024.10.10 19:00,20.8,,2.3,59,1003.9,1013.8
108,서울,2024.10.10 20:00,19.9,,2.2,65,1004.5,1014.5
108,서울,2024.10.10 21:00,19.1,,2.5,69,1004.9,1014.8
108,서울,2024.10.10 22:00,18.4,,0.2,71,1005.1,1015.1
108,서울,2024.10.10 23:00,17.6,,1.7,73,1005.2,1015.2
108,서울,2024.10.11 0:00,17,,1.4,76,1005.1,1015.2
108,서울,2024.10.11 1:00,16.4,,1.6,78,1005.5,1015.6
108,서울,2024.10.11 2:00,15.9,,1.6,82,1005.6,1015.7
108,서울,2024.10.11 3:00,15.2,,1.9,83,1005.7,1015.9
108,서울,2024.10.11 4:00,15,,1.3,85,1005.9,1016.1
108,서울,2024.10.11 5:00,14.6,,1.8,86,1006.2,1016.4
108,서울,2024.10.11 6:00,14.1,,1.6,86,1006.6,1016.8
108,서울,2024.10.11 7:00,14,,1.3,89,1006.9,1017.1
108,서울,2024.10.11 8:00,14.5,,2.1,89,1007.5,1017.7
108,서울,2024.10.11 9:00,16.8,,2.2,81,1007.8,1017.9
108,서울,2024.10.11 10:00,18.9,,1.8,72,1008.2,1018.2
108,서울,2024.10.11 11:00,21,,1.2,66,1008,1018
108,서울,2024.10.11 12:00,22.7,,1.9,58,1007.9,1017.8
108,서울,2024.10.11 13:00,23.8,,2.4,45,1007.3,1017.1
108,서울,2024.10.11 14:00,23.7,,2.4,48,1006.6,1016.4
108,서울,2024.10.11 15:00,24.3,,3,48,1006.2,1016
108,서울,2024.10.11 16:00,24.2,,2.2,44,1006.5,1016.3
108,서울,2024.10.11 17:00,22.9,,3.1,46,1006.9,1016.7
108,서울,2024.10.11 18:00,21,,2.6,50,1007.3,1017.3
108,서울,2024.10.11 19:00,19.7,,2.5,59,1008.1,1018
108,서울,2024.10.11 20:00,18.8,,1.7,65,1008.8,1018.8
108,서울,2024.10.11 21:00,17.9,,1.4,68,1009.2,1019.3
108,서울,2024.10.11 22:00,17.2,,1.3,70,1009.9,1020
108,서울,2024.10.11 23:00,16.7,,1.5,73,1010.4,1020.5
108,서울,2024.10.12 0:00,16.5,,1.3,76,1010.5,1020.7
108,서울,2024.10.12 1:00,16,,0.4,77,1010.6,1020.8
108,서울,2024.10.12 2:00,15.6,,0.6,77,1010.8,1021
108,서울,2024.10.12 3:00,15,,1.3,81,1010.8,1021
108,서울,2024.10.12 4:00,14.6,,1.1,82,1011.1,1021.3
108,서울,2024.10.12 5:00,14.1,,1.7,84,1011.4,1021.6
108,서울,2024.10.12 6:00,13.9,,1.5,85,1012,1022.3
108,서울,2024.10.12 7:00,13.4,,1.6,87,1012.5,1022.8
108,서울,2024.10.12 8:00,13.8,,1.6,88,1013.2,1023.5
108,서울,2024.10.12 9:00,16.2,,2,82,1013.5,1023.7
108,서울,2024.10.12 10:00,18.9,,0.8,68,1013.5,1023.5
108,서울,2024.10.12 11:00,21.2,,2.2,51,1013.1,1023.1
108,서울,2024.10.12 12:00,22.3,,1.9,45,1012.7,1022.6
108,서울,2024.10.12 13:00,23.4,,2.1,34,1012.1,1022
108,서울,2024.10.12 14:00,23.9,,1.7,29,1011.7,1021.5
108,서울,2024.10.12 15:00,24,,2.3,30,1011.5,1021.3
108,서울,2024.10.12 16:00,24.3,,2.4,26,1011.5,1021.3
108,서울,2024.10.12 17:00,23.4,,2.2,30,1011.5,1021.4
108,서울,2024.10.12 18:00,21.3,,1.4,36,1011.7,1021.7
108,서울,2024.10.12 19:00,19.7,,1.6,51,1012.2,1022.2
108,서울,2024.10.12 20:00,18.7,,0.6,52,1012.8,1022.8
108,서울,2024.10.12 21:00,17.8,,0.8,59,1013.1,1023.2
108,서울,2024.10.12 22:00,16.8,,0.2,63,1013.2,1023.4
108,서울,2024.10.12 23:00,16.4,,0.5,63,1013.5,1023.7
108,서울,2024.10.13 0:00,15.7,,1.3,67,1013.3,1023.5
108,서울,2024.10.13 1:00,15.1,,1.6,72,1013.2,1023.5
108,서울,2024.10.13 2:00,14.8,,1.7,75,1013.3,1023.6
108,서울,2024.10.13 3:00,14.1,,1.6,78,1013.2,1023.5
108,서울,2024.10.13 4:00,13.5,,2,81,1013,1023.3
108,서울,2024.10.13 5:00,13.2,,1.6,81,1013,1023.3
108,서울,2024.10.13 6:00,12.8,,1.7,84,1013.3,1023.6
108,서울,2024.10.13 7:00,12.8,,2.1,85,1013.4,1023.7
108,서울,2024.10.13 8:00,14.2,,2,83,1013.8,1024.1
108,서울,2024.10.13 9:00,16.6,,2.2,75,1013.8,1024
108,서울,2024.10.13 10:00,19,,2.1,65,1013.9,1023.9
108,서울,2024.10.13 11:00,20.9,,2.2,58,1013.6,1023.6
108,서울,2024.10.13 12:00,21.8,,2.2,57,1013.1,1023.1
108,서울,2024.10.13 13:00,22.1,,2.1,54,1012.7,1022.6
108,서울,2024.10.13 14:00,22.1,,2.6,51,1012.3,1022.2
108,서울,2024.10.13 15:00,22.4,,1.9,50,1011.7,1021.6
108,서울,2024.10.13 16:00,22.4,,1.8,50,1011.5,1021.4
108,서울,2024.10.13 17:00,21.7,,1.9,51,1011.6,1021.6
108,서울,2024.10.13 18:00,20.8,,2,57,1011.7,1021.7
108,서울,2024.10.13 19:00,20,,1.5,60,1011.7,1021.8
108,서울,2024.10.13 20:00,19.4,,2.1,65,1012,1022
108,서울,2024.10.13 21:00,19.2,,2.5,66,1011.9,1021.9
108,서울,2024.10.13 22:00,19,,2.5,67,1011.7,1021.7
108,서울,2024.10.13 23:00,18.7,,2.3,68,1011.9,1021.9
108,서울,2024.10.14 0:00,18.4,,1.7,69,1011.7,1021.8
108,서울,2024.10.14 1:00,18.2,,1.9,70,1011.5,1021.6
108,서울,2024.10.14 2:00,17.9,,2.2,72,1011.5,1021.6
108,서울,2024.10.14 3:00,17.7,,2.1,74,1011.1,1021.2
108,서울,2024.10.14 4:00,17.6,,1.5,74,1010.5,1020.6
108,서울,2024.10.14 5:00,17.6,,1.6,73,1010.4,1020.5
108,서울,2024.10.14 6:00,17.6,,1.8,73,1010.2,1020.3
108,서울,2024.10.14 7:00,17.6,,2.7,72,1009.9,1020
108,서울,2024.10.14 8:00,17.8,,1.6,71,1010.1,1020.2
108,서울,2024.10.14 9:00,18.6,,2.1,70,1010.2,1020.2
108,서울,2024.10.14 10:00,19.3,,1.9,69,1009.9,1019.9
108,서울,2024.10.14 11:00,20.1,,2,67,1009.6,1019.6
108,서울,2024.10.14 12:00,20.2,,1.9,67,1009.2,1019.2
108,서울,2024.10.14 13:00,20.5,0,2,69,1008.4,1018.4
108,서울,2024.10.14 14:00,21.2,0,1.5,68,1007.9,1017.9
108,서울,2024.10.14 15:00,21.5,,1.6,60,1007.5,1017.4
108,서울,2024.10.14 16:00,21.2,,2.1,59,1006.9,1016.8
108,서울,2024.10.14 17:00,20.8,,1.7,65,1007.2,1017.2
108,서울,2024.10.14 18:00,20.4,0,1.8,67,1006.8,1016.8
108,서울,2024.10.14 19:00,20.1,,1.2,68,1007.1,1017.1
108,서울,2024.10.14 20:00,19.7,,1.9,72,1007.5,1017.4
108,서울,2024.10.14 21:00,19.6,,1.2,73,1007.3,1017.2
108,서울,2024.10.14 22:00,19.1,,2.6,75,1006.8,1016.8
108,서울,2024.10.14 23:00,18.8,,1.9,77,1006.8,1016.8
108,서울,2024.10.15 0:00,18.8,,1.8,78,1006.6,1016.6
108,서울,2024.10.15 1:00,18.8,,2.2,78,1006.3,1016.3
108,서울,2024.10.15 2:00,18.7,0,2.1,79,1006.2,1016.2
108,서울,2024.10.15 3:00,18.4,0,2.1,82,1005.5,1015.5
108,서울,2024.10.15 4:00,17.9,0.4,1.9,87,1005.4,1015.4
108,서울,2024.10.15 5:00,17.8,0,2.2,89,1005.4,1015.4
108,서울,2024.10.15 6:00,17.7,0,1.3,89,1005.5,1015.5
108,서울,2024.10.15 7:00,17.6,,2.5,89,1005.5,1015.5
108,서울,2024.10.15 8:00,18.1,,1.7,88,1006.1,1016.1
108,서울,2024.10.15 9:00,18.4,0,2,87,1006.7,1016.7
108,서울,2024.10.15 10:00,18.9,0.1,1.8,88,1006.8,1016.8
108,서울,2024.10.15 11:00,19.6,0,1.5,84,1007,1016.9
108,서울,2024.10.15 12:00,20.5,,2.3,81,1006.6,1016.6
108,서울,2024.10.15 13:00,21.1,,1.7,79,1006.6,1016.5
108,서울,2024.10.15 14:00,21.3,,2,79,1006.4,1016.3
108,서울,2024.10.15 15:00,21.7,,1.8,79,1006.1,1016
108,서울,2024.10.15 16:00,20.8,0,2.8,82,1006.7,1016.7
108,서울,2024.10.15 17:00,20.6,,1.9,80,1007.2,1017.2
108,서울,2024.10.15 18:00,20.3,,2,82,1007.7,1017.7
108,서울,2024.10.15 19:00,19.9,,1.5,85,1008.3,1018.3
108,서울,2024.10.15 20:00,19.3,,1.2,86,1008.8,1018.8
108,서울,2024.10.15 21:00,18.7,,1.2,89,1009.1,1019.1
108,서울,2024.10.15 22:00,18.3,,1.3,90,1009.4,1019.4
108,서울,2024.10.15 23:00,18.1,,2.3,91,1009.7,1019.8
108,서울,2024.10.16 0:00,17.7,,2.2,91,1009.8,1019.9
108,서울,2024.10.16 1:00,17.3,,0.5,90,1010,1020.1
108,서울,2024.10.16 2:00,16.9,,1.6,92,1010.5,1020.6
108,서울,2024.10.16 3:00,16.4,,1,92,1010.7,1020.9
108,서울,2024.10.16 4:00,16,,0.4,93,1011,1021.2
108,서울,2024.10.16 5:00,15.4,,0,91,1011.3,1021.5
108,서울,2024.10.16 6:00,14.8,,1.5,93,1011.7,1022
108,서울,2024.10.16 7:00,14.6,,1.2,95,1012.1,1022.3
108,서울,2024.10.16 8:00,15,,1.7,96,1012.6,1022.9
108,서울,2024.10.16 9:00,15.5,,2.6,95,1013.2,1023.4
108,서울,2024.10.16 10:00,16.2,,2,93,1013.5,1023.7
108,서울,2024.10.16 11:00,18.2,,1.8,83,1013,1023.1
108,서울,2024.10.16 12:00,20.8,,1.6,67,1012.6,1022.6
108,서울,2024.10.16 13:00,22.4,,1.9,54,1011.8,1021.7
108,서울,2024.10.16 14:00,23.7,,2.3,52,1011.1,1020.9
108,서울,2024.10.16 15:00,24,,2,55,1011.2,1021
108,서울,2024.10.16 16:00,23.8,,1.7,53,1011.1,1020.9
108,서울,2024.10.16 17:00,22.9,,1.3,53,1010.9,1020.8
108,서울,2024.10.16 18:00,20.8,,1.3,62,1011.1,1021.1
108,서울,2024.10.16 19:00,19.5,,1.2,66,1011.8,1021.8
108,서울,2024.10.16 20:00,18.5,,1.7,69,1012.2,1022.3
108,서울,2024.10.16 21:00,17.7,,0.1,73,1012.8,1022.9
108,서울,2024.10.16 22:00,16.9,,1.6,76,1012.8,1023
108,서울,2024.10.16 23:00,16.3,,1.1,77,1012.8,1023
108,서울,2024.10.17 0:00,15.7,,1.2,78,1012.5,1022.7
108,서울,2024.10.17 1:00,15.3,,1.5,81,1012.7,1022.9
108,서울,2024.10.17 2:00,14.7,,1.9,82,1012.8,1023
108,서울,2024.10.17 3:00,14.2,,1.9,84,1012.5,1022.8
108,서울,2024.10.17 4:00,13.9,,1.6,86,1012.4,1022.7
108,서울,2024.10.17 5:00,13.9,,2,85,1012.4,1022.7
108,서울,2024.10.17 6:00,13.9,,1.7,85,1012.6,1022.9
108,서울,2024.10.17 7:00,13.9,,1.7,86,1013.1,1023.4
108,서울,2024.10.17 8:00,14.1,,2,86,1013.2,1023.5
108,서울,2024.10.17 9:00,15.2,,1.5,82,1013.6,1023.9
108,서울,2024.10.17 10:00,17.1,,1.8,75,1013.4,1023.5
108,서울,2024.10.17 11:00,20,,1.7,68,1013.3,1023.4
108,서울,2024.10.17 12:00,22.5,,1.7,62,1012.6,1022.5
108,서울,2024.10.17 13:00,23.7,,2,55,1011.5,1021.3
108,서울,2024.10.17 14:00,25,,1.6,51,1011.1,1021
108,서울,2024.10.17 15:00,25.4,,2.3,48,1010.4,1020.2
108,서울,2024.10.17 16:00,25.6,,1.6,50,1010.2,1020
108,서울,2024.10.17 17:00,24.8,,2.1,48,1009.7,1019.6
108,서울,2024.10.17 18:00,22.4,,2,56,1009.2,1019.1
108,서울,2024.10.17 19:00,20.9,,2.1,61,1009.3,1019.3
108,서울,2024.10.17 20:00,20,,2.2,66,1009.4,1019.4
108,서울,2024.10.17 21:00,19.7,,0.8,69,1010.1,1020.1
108,서울,2024.10.17 22:00,19,,2,73,1010.2,1020.2
108,서울,2024.10.17 23:00,18.6,,1.3,74,1010,1020
108,서울,2024.10.18 0:00,18.3,,2.2,77,1009.5,1019.5
108,서울,2024.10.18 1:00,18,,2.9,79,1008.7,1018.7
108,서울,2024.10.18 2:00,18.1,,1.7,78,1009.4,1019.5
108,서울,2024.10.18 3:00,17.9,,1.8,78,1008.9,1019
108,서울,2024.10.18 4:00,17.9,,2.4,78,1008.1,1018.1
108,서울,2024.10.18 5:00,17.9,,1.9,77,1007.8,1017.8
108,서울,2024.10.18 6:00,18,0,2.6,76,1007.5,1017.5
108,서울,2024.10.18 7:00,18,0,3,76,1007,1017
108,서울,2024.10.18 8:00,18.3,0,2.8,75,1007,1017
108,서울,2024.10.18 9:00,18.7,0,3.1,75,1006.8,1016.8
108,서울,2024.10.18 10:00,18.7,0.2,3,80,1006.4,1016.4
108,서울,2024.10.18 11:00,18.5,0.3,3.1,82,1004.8,1014.8
108,서울,2024.10.18 12:00,18.4,0.1,2.7,84,1003.9,1013.9
108,서울,2024.10.18 13:00,17.6,6.9,1.5,89,1003.4,1013.4
108,서울,2024.10.18 14:00,16.8,11,4.4,94,1000.4,1010.4
108,서울,2024.10.18 15:00,16.6,12.2,3,96,999.5,1009.5
108,서울,2024.10.18 16:00,16.7,16.1,1.6,96,999.9,1009.9
108,서울,2024.10.18 17:00,17.1,0.3,2.3,96,999.7,1009.7
108,서울,2024.10.18 18:00,17,,1.9,94,999.8,1009.8
108,서울,2024.10.18 19:00,16.7,,1.9,93,1000.1,1010.1
108,서울,2024.10.18 20:00,16.2,0,2.4,93,1000.2,1010.3
108,서울,2024.10.18 21:00,16.3,0,2.3,93,1000,1010.1
108,서울,2024.10.18 22:00,16.5,0,1.2,93,1000.3,1010.4
108,서울,2024.10.18 23:00,16.8,0,0.7,94,1000.3,1010.3
108,서울,2024.10.19 0:00,16.6,,2.1,93,999.4,1009.4
108,서울,2024.10.19 1:00,16.6,,0.6,92,999.6,1009.6
108,서울,2024.10.19 2:00,16.8,0,2.8,95,1000.4,1010.4
108,서울,2024.10.19 3:00,16.1,0.9,2.3,95,1000.5,1010.6
108,서울,2024.10.19 4:00,16,0.1,0.8,94,1001,1011.1
108,서울,2024.10.19 5:00,15.9,,0.8,92,1001.5,1011.6
108,서울,2024.10.19 6:00,15.9,,0.9,92,1002.2,1012.3
108,서울,2024.10.19 7:00,15.7,,1.8,91,1003.1,1013.2
108,서울,2024.10.19 8:00,15.6,,3.5,92,1004.5,1014.6
108,서울,2024.10.19 9:00,15.8,,1.8,90,1005.5,1015.6
108,서울,2024.10.19 10:00,18,,1.5,82,1005.8,1015.8
108,서울,2024.10.19 11:00,19.7,,1.7,73,1005.9,1015.8
108,서울,2024.10.19 12:00,20.8,,3.4,68,1006.5,1016.5
108,서울,2024.10.19 13:00,20.5,,3.3,68,1006.5,1016.5
108,서울,2024.10.19 14:00,20.2,,4.7,68,1007.2,1017.2
108,서울,2024.10.19 15:00,20.2,,3.6,66,1007.8,1017.8
108,서울,2024.10.19 16:00,19.7,,3.2,67,1009,1019
108,서울,2024.10.19 17:00,18.9,,3.6,61,1010.2,1020.2
108,서울,2024.10.19 18:00,17.5,,5.6,61,1011.8,1021.9
108,서울,2024.10.19 19:00,16.2,,4.8,63,1013.4,1023.6
108,서울,2024.10.19 20:00,15.1,,5.7,63,1014.7,1025
108,서울,2024.10.19 21:00,14.1,,5.4,64,1015.6,1025.9
108,서울,2024.10.19 22:00,13.3,,6.6,63,1016.3,1026.6
108,서울,2024.10.19 23:00,12.7,,5.2,64,1016.9,1027.3
108,서울,2024.10.20 0:00,12.4,,5.2,64,1017.7,1028.1
108,서울,2024.10.20 1:00,11.9,,5.3,63,1018.5,1028.9
108,서울,2024.10.20 2:00,11.7,,4.5,64,1019.3,1029.7
108,서울,2024.10.20 3:00,11.3,,3.5,65,1019.3,1029.8
108,서울,2024.10.20 4:00,11.2,,3.8,64,1019.7,1030.2
108,서울,2024.10.20 5:00,10.9,,3.7,65,1019.9,1030.4
108,서울,2024.10.20 6:00,10.8,,3.8,63,1020.5,1031
108,서울,2024.10.20 7:00,10.6,,3.5,63,1020.8,1031.3
108,서울,2024.10.20 8:00,11.2,,3.7,62,1021.6,1032.1
108,서울,2024.10.20 9:00,12.8,,4.6,54,1022.3,1032.7
108,서울,2024.10.20 10:00,14.3,,4.6,53,1021.7,1032
108,서울,2024.10.20 11:00,15.3,,4.3,48,1021.4,1031.7
108,서울,2024.10.20 12:00,16.1,,4.3,46,1020.9,1031.2
108,서울,2024.10.20 13:00,16.7,,3.9,44,1020.2,1030.4
108,서울,2024.10.20 14:00,17.4,,3.8,45,1019.7,1029.9
108,서울,2024.10.20 15:00,17.7,,3.4,46,1019.2,1029.4
108,서울,2024.10.20 16:00,17.5,,2.6,45,1018.7,1028.9
108,서울,2024.10.20 17:00,16.7,,3,45,1018.2,1028.4
108,서울,2024.10.20 18:00,15.3,,2.4,51,1018.3,1028.6
108,서울,2024.10.20 19:00,14.2,,3.9,53,1019,1029.3
108,서울,2024.10.20 20:00,13.4,,3.6,55,1019,1029.4
108,서울,2024.10.20 21:00,12.6,,3,58,1019.2,1029.6
108,서울,2024.10.20 22:00,11.7,,3,62,1018.9,1029.3
108,서울,2024.10.20 23:00,11.2,,2.7,63,1019.1,1029.6
108,서울,2024.10.21 0:00,10.8,,3.4,65,1017.9,1028.4
108,서울,2024.10.21 1:00,10.2,,2.3,67,1018.2,1028.7
108,서울,2024.10.21 2:00,10,,2.3,68,1017.5,1028
108,서울,2024.10.21 3:00,9.8,,3.1,69,1017.2,1027.7
108,서울,2024.10.21 4:00,10.1,,3.9,70,1016.4,1026.9
108,서울,2024.10.21 5:00,10.1,,3.2,69,1015.5,1026
108,서울,2024.10.21 6:00,10.2,,3.1,70,1014.7,1025.2
108,서울,2024.10.21 7:00,10.5,,3.3,70,1015.1,1025.6
108,서울,2024.10.21 8:00,11.3,,3.5,69,1014.9,1025.3
108,서울,2024.10.21 9:00,12.1,,2.7,67,1015.7,1026.1
108,서울,2024.10.21 10:00,13.1,0,2.8,67,1015.3,1025.6
108,서울,2024.10.21 11:00,15.3,,2.7,61,1014.6,1024.9
108,서울,2024.10.21 12:00,16.4,,2.4,59,1013.8,1024
108,서울,2024.10.21 13:00,17.3,,1.6,58,1013.2,1023.3
108,서울,2024.10.21 14:00,18.5,,2.1,56,1012.4,1022.5
108,서울,2024.10.21 15:00,19.1,,1.6,54,1012,1022
108,서울,2024.10.21 16:00,19,,2,54,1011.6,1021.6
108,서울,2024.10.21 17:00,18.5,,2.1,59,1011.3,1021.3
108,서울,2024.10.21 18:00,17.6,,1.8,63,1011.5,1021.6
108,서울,2024.10.21 19:00,17.3,,1.7,66,1012.2,1022.3
108,서울,2024.10.21 20:00,17.1,0,1.6,69,1012,1022.1
108,서울,2024.10.21 21:00,16.7,0,1.5,73,1012.3,1022.5
108,서울,2024.10.21 22:00,16.6,0,1.6,73,1012,1022.2
108,서울,2024.10.21 23:00,16.4,,2.1,76,1011.9,1022.1
108,서울,2024.10.22 0:00,16.2,0,2.2,76,1011,1021.2
108,서울,2024.10.22 1:00,16,,2.1,75,1009.8,1020
108,서울,2024.10.22 2:00,16,0,1.4,72,1010.3,1020.5
108,서울,2024.10.22 3:00,15.8,0,1.8,77,1010.1,1020.3
108,서울,2024.10.22 4:00,15.4,0.2,2.1,82,1009.3,1019.5
108,서울,2024.10.22 5:00,15.3,0,1.7,80,1008.5,1018.7
108,서울,2024.10.22 6:00,15.2,0,1.9,82,1007.8,1018
108,서울,2024.10.22 7:00,14.9,0.1,2.3,85,1007.6,1017.8
108,서울,2024.10.22 8:00,15,0,2.9,87,1007.3,1017.5
108,서울,2024.10.22 9:00,15,0.7,2.8,90,1006.7,1016.9
108,서울,2024.10.22 10:00,15.1,0.3,3.2,91,1006.3,1016.5
108,서울,2024.10.22 11:00,15.3,1,2.2,93,1005.6,1015.8
108,서울,2024.10.22 12:00,15.5,0.5,2.4,94,1004.5,1014.7
108,서울,2024.10.22 13:00,15.4,1.1,2.4,94,1004.1,1014.3
108,서울,2024.10.22 14:00,15.7,0.8,1.8,94,1002.4,1012.5
108,서울,2024.10.22 15:00,15.7,1.1,1.1,95,1002.2,1012.3
108,서울,2024.10.22 16:00,15.8,0.4,1.2,94,1001.9,1012
108,서울,2024.10.22 17:00,15.9,0.4,0.5,95,1001.3,1011.4
108,서울,2024.10.22 18:00,15.9,2.9,1.1,96,1000.7,1010.8
108,서울,2024.10.22 19:00,16,1.4,0.9,96,1000.5,1010.6
108,서울,2024.10.22 20:00,15.9,1.8,1.3,96,1000.1,1010.2
108,서울,2024.10.22 21:00,15.9,2.8,1,96,999.5,1009.6
108,서울,2024.10.22 22:00,16.6,2,3.4,98,999.3,1009.3
108,서울,2024.10.22 23:00,15.9,1.6,3.3,96,999.5,1009.6
108,서울,2024.10.23 0:00,15.2,1.5,3.4,96,999.4,1009.5
108,서울,2024.10.23 1:00,14.8,1.1,3.6,93,999.8,1009.9
108,서울,2024.10.23 2:00,14.4,0.2,4.1,89,1000,1010.1
108,서울,2024.10.23 3:00,13.6,0,5,88,1000.5,1010.7
108,서울,2024.10.23 4:00,12.5,0.9,4.7,92,1000.8,1011
108,서울,2024.10.23 5:00,11.9,0,3,89,1000.9,1011.1
108,서울,2024.10.23 6:00,11.5,0,2.5,91,1001.4,1011.7
108,서울,2024.10.23 7:00,11.5,0.1,4.6,80,1002.2,1012.5
108,서울,2024.10.23 8:00,11.7,,4.5,77,1003,1013.3
108,서울,2024.10.23 9:00,12.5,,6.6,70,1003.9,1014.1
108,서울,2024.10.23 10:00,12.5,,4.6,69,1005.1,1015.4
108,서울,2024.10.23 11:00,13,,5.3,68,1005.6,1015.8
108,서울,2024.10.23 12:00,13.9,,5,66,1005.6,1015.8
108,서울,2024.10.23 13:00,14.9,,4.2,64,1005.4,1015.6
108,서울,2024.10.23 14:00,15,,3.7,63,1005.5,1015.7
108,서울,2024.10.23 15:00,15,,3.9,65,1006.3,1016.5
108,서울,2024.10.23 16:00,15,,2.8,64,1006.7,1016.9
108,서울,2024.10.23 17:00,14.4,,3,65,1007.3,1017.5
108,서울,2024.10.23 18:00,13.7,,2.6,67,1007.5,1017.7
108,서울,2024.10.23 19:00,13.1,,2.5,71,1008.3,1018.6
108,서울,2024.10.23 20:00,12.9,,2.4,73,1008.5,1018.8
108,서울,2024.10.23 21:00,11.7,,2.9,73,1009.1,1019.4
108,서울,2024.10.23 22:00,11,,2.6,76,1009.6,1020
108,서울,2024.10.23 23:00,10.3,,1.5,80,1009.9,1020.3
108,서울,2024.10.24 0:00,9.4,,2.1,82,1010.3,1020.7
108,서울,2024.10.24 1:00,8.9,,1.8,86,1010.6,1021.1
108,서울,2024.10.24 2:00,8.5,,0.1,85,1011,1021.5
108,서울,2024.10.24 3:00,8,,1.1,87,1010.8,1021.3
108,서울,2024.10.24 4:00,8,,2.3,89,1010.9,1021.4
108,서울,2024.10.24 5:00,7.5,,1.4,87,1010.9,1021.4
108,서울,2024.10.24 6:00,7.2,,0.7,90,1011.2,1021.7
108,서울,2024.10.24 7:00,7.1,,1.2,88,1011.5,1022.1
108,서울,2024.10.24 8:00,7.4,,1.6,90,1012,1022.5
108,서울,2024.10.24 9:00,9.7,,1.1,83,1012.6,1023
108,서울,2024.10.24 10:00,12.2,,1.5,73,1012.9,1023.3
108,서울,2024.10.24 11:00,14.4,,2.2,58,1012.8,1023
108,서울,2024.10.24 12:00,15.9,,3.3,57,1012.3,1022.5
108,서울,2024.10.24 13:00,17.3,,2.8,54,1011.5,1021.6
108,서울,2024.10.24 14:00,17.8,,3,52,1010.9,1021
108,서울,2024.10.24 15:00,18.3,,4.3,50,1010.6,1020.7
108,서울,2024.10.24 16:00,18.1,,2.5,52,1011.1,1021.2
108,서울,2024.10.24 17:00,17.2,,3,51,1011,1021.1
108,서울,2024.10.24 18:00,15.9,,2.4,55,1011.7,1021.9
108,서울,2024.10.24 19:00,14.9,,1.8,60,1012.2,1022.5
108,서울,2024.10.24 20:00,14,,0.9,66,1012.5,1022.8
108,서울,2024.10.24 21:00,13.2,,1.3,71,1012.9,1023.2
108,서울,2024.10.24 22:00,12.5,,1.1,74,1013.6,1023.9
108,서울,2024.10.24 23:00,11.9,,0.6,75,1014,1024.4
108,서울,2024.10.25 0:00,11.5,,1.1,78,1014.3,1024.7
108,서울,2024.10.25 1:00,10.8,,1.9,83,1014.5,1024.9
108,서울,2024.10.25 2:00,10.2,,1.8,84,1014.3,1024.8
108,서울,2024.10.25 3:00,10,,1.9,86,1014.5,1025
108,서울,2024.10.25 4:00,9.8,,1.8,88,1014.4,1024.9
108,서울,2024.10.25 5:00,9.6,,1.5,89,1014.8,1025.3
108,서울,2024.10.25 6:00,9.2,,2,89,1015.2,1025.7
108,서울,2024.10.25 7:00,8.8,,1.9,89,1014.8,1025.3
108,서울,2024.10.25 8:00,9.5,,1.6,90,1015.6,1026.1
108,서울,2024.10.25 9:00,12.3,,1.9,78,1015.9,1026.3
108,서울,2024.10.25 10:00,14.7,,2.1,64,1015.9,1026.2
108,서울,2024.10.25 11:00,17,,2.7,54,1015.5,1025.7
108,서울,2024.10.25 12:00,18.7,,2.7,48,1015,1025.1
108,서울,2024.10.25 13:00,20.2,,2.4,40,1014,1024.1
108,서울,2024.10.25 14:00,21.4,,1.8,36,1013.3,1023.3
108,서울,2024.10.25 15:00,21.3,,0.8,35,1013.2,1023.2
108,서울,2024.10.25 16:00,21,,1.3,37,1013.4,1023.4
108,서울,2024.10.25 17:00,19.7,,0.8,45,1013.6,1023.6
108,서울,2024.10.25 18:00,18.1,,0.9,51,1013.6,1023.7
108,서울,2024.10.25 19:00,17,,0.9,55,1013.8,1024
108,서울,2024.10.25 20:00,15.9,,1.5,54,1013.4,1023.6
108,서울,2024.10.25 21:00,15.5,,1.3,57,1013.3,1023.5
108,서울,2024.10.25 22:00,15,,1.8,61,1013.6,1023.9
108,서울,2024.10.25 23:00,14.3,,1.6,67,1013.4,1023.7
108,서울,2024.10.26 0:00,13.8,,0.9,69,1013.3,1023.6
108,서울,2024.10.26 1:00,13.4,,1.4,73,1013.4,1023.7
108,서울,2024.10.26 2:00,12.8,,1.3,76,1013.2,1023.5
108,서울,2024.10.26 3:00,12.2,,1.8,79,1012.9,1023.3
108,서울,2024.10.26 4:00,11.8,,1.8,80,1012.3,1022.7
108,서울,2024.10.26 5:00,11.6,,1.9,81,1012.4,1022.8
108,서울,2024.10.26 6:00,11,,1.8,85,1012.5,1022.9
108,서울,2024.10.26 7:00,10.8,,1.6,84,1012.4,1022.8
108,서울,2024.10.26 8:00,11.4,,1.5,85,1012.4,1022.8
108,서울,2024.10.26 9:00,14.2,,2.5,75,1012.3,1022.5
108,서울,2024.10.26 10:00,16.6,,2.1,69,1011.6,1021.8
108,서울,2024.10.26 11:00,19.3,,1.7,61,1011.2,1021.2
108,서울,2024.10.26 12:00,20.9,,2.2,57,1010.6,1020.6
108,서울,2024.10.26 13:00,21.8,,3,53,1009.4,1019.3
108,서울,2024.10.26 14:00,23,,3,47,1008.2,1018.1
108,서울,2024.10.26 15:00,23.5,,1.5,46,1007.8,1017.6
108,서울,2024.10.26 16:00,24,,2.4,46,1008.4,1018.2
108,서울,2024.10.26 17:00,22.6,,2.6,51,1007.8,1017.7
108,서울,2024.10.26 18:00,21,,1.2,56,1008.2,1018.2
108,서울,2024.10.26 19:00,19.5,,0.6,65,1008.5,1018.5
108,서울,2024.10.26 20:00,18.4,,1.5,68,1008.2,1018.2
108,서울,2024.10.26 21:00,17.4,,1.9,71,1008.1,1018.2
108,서울,2024.10.26 22:00,16.8,,1.8,73,1008.6,1018.7
108,서울,2024.10.26 23:00,16.6,,2,76,1008.5,1018.6
108,서울,2024.10.27 0:00,16.1,,1.5,77,1007.8,1018
108,서울,2024.10.27 1:00,15.9,,1.6,78,1007.9,1018.1
108,서울,2024.10.27 2:00,15.4,,2,79,1007.3,1017.5
108,서울,2024.10.27 3:00,15.4,,1.8,80,1006.3,1016.5
108,서울,2024.10.27 4:00,15.1,,1.4,80,1005.9,1016.1
108,서울,2024.10.27 5:00,15,,1,81,1005.8,1016
108,서울,2024.10.27 6:00,14.7,,1.3,82,1005.7,1015.9
108,서울,2024.10.27 7:00,14.4,,1.9,83,1005,1015.2
108,서울,2024.10.27 8:00,14.5,,1.9,85,1004.2,1014.4
108,서울,2024.10.27 9:00,15.5,,1.5,82,1004.7,1014.9
108,서울,2024.10.27 10:00,17.1,,1.3,76,1004.3,1014.4
108,서울,2024.10.27 11:00,17.5,,1.5,75,1003.9,1013.9
108,서울,2024.10.27 12:00,18.3,,2.7,71,1003.2,1013.2
108,서울,2024.10.27 13:00,18.6,,2.5,70,1002.6,1012.6
108,서울,2024.10.27 14:00,18.3,,2.5,69,1002.1,1012.1
108,서울,2024.10.27 15:00,17.8,0,1.9,72,1001.3,1011.3
108,서울,2024.10.27 16:00,17.6,,1.6,72,1001.8,1011.8
108,서울,2024.10.27 17:00,17.1,,2,75,1001.6,1011.6
108,서울,2024.10.27 18:00,16.6,,2.1,79,1001.6,1011.7
108,서울,2024.10.27 19:00,16.1,,2.7,81,1002.3,1012.4
108,서울,2024.10.27 20:00,15.7,,2.4,82,1003,1013.1
108,서울,2024.10.27 21:00,15.4,,1,82,1002.5,1012.6
108,서울,2024.10.27 22:00,14.9,,0.2,84,1002.6,1012.8
108,서울,2024.10.27 23:00,14.5,,0.7,86,1002.6,1012.7
108,서울,2024.10.28 0:00,14,,0.1,87,1002.3,1012.5
108,서울,2024.10.28 1:00,13.6,,1.6,90,1002.2,1012.4
108,서울,2024.10.28 2:00,13.2,,0.1,91,1002.5,1012.7
108,서울,2024.10.28 3:00,12.7,,0,91,1002.4,1012.6
108,서울,2024.10.28 4:00,12.5,,0.7,93,1002.1,1012.3
108,서울,2024.10.28 5:00,12.4,,1.3,93,1002.9,1013.1
108,서울,2024.10.28 6:00,12.7,,1.5,94,1003.2,1013.4
108,서울,2024.10.28 7:00,12.9,,2.3,94,1003.4,1013.6
108,서울,2024.10.28 8:00,13.1,,2,93,1004.2,1014.4
108,서울,2024.10.28 9:00,13.6,,2.6,91,1004.7,1014.9
108,서울,2024.10.28 10:00,14.4,,1.9,86,1005,1015.2
108,서울,2024.10.28 11:00,16,,1.6,79,1005.1,1015.2
108,서울,2024.10.28 12:00,17,,2.6,74,1005.1,1015.2
108,서울,2024.10.28 13:00,18.7,,2.3,69,1003.9,1013.9
108,서울,2024.10.28 14:00,19.4,,1.7,65,1003.5,1013.4
108,서울,2024.10.28 15:00,20.1,,1.7,64,1003.4,1013.4
108,서울,2024.10.28 16:00,19.6,,3.1,62,1003.6,1013.5
108,서울,2024.10.28 17:00,19,,3,63,1003.9,1013.8
108,서울,2024.10.28 18:00,18.4,,2.5,62,1004.6,1014.6
108,서울,2024.10.28 19:00,17.7,0,3.8,62,1005.4,1015.4
108,서울,2024.10.28 20:00,16.9,,3.9,64,1005.9,1016
108,서울,2024.10.28 21:00,16,,3.7,65,1006.8,1016.9
108,서울,2024.10.28 22:00,15.7,,3.6,64,1007.5,1017.7
108,서울,2024.10.28 23:00,15.4,,2.6,65,1007.8,1018
108,서울,2024.10.29 0:00,15.1,,3.5,66,1007.9,1018.1
108,서울,2024.10.29 1:00,14.7,,2.4,67,1008,1018.2
108,서울,2024.10.29 2:00,14.5,,3.1,68,1008.1,1018.3
108,서울,2024.10.29 3:00,14.1,,4.5,68,1007.8,1018
108,서울,2024.10.29 4:00,13.8,,3.3,69,1007.4,1017.6
108,서울,2024.10.29 5:00,13.5,,2.3,70,1007.5,1017.7
108,서울,2024.10.29 6:00,13.5,,3.6,68,1007.5,1017.7
108,서울,2024.10.29 7:00,13.6,,3,66,1007.7,1017.9
108,서울,2024.10.29 8:00,13.7,,2.6,65,1008.3,1018.5
108,서울,2024.10.29 9:00,14.2,,2.7,63,1009,1019.2
108,서울,2024.10.29 10:00,15.4,,2.8,58,1009,1019.2
108,서울,2024.10.29 11:00,15.6,0,1.1,58,1008.9,1019.1
108,서울,2024.10.29 12:00,15.8,0,2.4,57,1008.4,1018.6
108,서울,2024.10.29 13:00,16.9,,2.5,53,1007.8,1017.9
108,서울,2024.10.29 14:00,17.6,,2,49,1007.3,1017.4
108,서울,2024.10.29 15:00,18.1,,2.6,51,1007.1,1017.1
108,서울,2024.10.29 16:00,18,,1.5,52,1007.4,1017.4
108,서울,2024.10.29 17:00,17,0,1.9,63,1007.2,1017.3
108,서울,2024.10.29 18:00,16.3,,1.4,64,1007.3,1017.4
108,서울,2024.10.29 19:00,15.3,,0.7,66,1007.9,1018.1
108,서울,2024.10.29 20:00,15.1,,1,70,1008.6,1018.8
108,서울,2024.10.29 21:00,14.6,,1.8,71,1008.5,1018.7
108,서울,2024.10.29 22:00,13.9,,1.3,74,1009.2,1019.4
108,서울,2024.10.29 23:00,13.9,,0.8,73,1009,1019.2
108,서울,2024.10.30 0:00,13.7,,1.8,75,1009.1,1019.3
108,서울,2024.10.30 1:00,13.2,,1.3,78,1009.7,1020
108,서울,2024.10.30 2:00,13,,0.7,79,1010.1,1020.4
108,서울,2024.10.30 3:00,12.7,,1,80,1010.3,1020.6
108,서울,2024.10.30 4:00,12.6,,0.1,81,1010.5,1020.8
108,서울,2024.10.30 5:00,12.3,,0.3,83,1011,1021.3
108,서울,2024.10.30 6:00,11.8,,0.6,85,1011.3,1021.7
108,서울,2024.10.30 7:00,11.5,,0.5,88,1011.9,1022.3
108,서울,2024.10.30 8:00,11.6,,1.3,89,1012.2,1022.6
108,서울,2024.10.30 9:00,13.2,,1.2,84,1012.8,1023.1
108,서울,2024.10.30 10:00,15.9,,0.9,73,1012.6,1022.8
108,서울,2024.10.30 11:00,18,,1.3,63,1013,1023.1
108,서울,2024.10.30 12:00,19.9,,1.2,60,1012.6,1022.7
108,서울,2024.10.30 13:00,20.6,,2.6,53,1011.7,1021.7
108,서울,2024.10.30 14:00,21.3,,2.6,49,1011,1021
108,서울,2024.10.30 15:00,21.2,,2.4,47,1010.5,1020.5
108,서울,2024.10.30 16:00,20.8,,2.5,47,1010.9,1020.9
108,서울,2024.10.30 17:00,19.4,,2.7,50,1011.3,1021.3
108,서울,2024.10.30 18:00,17.8,,2.8,60,1011.8,1021.9
108,서울,2024.10.30 19:00,16.9,,3.1,67,1012.7,1022.9
108,서울,2024.10.30 20:00,16.2,,3.7,72,1012.8,1023
108,서울,2024.10.30 21:00,15.5,,1,73,1012.7,1022.9
108,서울,2024.10.30 22:00,15,,0.3,75,1012.8,1023.1
108,서울,2024.10.30 23:00,14.2,,1.3,79,1013,1023.3
108,서울,2024.10.31 0:00,13.7,,1.1,81,1013.2,1023.5
108,서울,2024.10.31 1:00,13,,2,85,1013.1,1023.4
108,서울,2024.10.31 2:00,12.4,,1.9,86,1013.3,1023.6
108,서울,2024.10.31 3:00,12,,1.7,86,1013.3,1023.7
108,서울,2024.10.31 4:00,11.8,,1.9,84,1012.7,1023.1
108,서울,2024.10.31 5:00,11.6,,1.7,83,1013.1,1023.5
108,서울,2024.10.31 6:00,11.4,,1.1,85,1013.4,1023.8
108,서울,2024.10.31 7:00,11.2,,1.9,86,1013.6,1024
108,서울,2024.10.31 8:00,11.3,,1.6,86,1014,1024.4
108,서울,2024.10.31 9:00,13.5,,2.1,78,1014.3,1024.6
108,서울,2024.10.31 10:00,16.1,,2.2,70,1013.9,1024.1
108,서울,2024.10.31 11:00,18.4,,1.2,61,1013.3,1023.4
108,서울,2024.10.31 12:00,19.7,,1.8,53,1013.1,1023.1
108,서울,2024.10.31 13:00,21,,1.3,48,1012.1,1022.1
108,서울,2024.10.31 14:00,22,,1.6,44,1011.1,1021
108,서울,2024.10.31 15:00,22.3,,1.6,43,1011.2,1021.1
108,서울,2024.10.31 16:00,22.2,,0.9,44,1010.9,1020.8
108,서울,2024.10.31 17:00,21,,1.1,46,1010.7,1020.7
108,서울,2024.10.31 18:00,18.7,,0.8,56,1010.7,1020.7
108,서울,2024.10.31 19:00,17.2,,1.5,60,1011.1,1021.2
108,서울,2024.10.31 20:00,16.6,,2,63,1011.6,1021.8
108,서울,2024.10.31 21:00,15.8,,0.8,67,1011.7,1021.9
108,서울,2024.10.31 22:00,14.9,,0.2,71,1011.9,1022.2
108,서울,2024.10.31 23:00,14.4,,1.5,70,1012.3,1022.5
108,서울,2024.11.1 0:00,13.9,,1.6,74,1011.8,1022.1
108,서울,2024.11.1 1:00,13.7,,1.9,74,1011.6,1021.9
108,서울,2024.11.1 2:00,13.2,,0.9,76,1011.4,1021.7
108,서울,2024.11.1 3:00,13.1,,2.1,78,1011.5,1021.8
108,서울,2024.11.1 4:00,12.9,,1.2,80,1011.5,1021.8
108,서울,2024.11.1 5:00,12.9,,0.9,79,1010.8,1021.1
108,서울,2024.11.1 6:00,13,,1.8,80,1010.7,1021
108,서울,2024.11.1 7:00,13.1,,1.4,81,1011,1021.3
108,서울,2024.11.1 8:00,13.1,,1.9,81,1011,1021.3
108,서울,2024.11.1 9:00,13.5,,1.6,80,1011.7,1022
108,서울,2024.11.1 10:00,14.5,,2.6,78,1011.4,1021.6
108,서울,2024.11.1 11:00,15.8,,1.6,70,1010.2,1020.4
108,서울,2024.11.1 12:00,16.6,,3.4,66,1009.8,1019.9
108,서울,2024.11.1 13:00,17.5,,2.2,63,1009,1019.1
108,서울,2024.11.1 14:00,18.2,,1.8,58,1007.9,1017.9
108,서울,2024.11.1 15:00,18.6,,1.7,56,1007.6,1017.6
108,서울,2024.11.1 16:00,18.1,,1.4,58,1007.4,1017.4
108,서울,2024.11.1 17:00,17.6,,1.5,60,1007.4,1017.5
108,서울,2024.11.1 18:00,16.9,,0.9,65,1007.2,1017.3
108,서울,2024.11.1 19:00,16.3,,0.8,68,1006.9,1017
108,서울,2024.11.1 20:00,16,,1.1,70,1006.7,1016.8
108,서울,2024.11.1 21:00,15.5,,1.1,70,1006.4,1016.6
108,서울,2024.11.1 22:00,15.2,,1.6,74,1005.9,1016.1
108,서울,2024.11.1 23:00,15,,0.3,75,1005.6,1015.8
108,서울,2024.11.2 0:00,15,,1.9,71,1005.4,1015.6
108,서울,2024.11.2 1:00,15,,1.7,67,1004.8,1015
108,서울,2024.11.2 2:00,14.9,,2.1,67,1004.5,1014.7
108,서울,2024.11.2 3:00,14.8,,0.9,66,1004.7,1014.9
108,서울,2024.11.2 4:00,14.3,,0.7,69,1004.4,1014.6
108,서울,2024.11.2 5:00,13.9,,1.5,68,1004.6,1014.8
108,서울,2024.11.2 6:00,13.3,,1,73,1004.8,1015
108,서울,2024.11.2 7:00,13.1,,0.7,72,1005.2,1015.4
108,서울,2024.11.2 8:00,13.2,,1.8,70,1006.1,1016.3
108,서울,2024.11.2 9:00,15.2,,1.3,65,1006.8,1017
108,서울,2024.11.2 10:00,19.1,,3.7,54,1007.4,1017.4
108,서울,2024.11.2 11:00,21,,2.7,52,1007.4,1017.4
108,서울,2024.11.2 12:00,22.3,,2.7,48,1007,1016.9
108,서울,2024.11.2 13:00,23.6,,3.4,47,1006.8,1016.6
108,서울,2024.11.2 14:00,24,,2.7,44,1006.5,1016.3
108,서울,2024.11.2 15:00,24.8,,1.5,42,1006.6,1016.4
108,서울,2024.11.2 16:00,24.7,,2.6,42,1006.8,1016.5
108,서울,2024.11.2 17:00,23.2,,2.2,44,1007.3,1017.1
108,서울,2024.11.2 18:00,21.2,,3.2,50,1008.1,1018.1
108,서울,2024.11.2 19:00,19.8,,1.9,54,1009.1,1019.1
108,서울,2024.11.2 20:00,19.1,,1.5,56,1010,1020
108,서울,2024.11.2 21:00,18,,1.3,58,1010.9,1021
108,서울,2024.11.2 22:00,16.7,,2.4,65,1011.5,1021.7
108,서울,2024.11.2 23:00,16,,2.5,68,1011.9,1022.1
108,서울,2024.11.3 0:00,15.4,,2.4,69,1012.1,1022.3
108,서울,2024.11.3 1:00,15.2,,2.9,72,1012,1022.2
108,서울,2024.11.3 2:00,14.5,,2,73,1012.5,1022.7
108,서울,2024.11.3 3:00,14.1,,2.2,75,1012.4,1022.7
108,서울,2024.11.3 4:00,13.9,,2.2,77,1012,1022.3
108,서울,2024.11.3 5:00,13.5,,2.6,77,1012,1022.3
108,서울,2024.11.3 6:00,13.3,,1.8,78,1012.2,1022.5
108,서울,2024.11.3 7:00,13,,2.4,80,1012.4,1022.7
108,서울,2024.11.3 8:00,13.4,,2.7,80,1012.7,1023
108,서울,2024.11.3 9:00,15,,2.6,74,1012.8,1023.1
108,서울,2024.11.3 10:00,17.2,,2,67,1012.8,1022.9
108,서울,2024.11.3 11:00,19.4,,1.6,60,1012.1,1022.1
108,서울,2024.11.3 12:00,20.7,,2.1,55,1011.1,1021.1
108,서울,2024.11.3 13:00,22.9,,2.1,50,1010,1019.9
108,서울,2024.11.3 14:00,23.2,,2.7,49,1009.5,1019.4
108,서울,2024.11.3 15:00,22.3,,3.5,50,1009.4,1019.3
108,서울,2024.11.3 16:00,22.1,,2.4,55,1009.4,1019.3
108,서울,2024.11.3 17:00,20.6,,2.3,64,1009.2,1019.2
108,서울,2024.11.3 18:00,19.6,,2.7,74,1009.2,1019.2
108,서울,2024.11.3 19:00,19.1,,2.8,77,1009.6,1019.6
108,서울,2024.11.3 20:00,18.8,,2.8,81,1009.7,1019.7
108,서울,2024.11.3 21:00,18.8,0,2.2,82,1009.4,1019.4
108,서울,2024.11.3 22:00,18.1,,2.3,81,1009.5,1019.6
108,서울,2024.11.3 23:00,17.7,,2.9,81,1009.3,1019.4
108,서울,2024.11.4 0:00,17.3,,2.3,81,1008.8,1018.9
108,서울,2024.11.4 1:00,17.5,,4.5,81,1008.5,1018.6
108,서울,2024.11.4 2:00,17.4,,3.1,82,1008.7,1018.8
108,서울,2024.11.4 3:00,17.1,0.1,2.1,84,1008.5,1018.6
108,서울,2024.11.4 4:00,16.8,,1.3,86,1008.4,1018.5
108,서울,2024.11.4 5:00,16.8,,2.8,88,1008,1018.1
108,서울,2024.11.4 6:00,16.5,,0.6,86,1007.6,1017.7
108,서울,2024.11.4 7:00,16.5,,1.5,86,1007.7,1017.8
108,서울,2024.11.4 8:00,16.6,,2.2,87,1008.5,1018.6
108,서울,2024.11.4 9:00,17.1,,2.5,84,1009.4,1019.5
108,서울,2024.11.4 10:00,17.5,,2.4,74,1009.4,1019.5
108,서울,2024.11.4 11:00,17.4,,3.2,61,1009.8,1019.9
108,서울,2024.11.4 12:00,17.8,,3.5,42,1009.9,1020
108,서울,2024.11.4 13:00,17.8,,5.2,42,1009.9,1020
108,서울,2024.11.4 14:00,17.7,,3.3,49,1009.3,1019.4
108,서울,2024.11.4 15:00,17.6,,4.4,43,1009.3,1019.4
108,서울,2024.11.4 16:00,16.4,,4.6,48,1009.5,1019.7
108,서울,2024.11.4 17:00,15.1,,2.9,47,1009.7,1019.9
108,서울,2024.11.4 18:00,13.3,,2.3,45,1010.2,1020.5
108,서울,2024.11.4 19:00,12.2,,3.2,47,1011,1021.3
108,서울,2024.11.4 20:00,11.1,,4.1,49,1011.5,1021.9
108,서울,2024.11.4 21:00,10.3,,2,52,1011.8,1022.2
108,서울,2024.11.4 22:00,9.8,,1.7,54,1012,1022.5
108,서울,2024.11.4 23:00,9.3,,2.4,56,1012.5,1023
108,서울,2024.11.5 0:00,9,,2.7,60,1012.7,1023.2
108,서울,2024.11.5 1:00,8.7,,2.1,58,1012.8,1023.3
108,서울,2024.11.5 2:00,8.1,,1.1,59,1012.2,1022.7
108,서울,2024.11.5 3:00,7.8,,1.5,61,1011.9,1022.4
108,서울,2024.11.5 4:00,7.5,,1.7,60,1011.7,1022.2
108,서울,2024.11.5 5:00,7.4,,2.3,62,1012,1022.5
108,서울,2024.11.5 6:00,6.6,,1.2,65,1012,1022.6
108,서울,2024.11.5 7:00,6,,1.3,67,1012,1022.6
108,서울,2024.11.5 8:00,5.6,,1.7,71,1012.4,1023
108,서울,2024.11.5 9:00,7.4,,1.1,66,1012.5,1023
108,서울,2024.11.5 10:00,10,,2.3,59,1012.3,1022.8
108,서울,2024.11.5 11:00,11.7,,2.5,51,1011.9,1022.3
108,서울,2024.11.5 12:00,12.8,,2.7,48,1011,1021.3
108,서울,2024.11.5 13:00,13.5,,4.2,45,1010.3,1020.6
108,서울,2024.11.5 14:00,14.3,,3,45,1009.6,1019.8
108,서울,2024.11.5 15:00,14.4,,3.3,44,1009.5,1019.7
108,서울,2024.11.5 16:00,13.1,,4.1,39,1010,1020.3
108,서울,2024.11.5 17:00,12,,3.1,36,1010.3,1020.6
108,서울,2024.11.5 18:00,10.6,,2.5,32,1010.9,1021.3
108,서울,2024.11.5 19:00,9.5,,2.5,30,1011.9,1022.3
108,서울,2024.11.5 20:00,8.4,,1.3,33,1012.1,1022.6
108,서울,2024.11.5 21:00,7.3,,1,37,1012.5,1023.1
108,서울,2024.11.5 22:00,6.4,,0.7,39,1012.9,1023.5
108,서울,2024.11.5 23:00,6.4,,1.6,42,1013.2,1023.8
108,서울,2024.11.6 0:00,6,,1.4,45,1013.4,1024
108,서울,2024.11.6 1:00,5.6,,1.1,47,1013.5,1024.1
108,서울,2024.11.6 2:00,5.1,,1,51,1013.4,1024.1
108,서울,2024.11.6 3:00,5.4,,2.4,53,1013.6,1024.3
108,서울,2024.11.6 4:00,5.1,,1.7,53,1013.7,1024.4
108,서울,2024.11.6 5:00,4.4,,1.8,57,1013.9,1024.6
108,서울,2024.11.6 6:00,4.2,,1.1,60,1014.3,1025
108,서울,2024.11.6 7:00,5.1,,2.9,60,1014.7,1025.4
108,서울,2024.11.6 8:00,5,,1.7,60,1015.2,1025.9
108,서울,2024.11.6 9:00,7,,3.5,53,1015.9,1026.5
108,서울,2024.11.6 10:00,8.1,,3.6,50,1015.9,1026.4
108,서울,2024.11.6 11:00,9.3,,4.3,42,1015.9,1026.4
108,서울,2024.11.6 12:00,10.9,,3.3,37,1015.4,1025.8
108,서울,2024.11.6 13:00,11.5,,3.3,31,1015,1025.4
108,서울,2024.11.6 14:00,11.8,,2.7,29,1014.8,1025.2
108,서울,2024.11.6 15:00,12.4,,3,31,1014.9,1025.3
108,서울,2024.11.6 16:00,11.9,,2.6,32,1015.2,1025.6
108,서울,2024.11.6 17:00,10.4,,3.2,35,1015.6,1026.1
108,서울,2024.11.6 18:00,9,,2.4,38,1016.1,1026.6
108,서울,2024.11.6 19:00,8.5,,3.7,39,1016.4,1026.9
108,서울,2024.11.6 20:00,7.7,,3.1,42,1016.9,1027.5
108,서울,2024.11.6 21:00,6.7,,1.9,46,1017.1,1027.7
108,서울,2024.11.6 22:00,6.1,,1.9,47,1017.8,1028.5
108,서울,2024.11.6 23:00,5.2,,1.2,50,1018.1,1028.8
108,서울,2024.11.7 0:00,4.7,,1,51,1017.9,1028.6
108,서울,2024.11.7 1:00,4,,1,55,1017.9,1028.6
108,서울,2024.11.7 2:00,3.6,,1.5,55,1018.6,1029.4
108,서울,2024.11.7 3:00,3.3,,0.7,61,1018.6,1029.4
108,서울,2024.11.7 4:00,3,,2.1,58,1018.7,1029.5
108,서울,2024.11.7 5:00,2.6,,1.4,62,1018.9,1029.7
108,서울,2024.11.7 6:00,2,,1.9,64,1019.1,1029.9
108,서울,2024.11.7 7:00,1.7,,2.5,66,1019.7,1030.6
108,서울,2024.11.7 8:00,1.9,,2,67,1020.3,1031.2
108,서울,2024.11.7 9:00,4.5,,1.6,59,1020.5,1031.2
108,서울,2024.11.7 10:00,8,,1.2,51,1020.6,1031.2
108,서울,2024.11.7 11:00,10.4,,1,39,1020.3,1030.8
108,서울,2024.11.7 12:00,11.7,,1.1,35,1019.7,1030.2
108,서울,2024.11.7 13:00,14.2,,1.8,33,1019,1029.3
108,서울,2024.11.7 14:00,14.5,,1.5,30,1018.4,1028.7
108,서울,2024.11.7 15:00,15.4,,1.6,29,1018.1,1028.4
108,서울,2024.11.7 16:00,15,,1.4,29,1018,1028.3
108,서울,2024.11.7 17:00,13.2,,2.4,34,1018.1,1028.5
108,서울,2024.11.7 18:00,10.9,,2,39,1018.2,1028.7
108,서울,2024.11.7 19:00,10,,1.5,41,1018.6,1029.1
108,서울,2024.11.7 20:00,9.1,,1.2,45,1019,1029.5
108,서울,2024.11.7 21:00,8.2,,1.3,48,1019.2,1029.8
108,서울,2024.11.7 22:00,7.7,,0.9,49,1019.3,1029.9
108,서울,2024.11.7 23:00,7.3,,1.8,49,1019.3,1029.9
108,서울,2024.11.8 0:00,6.5,,1.3,50,1019.2,1029.9
108,서울,2024.11.8 1:00,6.1,,1.2,53,1019.4,1030.1
108,서울,2024.11.8 2:00,5.4,,1.3,54,1019.2,1029.9
108,서울,2024.11.8 3:00,5.1,,1.1,56,1019.2,1029.9
108,서울,2024.11.8 4:00,4.4,,1.7,60,1018.6,1029.3
108,서울,2024.11.8 5:00,3.7,,1.7,63,1018.5,1029.3
108,서울,2024.11.8 6:00,3.5,,1.9,64,1018.5,1029.3
108,서울,2024.11.8 7:00,3.2,,1.8,67,1018.8,1029.6
108,서울,2024.11.8 8:00,3.4,,1.9,68,1018.8,1029.6
108,서울,2024.11.8 9:00,6,,1.3,58,1019,1029.7
108,서울,2024.11.8 10:00,9.6,,1.3,49,1019.1,1029.6
108,서울,2024.11.8 11:00,12.6,,1.6,41,1018.6,1029
108,서울,2024.11.8 12:00,14.7,,1.5,38,1017.6,1027.9
108,서울,2024.11.8 13:00,16.5,,2.2,36,1016.6,1026.8
108,서울,2024.11.8 14:00,17.1,,1.9,40,1015.9,1026.1
108,서울,2024.11.8 15:00,18,,1,36,1015.7,1025.8
108,서울,2024.11.8 16:00,17.3,,1.6,34,1015.7,1025.9
108,서울,2024.11.8 17:00,15.5,,2.7,41,1015.5,1025.8
108,서울,2024.11.8 18:00,13.6,,2.1,45,1015.7,1026
108,서울,2024.11.8 19:00,12.4,,2,45,1016.3,1026.7
108,서울,2024.11.8 20:00,11.6,,1.2,49,1016.5,1026.9
108,서울,2024.11.8 21:00,10.8,,0.2,53,1016.5,1027
108,서울,2024.11.8 22:00,10.2,,0,58,1017,1027.5
108,서울,2024.11.8 23:00,9.6,,1.1,59,1016.8,1027.3
108,서울,2024.11.9 0:00,9.5,,1.2,56,1016.5,1027
108,서울,2024.11.9 1:00,9.1,,1.3,56,1016.9,1027.4
108,서울,2024.11.9 2:00,8.5,,1.7,59,1016.7,1027.2
108,서울,2024.11.9 3:00,8.4,,1.3,58,1016.4,1026.9
108,서울,2024.11.9 4:00,8,,1.9,60,1016.1,1026.7
108,서울,2024.11.9 5:00,7.5,,2.2,64,1016.5,1027.1
108,서울,2024.11.9 6:00,6.9,,2.1,66,1016.7,1027.3
108,서울,2024.11.9 7:00,6.9,,1.6,66,1016.8,1027.4
108,서울,2024.11.9 8:00,7.1,,1.8,69,1017.4,1028
108,서울,2024.11.9 9:00,9.1,,1.6,64,1017.5,1028
108,서울,2024.11.9 10:00,12.4,,1.7,55,1017.3,1027.7
108,서울,2024.11.9 11:00,15.5,,2.2,49,1016.9,1027.2
108,서울,2024.11.9 12:00,17.7,,1.5,47,1016.3,1026.4
108,서울,2024.11.9 13:00,18.9,,1.8,43,1015.7,1025.8
108,서울,2024.11.9 14:00,19.8,,1,40,1015.2,1025.3
108,서울,2024.11.9 15:00,20.2,,0.9,36,1014.8,1024.9
108,서울,2024.11.9 16:00,19.5,,1,36,1014.6,1024.6
108,서울,2024.11.9 17:00,17.6,,1.1,47,1014.6,1024.7
108,서울,2024.11.9 18:00,15.8,,1,50,1014.7,1024.9
108,서울,2024.11.9 19:00,14.7,,2.1,53,1015,1025.3
108,서울,2024.11.9 20:00,14,,0.9,57,1015,1025.3
108,서울,2024.11.9 21:00,13.4,,1,58,1014.9,1025.2
108,서울,2024.11.9 22:00,12.7,,1.3,62,1015,1025.4
108,서울,2024.11.9 23:00,12,,1.9,64,1015.2,1025.6
108,서울,2024.11.10 0:00,11.4,,1.8,67,1014.7,1025.1
108,서울,2024.11.10 1:00,11,,2,68,1014.5,1024.9
108,서울,2024.11.10 2:00,10.9,,1.6,69,1014.3,1024.7
108,서울,2024.11.10 3:00,10.6,,1,70,1013.9,1024.3
108,서울,2024.11.10 4:00,10.5,,1.6,71,1013.4,1023.8
108,서울,2024.11.10 5:00,10.5,,1.7,72,1013.6,1024
108,서울,2024.11.10 6:00,10.4,,2.1,72,1012.9,1023.3
108,서울,2024.11.10 7:00,10.4,,1.5,71,1013,1023.4
108,서울,2024.11.10 8:00,10.8,,0.7,72,1013.2,1023.6
108,서울,2024.11.10 9:00,11.4,,1.6,71,1013.4,1023.8
108,서울,2024.11.10 10:00,13.5,,1.4,65,1013,1023.3
108,서울,2024.11.10 11:00,15.8,,1.5,58,1012.4,1022.6
108,서울,2024.11.10 12:00,17.7,,1.3,55,1011.4,1021.5
108,서울,2024.11.10 13:00,20,,2,50,1010.4,1020.4
108,서울,2024.11.10 14:00,20.3,,1.3,47,1009.5,1019.5
108,서울,2024.11.10 15:00,20.9,,2.2,46,1009.2,1019.2
108,서울,2024.11.10 16:00,20.4,,2.8,46,1009.2,1019.2
108,서울,2024.11.10 17:00,18.6,,1.9,50,1009.3,1019.3
108,서울,2024.11.10 18:00,16.9,,1.8,57,1009.9,1020
108,서울,2024.11.10 19:00,15.8,,2.4,66,1010.2,1020.4
108,서울,2024.11.10 20:00,15.3,,3,67,1010.6,1020.8
108,서울,2024.11.10 21:00,14.6,,2.4,66,1010.5,1020.7
108,서울,2024.11.10 22:00,13.9,,1.2,67,1010.6,1020.8
108,서울,2024.11.10 23:00,13.2,,1.3,73,1010.6,1020.9
108,서울,2024.11.11 0:00,12.5,,1.9,75,1010.6,1020.9
108,서울,2024.11.11 1:00,12,,0.9,77,1010.5,1020.8
108,서울,2024.11.11 2:00,11.6,,1,80,1011,1021.4
108,서울,2024.11.11 3:00,11.1,,0,80,1010.7,1021.1
108,서울,2024.11.11 4:00,10.6,,0.2,81,1010.6,1021
108,서울,2024.11.11 5:00,10.3,,0.2,82,1010.4,1020.8
108,서울,2024.11.11 6:00,10.1,,0.2,82,1010.3,1020.7
108,서울,2024.11.11 7:00,10,,0.7,82,1010.7,1021.1
108,서울,2024.11.11 8:00,9.8,,0.1,80,1011.1,1021.6
108,서울,2024.11.11 9:00,11.3,,1,71,1011.5,1021.9
108,서울,2024.11.11 10:00,14,,0.7,64,1011.1,1021.3
108,서울,2024.11.11 11:00,16.3,,1.5,53,1010.8,1021
108,서울,2024.11.11 12:00,17.8,,1.9,49,1010.1,1020.2
108,서울,2024.11.11 13:00,19.2,,2.1,44,1008.9,1018.9
108,서울,2024.11.11 14:00,20.4,,0.8,42,1007.9,1017.9
108,서울,2024.11.11 15:00,21.6,,1.4,38,1007.4,1017.3
108,서울,2024.11.11 16:00,21.1,,1.4,36,1007.1,1017
108,서울,2024.11.11 17:00,19.7,,1.6,42,1007,1016.9
108,서울,2024.11.11 18:00,17.3,,2.4,54,1007.2,1017.3
108,서울,2024.11.11 19:00,15.9,,2.4,59,1007.6,1017.8
108,서울,2024.11.11 20:00,15.2,,2.8,62,1008.1,1018.3
108,서울,2024.11.11 21:00,14.5,,1.7,65,1008.1,1018.3
108,서울,2024.11.11 22:00,13.9,,1.3,69,1008.5,1018.7
108,서울,2024.11.11 23:00,13.2,,1.2,73,1008.7,1019
108,서울,2024.11.12 0:00,13.4,,2,77,1008.5,1018.8
108,서울,2024.11.12 1:00,13.5,,2.1,76,1008.2,1018.4
108,서울,2024.11.12 2:00,13.5,,0.8,76,1007.8,1018
108,서울,2024.11.12 3:00,13.4,,1.8,78,1008.2,1018.4
108,서울,2024.11.12 4:00,13.4,,3.4,76,1008,1018.2
108,서울,2024.11.12 5:00,13.3,,3.3,72,1008,1018.2
108,서울,2024.11.12 6:00,12.9,,1.8,74,1008.1,1018.4
108,서울,2024.11.12 7:00,11.9,,1.2,77,1008.2,1018.5
108,서울,2024.11.12 8:00,11.4,,1.7,80,1008.8,1019.2
108,서울,2024.11.12 9:00,12.2,,1.5,79,1009.4,1019.7
108,서울,2024.11.12 10:00,14,,3.2,69,1009.6,1019.8
108,서울,2024.11.12 11:00,15.8,,3.3,52,1009.5,1019.7
108,서울,2024.11.12 12:00,17.2,,3,45,1008.8,1018.9
108,서울,2024.11.12 13:00,17.5,,2.6,45,1008.5,1018.6
108,서울,2024.11.12 14:00,18.5,,3,47,1007.7,1017.7
108,서울,2024.11.12 15:00,19,,3.3,50,1007.6,1017.6
108,서울,2024.11.12 16:00,18.6,,3.3,48,1007.7,1017.7
108,서울,2024.11.12 17:00,17,,3.2,52,1008.3,1018.4
108,서울,2024.11.12 18:00,15.6,,3.5,61,1008.7,1018.9
108,서울,2024.11.12 19:00,14.5,,2.2,70,1009.5,1019.7
108,서울,2024.11.12 20:00,13.9,,2,73,1009.8,1020
108,서울,2024.11.12 21:00,13.2,,1.2,74,1009.9,1020.2
108,서울,2024.11.12 22:00,12.3,,0.7,74,1010.5,1020.8
108,서울,2024.11.12 23:00,11.6,,1.8,71,1010.5,1020.9
108,서울,2024.11.13 0:00,11,,0.5,73,1010.7,1021.1
108,서울,2024.11.13 1:00,10.4,,1.2,73,1010.7,1021.1
108,서울,2024.11.13 2:00,9.9,,1,72,1010.8,1021.3
108,서울,2024.11.13 3:00,9.3,,2.2,76,1010.8,1021.2
108,서울,2024.11.13 4:00,9,,1.9,77,1010.8,1021.3
108,서울,2024.11.13 5:00,8.8,,1.9,78,1011.3,1021.8
108,서울,2024.11.13 6:00,8.4,,1.5,80,1011.6,1022.1
108,서울,2024.11.13 7:00,8.4,,1.9,78,1011.7,1022.2
108,서울,2024.11.13 8:00,8.8,,2.1,79,1012.5,1023
108,서울,2024.11.13 9:00,10.9,,2.2,73,1012.9,1023.3
108,서울,2024.11.13 10:00,14,,2.6,63,1012.9,1023.2
108,서울,2024.11.13 11:00,16.4,,2.8,58,1012.6,1022.8
108,서울,2024.11.13 12:00,18.1,,2.7,54,1012.1,1022.2
108,서울,2024.11.13 13:00,19.5,,2.5,51,1011,1021
108,서울,2024.11.13 14:00,20.6,,1.8,46,1010.4,1020.4
108,서울,2024.11.13 15:00,20.7,,2.6,42,1010.4,1020.4
108,서울,2024.11.13 16:00,20.3,,2.6,44,1010.8,1020.8
108,서울,2024.11.13 17:00,18.6,,3,48,1011.1,1021.1
108,서울,2024.11.13 18:00,17.2,,1.5,51,1011.5,1021.6
108,서울,2024.11.13 19:00,16.2,,0.4,57,1011.5,1021.7
108,서울,2024.11.13 20:00,15.6,,1.2,60,1011.7,1021.9
108,서울,2024.11.13 21:00,14.7,,1,62,1011.6,1021.8
108,서울,2024.11.13 22:00,14.4,,1.9,63,1011.5,1021.7
108,서울,2024.11.13 23:00,14.3,,1.2,64,1011.4,1021.6
108,서울,2024.11.14 0:00,14.1,,1.4,65,1011.4,1021.6
108,서울,2024.11.14 1:00,14.2,,1.2,66,1011.4,1021.6
108,서울,2024.11.14 2:00,13.9,,2.1,68,1011.6,1021.9
108,서울,2024.11.14 3:00,13.7,,1.8,68,1011.2,1021.5
108,서울,2024.11.14 4:00,13.3,,1.9,70,1010.9,1021.2
108,서울,2024.11.14 5:00,13.4,,1.9,70,1010.8,1021.1
108,서울,2024.11.14 6:00,13.6,,2,70,1011,1021.3
108,서울,2024.11.14 7:00,13.6,,2,70,1010.7,1021
108,서울,2024.11.14 8:00,13.6,,1.8,71,1011.1,1021.4
108,서울,2024.11.14 9:00,14.4,,1.8,69,1011.4,1021.6
108,서울,2024.11.14 10:00,15.5,,1.7,65,1011.4,1021.6
108,서울,2024.11.14 11:00,15.4,,1.7,68,1011,1021.2
108,서울,2024.11.14 12:00,15.9,0.1,2,64,1010.2,1020.4
108,서울,2024.11.14 13:00,16.6,,1.7,63,1009.5,1019.6
108,서울,2024.11.14 14:00,16.5,,2.5,62,1009,1019.1
108,서울,2024.11.14 15:00,16.7,,2.2,61,1008.8,1018.9
108,서울,2024.11.14 16:00,16.3,,2.1,63,1008.6,1018.7
108,서울,2024.11.14 17:00,15.7,,3,67,1007.9,1018.1
108,서울,2024.11.14 18:00,15.3,0,2.4,68,1008.1,1018.3
108,서울,2024.11.14 19:00,14.7,,1.9,68,1008,1018.2
108,서울,2024.11.14 20:00,14.4,,1.6,70,1008.5,1018.7
108,서울,2024.11.14 21:00,14.4,0,1.9,73,1008.5,1018.7
108,서울,2024.11.14 22:00,14.4,,1.1,73,1008.6,1018.8
108,서울,2024.11.14 23:00,14.5,,2,75,1008.3,1018.5
108,서울,2024.11.15 0:00,14.4,,2,74,1007.6,1017.8
108,서울,2024.11.15 1:00,13.8,,1.7,76,1008.1,1018.3
108,서울,2024.11.15 2:00,13.8,,1.8,77,1008.2,1018.4
108,서울,2024.11.15 3:00,14.2,,1.4,75,1008.3,1018.5
108,서울,2024.11.15 4:00,14.2,,1.5,77,1008.1,1018.3
108,서울,2024.11.15 5:00,14.2,,1.6,76,1008.1,1018.3
108,서울,2024.11.15 6:00,14.2,,1.3,76,1008.3,1018.5
108,서울,2024.11.15 7:00,14.1,,1.8,77,1008.7,1018.9
108,서울,2024.11.15 8:00,14.2,,0.9,76,1008.9,1019.1
108,서울,2024.11.15 9:00,14.7,0,1.7,78,1009.2,1019.4
108,서울,2024.11.15 10:00,15.4,,1.1,76,1009.2,1019.4
108,서울,2024.11.15 11:00,16.5,,2.5,70,1008.7,1018.8
108,서울,2024.11.15 12:00,17.8,,1.6,66,1008.4,1018.5
108,서울,2024.11.15 13:00,20.1,,1.3,58,1007.4,1017.4
108,서울,2024.11.15 14:00,20.9,,1.8,54,1006.7,1016.7
108,서울,2024.11.15 15:00,20.9,,2.8,54,1006.3,1016.3
108,서울,2024.11.15 16:00,21.3,,1.4,51,1006.6,1016.5
108,서울,2024.11.15 17:00,20,,2.1,49,1006.8,1016.8
108,서울,2024.11.15 18:00,19,,2.3,53,1007.3,1017.3
108,서울,2024.11.15 19:00,18.8,,1.3,55,1007.8,1017.8
108,서울,2024.11.15 20:00,18.6,,1.4,55,1007.9,1017.9
108,서울,2024.11.15 21:00,18.3,,2.2,56,1007.7,1017.7
108,서울,2024.11.15 22:00,17.3,,2,59,1007.9,1018
108,서울,2024.11.15 23:00,16.5,,1.8,62,1008,1018.1
108,서울,2024.11.16 0:00,16.7,,1.3,63,1008.2,1018.3
108,서울,2024.11.16 1:00,16.8,,1.6,64,1008.3,1018.4
108,서울,2024.11.16 2:00,16.7,,2.1,64,1008,1018.1
108,서울,2024.11.16 3:00,16.4,,0.7,65,1007.9,1018
108,서울,2024.11.16 4:00,15.8,,0.6,67,1008,1018.2
108,서울,2024.11.16 5:00,15.8,,0.6,67,1007.6,1017.8
108,서울,2024.11.16 6:00,15.8,,0.7,68,1006.8,1017
108,서울,2024.11.16 7:00,15.3,,0.6,69,1006.2,1016.4
108,서울,2024.11.16 8:00,14.8,,0.6,72,1006.3,1016.5
108,서울,2024.11.16 9:00,16.4,,0.9,70,1006.9,1017
108,서울,2024.11.16 10:00,18.5,,1.7,64,1006.6,1016.6
108,서울,2024.11.16 11:00,20.9,,1.4,54,1005.8,1015.7
108,서울,2024.11.16 12:00,21.2,,2.8,48,1005,1014.9
108,서울,2024.11.16 13:00,21.8,,3.5,49,1003.6,1013.5
108,서울,2024.11.16 14:00,21.4,,2.7,53,1003.1,1013
108,서울,2024.11.16 15:00,19.7,0,2.7,60,1003.2,1013.1
108,서울,2024.11.16 16:00,16.8,,1.2,81,1003.5,1013.6
108,서울,2024.11.16 17:00,16.1,,2.7,88,1003.2,1013.3
108,서울,2024.11.16 18:00,16.1,2.9,2.4,92,1003.5,1013.6
108,서울,2024.11.16 19:00,16.3,,2.4,92,1003.9,1014
108,서울,2024.11.16 20:00,16.1,,3.2,91,1004.4,1014.5
108,서울,2024.11.16 21:00,16,3.6,3.1,92,1004.5,1014.6
108,서울,2024.11.16 22:00,15.8,,2.9,91,1004.3,1014.4
108,서울,2024.11.16 23:00,15.4,,3.9,90,1004.8,1015
108,서울,2024.11.17 0:00,14.4,,3.6,85,1005.2,1015.4
108,서울,2024.11.17 1:00,13.6,,2.4,85,1005.8,1016
108,서울,2024.11.17 2:00,12.6,,3.2,82,1006.1,1016.4
108,서울,2024.11.17 3:00,11.6,,4.2,80,1006.7,1017
108,서울,2024.11.17 4:00,10.5,,5.2,71,1007.4,1017.8
108,서울,2024.11.17 5:00,9.2,,3.8,68,1008.9,1019.3
108,서울,2024.11.17 6:00,8.1,,4,62,1009.7,1020.2
108,서울,2024.11.17 7:00,7.5,,3.7,61,1011.1,1021.6
108,서울,2024.11.17 8:00,7.2,,2.8,57,1011.3,1021.8
108,서울,2024.11.17 9:00,7,,4.2,52,1012.4,1023
108,서울,2024.11.17 10:00,7.1,,3.2,52,1013,1023.6
108,서울,2024.11.17 11:00,7.2,,3.3,47,1013,1023.6
108,서울,2024.11.17 12:00,7.3,,4.4,45,1012.9,1023.5
108,서울,2024.11.17 13:00,7.7,,4.3,43,1012.5,1023
108,서울,2024.11.17 14:00,9.8,,3.4,40,1011.8,1022.3
108,서울,2024.11.17 15:00,8.7,,4.2,40,1012.3,1022.8
108,서울,2024.11.17 16:00,9,,4.5,35,1012.9,1023.4
108,서울,2024.11.17 17:00,7.9,,4.5,34,1013.3,1023.8
108,서울,2024.11.17 18:00,6.8,,4.1,32,1014.4,1025
108,서울,2024.11.17 19:00,5.8,,4,33,1015.7,1026.4
108,서울,2024.11.17 20:00,4.9,,2.6,35,1016.4,1027.1
108,서울,2024.11.17 21:00,4,,3.1,37,1017.4,1028.1
108,서울,2024.11.17 22:00,3.3,,2.2,38,1018.2,1029
108,서울,2024.11.17 23:00,2.7,,1.7,36,1018.9,1029.7
108,서울,2024.11.18 0:00,2.1,,1.5,33,1019.3,1030.1
108,서울,2024.11.18 1:00,1.9,,2.6,31,1019.9,1030.8
108,서울,2024.11.18 2:00,1.2,,1.5,31,1020.3,1031.2
108,서울,2024.11.18 3:00,0.9,,1.8,30,1020.6,1031.5
108,서울,2024.11.18 4:00,0.7,,2.2,32,1021,1031.9
108,서울,2024.11.18 5:00,0.2,,2.2,33,1021.6,1032.6
108,서울,2024.11.18 6:00,0,,1.1,33,1021.9,1032.9
108,서울,2024.11.18 7:00,-0.5,,0.9,35,1022.2,1033.2
108,서울,2024.11.18 8:00,0.2,,3.4,33,1022.9,1033.9
108,서울,2024.11.18 9:00,1.3,,5.6,28,1023.3,1034.2
108,서울,2024.11.18 10:00,2.8,,3,29,1023.1,1033.9
108,서울,2024.11.18 11:00,4.3,,2.2,28,1022.7,1033.5
108,서울,2024.11.18 12:00,5.7,,2.4,26,1022.2,1032.9
108,서울,2024.11.18 13:00,6.7,,3.3,24,1021.2,1031.9
108,서울,2024.11.18 14:00,7.4,,2.2,23,1020.2,1030.8
108,서울,2024.11.18 15:00,7.8,,2.8,22,1020.1,1030.7
108,서울,2024.11.18 16:00,7.3,,3.3,23,1020.4,1031
108,서울,2024.11.18 17:00,5.6,,2.3,26,1020.3,1031
108,서울,2024.11.18 18:00,4.7,,2.7,27,1020.7,1031.4
108,서울,2024.11.18 19:00,3.8,,0.9,30,1021.2,1032
108,서울,2024.11.18 20:00,2.4,,1.4,33,1021.5,1032.4
108,서울,2024.11.18 21:00,1.9,,0.7,37,1022,1032.9
108,서울,2024.11.18 22:00,1.5,,0.7,41,1022.1,1033
108,서울,2024.11.18 23:00,0.8,,2.6,40,1022.3,1033.2
108,서울,2024.11.19 0:00,0.3,,2,44,1022.2,1033.2
108,서울,2024.11.19 1:00,0.8,,2.2,41,1022.2,1033.1
108,서울,2024.11.19 2:00,1.2,,2.7,45,1022.4,1033.3
108,서울,2024.11.19 3:00,1.3,,2.5,49,1022.3,1033.2
108,서울,2024.11.19 4:00,1.2,,2.6,52,1022.1,1033
108,서울,2024.11.19 5:00,1.2,,2.5,55,1021.9,1032.8
108,서울,2024.11.19 6:00,1.3,,2.8,57,1021.6,1032.5
108,서울,2024.11.19 7:00,1.4,,1.8,57,1021.6,1032.5
108,서울,2024.11.19 8:00,1.3,,1.9,60,1021.5,1032.4
108,서울,2024.11.19 9:00,3.5,,2.7,55,1021.4,1032.2
108,서울,2024.11.19 10:00,5,,3.1,50,1020.8,1031.6
108,서울,2024.11.19 11:00,7,,2,45,1020.1,1030.7
108,서울,2024.11.19 12:00,9.1,,1.7,42,1019.5,1030
108,서울,2024.11.19 13:00,9.4,,1.5,43,1018.2,1028.7
108,서울,2024.11.19 14:00,11,,1.7,42,1017.6,1028.1
108,서울,2024.11.19 15:00,10.9,,1.6,40,1017,1027.5
108,서울,2024.11.19 16:00,10.4,,1.7,39,1016.9,1027.4
108,서울,2024.11.19 17:00,9.6,,1.3,42,1016.9,1027.4
108,서울,2024.11.19 18:00,8.3,,1.4,46,1016.7,1027.2
108,서울,2024.11.19 19:00,7.3,,2.4,48,1016.7,1027.3
108,서울,2024.11.19 20:00,6.2,,1.4,51,1016.3,1026.9
108,서울,2024.11.19 21:00,5.9,,0.9,53,1016.3,1027
108,서울,2024.11.19 22:00,5.7,,0.4,54,1016.3,1027
108,서울,2024.11.19 23:00,5.4,,0.7,53,1016.2,1026.9
108,서울,2024.11.20 0:00,4.9,,1.4,54,1016.2,1026.9
108,서울,2024.11.20 1:00,4.1,,1.2,58,1015.9,1026.6
108,서울,2024.11.20 2:00,3.4,,0.9,62,1015.8,1026.5
108,서울,2024.11.20 3:00,3,,1,66,1015.7,1026.5
108,서울,2024.11.20 4:00,2.9,,1.1,68,1015.6,1026.4
108,서울,2024.11.20 5:00,2.5,,0.9,69,1015.4,1026.2
108,서울,2024.11.20 6:00,2.6,,0.4,70,1015.2,1026
108,서울,2024.11.20 7:00,3,,1.9,68,1015,1025.8
108,서울,2024.11.20 8:00,3.8,,2.2,66,1015,1025.7
108,서울,2024.11.20 9:00,4.7,,2.2,64,1015.3,1026
108,서울,2024.11.20 10:00,6.3,,2.1,59,1014.9,1025.5
108,서울,2024.11.20 11:00,7.4,,1.8,54,1014.4,1025
108,서울,2024.11.20 12:00,9.5,,1.8,50,1013.5,1024
108,서울,2024.11.20 13:00,9.4,,1.4,50,1012.9,1023.4
108,서울,2024.11.20 14:00,9.5,,1.2,51,1012.4,1022.8
108,서울,2024.11.20 15:00,9.3,,1.4,52,1012.2,1022.7
108,서울,2024.11.20 16:00,9.4,,2.3,62,1012.2,1022.6
108,서울,2024.11.20 17:00,8.8,,1.5,67,1012,1022.5
108,서울,2024.11.20 18:00,8.5,,1.8,71,1012.1,1022.6
108,서울,2024.11.20 19:00,8.5,,0.6,68,1012.1,1022.6
108,서울,2024.11.20 20:00,8,,0.8,72,1012,1022.5
108,서울,2024.11.20 21:00,7.6,,0.9,74,1012,1022.5
108,서울,2024.11.20 22:00,7.2,,0.3,77,1011.9,1022.4
108,서울,2024.11.20 23:00,6.6,,1.3,78,1011.8,1022.4
108,서울,2024.11.21 0:00,6.5,,1.6,79,1011.5,1022.1
108,서울,2024.11.21 1:00,6.8,,2.3,80,1011.1,1021.7
108,서울,2024.11.21 2:00,6.8,,1.3,79,1010.6,1021.2
108,서울,2024.11.21 3:00,6.9,0,1.1,81,1010.5,1021
108,서울,2024.11.21 4:00,7,,1.6,82,1010.1,1020.6
108,서울,2024.11.21 5:00,6.9,,2.1,81,1009.7,1020.2
108,서울,2024.11.21 6:00,6.2,0,1.8,82,1009.7,1020.3
108,서울,2024.11.21 7:00,6.1,,1.7,84,1009.8,1020.4
108,서울,2024.11.21 8:00,6.4,,2.3,84,1010,1020.6
108,서울,2024.11.21 9:00,7.5,,2.5,82,1010.3,1020.8
108,서울,2024.11.21 10:00,8.9,,1.5,79,1010.2,1020.6
108,서울,2024.11.21 11:00,10.1,,0.8,75,1010,1020.4
108,서울,2024.11.21 12:00,13,,2,71,1008.8,1019.1
108,서울,2024.11.21 13:00,13.4,,1.8,65,1007.9,1018.1
108,서울,2024.11.21 14:00,13.1,,3,60,1007.5,1017.8
108,서울,2024.11.21 15:00,12.6,0,1.9,69,1007.4,1017.7
108,서울,2024.11.21 16:00,13.5,,2.3,59,1007.3,1017.5
108,서울,2024.11.21 17:00,12.5,,2.9,61,1007.5,1017.8
108,서울,2024.11.21 18:00,11.6,,2.2,66,1007.8,1018.1
108,서울,2024.11.21 19:00,11.6,,2.4,71,1008,1018.3
108,서울,2024.11.21 20:00,11.2,,1.8,68,1008,1018.4
108,서울,2024.11.21 21:00,10.8,,2,70,1008.1,1018.5
108,서울,2024.11.21 22:00,10.9,,2.3,74,1008.4,1018.8
108,서울,2024.11.21 23:00,10.5,,3.9,59,1008.7,1019.1
108,서울,2024.11.22 0:00,8.9,,3.2,54,1009.1,1019.5
108,서울,2024.11.22 1:00,7.6,,2.7,55,1009.4,1019.9
108,서울,2024.11.22 2:00,6.8,,2.5,59,1009.6,1020.1
108,서울,2024.11.22 3:00,6.1,,1.9,62,1010.1,1020.7
108,서울,2024.11.22 4:00,5.6,,2.3,63,1010.1,1020.7
108,서울,2024.11.22 5:00,4.8,,1.7,64,1010.6,1021.3
108,서울,2024.11.22 6:00,4.5,,1.4,62,1010.8,1021.4
108,서울,2024.11.22 7:00,3.7,,1.2,64,1011.5,1022.2
108,서울,2024.11.22 8:00,3.4,,0.9,64,1012.3,1023
108,서울,2024.11.22 9:00,4.5,,2.5,59,1013.1,1023.8
108,서울,2024.11.22 10:00,6.1,,2.5,51,1012.9,1023.5
108,서울,2024.11.22 11:00,7.7,,3.3,44,1012.6,1023.1
108,서울,2024.11.22 12:00,8.1,,3.9,40,1012,1022.5
108,서울,2024.11.22 13:00,9.4,,3.2,36,1011.6,1022
108,서울,2024.11.22 14:00,10.2,,2.9,34,1011.5,1021.9
108,서울,2024.11.22 15:00,10.1,,3.6,34,1011.7,1022.2
108,서울,2024.11.22 16:00,10.2,,2.7,34,1012,1022.4
108,서울,2024.11.22 17:00,8.6,,2.2,35,1012.4,1022.9
108,서울,2024.11.22 18:00,7.8,,3,37,1013,1023.5
108,서울,2024.11.22 19:00,7.5,,3.6,37,1013.7,1024.3
108,서울,2024.11.22 20:00,6.8,,2.2,41,1014,1024.6
108,서울,2024.11.22 21:00,5.4,,1.5,43,1014.6,1025.3
108,서울,2024.11.22 22:00,4.6,,0.6,46,1015.1,1025.8
108,서울,2024.11.22 23:00,3.8,,1.3,45,1015.4,1026.1
108,서울,2024.11.23 0:00,3.4,,0.8,47,1015.4,1026.1
108,서울,2024.11.23 1:00,2.8,,2,49,1015,1025.8
108,서울,2024.11.23 2:00,2.6,,2,43,1015.4,1026.2
108,서울,2024.11.23 3:00,2.5,,1.8,47,1015.9,1026.7
108,서울,2024.11.23 4:00,2.2,,1.7,47,1016.1,1026.9
108,서울,2024.11.23 5:00,2.1,,2,49,1016.3,1027.1
108,서울,2024.11.23 6:00,1.8,,1.6,50,1016.6,1027.4
108,서울,2024.11.23 7:00,1.8,,2,54,1017,1027.8
108,서울,2024.11.23 8:00,1.6,,1.2,56,1017.6,1028.4
108,서울,2024.11.23 9:00,3.5,,1.9,52,1018,1028.8
108,서울,2024.11.23 10:00,6.8,,2.6,44,1018.3,1028.9
108,서울,2024.11.23 11:00,8.9,,2.4,38,1018.3,1028.8
108,서울,2024.11.23 12:00,10.4,,2.6,38,1017.6,1028.1
108,서울,2024.11.23 13:00,11.5,,2.9,38,1016.6,1027
108,서울,2024.11.23 14:00,12.1,,2.4,36,1016,1026.4
108,서울,2024.11.23 15:00,12.1,,1.9,35,1015.6,1026
108,서울,2024.11.23 16:00,12.1,,1,36,1015.6,1026
108,서울,2024.11.23 17:00,10.3,,2.3,39,1015.8,1026.3
108,서울,2024.11.23 18:00,9.2,,1.5,43,1016.3,1026.8
108,서울,2024.11.23 19:00,8,,0.7,50,1016.6,1027.2
108,서울,2024.11.23 20:00,7.2,,1.6,53,1017,1027.6
108,서울,2024.11.23 21:00,6.7,,1.1,52,1017.4,1028
108,서울,2024.11.23 22:00,6,,1.8,56,1017.6,1028.3
108,서울,2024.11.23 23:00,5.4,,1.5,59,1017.6,1028.3
108,서울,2024.11.24 0:00,4.9,,2,60,1018,1028.7
108,서울,2024.11.24 1:00,4.3,,2.5,61,1017.8,1028.5
108,서울,2024.11.24 2:00,4.4,,2.1,64,1018.3,1029
108,서울,2024.11.24 3:00,3.9,,1.3,66,1018.7,1029.5
108,서울,2024.11.24 4:00,3.7,,1.9,67,1018.7,1029.5
108,서울,2024.11.24 5:00,3.5,,2.3,70,1018.7,1029.5
108,서울,2024.11.24 6:00,3.1,,2.2,73,1018.5,1029.3
108,서울,2024.11.24 7:00,2.8,,1.3,76,1018.8,1029.6
108,서울,2024.11.24 8:00,2.7,,1.1,76,1019.3,1030.1
108,서울,2024.11.24 9:00,4.5,,2.3,72,1019.7,1030.4
108,서울,2024.11.24 10:00,7.4,,1.3,60,1019.9,1030.5
108,서울,2024.11.24 11:00,9.8,,1.7,54,1019.4,1029.9
108,서울,2024.11.24 12:00,10.8,,2.4,51,1018.7,1029.2
108,서울,2024.11.24 13:00,12.7,,1.2,46,1017.8,1028.2
108,서울,2024.11.24 14:00,13.5,,1.2,39,1017.2,1027.5
108,서울,2024.11.24 15:00,13.6,,1.3,40,1016.8,1027.1
108,서울,2024.11.24 16:00,13.2,,0.6,40,1016.9,1027.2
108,서울,2024.11.24 17:00,11.5,,2.9,46,1017.7,1028.1
108,서울,2024.11.24 18:00,10.1,,2.5,47,1017.9,1028.4
108,서울,2024.11.24 19:00,9.1,,1.3,49,1018.4,1028.9
108,서울,2024.11.24 20:00,8.1,,1.5,52,1018.7,1029.3
108,서울,2024.11.24 21:00,7.3,,1.2,57,1018.6,1029.2
108,서울,2024.11.24 22:00,6.8,,1.2,58,1018.5,1029.1
108,서울,2024.11.24 23:00,6.3,,0.3,60,1018.6,1029.3
108,서울,2024.11.25 0:00,6.1,,0.3,61,1018.8,1029.5
108,서울,2024.11.25 1:00,5.6,,0.7,64,1018.9,1029.6
108,서울,2024.11.25 2:00,5,,1.9,65,1018.4,1029.1
108,서울,2024.11.25 3:00,4.5,,1.6,66,1018.3,1029
108,서울,2024.11.25 4:00,4,,1.9,69,1018,1028.7
108,서울,2024.11.25 5:00,3.6,,2,70,1017.6,1028.4
108,서울,2024.11.25 6:00,3.8,,1.9,71,1017.1,1027.8
108,서울,2024.11.25 7:00,3.8,,3,71,1016.9,1027.6
108,서울,2024.11.25 8:00,4.3,,2.9,70,1017,1027.7
108,서울,2024.11.25 9:00,5.8,,2.6,66,1017.2,1027.9
108,서울,2024.11.25 10:00,8.5,,2.3,59,1017.3,1027.8
108,서울,2024.11.25 11:00,10.9,,1.9,52,1017.1,1027.6
108,서울,2024.11.25 12:00,12.7,,3.3,50,1015.5,1025.9
108,서울,2024.11.25 13:00,14.3,,3.2,48,1014.1,1024.4
108,서울,2024.11.25 14:00,15.2,,2.8,48,1012.2,1022.5
108,서울,2024.11.25 15:00,15.2,,2.7,49,1011.5,1021.7
108,서울,2024.11.25 16:00,14.6,,2.5,50,1011,1021.2
108,서울,2024.11.25 17:00,13.8,,3.4,52,1009.7,1019.9
108,서울,2024.11.25 18:00,13.3,,2.7,49,1008.8,1019.1
108,서울,2024.11.25 19:00,12.9,,2.2,49,1008.4,1018.7
108,서울,2024.11.25 20:00,13.1,,3.6,52,1007.9,1018.2
108,서울,2024.11.25 21:00,13,,2.8,55,1007.1,1017.4
108,서울,2024.11.25 22:00,12.8,,1.9,57,1006.3,1016.6
108,서울,2024.11.25 23:00,12.9,,2.6,57,1004.7,1014.9
108,서울,2024.11.26 0:00,12.7,0,3.3,55,1003.3,1013.5
108,서울,2024.11.26 1:00,12.2,,3.5,60,1002.5,1012.7
108,서울,2024.11.26 2:00,10.6,,2.6,77,1000.9,1011.2
108,서울,2024.11.26 3:00,9.7,5.2,2.5,88,1000,1010.3
108,서울,2024.11.26 4:00,9.5,,2.8,92,998.5,1008.8
108,서울,2024.11.26 5:00,9.6,,1.8,93,997.4,1007.7
108,서울,2024.11.26 6:00,9.7,8.5,3.6,93,998.1,1008.4
108,서울,2024.11.26 7:00,9.4,,2.9,93,998.5,1008.8
108,서울,2024.11.26 8:00,8.9,,3.6,92,999.3,1009.6
108,서울,2024.11.26 9:00,8,2.3,4.3,82,1000.6,1011
108,서울,2024.11.26 10:00,8.2,,3.8,76,1001,1011.4
108,서울,2024.11.26 11:00,8.1,,4.9,72,1001.2,1011.6
108,서울,2024.11.26 12:00,6.8,0.1,7.2,75,1001.1,1011.6
108,서울,2024.11.26 13:00,6.7,,5.4,79,1000.9,1011.4
108,서울,2024.11.26 14:00,5.8,,5.6,81,1001.3,1011.8
108,서울,2024.11.26 15:00,4.8,0.9,4.7,83,1001.4,1012
108,서울,2024.11.26 16:00,4.8,,3.6,82,1001.4,1012
108,서울,2024.11.26 17:00,4.2,,2.8,87,1001.7,1012.3
108,서울,2024.11.26 18:00,3.7,1.4,2.6,87,1002,1012.6
108,서울,2024.11.26 19:00,3.8,,3.3,88,1002.3,1012.9
108,서울,2024.11.26 20:00,3,,3.1,89,1002.3,1012.9
108,서울,2024.11.26 21:00,2.6,1,3.7,89,1002.7,1013.3
108,서울,2024.11.26 22:00,2.3,,1.7,92,1002.4,1013.1
108,서울,2024.11.26 23:00,2,,2.2,93,1001.9,1012.6
108,서울,2024.11.27 0:00,1,6.6,1.2,94,1001.6,1012.3
108,서울,2024.11.27 1:00,1.2,,3.5,94,1000.9,1011.6
108,서울,2024.11.27 2:00,0.5,,3.3,96,1000.6,1011.3
108,서울,2024.11.27 3:00,0.3,5.8,2.7,96,1000.3,1011
108,서울,2024.11.27 4:00,0.3,,1.6,96,999.4,1010.1
108,서울,2024.11.27 5:00,0.3,,0.9,96,999.1,1009.8
108,서울,2024.11.27 6:00,0.2,9,0.6,97,999.8,1010.5
108,서울,2024.11.27 7:00,-1,,1.4,91,1000.4,1011.2
108,서울,2024.11.27 8:00,-1.3,,0.9,89,1000.9,1011.7
108,서울,2024.11.27 9:00,-1,1.5,1.2,89,1001.4,1012.2
108,서울,2024.11.27 10:00,-0.4,,0.9,86,1000.9,1011.6
108,서울,2024.11.27 11:00,-0.4,,0.5,89,1000.7,1011.4
108,서울,2024.11.27 12:00,-0.4,0.3,1.5,89,1000.2,1010.9
108,서울,2024.11.27 13:00,-0.2,,1.4,86,999.6,1010.3
108,서울,2024.11.27 14:00,-0.3,,1.3,91,998.7,1009.4
108,서울,2024.11.27 15:00,-0.3,3,0.6,90,998.9,1009.6
108,서울,2024.11.27 16:00,0.4,,1.3,85,999.3,1010
108,서울,2024.11.27 17:00,0,,1.7,80,1000,1010.7
108,서울,2024.11.27 18:00,-0.6,0,0.8,81,1000.5,1011.3
108,서울,2024.11.27 19:00,-0.7,,1.6,83,1001,1011.8
108,서울,2024.11.27 20:00,-1,,1.5,85,1001.2,1012
108,서울,2024.11.27 21:00,-1.1,0,0.9,88,1001.5,1012.3
108,서울,2024.11.27 22:00,-0.6,,1.7,91,1001.3,1012.1
108,서울,2024.11.27 23:00,-0.3,,1,94,1001.2,1011.9
108,서울,2024.11.28 0:00,-0.1,2.8,1.5,95,1001,1011.8
108,서울,2024.11.28 1:00,0.1,,1.1,95,1000.3,1011
108,서울,2024.11.28 2:00,0.2,,0.4,96,1000,1010.7
108,서울,2024.11.28 3:00,0.3,2.9,0.3,96,1000.1,1010.8
108,서울,2024.11.28 4:00,0.3,,0.6,94,999.5,1010.2
108,서울,2024.11.28 5:00,-0.1,,0.3,93,999,1009.7
108,서울,2024.11.28 6:00,0.1,0.9,0,95,998.7,1009.4
108,서울,2024.11.28 7:00,0.1,,0.1,95,998.9,1009.6
108,서울,2024.11.28 8:00,0.4,,1,96,999.2,1009.9
108,서울,2024.11.28 9:00,0.8,1.1,1.1,93,999.5,1010.2
108,서울,2024.11.28 10:00,1.5,,1.2,91,999.6,1010.3
108,서울,2024.11.28 11:00,2.3,,3.2,85,999.4,1010
108,서울,2024.11.28 12:00,2.5,,3.8,81,999,1009.6
108,서울,2024.11.28 13:00,3.3,,3.2,75,998.8,1009.4
108,서울,2024.11.28 14:00,3.4,,3.9,67,998.6,1009.2
108,서울,2024.11.28 15:00,3.1,,3.3,65,998.9,1009.5
108,서울,2024.11.28 16:00,3,,3,66,999.2,1009.8
108,서울,2024.11.28 17:00,2,,2.9,71,1000.2,1010.8
108,서울,2024.11.28 18:00,1.3,,2.1,75,1000.4,1011.1
108,서울,2024.11.28 19:00,0.8,,1.9,77,1001.3,1012
108,서울,2024.11.28 20:00,0.2,,2,75,1001.8,1012.5
108,서울,2024.11.28 21:00,-0.1,,2.2,73,1001.7,1012.5
108,서울,2024.11.28 22:00,-0.8,,2.1,77,1002,1012.8
108,서울,2024.11.28 23:00,-1.3,,1.5,77,1002.3,1013.1
108,서울,2024.11.29 0:00,-1.7,,0.6,78,1002.1,1012.9
108,서울,2024.11.29 1:00,-1.7,,1.8,78,1002.2,1013
108,서울,2024.11.29 2:00,-2.2,,0.5,78,1002.2,1013
108,서울,2024.11.29 3:00,-2.6,,2,84,1002.3,1013.2
108,서울,2024.11.29 4:00,-2.6,,1.6,81,1002.2,1013.1
108,서울,2024.11.29 5:00,-2.9,,1.2,82,1002.2,1013.1
108,서울,2024.11.29 6:00,-3,,1.2,83,1002.6,1013.5
108,서울,2024.11.29 7:00,-3.3,,0.8,84,1002.7,1013.6
108,서울,2024.11.29 8:00,-3.2,,0.9,84,1002.9,1013.8
108,서울,2024.11.29 9:00,-2.2,,1.2,78,1003.4,1014.3
108,서울,2024.11.29 10:00,0.4,,1.7,68,1003.5,1014.3
108,서울,2024.11.29 11:00,2.1,,1.2,58,1002.9,1013.6
108,서울,2024.11.29 12:00,2.6,,1.2,56,1001.7,1012.3
108,서울,2024.11.29 13:00,3.2,,2.2,56,1000.7,1011.3
108,서울,2024.11.29 14:00,2.7,,2.4,60,1000,1010.6
108,서울,2024.11.29 15:00,2.7,0,2.3,63,999.9,1010.5
108,서울,2024.11.29 16:00,3,,1,66,1000,1010.6
108,서울,2024.11.29 17:00,2.6,,0.9,70,1000.2,1010.8
108,서울,2024.11.29 18:00,2.4,0,1.3,75,1001.2,1011.8
108,서울,2024.11.29 19:00,1.6,,1.8,79,1001.3,1012
108,서울,2024.11.29 20:00,1.3,,0.8,83,1001.5,1012.2
108,서울,2024.11.29 21:00,1.1,0,0.7,85,1002.5,1013.2
108,서울,2024.11.29 22:00,1.1,,2,88,1003,1013.7
108,서울,2024.11.29 23:00,1,,2.5,88,1003.7,1014.4
108,서울,2024.11.30 0:00,0.6,,1.9,86,1003.8,1014.5
108,서울,2024.11.30 1:00,0.3,,1.3,86,1003.6,1014.4
108,서울,2024.11.30 2:00,0.6,,1.6,83,1003.8,1014.5
108,서울,2024.11.30 3:00,0.6,,2.4,82,1004.5,1015.3
108,서울,2024.11.30 4:00,0.4,,0.9,78,1004.4,1015.2
108,서울,2024.11.30 5:00,0,,1.7,78,1004.5,1015.3
108,서울,2024.11.30 6:00,-0.3,,1.2,81,1004.5,1015.3
108,서울,2024.11.30 7:00,-0.3,,2,82,1004.7,1015.5
108,서울,2024.11.30 8:00,-0.3,,1.4,84,1005.6,1016.4
108,서울,2024.11.30 9:00,0.4,,1.9,81,1006.2,1017
108,서울,2024.11.30 10:00,2.8,,2.3,72,1006.1,1016.8
108,서울,2024.11.30 11:00,2.7,,2.2,71,1005.9,1016.6
108,서울,2024.11.30 12:00,3.3,,2.3,71,1005.1,1015.7
108,서울,2024.11.30 13:00,4.4,,2.2,65,1004.3,1014.9
108,서울,2024.11.30 14:00,5.2,,1.2,65,1003.6,1014.2
108,서울,2024.11.30 15:00,5.6,,1.3,68,1003.2,1013.7
108,서울,2024.11.30 16:00,5.1,,2.2,71,1003.2,1013.8
108,서울,2024.11.30 17:00,4.4,,2.7,81,1003.2,1013.8
108,서울,2024.11.30 18:00,4,0,2.1,86,1003.3,1013.9
108,서울,2024.11.30 19:00,3.9,,2.6,89,1003.4,1014
108,서울,2024.11.30 20:00,3.9,,1.6,89,1003.6,1014.2
108,서울,2024.11.30 21:00,3.8,0,2,91,1004,1014.6
108,서울,2024.11.30 22:00,3.6,,2.2,91,1004.5,1015.1
108,서울,2024.11.30 23:00,3.2,,2.1,92,1004.9,1015.5
108,서울,2024.12.1 0:00,2.8,,1.5,93,1005,1015.7
108,서울,2024.12.1 1:00,2.5,,1.9,94,1005.1,1015.8
108,서울,2024.12.1 2:00,2.3,,1.7,94,1005.4,1016.1
108,서울,2024.12.1 3:00,1.9,,2.5,95,1005.7,1016.4
108,서울,2024.12.1 4:00,1.7,,1.9,95,1005.7,1016.4
108,서울,2024.12.1 5:00,1.7,,2.1,96,1005.7,1016.4
108,서울,2024.12.1 6:00,1.6,,2.5,97,1005.7,1016.4
108,서울,2024.12.1 7:00,2.3,,2.2,98,1005.8,1016.5
108,서울,2024.12.1 8:00,2.7,,2.7,97,1006,1016.7
108,서울,2024.12.1 9:00,3.6,,3.2,97,1006.5,1017.1
108,서울,2024.12.1 10:00,4,,3.4,96,1006.6,1017.2
108,서울,2024.12.1 11:00,5.2,,2.1,91,1006.6,1017.2
108,서울,2024.12.1 12:00,6.5,,2.8,83,1005.8,1016.3
108,서울,2024.12.1 13:00,7.3,,3,81,1004.7,1015.2
108,서울,2024.12.1 14:00,8,,2.3,79,1004.2,1014.6
108,서울,2024.12.1 15:00,8.1,,2.9,79,1004,1014.4
108,서울,2024.12.1 16:00,8,,3.2,79,1003.8,1014.2
108,서울,2024.12.1 17:00,7.5,,3.3,81,1003.6,1014
108,서울,2024.12.1 18:00,7.2,0,2.8,83,1003.6,1014.1
108,서울,2024.12.1 19:00,6.7,,2.6,85,1003.8,1014.3
108,서울,2024.12.1 20:00,6.6,,2.3,86,1003.7,1014.2
108,서울,2024.12.1 21:00,6.5,0.2,1.7,88,1003.7,1014.2
108,서울,2024.12.1 22:00,6.6,,1.4,91,1004.2,1014.7
108,서울,2024.12.1 23:00,6.4,,2.1,91,1004.1,1014.6
108,서울,2024.12.2 0:00,5.8,0.3,1.4,92,1003.9,1014.4
108,서울,2024.12.2 1:00,5.5,,1.2,93,1003.9,1014.4
108,서울,2024.12.2 2:00,5.1,,1,94,1003.8,1014.4
108,서울,2024.12.2 3:00,4.9,,1.4,95,1003.9,1014.5
108,서울,2024.12.2 4:00,4.8,,1,96,1003.6,1014.2
108,서울,2024.12.2 5:00,4.8,,1.3,96,1003.3,1013.9
108,서울,2024.12.2 6:00,4.7,,1,97,1003.2,1013.8
108,서울,2024.12.2 7:00,5.1,,1.2,97,1003.5,1014.1
108,서울,2024.12.2 8:00,5.2,,1.6,96,1003.8,1014.4
108,서울,2024.12.2 9:00,5.7,,1.8,97,1003.7,1014.2
108,서울,2024.12.2 10:00,7.4,,1,95,1003.8,1014.3
108,서울,2024.12.2 11:00,9.3,,0.8,88,1003.7,1014.1
108,서울,2024.12.2 12:00,10.8,0,1.3,89,1003.3,1013.6
108,서울,2024.12.2 13:00,12.1,,3.6,84,1002.9,1013.2
108,서울,2024.12.2 14:00,12.9,,2.1,79,1002.7,1012.9
108,서울,2024.12.2 15:00,12.3,,4,70,1003.2,1013.5
108,서울,2024.12.2 16:00,11.6,,5.1,70,1003.9,1014.2
108,서울,2024.12.2 17:00,10,,4.2,68,1004.9,1015.3
108,서울,2024.12.2 18:00,8.6,,3.1,71,1005.7,1016.1
108,서울,2024.12.2 19:00,7.2,,3.8,75,1006.7,1017.2
108,서울,2024.12.2 20:00,5.8,,3.3,72,1007.4,1018
108,서울,2024.12.2 21:00,3.9,,3.4,52,1008.1,1018.7
108,서울,2024.12.2 22:00,2.5,,2.4,52,1008.9,1019.6
108,서울,2024.12.2 23:00,1.5,,1.1,63,1009.6,1020.4
108,서울,2024.12.3 0:00,0.6,,1.3,68,1009.9,1020.7
108,서울,2024.12.3 1:00,0.3,,1.3,66,1010.3,1021.1
108,서울,2024.12.3 2:00,-0.4,,2,67,1010.7,1021.6
108,서울,2024.12.3 3:00,-1.1,,1.1,66,1011.3,1022.2
108,서울,2024.12.3 4:00,-1.4,,2,64,1011.5,1022.4
108,서울,2024.12.3 5:00,-1.8,,0.8,64,1011.4,1022.3
108,서울,2024.12.3 6:00,-2.2,,2.4,62,1011.3,1022.2
108,서울,2024.12.3 7:00,-2,,2.5,62,1011.9,1022.8
108,서울,2024.12.3 8:00,-2.3,,2.7,60,1012.7,1023.7
108,서울,2024.12.3 9:00,-1.8,,2.6,58,1013.7,1024.6
108,서울,2024.12.3 10:00,-0.6,,3.4,46,1013.7,1024.6
108,서울,2024.12.3 11:00,1.4,,3.3,41,1014,1024.8
108,서울,2024.12.3 12:00,2.7,,3.9,30,1013.7,1024.5
108,서울,2024.12.3 13:00,3.9,,3.7,27,1013.6,1024.3
108,서울,2024.12.3 14:00,4.6,,3.2,31,1012.6,1023.3
108,서울,2024.12.3 15:00,5.2,,3.2,28,1012.5,1023.2
108,서울,2024.12.3 16:00,4.8,,3.1,28,1012.2,1022.9
108,서울,2024.12.3 17:00,3.7,,2.8,33,1012.1,1022.8
108,서울,2024.12.3 18:00,2.7,,2.4,36,1012.4,1023.1
108,서울,2024.12.3 19:00,2.8,,2.1,42,1012.5,1023.2
108,서울,2024.12.3 20:00,2.6,,1.8,42,1012.7,1023.4
108,서울,2024.12.3 21:00,2.2,,1.7,47,1012.2,1023
108,서울,2024.12.3 22:00,2.1,,1,51,1012.3,1023.1
108,서울,2024.12.3 23:00,2.6,,1.5,56,1012.4,1023.1
108,서울,2024.12.4 0:00,2.9,0,1.4,62,1012.4,1023.1
108,서울,2024.12.4 1:00,2.9,,0.5,68,1012.5,1023.2
108,서울,2024.12.4 2:00,2.7,,1.3,72,1012.7,1023.4
108,서울,2024.12.4 3:00,2.2,0,1.4,73,1013.1,1023.9
108,서울,2024.12.4 4:00,1.6,,2.2,57,1012.7,1023.5
108,서울,2024.12.4 5:00,1.3,,2.7,46,1012.6,1023.4
108,서울,2024.12.4 6:00,0.7,,2.6,45,1012.3,1023.1
108,서울,2024.12.4 7:00,-0.2,,0.6,57,1012.5,1023.4
108,서울,2024.12.4 8:00,-0.5,,0.6,51,1012.6,1023.5
108,서울,2024.12.4 9:00,0.2,,0.8,49,1012.8,1023.7
108,서울,2024.12.4 10:00,2.5,,2.4,31,1013,1023.8
108,서울,2024.12.4 11:00,3.8,,2.4,31,1012.9,1023.6
108,서울,2024.12.4 12:00,5.1,,2.8,34,1012.1,1022.8
108,서울,2024.12.4 13:00,5.4,,2.8,34,1011.1,1021.7
108,서울,2024.12.4 14:00,6.4,,3.2,37,1010.4,1021
108,서울,2024.12.4 15:00,6.8,,3.3,38,1009.6,1020.1
108,서울,2024.12.4 16:00,6.6,,3.5,41,1009.4,1020
108,서울,2024.12.4 17:00,5.2,,2.4,46,1009.1,1019.7
108,서울,2024.12.4 18:00,4.3,,2.8,52,1008.8,1019.4
108,서울,2024.12.4 19:00,3.7,,2.6,55,1008.9,1019.6
108,서울,2024.12.4 20:00,3.2,,2.4,59,1009,1019.7
108,서울,2024.12.4 21:00,3,,2.3,62,1009.4,1020.1
108,서울,2024.12.4 22:00,2.9,,2.3,65,1009.2,1019.9
108,서울,2024.12.4 23:00,2.5,,1.7,66,1009.1,1019.8
108,서울,2024.12.5 0:00,2.4,,2.4,64,1008.8,1019.5
108,서울,2024.12.5 1:00,2,,2.3,59,1008.3,1019
108,서울,2024.12.5 2:00,2,,2.4,57,1008,1018.7
108,서울,2024.12.5 3:00,1.5,,0.9,60,1008,1018.7
108,서울,2024.12.5 4:00,1.2,,1.6,62,1007.1,1017.9
108,서울,2024.12.5 5:00,1.2,,1.6,64,1006.6,1017.3
108,서울,2024.12.5 6:00,0.5,,1.5,69,1006.5,1017.3
108,서울,2024.12.5 7:00,-0.1,,1.6,71,1006.9,1017.7
108,서울,2024.12.5 8:00,0,,0.8,69,1007.1,1017.9
108,서울,2024.12.5 9:00,0.9,,0.8,69,1007.1,1017.9
108,서울,2024.12.5 10:00,3.4,,2.1,60,1007.3,1018
108,서울,2024.12.5 11:00,5.2,,1.9,39,1007,1017.6
108,서울,2024.12.5 12:00,7.2,,3.4,34,1005.9,1016.4
108,서울,2024.12.5 13:00,8.2,,3,37,1005.2,1015.6
108,서울,2024.12.5 14:00,8.2,,4.8,40,1004.6,1015
108,서울,2024.12.5 15:00,8.2,,3.8,47,1004.2,1014.6
108,서울,2024.12.5 16:00,8,,3.6,55,1003.8,1014.2
108,서울,2024.12.5 17:00,5,,2.4,85,1004.3,1014.9
108,서울,2024.12.5 18:00,4.9,1.8,2.3,84,1004.4,1015
108,서울,2024.12.5 19:00,4.7,,2.4,82,1004.5,1015.1
108,서울,2024.12.5 20:00,4.6,,3,73,1005.1,1015.7
108,서울,2024.12.5 21:00,4,,1.1,71,1005.6,1016.2
108,서울,2024.12.5 22:00,3.6,,2.2,75,1005.8,1016.4
108,서울,2024.12.5 23:00,4.1,,2.2,69,1005.7,1016.3
108,서울,2024.12.6 0:00,4.2,,2.4,68,1006.1,1016.7
108,서울,2024.12.6 1:00,3.9,,1.6,72,1006.7,1017.3
108,서울,2024.12.6 2:00,2.8,,0.9,70,1007.1,1017.8
108,서울,2024.12.6 3:00,2.4,,2.5,67,1007.6,1018.3
108,서울,2024.12.6 4:00,1.8,,0.9,62,1008,1018.7
108,서울,2024.12.6 5:00,1.5,,1.3,54,1007.9,1018.6
108,서울,2024.12.6 6:00,1.2,,1.1,53,1008.1,1018.9
108,서울,2024.12.6 7:00,0.8,,1.8,54,1008.4,1019.2
108,서울,2024.12.6 8:00,0,,1.6,58,1008.8,1019.6
108,서울,2024.12.6 9:00,0.8,,3,48,1009.5,1020.3
108,서울,2024.12.6 10:00,2.1,,3,43,1009.9,1020.6
108,서울,2024.12.6 11:00,3.5,,3.7,42,1009.9,1020.6
108,서울,2024.12.6 12:00,4.2,,3,40,1009.6,1020.2
108,서울,2024.12.6 13:00,5.2,,3.1,37,1009.1,1019.7
108,서울,2024.12.6 14:00,5,,3.9,34,1009.5,1020.1
108,서울,2024.12.6 15:00,4.8,,5.4,33,1009.8,1020.4
108,서울,2024.12.6 16:00,4.7,,3.6,40,1009.9,1020.5
108,서울,2024.12.6 17:00,3.6,,3,45,1010.4,1021.1
108,서울,2024.12.6 18:00,2.7,,2.5,46,1011,1021.7
108,서울,2024.12.6 19:00,1.9,,3,44,1011.7,1022.5
108,서울,2024.12.6 20:00,1.1,,1.1,47,1012.1,1022.9
108,서울,2024.12.6 21:00,0.7,,2.5,51,1012.8,1023.6
108,서울,2024.12.6 22:00,0.4,,2.9,55,1013.3,1024.2
108,서울,2024.12.6 23:00,-0.1,,2.6,57,1013.7,1024.6
108,서울,2024.12.7 0:00,-0.4,,1.9,56,1013.5,1024.4
108,서울,2024.12.7 1:00,-0.9,,1.6,57,1013.2,1024.1
108,서울,2024.12.7 2:00,-1.2,,1.2,60,1013.5,1024.4
108,서울,2024.12.7 3:00,-1.8,,0.9,59,1013.7,1024.6
108,서울,2024.12.7 4:00,-1.8,,1.1,61,1013.7,1024.6
108,서울,2024.12.7 5:00,-2,,1.2,63,1013.6,1024.6
108,서울,2024.12.7 6:00,-2,,1.4,66,1013.3,1024.3
108,서울,2024.12.7 7:00,-2.5,,1.7,66,1013.4,1024.4
108,서울,2024.12.7 8:00,-2.1,,1.3,60,1013.7,1024.7
108,서울,2024.12.7 9:00,-1.1,,2.2,57,1014,1024.9
108,서울,2024.12.7 10:00,0.4,,2.7,49,1014,1024.9
108,서울,2024.12.7 11:00,1.4,,3.3,49,1014,1024.8
108,서울,2024.12.7 12:00,2.7,,2.2,48,1012.9,1023.6
108,서울,2024.12.7 13:00,3.6,,4.1,43,1012.1,1022.8
108,서울,2024.12.7 14:00,3.9,,4.2,42,1011.8,1022.5
108,서울,2024.12.7 15:00,4.3,,3.4,41,1011.7,1022.4
108,서울,2024.12.7 16:00,3.1,,3.5,47,1011.9,1022.6
108,서울,2024.12.7 17:00,2.2,,3,55,1011.8,1022.6
108,서울,2024.12.7 18:00,1.4,,3.5,60,1011.9,1022.7
108,서울,2024.12.7 19:00,0.8,,2.4,61,1012.2,1023
108,서울,2024.12.7 20:00,0.2,,4,63,1012.7,1023.6
108,서울,2024.12.7 21:00,-0.4,,3.4,61,1012.8,1023.7
108,서울,2024.12.7 22:00,-1.1,,2.7,60,1012.9,1023.8
108,서울,2024.12.7 23:00,-1.4,,2.7,63,1013.2,1024.1
108,서울,2024.12.8 0:00,-1.6,,3.2,63,1013.1,1024
108,서울,2024.12.8 1:00,-1.9,,2.9,65,1013.6,1024.5
108,서울,2024.12.8 2:00,-2.2,,3,62,1013.9,1024.9
108,서울,2024.12.8 3:00,-2.5,,2.2,62,1014.3,1025.3
108,서울,2024.12.8 4:00,-3,,1.3,62,1014.5,1025.5
108,서울,2024.12.8 5:00,-3.2,,2.1,60,1014.5,1025.5
108,서울,2024.12.8 6:00,-3.5,,1.3,61,1014.9,1025.9
108,서울,2024.12.8 7:00,-3.8,,1.5,64,1015.4,1026.5
108,서울,2024.12.8 8:00,-3.8,,0.9,64,1015.9,1027
108,서울,2024.12.8 9:00,-3,,2,63,1016.4,1027.4
108,서울,2024.12.8 10:00,-1.8,,2.7,55,1016.9,1027.9
108,서울,2024.12.8 11:00,-0.5,,2.9,48,1016.7,1027.6
108,서울,2024.12.8 12:00,1.8,,2.1,44,1016.1,1026.9
108,서울,2024.12.8 13:00,2.6,,3.1,35,1015.4,1026.2
108,서울,2024.12.8 14:00,3.5,,3,30,1015,1025.7
108,서울,2024.12.8 15:00,3.9,,4.3,27,1014.8,1025.5
108,서울,2024.12.8 16:00,4,,2.7,28,1014.7,1025.4
108,서울,2024.12.8 17:00,2.8,,4.2,30,1014.7,1025.5
108,서울,2024.12.8 18:00,1.9,,1.7,33,1014.7,1025.5
108,서울,2024.12.8 19:00,1.5,,2.3,36,1015.1,1025.9
108,서울,2024.12.8 20:00,0.6,,0.6,38,1015,1025.9
108,서울,2024.12.8 21:00,0.2,,1.5,40,1015.1,1026
108,서울,2024.12.8 22:00,0.4,,2.8,37,1015.2,1026.1
108,서울,2024.12.8 23:00,-0.2,,1,38,1015.5,1026.4
108,서울,2024.12.9 0:00,-0.6,,1.6,42,1015.5,1026.4
108,서울,2024.12.9 1:00,-1.5,,1.1,46,1015.2,1026.1
108,서울,2024.12.9 2:00,-2.1,,1.6,48,1015.2,1026.2
108,서울,2024.12.9 3:00,-2.5,,0.2,52,1015.5,1026.5
108,서울,2024.12.9 4:00,-3,,1,54,1015.5,1026.5
108,서울,2024.12.9 5:00,-3.2,,1.7,58,1014.8,1025.8
108,서울,2024.12.9 6:00,-3.6,,1.9,58,1014.8,1025.8
108,서울,2024.12.9 7:00,-3.7,,2,60,1015,1026
108,서울,2024.12.9 8:00,-3.8,,1.8,62,1015.3,1026.4
108,서울,2024.12.9 9:00,-2.8,,2.4,60,1015.5,1026.5
108,서울,2024.12.9 10:00,0,,1.5,51,1015.9,1026.8
108,서울,2024.12.9 11:00,2.7,,1.2,45,1015.3,1026.1
108,서울,2024.12.9 12:00,4.1,,1.3,40,1014.3,1025
108,서울,2024.12.9 13:00,5.4,,2.2,42,1013.1,1023.8
108,서울,2024.12.9 14:00,7.1,,1.8,42,1012.4,1023
108,서울,2024.12.9 15:00,6.4,,3.2,46,1012.2,1022.8
108,서울,2024.12.9 16:00,6,,1.9,46,1012.5,1023.1
108,서울,2024.12.9 17:00,4.9,,1.2,51,1012.8,1023.5
108,서울,2024.12.9 18:00,4,,1.2,55,1012.5,1023.2
108,서울,2024.12.9 19:00,3.1,,1.3,59,1011.9,1022.6
108,서울,2024.12.9 20:00,2.5,,0.7,61,1012.1,1022.8
108,서울,2024.12.9 21:00,1.8,,1.3,66,1012.4,1023.2
108,서울,2024.12.9 22:00,1.4,,1.7,68,1012.6,1023.4
108,서울,2024.12.9 23:00,1.2,,1.3,69,1013,1023.8
108,서울,2024.12.10 0:00,0.8,,1.4,72,1013,1023.8
108,서울,2024.12.10 1:00,0.6,,2.1,74,1013,1023.8
108,서울,2024.12.10 2:00,0.6,,2.3,74,1013.1,1023.9
108,서울,2024.12.10 3:00,-0.2,,0.3,74,1013.7,1024.6
108,서울,2024.12.10 4:00,-0.4,,2.5,78,1013.4,1024.3
108,서울,2024.12.10 5:00,-0.8,,1.9,77,1013.4,1024.3
108,서울,2024.12.10 6:00,-1.4,,0.6,78,1013.6,1024.5
108,서울,2024.12.10 7:00,-1.6,,0.4,80,1014.1,1025
108,서울,2024.12.10 8:00,-1.9,,1.7,80,1013.9,1024.9
108,서울,2024.12.10 9:00,-1.3,,1.9,79,1014.3,1025.2
108,서울,2024.12.10 10:00,1.3,,2.3,76,1013.6,1024.4
108,서울,2024.12.10 11:00,3.8,,0.9,64,1013.7,1024.4
108,서울,2024.12.10 12:00,5.9,,2.4,45,1013.1,1023.7
108,서울,2024.12.10 13:00,6.4,,3.7,43,1013.8,1024.4
108,서울,2024.12.10 14:00,6.3,,3.6,43,1013.1,1023.7
108,서울,2024.12.10 15:00,6.6,,3.3,43,1011.7,1022.3
108,서울,2024.12.10 16:00,6.6,,2.4,41,1011.2,1021.8
108,서울,2024.12.10 17:00,5.3,,2,44,1011.2,1021.8
108,서울,2024.12.10 18:00,4.5,,1.4,49,1011.3,1021.9
108,서울,2024.12.10 19:00,3.7,,1.9,54,1011.4,1022.1
108,서울,2024.12.10 20:00,3.5,,2.1,56,1011.8,1022.5
108,서울,2024.12.10 21:00,3.8,,2.4,56,1012.1,1022.8
108,서울,2024.12.10 22:00,3.4,,1.8,47,1012.4,1023.1
108,서울,2024.12.10 23:00,3.1,,2,46,1012.5,1023.2
108,서울,2024.12.11 0:00,2.7,,1.4,47,1012.5,1023.2
108,서울,2024.12.11 1:00,2.3,,1.3,50,1012.2,1023
108,서울,2024.12.11 2:00,2,,1.4,52,1012.4,1023.2
108,서울,2024.12.11 3:00,1.9,,0.4,52,1012.1,1022.9
108,서울,2024.12.11 4:00,1.6,,0.4,55,1011.6,1022.4
108,서울,2024.12.11 5:00,1.2,,0.4,55,1011.2,1022
108,서울,2024.12.11 6:00,1.1,,2.1,57,1011.1,1021.9
108,서울,2024.12.11 7:00,0.4,,1.2,58,1011.6,1022.4
108,서울,2024.12.11 8:00,0.5,,0.9,60,1012.1,1022.9
108,서울,2024.12.11 9:00,0.9,,0.4,58,1012.6,1023.4
108,서울,2024.12.11 10:00,2.6,,1.1,55,1012.9,1023.6
108,서울,2024.12.11 11:00,4,,1.7,50,1012.7,1023.4
108,서울,2024.12.11 12:00,5,,2.2,45,1012.1,1022.8
108,서울,2024.12.11 13:00,6.3,,1.9,41,1010.4,1021
108,서울,2024.12.11 14:00,7.9,,1.5,40,1010.2,1020.7
108,서울,2024.12.11 15:00,7.9,,2.4,39,1009.9,1020.4
108,서울,2024.12.11 16:00,7.6,,2.1,39,1010,1020.5
108,서울,2024.12.11 17:00,6.1,,1.8,40,1010.2,1020.8
108,서울,2024.12.11 18:00,4.9,,2.3,45,1010.5,1021.1
108,서울,2024.12.11 19:00,3.7,,1.6,50,1011,1021.7
108,서울,2024.12.11 20:00,3,,1.6,52,1011.4,1022.1
108,서울,2024.12.11 21:00,2.4,,2.5,52,1012.2,1023
108,서울,2024.12.11 22:00,1.3,,1.6,53,1012.9,1023.7
108,서울,2024.12.11 23:00,0.9,,2,53,1013.1,1023.9
108,서울,2024.12.12 0:00,0.2,,1.5,54,1013.3,1024.2
108,서울,2024.12.12 1:00,-0.3,,1.6,55,1013.1,1024
108,서울,2024.12.12 2:00,-1,,2.1,58,1013,1023.9
108,서울,2024.12.12 3:00,-1.7,,1,59,1013.3,1024.2
108,서울,2024.12.12 4:00,-1.8,,1.6,59,1013.4,1024.3
108,서울,2024.12.12 5:00,-2.3,,2.1,63,1013.3,1024.3
108,서울,2024.12.12 6:00,-2.5,,2.6,59,1013.7,1024.7
108,서울,2024.12.12 7:00,-3.1,,1.3,60,1013.8,1024.8
108,서울,2024.12.12 8:00,-3.1,,0.5,63,1014.3,1025.3
108,서울,2024.12.12 9:00,-2.5,,1.4,63,1015.2,1026.2
108,서울,2024.12.12 10:00,-0.2,,3,48,1015.5,1026.4
108,서울,2024.12.12 11:00,1.7,,1.8,39,1015,1025.8
108,서울,2024.12.12 12:00,3.6,,2.2,32,1014.2,1024.9
108,서울,2024.12.12 13:00,4.4,,2.5,31,1013.5,1024.2
108,서울,2024.12.12 14:00,4.7,,3.2,29,1013.4,1024.1
108,서울,2024.12.12 15:00,3.7,,3,30,1013.2,1023.9
108,서울,2024.12.12 16:00,3.3,,3,28,1012.8,1023.5
108,서울,2024.12.12 17:00,2.8,,1.4,33,1013,1023.7
108,서울,2024.12.12 18:00,1.9,,1.7,37,1012.7,1023.5
108,서울,2024.12.12 19:00,1.7,,2.6,39,1013.7,1024.5
108,서울,2024.12.12 20:00,1.5,,2.1,41,1013.8,1024.6
108,서울,2024.12.12 21:00,1.1,,1.2,42,1013.6,1024.4
108,서울,2024.12.12 22:00,0.8,,1.5,39,1012.6,1023.4
108,서울,2024.12.12 23:00,0.6,,2.3,41,1012.8,1023.6
108,서울,2024.12.13 0:00,0.4,,4,44,1013.3,1024.2
108,서울,2024.12.13 1:00,0.1,,1.7,43,1013.4,1024.3
108,서울,2024.12.13 2:00,-0.2,,1.7,45,1013.5,1024.4
108,서울,2024.12.13 3:00,-0.5,,0.5,46,1013.1,1024
108,서울,2024.12.13 4:00,-0.9,,1.9,47,1012.2,1023.1
108,서울,2024.12.13 5:00,-0.7,,1.4,44,1011.7,1022.6
108,서울,2024.12.13 6:00,-0.3,,1.7,45,1010.5,1021.3
108,서울,2024.12.13 7:00,-0.3,,1.9,44,1010.3,1021.1
108,서울,2024.12.13 8:00,-0.1,,1.2,44,1010.4,1021.3
108,서울,2024.12.13 9:00,0.2,,1.1,45,1010.7,1021.5
108,서울,2024.12.13 10:00,1.5,,1.6,42,1011.2,1022
108,서울,2024.12.13 11:00,2.8,,2.2,39,1010.9,1021.6
108,서울,2024.12.13 12:00,3.5,,1.8,36,1010.1,1020.8
108,서울,2024.12.13 13:00,4,,2.3,38,1009.3,1019.9
108,서울,2024.12.13 14:00,4.3,,3,30,1009.2,1019.8
108,서울,2024.12.13 15:00,4.4,,3.2,33,1009,1019.6
108,서울,2024.12.13 16:00,4.2,,2.1,33,1009.2,1019.8
108,서울,2024.12.13 17:00,3,,4.2,32,1009.8,1020.5
108,서울,2024.12.13 18:00,2.1,,2.5,36,1010.4,1021.1
108,서울,2024.12.13 19:00,1.4,,3.6,38,1010.8,1021.6
108,서울,2024.12.13 20:00,1,,2.6,42,1011.7,1022.5
108,서울,2024.12.13 21:00,0.3,,4.5,44,1012.4,1023.3
108,서울,2024.12.13 22:00,-0.3,,2.1,50,1012.8,1023.7
108,서울,2024.12.13 23:00,-1.1,,0.4,51,1013.1,1024
108,서울,2024.12.14 0:00,-1.5,,2,52,1013.2,1024.1
108,서울,2024.12.14 1:00,-1.5,,2.2,52,1013.3,1024.2
108,서울,2024.12.14 2:00,-1.8,,2.1,53,1013.5,1024.4
108,서울,2024.12.14 3:00,-2.5,,1.7,56,1014.2,1025.2
108,서울,2024.12.14 4:00,-2.8,,1.8,55,1014.2,1025.2
108,서울,2024.12.14 5:00,-3.1,,0.9,58,1014.1,1025.1
108,서울,2024.12.14 6:00,-3.2,,1.5,60,1014.2,1025.2
108,서울,2024.12.14 7:00,-3.3,,2.6,60,1015,1026
108,서울,2024.12.14 8:00,-3.6,,1.8,63,1015.2,1026.2
108,서울,2024.12.14 9:00,-2.9,,1.8,60,1015.9,1026.9
108,서울,2024.12.14 10:00,-1.3,,2.7,51,1016.6,1027.6
108,서울,2024.12.14 11:00,-0.5,,4.2,45,1016.3,1027.2
108,서울,2024.12.14 12:00,0.7,,3.6,43,1015.2,1026.1
108,서울,2024.12.14 13:00,1.5,,3.3,40,1014.4,1025.2
108,서울,2024.12.14 14:00,1.9,,3.3,39,1013.4,1024.2
108,서울,2024.12.14 15:00,2,,3.7,41,1013.1,1023.9
108,서울,2024.12.14 16:00,2.3,,3.7,40,1012.5,1023.3
108,서울,2024.12.14 17:00,1.4,,3.1,45,1012.3,1023.1
108,서울,2024.12.14 18:00,0.6,,2.5,48,1012.8,1023.6
108,서울,2024.12.14 19:00,0.2,,2.9,45,1012.8,1023.7
108,서울,2024.12.14 20:00,-0.3,,1.7,46,1012.6,1023.5
108,서울,2024.12.14 21:00,-0.4,,0.8,48,1012.7,1023.6
108,서울,2024.12.14 22:00,-1.2,,0.3,50,1012.2,1023.1
108,서울,2024.12.14 23:00,-1.4,,0.1,53,1012,1022.9
108,서울,2024.12.15 0:00,-0.8,,1,52,1011.8,1022.7
108,서울,2024.12.15 1:00,-0.6,,0.9,52,1011,1021.9
108,서울,2024.12.15 2:00,-0.1,,1.7,58,1010.4,1021.3
108,서울,2024.12.15 3:00,0.5,,1.6,60,1010.1,1020.9
108,서울,2024.12.15 4:00,0.5,,1.5,61,1009.4,1020.2
108,서울,2024.12.15 5:00,0.5,,2.5,69,1009.2,1020
108,서울,2024.12.15 6:00,0.4,0,2.1,72,1009,1019.8
108,서울,2024.12.15 7:00,-0.3,,0.7,72,1009.5,1020.3
108,서울,2024.12.15 8:00,-0.6,,1.3,72,1009.7,1020.5
108,서울,2024.12.15 9:00,0.3,,2.5,71,1009.6,1020.4
108,서울,2024.12.15 10:00,2,,1.6,62,1009.8,1020.5
108,서울,2024.12.15 11:00,2.9,,3.4,54,1010.1,1020.8
108,서울,2024.12.15 12:00,3.6,0,2.5,57,1009.4,1020.1
108,서울,2024.12.15 13:00,5.1,,3.4,53,1008.6,1019.2
108,서울,2024.12.15 14:00,4.9,,4.4,49,1008.1,1018.7
108,서울,2024.12.15 15:00,5.1,,3.7,42,1008.2,1018.8
108,서울,2024.12.15 16:00,4.5,,4.1,38,1008.8,1019.4
108,서울,2024.12.15 17:00,3.3,,2.2,38,1009.2,1019.9
108,서울,2024.12.15 18:00,2.2,,3.1,38,1009.7,1020.4
108,서울,2024.12.15 19:00,1.5,,3.6,35,1010.5,1021.3
108,서울,2024.12.15 20:00,0.7,,3.4,36,1011.2,1022
108,서울,2024.12.15 21:00,0,,2.3,41,1011.7,1022.6
108,서울,2024.12.15 22:00,-0.7,,1.7,45,1012.2,1023.1
108,서울,2024.12.15 23:00,-1.4,,1.6,48,1012.1,1023
108,서울,2024.12.16 0:00,-2.2,,1.1,52,1011.7,1022.6
108,서울,2024.12.16 1:00,-2.5,,0.5,55,1011.4,1022.4
108,서울,2024.12.16 2:00,-2.5,,1,55,1011.2,1022.2
108,서울,2024.12.16 3:00,-2.4,,1.2,58,1011.6,1022.5
108,서울,2024.12.16 4:00,-2.7,,0.7,60,1011.3,1022.3
108,서울,2024.12.16 5:00,-3,,0.4,63,1011.2,1022.2
108,서울,2024.12.16 6:00,-3.1,,0,63,1010.9,1021.9
108,서울,2024.12.16 7:00,-2.9,,0.4,63,1011.4,1022.4
108,서울,2024.12.16 8:00,-3.1,,1,64,1011.6,1022.6
108,서울,2024.12.16 9:00,-2.1,,0.1,62,1012,1022.9
108,서울,2024.12.16 10:00,1.1,,1.1,54,1012.1,1022.9
108,서울,2024.12.16 11:00,2.8,,2.3,42,1011.7,1022.4
108,서울,2024.12.16 12:00,3.8,,2.5,41,1010.9,1021.6
108,서울,2024.12.16 13:00,3.6,,2.7,49,1010.1,1020.8
108,서울,2024.12.16 14:00,2.9,,2.2,58,1009.8,1020.5
108,서울,2024.12.16 15:00,2.3,0,2.1,70,1009.8,1020.5
108,서울,2024.12.16 16:00,2.2,,0.8,73,1009.8,1020.5
108,서울,2024.12.16 17:00,1.8,,1.8,78,1009.8,1020.6
108,서울,2024.12.16 18:00,1.3,0,1.3,81,1010.1,1020.9
108,서울,2024.12.16 19:00,1.4,,0.7,81,1010.5,1021.3
108,서울,2024.12.16 20:00,0.8,,1.6,83,1011,1021.8
108,서울,2024.12.16 21:00,0.3,,1.6,82,1011.4,1022.2
108,서울,2024.12.16 22:00,-0.1,,1.3,75,1011.8,1022.7
108,서울,2024.12.16 23:00,-0.9,,0.6,69,1012.6,1023.5
108,서울,2024.12.17 0:00,-1.5,,0.8,70,1012.8,1023.7
108,서울,2024.12.17 1:00,-1.9,,1,68,1012.9,1023.8
108,서울,2024.12.17 2:00,-2.3,,0.2,67,1012.8,1023.8
108,서울,2024.12.17 3:00,-2.7,,1,68,1013.2,1024.2
108,서울,2024.12.17 4:00,-3.1,,1.2,67,1013.2,1024.2
108,서울,2024.12.17 5:00,-2.9,,0.9,66,1013.4,1024.4
108,서울,2024.12.17 6:00,-3.1,,0.9,65,1013.5,1024.5
108,서울,2024.12.17 7:00,-2.9,,0.3,63,1013.8,1024.8
108,서울,2024.12.17 8:00,-2.2,,1.8,62,1014.3,1025.3
108,서울,2024.12.17 9:00,-1.8,,2.4,57,1014.6,1025.6
108,서울,2024.12.17 10:00,-1.1,,2.9,54,1015.2,1026.1
108,서울,2024.12.17 11:00,-0.2,,3.4,47,1015.1,1026
108,서울,2024.12.17 12:00,1.1,,1.6,42,1014.3,1025.1
108,서울,2024.12.17 13:00,1.7,,2.5,38,1013.9,1024.7
108,서울,2024.12.17 14:00,2.5,,2.8,38,1013.4,1024.2
108,서울,2024.12.17 15:00,3.5,,3.9,37,1013.2,1023.9
108,서울,2024.12.17 16:00,3.7,,2.9,37,1013.2,1023.9
108,서울,2024.12.17 17:00,2.1,,3.4,39,1013.4,1024.2
108,서울,2024.12.17 18:00,1,,2.3,44,1013.9,1024.7
108,서울,2024.12.17 19:00,0.5,,3,51,1014,1024.9
108,서울,2024.12.17 20:00,-0.1,,3.4,53,1014.4,1025.3
108,서울,2024.12.17 21:00,-0.7,,4,48,1014.7,1025.6
108,서울,2024.12.17 22:00,-1.8,,4.4,52,1015.2,1026.2
108,서울,2024.12.17 23:00,-2.8,,3,51,1015.5,1026.5
108,서울,2024.12.18 0:00,-3.5,,2.5,53,1015.4,1026.4
108,서울,2024.12.18 1:00,-4.1,,1.8,55,1014.9,1026
108,서울,2024.12.18 2:00,-4.6,,1.2,56,1015.1,1026.2
108,서울,2024.12.18 3:00,-4.9,,1.7,58,1015.3,1026.4
108,서울,2024.12.18 4:00,-4.9,,2.3,57,1015,1026.1
108,서울,2024.12.18 5:00,-5.3,,1.1,55,1015,1026.1
108,서울,2024.12.18 6:00,-5.6,,2.1,55,1015.2,1026.3
108,서울,2024.12.18 7:00,-5.9,,0.9,55,1015.8,1026.9
108,서울,2024.12.18 8:00,-6.2,,1.1,55,1016,1027.2
108,서울,2024.12.18 9:00,-5.3,,2.5,49,1016.4,1027.5
108,서울,2024.12.18 10:00,-4,,2.7,45,1016.2,1027.3
108,서울,2024.12.18 11:00,-3.2,,2.9,42,1015.7,1026.7
108,서울,2024.12.18 12:00,-2,,2.6,40,1014.8,1025.8
108,서울,2024.12.18 13:00,-0.8,,2.8,38,1014.1,1025
108,서울,2024.12.18 14:00,-0.5,,3.1,36,1013.8,1024.7
108,서울,2024.12.18 15:00,0.5,,2.3,35,1013.8,1024.7
108,서울,2024.12.18 16:00,0.2,,3.1,35,1014.3,1025.2
108,서울,2024.12.18 17:00,-1.1,,2.5,39,1014.7,1025.6
108,서울,2024.12.18 18:00,-2.1,,1.8,43,1015.5,1026.5
108,서울,2024.12.18 19:00,-2.7,,2,46,1016.1,1027.1
108,서울,2024.12.18 20:00,-2.8,,3.8,46,1016.6,1027.6
108,서울,2024.12.18 21:00,-3.4,,2.6,47,1017.1,1028.2
108,서울,2024.12.18 22:00,-3.6,,3.8,48,1017.8,1028.9
108,서울,2024.12.18 23:00,-4,,0.7,48,1018.2,1029.3
108,서울,2024.12.19 0:00,-4.6,,2,50,1018.4,1029.5
108,서울,2024.12.19 1:00,-4.9,,1.1,52,1018.2,1029.3
108,서울,2024.12.19 2:00,-5.3,,1,55,1018.3,1029.4
108,서울,2024.12.19 3:00,-5.7,,2.2,54,1018.5,1029.7
108,서울,2024.12.19 4:00,-5.9,,2.1,52,1018.7,1029.9
108,서울,2024.12.19 5:00,-6.3,,0.2,57,1019.2,1030.4
108,서울,2024.12.19 6:00,-6.3,,1.5,58,1019.3,1030.5
108,서울,2024.12.19 7:00,-6.2,,1.2,56,1020.1,1031.3
108,서울,2024.12.19 8:00,-6.7,,2.4,61,1020.2,1031.4
108,서울,2024.12.19 9:00,-5.7,,1.8,59,1020.6,1031.8
108,서울,2024.12.19 10:00,-3,,2.2,51,1020.4,1031.5
108,서울,2024.12.19 11:00,0.2,,1.7,45,1020.2,1031.1
108,서울,2024.12.19 12:00,1.7,,2.8,41,1020.1,1031
108,서울,2024.12.19 13:00,2.6,,1.3,38,1018.9,1029.7
108,서울,2024.12.19 14:00,4.1,,1.9,33,1018,1028.7
108,서울,2024.12.19 15:00,4.9,,2.6,30,1017.4,1028.1
108,서울,2024.12.19 16:00,3.9,,1.4,28,1016.9,1027.6
108,서울,2024.12.19 17:00,2.2,,1.7,33,1017.2,1028
108,서울,2024.12.19 18:00,1.1,,1.5,39,1017,1027.9
108,서울,2024.12.19 19:00,0.1,,1.8,44,1016.7,1027.6
108,서울,2024.12.19 20:00,-0.3,,2,47,1017,1027.9
108,서울,2024.12.19 21:00,-0.4,,2.2,47,1016.9,1027.8
108,서울,2024.12.19 22:00,-0.8,,1,48,1016.8,1027.7
108,서울,2024.12.19 23:00,-1,,1.3,49,1016.4,1027.3
108,서울,2024.12.20 0:00,-1.1,,0.6,51,1015.9,1026.8
108,서울,2024.12.20 1:00,-1.6,,2.2,52,1015.1,1026.1
108,서울,2024.12.20 2:00,-1.6,,2.4,53,1015.1,1026.1
108,서울,2024.12.20 3:00,-1.9,,1.8,54,1015.2,1026.2
108,서울,2024.12.20 4:00,-1.9,,1.4,55,1014.9,1025.9
108,서울,2024.12.20 5:00,-2.1,,1.9,58,1014.4,1025.4
108,서울,2024.12.20 6:00,-1.3,,1.6,57,1014.2,1025.1
108,서울,2024.12.20 7:00,-1,,2.3,58,1014,1024.9
108,서울,2024.12.20 8:00,-0.8,,2.1,58,1013.6,1024.5
108,서울,2024.12.20 9:00,-0.3,,2.2,58,1013.1,1024
108,서울,2024.12.20 10:00,0.5,,2,55,1013.4,1024.3
108,서울,2024.12.20 11:00,1.7,,1.6,51,1013.1,1023.9
108,서울,2024.12.20 12:00,2.7,,2.2,50,1012.1,1022.8
108,서울,2024.12.20 13:00,4.1,,1.6,53,1011,1021.7
108,서울,2024.12.20 14:00,4.3,,2.1,53,1010,1020.6
108,서울,2024.12.20 15:00,4.6,,2.5,51,1009.6,1020.2
108,서울,2024.12.20 16:00,4.9,,1.4,53,1009.2,1019.8
108,서울,2024.12.20 17:00,4,,0.6,57,1009,1019.6
108,서울,2024.12.20 18:00,3.1,,2.7,64,1008.9,1019.6
108,서울,2024.12.20 19:00,3.1,,0.9,65,1008.9,1019.6
108,서울,2024.12.20 20:00,2.8,,1.5,66,1008.4,1019.1
108,서울,2024.12.20 21:00,2.5,0,2.5,67,1008,1018.7
108,서울,2024.12.20 22:00,1.9,,2,76,1007.7,1018.4
108,서울,2024.12.20 23:00,1.7,,2.6,79,1007.3,1018
108,서울,2024.12.21 0:00,1.4,0.4,2.4,86,1006.9,1017.6
108,서울,2024.12.21 1:00,1.2,,2.3,87,1006.1,1016.8
108,서울,2024.12.21 2:00,1.3,,2.3,87,1005.5,1016.2
108,서울,2024.12.21 3:00,1.3,1.3,0.6,91,1005.5,1016.2
108,서울,2024.12.21 4:00,1.5,,3,93,1005,1015.7
108,서울,2024.12.21 5:00,1.9,,1.5,93,1004.2,1014.9
108,서울,2024.12.21 6:00,1.4,0.7,3.4,94,1004.9,1015.6
108,서울,2024.12.21 7:00,1,,3.5,94,1005.4,1016.1
108,서울,2024.12.21 8:00,0.7,,2,91,1005.7,1016.5
108,서울,2024.12.21 9:00,0.5,0.9,2.8,89,1006.8,1017.6
108,서울,2024.12.21 10:00,0.7,,4,85,1007.5,1018.3
108,서울,2024.12.21 11:00,0.5,,3.8,77,1007.9,1018.7
108,서울,2024.12.21 12:00,0.6,,3.5,71,1007.4,1018.2
108,서울,2024.12.21 13:00,0.4,,3.9,69,1007,1017.8
108,서울,2024.12.21 14:00,0.1,,4.6,65,1007.2,1018
108,서울,2024.12.21 15:00,0.1,,2.9,68,1007.2,1018
108,서울,2024.12.21 16:00,-0.2,,2.5,67,1008.1,1018.9
108,서울,2024.12.21 17:00,-0.7,,2.2,67,1009,1019.8
108,서울,2024.12.21 18:00,-1.4,,2.8,67,1010,1020.9
108,서울,2024.12.21 19:00,-2.1,,3.1,65,1010.8,1021.7
108,서울,2024.12.21 20:00,-2.6,,4.4,62,1011.4,1022.4
108,서울,2024.12.21 21:00,-3.3,,2.9,57,1011.9,1022.9
108,서울,2024.12.21 22:00,-3.8,,2.4,58,1012.1,1023.1
108,서울,2024.12.21 23:00,-4.2,,2.4,56,1012.7,1023.7
108,서울,2024.12.22 0:00,-4.7,,1.9,56,1013,1024.1
108,서울,2024.12.22 1:00,-5.3,,2.4,57,1013.2,1024.3
108,서울,2024.12.22 2:00,-5.5,,2.6,56,1013.7,1024.8
108,서울,2024.12.22 3:00,-6.1,,2.1,59,1014.3,1025.4
108,서울,2024.12.22 4:00,-6.5,,2,59,1014.8,1026
108,서울,2024.12.22 5:00,-6.9,,1.3,58,1014.8,1026
108,서울,2024.12.22 6:00,-7.3,,0.8,58,1015.2,1026.4
108,서울,2024.12.22 7:00,-7.3,,2.3,59,1016.3,1027.5
108,서울,2024.12.22 8:00,-7.6,,0.6,60,1016.9,1028.1
108,서울,2024.12.22 9:00,-6.6,,2,57,1017.9,1029.1
108,서울,2024.12.22 10:00,-4.7,,0.8,54,1018.4,1029.5
108,서울,2024.12.22 11:00,-3,,2.4,47,1018.5,1029.6
108,서울,2024.12.22 12:00,-1.6,,3.5,42,1017.7,1028.7
108,서울,2024.12.22 13:00,-0.4,,4.2,40,1016.7,1027.6
108,서울,2024.12.22 14:00,0.2,,3.2,39,1016.2,1027.1
108,서울,2024.12.22 15:00,0.5,,3,40,1016.1,1027
108,서울,2024.12.22 16:00,0.9,,3.7,40,1016.2,1027.1
108,서울,2024.12.22 17:00,0,,3,43,1016,1026.9
108,서울,2024.12.22 18:00,-0.9,,2,49,1015.9,1026.8
108,서울,2024.12.22 19:00,-1.5,,1.4,53,1016.3,1027.3
108,서울,2024.12.22 20:00,-1.6,,2,55,1016.7,1027.7
108,서울,2024.12.22 21:00,-1.7,,1.8,56,1016.7,1027.7
108,서울,2024.12.22 22:00,-2.3,,0.8,56,1017,1028
108,서울,2024.12.22 23:00,-2.8,,0.6,59,1016.8,1027.8
108,서울,2024.12.23 0:00,-3.2,,0.7,62,1016.5,1027.5
108,서울,2024.12.23 1:00,-3.7,,1.3,65,1016.5,1027.6
108,서울,2024.12.23 2:00,-3.7,,1.2,66,1016.9,1028
108,서울,2024.12.23 3:00,-4.2,,0.7,69,1016.9,1028
108,서울,2024.12.23 4:00,-4.4,,1,67,1017,1028.1
108,서울,2024.12.23 5:00,-4.2,,0.7,66,1016.5,1027.6
108,서울,2024.12.23 6:00,-4.5,,1.6,69,1016.5,1027.6
108,서울,2024.12.23 7:00,-4.9,,2.3,72,1016.2,1027.3
108,서울,2024.12.23 8:00,-4.2,,2.1,75,1015.8,1026.9
108,서울,2024.12.23 9:00,-3.2,,2.3,71,1016.2,1027.2
108,서울,2024.12.23 10:00,-1.8,,2.8,67,1016.4,1027.4
108,서울,2024.12.23 11:00,0.8,,1.5,57,1016.1,1027
108,서울,2024.12.23 12:00,3.8,,1.6,54,1014.9,1025.6
108,서울,2024.12.23 13:00,5.4,,2.2,51,1014,1024.7
108,서울,2024.12.23 14:00,5.7,,3.5,42,1013.3,1023.9
108,서울,2024.12.23 15:00,6.6,,3.3,42,1013.2,1023.8
108,서울,2024.12.23 16:00,6.5,,2.5,47,1013.3,1023.9
108,서울,2024.12.23 17:00,5.1,,2.8,48,1013.5,1024.2
108,서울,2024.12.23 18:00,3.7,,3.1,59,1013.8,1024.5
108,서울,2024.12.23 19:00,2.9,,3.2,57,1013.9,1024.6
108,서울,2024.12.23 20:00,2,,2.6,58,1014.2,1025
108,서울,2024.12.23 21:00,1.5,,2.8,53,1014.6,1025.4
108,서울,2024.12.23 22:00,0.7,,3,47,1015,1025.9
108,서울,2024.12.23 23:00,-0.1,,3.2,48,1015.5,1026.4
108,서울,2024.12.24 0:00,-1.1,,1.6,51,1015.9,1026.8
108,서울,2024.12.24 1:00,-2.2,,0.7,55,1016.1,1027.1
108,서울,2024.12.24 2:00,-2.8,,0.3,58,1016.2,1027.2
108,서울,2024.12.24 3:00,-3,,1,60,1016.4,1027.4
108,서울,2024.12.24 4:00,-3.5,,0.7,63,1016.4,1027.5
108,서울,2024.12.24 5:00,-4,,0.7,65,1016.4,1027.5
108,서울,2024.12.24 6:00,-4.1,,1,67,1016.5,1027.6
108,서울,2024.12.24 7:00,-4,,1.1,66,1016.9,1028
108,서울,2024.12.24 8:00,-4.1,,0.8,69,1017,1028.1
108,서울,2024.12.24 9:00,-3.4,,1.2,64,1017.5,1028.6
108,서울,2024.12.24 10:00,-1.3,,1.8,56,1017.8,1028.8
108,서울,2024.12.24 11:00,0.2,,1.3,45,1017.6,1028.5
108,서울,2024.12.24 12:00,1.9,,2.1,37,1017.3,1028.1
108,서울,2024.12.24 13:00,3,,2.6,35,1017.3,1028.1
108,서울,2024.12.24 14:00,4,,2.3,34,1016.7,1027.4
108,서울,2024.12.24 15:00,4.7,,1.8,33,1016.3,1027
108,서울,2024.12.24 16:00,4.4,,1.5,32,1016.5,1027.2
108,서울,2024.12.24 17:00,3.1,,2.1,34,1016.7,1027.5
108,서울,2024.12.24 18:00,1.5,,1.5,39,1016.5,1027.3
108,서울,2024.12.24 19:00,0.7,,1.3,46,1017.2,1028.1
108,서울,2024.12.24 20:00,0.2,,1,50,1017.5,1028.4
108,서울,2024.12.24 21:00,-0.3,,1.1,50,1017.2,1028.1
108,서울,2024.12.24 22:00,-0.2,,1.3,52,1017.1,1028
108,서울,2024.12.24 23:00,0,,1.3,53,1017.2,1028.1
108,서울,2024.12.25 0:00,-0.3,,1.8,52,1017.2,1028.1
108,서울,2024.12.25 1:00,-0.1,,1.1,52,1017,1027.9
108,서울,2024.12.25 2:00,-0.1,,1.2,55,1017.1,1028
108,서울,2024.12.25 3:00,-0.5,,1.9,57,1017.1,1028
108,서울,2024.12.25 4:00,-0.7,,1.6,57,1017,1027.9
108,서울,2024.12.25 5:00,-1.1,,1.8,61,1016.5,1027.4
108,서울,2024.12.25 6:00,-0.8,,2,62,1016,1026.9
108,서울,2024.12.25 7:00,-0.9,,1.7,63,1015.8,1026.7
108,서울,2024.12.25 8:00,-0.9,,1.2,62,1016,1026.9
108,서울,2024.12.25 9:00,-0.6,,1.9,65,1016.2,1027.1
108,서울,2024.12.25 10:00,0.2,,2,63,1015.6,1026.5
108,서울,2024.12.25 11:00,2.3,,2,63,1016.2,1027
108,서울,2024.12.25 12:00,3.5,,1.2,60,1014.8,1025.5
108,서울,2024.12.25 13:00,4.7,,2.1,59,1013.5,1024.2
108,서울,2024.12.25 14:00,6,,2.2,56,1012.7,1023.3
108,서울,2024.12.25 15:00,5.9,,3.4,53,1012.3,1022.9
108,서울,2024.12.25 16:00,5.7,,3.4,57,1012,1022.6
108,서울,2024.12.25 17:00,5.2,,2.3,62,1012.2,1022.9
108,서울,2024.12.25 18:00,4.6,,1.7,67,1012,1022.6
108,서울,2024.12.25 19:00,5,,2.4,68,1011.7,1022.4
108,서울,2024.12.25 20:00,5.1,,2.5,68,1011.2,1021.8
108,서울,2024.12.25 21:00,5.1,0,2,69,1011.5,1022.1
108,서울,2024.12.25 22:00,4.8,,2.1,71,1011.1,1021.8
108,서울,2024.12.25 23:00,4.8,,2.6,78,1011.4,1022.1
108,서울,2024.12.26 0:00,4.2,0.1,2.1,72,1011.3,1022
108,서울,2024.12.26 1:00,3.6,,1.4,71,1011.1,1021.8
108,서울,2024.12.26 2:00,3.5,,1.5,71,1011.1,1021.8
108,서울,2024.12.26 3:00,3.3,,1.6,75,1011.4,1022.1
108,서울,2024.12.26 4:00,4.2,,4,76,1011.5,1022.2
108,서울,2024.12.26 5:00,3.3,,3,76,1011.2,1021.9
108,서울,2024.12.26 6:00,2.5,0,1.8,78,1011.7,1022.4
108,서울,2024.12.26 7:00,1.8,,3,70,1012.3,1023.1
108,서울,2024.12.26 8:00,1,,3.5,68,1013.2,1024
108,서울,2024.12.26 9:00,0.3,,3.4,62,1013.5,1024.4
108,서울,2024.12.26 10:00,0.5,,4.5,46,1014.1,1025
108,서울,2024.12.26 11:00,0.5,,4.2,44,1014.5,1025.4
108,서울,2024.12.26 12:00,1.3,,4.9,41,1014,1024.8
108,서울,2024.12.26 13:00,1.5,,3.9,39,1013.3,1024.1
108,서울,2024.12.26 14:00,1.2,,4.6,40,1013,1023.8
108,서울,2024.12.26 15:00,2.4,,4.5,45,1012.8,1023.6
108,서울,2024.12.26 16:00,1.8,,3.9,43,1012.8,1023.6
108,서울,2024.12.26 17:00,0.7,,4,46,1012.8,1023.6
108,서울,2024.12.26 18:00,-0.4,,3.8,53,1013.6,1024.5
108,서울,2024.12.26 19:00,-1.4,,4,50,1013.9,1024.8
108,서울,2024.12.26 20:00,-2.3,,3.7,54,1014.6,1025.6
108,서울,2024.12.26 21:00,-3.6,,4.3,55,1015.4,1026.4
108,서울,2024.12.26 22:00,-4,,3.4,56,1016,1027.1
108,서울,2024.12.26 23:00,-4.4,,2.9,53,1016.5,1027.6
108,서울,2024.12.27 0:00,-4.8,,1.4,54,1016.5,1027.6
108,서울,2024.12.27 1:00,-4.8,,2.6,54,1016.4,1027.5
108,서울,2024.12.27 2:00,-5,,2.1,55,1016.6,1027.7
108,서울,2024.12.27 3:00,-5,,2.8,55,1016.8,1027.9
108,서울,2024.12.27 4:00,-4.9,,3.1,50,1016.5,1027.6
108,서울,2024.12.27 5:00,-5,,3.3,49,1016,1027.1
108,서울,2024.12.27 6:00,-5.1,,2.5,49,1016.2,1027.3
108,서울,2024.12.27 7:00,-5.7,,1.6,51,1016.7,1027.8
108,서울,2024.12.27 8:00,-5.7,,1.2,54,1017.4,1028.5
108,서울,2024.12.27 9:00,-5.2,,1.5,52,1017.3,1028.4
108,서울,2024.12.27 10:00,-2.9,,2,43,1017.6,1028.6
108,서울,2024.12.27 11:00,-2.2,,4,41,1017.5,1028.5
108,서울,2024.12.27 12:00,-0.8,,2.8,38,1016.2,1027.1
108,서울,2024.12.27 13:00,0,,2.4,37,1014.9,1025.8
108,서울,2024.12.27 14:00,1.7,,2.1,38,1013.5,1024.3
108,서울,2024.12.27 15:00,1.1,,3.1,38,1013.1,1023.9
108,서울,2024.12.27 16:00,1.1,,2.7,41,1012.7,1023.5
108,서울,2024.12.27 17:00,0.3,,2.8,47,1012.5,1023.4
108,서울,2024.12.27 18:00,-0.6,,2.4,53,1012.6,1023.5
108,서울,2024.12.27 19:00,-1,,2.8,58,1012.5,1023.4
108,서울,2024.12.27 20:00,-1.4,,2.5,63,1012.5,1023.4
108,서울,2024.12.27 21:00,-1.3,0,2.6,69,1012.6,1023.5
108,서울,2024.12.27 22:00,-1.2,,3.7,68,1012.6,1023.5
108,서울,2024.12.27 23:00,-2.6,,3.8,56,1013.4,1024.4
108,서울,2024.12.28 0:00,-3.6,0,3.2,57,1013.4,1024.4
108,서울,2024.12.28 1:00,-4.3,,1.5,56,1012.8,1023.8
108,서울,2024.12.28 2:00,-5.1,,1.4,57,1012.4,1023.5
108,서울,2024.12.28 3:00,-5.4,,1.4,57,1012.6,1023.7
108,서울,2024.12.28 4:00,-5.3,,2.2,58,1012.6,1023.7
108,서울,2024.12.28 5:00,-5.4,,4.4,51,1012.6,1023.7
108,서울,2024.12.28 6:00,-5.7,,3.1,48,1013,1024.1
108,서울,2024.12.28 7:00,-6.2,,1.8,49,1013.3,1024.4
108,서울,2024.12.28 8:00,-6.5,,1.5,50,1013.6,1024.7
108,서울,2024.12.28 9:00,-6,,1.5,48,1014,1025.1
108,서울,2024.12.28 10:00,-4.3,,2.3,43,1014.6,1025.7
108,서울,2024.12.28 11:00,-3.2,,3.4,38,1014.5,1025.5
108,서울,2024.12.28 12:00,-1.7,,2.6,39,1013.6,1024.5
108,서울,2024.12.28 13:00,-0.8,,3.4,40,1012.9,1023.8
108,서울,2024.12.28 14:00,-0.3,,4.1,39,1012.2,1023.1
108,서울,2024.12.28 15:00,0.9,,3.2,38,1011.9,1022.7
108,서울,2024.12.28 16:00,0.2,,4,42,1012.1,1023
108,서울,2024.12.28 17:00,-0.5,,3,47,1012.1,1023
108,서울,2024.12.28 18:00,-1.1,,2.4,50,1012.3,1023.2
108,서울,2024.12.28 19:00,-1.4,,2.7,51,1012.8,1023.7
108,서울,2024.12.28 20:00,-1.7,,1.8,50,1013.5,1024.4
108,서울,2024.12.28 21:00,-2.3,,1.6,50,1013.4,1024.4
108,서울,2024.12.28 22:00,-2.9,,1,53,1013.4,1024.4
108,서울,2024.12.28 23:00,-3.1,,0.6,56,1013.8,1024.8
108,서울,2024.12.29 0:00,-2.5,,1.2,56,1013.8,1024.8
108,서울,2024.12.29 1:00,-2,,1.1,56,1013.5,1024.5
108,서울,2024.12.29 2:00,-1.7,,1.7,56,1013.4,1024.3
108,서울,2024.12.29 3:00,-1.5,,1.3,55,1013.9,1024.8
108,서울,2024.12.29 4:00,-1.9,,1.3,57,1013.7,1024.7
108,서울,2024.12.29 5:00,-2.6,,1.3,59,1013.8,1024.8
108,서울,2024.12.29 6:00,-3.1,,0.1,62,1014,1025
108,서울,2024.12.29 7:00,-3.6,,0.5,66,1014.6,1025.6
108,서울,2024.12.29 8:00,-4.1,,1.9,66,1015.3,1026.4
108,서울,2024.12.29 9:00,-3.8,,2.2,67,1015.6,1026.7
108,서울,2024.12.29 10:00,-1.1,,2,60,1015.8,1026.7
108,서울,2024.12.29 11:00,1,,1.3,51,1016,1026.9
108,서울,2024.12.29 12:00,3.7,,1.5,43,1015.1,1025.8
108,서울,2024.12.29 13:00,5,,2.3,36,1014.8,1025.5
108,서울,2024.12.29 14:00,5.3,,2,38,1013.9,1024.6
108,서울,2024.12.29 15:00,5.1,,1.6,39,1013.4,1024.1
108,서울,2024.12.29 16:00,4.6,,1.1,42,1013.6,1024.3
108,서울,2024.12.29 17:00,4.3,,2,48,1013,1023.7
108,서울,2024.12.29 18:00,3.9,,0.8,50,1012.3,1023
108,서울,2024.12.29 19:00,3.5,,1.5,56,1012.9,1023.6
108,서울,2024.12.29 20:00,3,,1.7,63,1013.1,1023.8
108,서울,2024.12.29 21:00,2.6,,1.2,64,1012.9,1023.6
108,서울,2024.12.29 22:00,2.4,,2.3,66,1012.2,1023
108,서울,2024.12.29 23:00,2.3,,2.1,67,1011.2,1021.9
108,서울,2024.12.30 0:00,2.1,,2,69,1010.8,1021.6